"TokenID","TokenIDPadded","Name","Description","TokenURI","ResolvedMetadataURL","ImageURI","ResolvedImageURL","ReferenceImagePath","DHash","OpenSeaURL","AttributesJSON"
"1","00001","","","ipfs://QmXpXg2KDaqtFwFutCx11Lib4BJ86RPkUpkxCJJCDSc5SL/1","https://ipfs.io/ipfs/QmXpXg2KDaqtFwFutCx11Lib4BJ86RPkUpkxCJJCDSc5SL/1","ipfs://QmWNWmgdMtxpyofvTSVRFjzTugo71Q6WDy3Wq62pCeawUz/1","https://ipfs.io/ipfs/QmWNWmgdMtxpyofvTSVRFjzTugo71Q6WDy3Wq62pCeawUz/1","D:\github\ron-english-light-cult-0001-1000\data\generated\light-cult-image-match-powershell-only\run-20260514-150810\reference-images\Light-Cult-Crypto-Club-00001.png","1a07070707070707","https://opensea.io/assets/ethereum/0xbe85fbd182af91290be7293438ae67549638189f/1","[{""trait_type"":""Background"",""value"":""Mandala 1""},{""trait_type"":""Face"",""value"":""Basic (Yellow)""},{""trait_type"":""Accessory"",""value"":""Winged Sunglasses""}]"
"2","00002","","","ipfs://QmXpXg2KDaqtFwFutCx11Lib4BJ86RPkUpkxCJJCDSc5SL/2","https://ipfs.io/ipfs/QmXpXg2KDaqtFwFutCx11Lib4BJ86RPkUpkxCJJCDSc5SL/2","ipfs://QmWNWmgdMtxpyofvTSVRFjzTugo71Q6WDy3Wq62pCeawUz/2","https://ipfs.io/ipfs/QmWNWmgdMtxpyofvTSVRFjzTugo71Q6WDy3Wq62pCeawUz/2","D:\github\ron-english-light-cult-0001-1000\data\generated\light-cult-image-match-powershell-only\run-20260514-150810\reference-images\Light-Cult-Crypto-Club-00002.png","0607070707250f07","https://opensea.io/assets/ethereum/0xbe85fbd182af91290be7293438ae67549638189f/2","[{""trait_type"":""Background"",""value"":""Mandala 12""},{""trait_type"":""Face"",""value"":""Basic (Pink)""},{""trait_type"":""Accessory"",""value"":""Groucho Glasses""}]"
"4","00004","","","ipfs://QmXpXg2KDaqtFwFutCx11Lib4BJ86RPkUpkxCJJCDSc5SL/4","https://ipfs.io/ipfs/QmXpXg2KDaqtFwFutCx11Lib4BJ86RPkUpkxCJJCDSc5SL/4","ipfs://QmWNWmgdMtxpyofvTSVRFjzTugo71Q6WDy3Wq62pCeawUz/4","https://ipfs.io/ipfs/QmWNWmgdMtxpyofvTSVRFjzTugo71Q6WDy3Wq62pCeawUz/4","D:\github\ron-english-light-cult-0001-1000\data\generated\light-cult-image-match-powershell-only\run-20260514-150810\reference-images\Light-Cult-Crypto-Club-00004.png","5278393131335850","https://opensea.io/assets/ethereum/0xbe85fbd182af91290be7293438ae67549638189f/4","[{""trait_type"":""Background"",""value"":""Yellow""},{""trait_type"":""Face"",""value"":""Smiley Face (Yellow)""},{""trait_type"":""Hat"",""value"":""Police - Grin (Blue)""},{""trait_type"":""Body"",""value"":""Dino Body""}]"
"5","00005","","","ipfs://QmXpXg2KDaqtFwFutCx11Lib4BJ86RPkUpkxCJJCDSc5SL/5","https://ipfs.io/ipfs/QmXpXg2KDaqtFwFutCx11Lib4BJ86RPkUpkxCJJCDSc5SL/5","ipfs://QmWNWmgdMtxpyofvTSVRFjzTugo71Q6WDy3Wq62pCeawUz/5","https://ipfs.io/ipfs/QmWNWmgdMtxpyofvTSVRFjzTugo71Q6WDy3Wq62pCeawUz/5","D:\github\ron-english-light-cult-0001-1000\data\generated\light-cult-image-match-powershell-only\run-20260514-150810\reference-images\Light-Cult-Crypto-Club-00005.png","da3238f0f2707064","https://opensea.io/assets/ethereum/0xbe85fbd182af91290be7293438ae67549638189f/5","[{""trait_type"":""Background"",""value"":""Pink""},{""trait_type"":""Face"",""value"":""Smiley Face (Red)""},{""trait_type"":""Accessory"",""value"":""Butterfly Wings""},{""trait_type"":""Hat"",""value"":""Pink Military""},{""trait_type"":""Body"",""value"":""Tanktop Mermaid""}]"
"6","00006","","","ipfs://QmXpXg2KDaqtFwFutCx11Lib4BJ86RPkUpkxCJJCDSc5SL/6","https://ipfs.io/ipfs/QmXpXg2KDaqtFwFutCx11Lib4BJ86RPkUpkxCJJCDSc5SL/6","ipfs://QmWNWmgdMtxpyofvTSVRFjzTugo71Q6WDy3Wq62pCeawUz/6","https://ipfs.io/ipfs/QmWNWmgdMtxpyofvTSVRFjzTugo71Q6WDy3Wq62pCeawUz/6","D:\github\ron-english-light-cult-0001-1000\data\generated\light-cult-image-match-powershell-only\run-20260514-150810\reference-images\Light-Cult-Crypto-Club-00006.png","06070f0f0f07070f","https://opensea.io/assets/ethereum/0xbe85fbd182af91290be7293438ae67549638189f/6","[{""trait_type"":""Background"",""value"":""Mandala 2""},{""trait_type"":""Face"",""value"":""Diaper Mask""},{""trait_type"":""Hat"",""value"":""Fez - Cathy Cowgirl""}]"
"7","00007","","","ipfs://QmXpXg2KDaqtFwFutCx11Lib4BJ86RPkUpkxCJJCDSc5SL/7","https://ipfs.io/ipfs/QmXpXg2KDaqtFwFutCx11Lib4BJ86RPkUpkxCJJCDSc5SL/7","ipfs://QmWNWmgdMtxpyofvTSVRFjzTugo71Q6WDy3Wq62pCeawUz/7","https://ipfs.io/ipfs/QmWNWmgdMtxpyofvTSVRFjzTugo71Q6WDy3Wq62pCeawUz/7","D:\github\ron-english-light-cult-0001-1000\data\generated\light-cult-image-match-powershell-only\run-20260514-150810\reference-images\Light-Cult-Crypto-Club-00007.png","06070707070f0f07","https://opensea.io/assets/ethereum/0xbe85fbd182af91290be7293438ae67549638189f/7","[{""trait_type"":""Status"",""value"":""Rare""},{""trait_type"":""Collection"",""value"":""Cracked Bulb Crown""},{""trait_type"":""Variant"",""value"":""CB - V1""}]"
"8","00008","","","ipfs://QmXpXg2KDaqtFwFutCx11Lib4BJ86RPkUpkxCJJCDSc5SL/8","https://ipfs.io/ipfs/QmXpXg2KDaqtFwFutCx11Lib4BJ86RPkUpkxCJJCDSc5SL/8","ipfs://QmWNWmgdMtxpyofvTSVRFjzTugo71Q6WDy3Wq62pCeawUz/8","https://ipfs.io/ipfs/QmWNWmgdMtxpyofvTSVRFjzTugo71Q6WDy3Wq62pCeawUz/8","D:\github\ron-english-light-cult-0001-1000\data\generated\light-cult-image-match-powershell-only\run-20260514-150810\reference-images\Light-Cult-Crypto-Club-00008.png","0406071307070f1f","https://opensea.io/assets/ethereum/0xbe85fbd182af91290be7293438ae67549638189f/8","[{""trait_type"":""Background"",""value"":""Mandala 8""},{""trait_type"":""Face"",""value"":""StarSkull Red Face""},{""trait_type"":""Hat"",""value"":""Fez - Heart Lady""},{""trait_type"":""Body"",""value"":""Brown Guitar""}]"
"10","00010","","","ipfs://QmXpXg2KDaqtFwFutCx11Lib4BJ86RPkUpkxCJJCDSc5SL/10","https://ipfs.io/ipfs/QmXpXg2KDaqtFwFutCx11Lib4BJ86RPkUpkxCJJCDSc5SL/10","ipfs://QmWNWmgdMtxpyofvTSVRFjzTugo71Q6WDy3Wq62pCeawUz/10","https://ipfs.io/ipfs/QmWNWmgdMtxpyofvTSVRFjzTugo71Q6WDy3Wq62pCeawUz/10","D:\github\ron-english-light-cult-0001-1000\data\generated\light-cult-image-match-powershell-only\run-20260514-150810\reference-images\Light-Cult-Crypto-Club-00010.png","4343535343233153","https://opensea.io/assets/ethereum/0xbe85fbd182af91290be7293438ae67549638189f/10","[{""trait_type"":""Status"",""value"":""Rare""},{""trait_type"":""Collection"",""value"":""Genie in a Bottle""},{""trait_type"":""Variant"",""value"":""GI - V3""}]"
"11","00011","","","ipfs://QmXpXg2KDaqtFwFutCx11Lib4BJ86RPkUpkxCJJCDSc5SL/11","https://ipfs.io/ipfs/QmXpXg2KDaqtFwFutCx11Lib4BJ86RPkUpkxCJJCDSc5SL/11","ipfs://QmWNWmgdMtxpyofvTSVRFjzTugo71Q6WDy3Wq62pCeawUz/11","https://ipfs.io/ipfs/QmWNWmgdMtxpyofvTSVRFjzTugo71Q6WDy3Wq62pCeawUz/11","D:\github\ron-english-light-cult-0001-1000\data\generated\light-cult-image-match-powershell-only\run-20260514-150810\reference-images\Light-Cult-Crypto-Club-00011.png","444656f436307070","https://opensea.io/assets/ethereum/0xbe85fbd182af91290be7293438ae67549638189f/11","[{""trait_type"":""Background"",""value"":""Yellow""},{""trait_type"":""Face"",""value"":""Basic (Yellow)""},{""trait_type"":""Accessory"",""value"":""Water Spout""},{""trait_type"":""Body"",""value"":""Tanktop Tree""}]"
"13","00013","","","ipfs://QmXpXg2KDaqtFwFutCx11Lib4BJ86RPkUpkxCJJCDSc5SL/13","https://ipfs.io/ipfs/QmXpXg2KDaqtFwFutCx11Lib4BJ86RPkUpkxCJJCDSc5SL/13","ipfs://QmWNWmgdMtxpyofvTSVRFjzTugo71Q6WDy3Wq62pCeawUz/13","https://ipfs.io/ipfs/QmWNWmgdMtxpyofvTSVRFjzTugo71Q6WDy3Wq62pCeawUz/13","D:\github\ron-english-light-cult-0001-1000\data\generated\light-cult-image-match-powershell-only\run-20260514-150810\reference-images\Light-Cult-Crypto-Club-00013.png","5270702564307070","https://opensea.io/assets/ethereum/0xbe85fbd182af91290be7293438ae67549638189f/13","[{""trait_type"":""Background"",""value"":""Pink""},{""trait_type"":""Face"",""value"":""White Mask""},{""trait_type"":""Hat"",""value"":""Weed Crown""},{""trait_type"":""Body"",""value"":""Tanktop""}]"
"14","00014","","","ipfs://QmXpXg2KDaqtFwFutCx11Lib4BJ86RPkUpkxCJJCDSc5SL/14","https://ipfs.io/ipfs/QmXpXg2KDaqtFwFutCx11Lib4BJ86RPkUpkxCJJCDSc5SL/14","ipfs://QmWNWmgdMtxpyofvTSVRFjzTugo71Q6WDy3Wq62pCeawUz/14","https://ipfs.io/ipfs/QmWNWmgdMtxpyofvTSVRFjzTugo71Q6WDy3Wq62pCeawUz/14","D:\github\ron-english-light-cult-0001-1000\data\generated\light-cult-image-match-powershell-only\run-20260514-150810\reference-images\Light-Cult-Crypto-Club-00014.png","76760e0e16064747","https://opensea.io/assets/ethereum/0xbe85fbd182af91290be7293438ae67549638189f/14","[{""trait_type"":""Status"",""value"":""Rare""},{""trait_type"":""Collection"",""value"":""Forlorn Unicorn""},{""trait_type"":""Variant"",""value"":""FU - V1""}]"
"15","00015","","","ipfs://QmXpXg2KDaqtFwFutCx11Lib4BJ86RPkUpkxCJJCDSc5SL/15","https://ipfs.io/ipfs/QmXpXg2KDaqtFwFutCx11Lib4BJ86RPkUpkxCJJCDSc5SL/15","ipfs://QmWNWmgdMtxpyofvTSVRFjzTugo71Q6WDy3Wq62pCeawUz/15","https://ipfs.io/ipfs/QmWNWmgdMtxpyofvTSVRFjzTugo71Q6WDy3Wq62pCeawUz/15","D:\github\ron-english-light-cult-0001-1000\data\generated\light-cult-image-match-powershell-only\run-20260514-150810\reference-images\Light-Cult-Crypto-Club-00015.png","5278707031525246","https://opensea.io/assets/ethereum/0xbe85fbd182af91290be7293438ae67549638189f/15","[{""trait_type"":""Background"",""value"":""Pink""},{""trait_type"":""Face"",""value"":""Ship n Bowl""},{""trait_type"":""Hat"",""value"":""Helmet - Purple""}]"
"16","00016","","","ipfs://QmXpXg2KDaqtFwFutCx11Lib4BJ86RPkUpkxCJJCDSc5SL/16","https://ipfs.io/ipfs/QmXpXg2KDaqtFwFutCx11Lib4BJ86RPkUpkxCJJCDSc5SL/16","ipfs://QmWNWmgdMtxpyofvTSVRFjzTugo71Q6WDy3Wq62pCeawUz/16","https://ipfs.io/ipfs/QmWNWmgdMtxpyofvTSVRFjzTugo71Q6WDy3Wq62pCeawUz/16","D:\github\ron-english-light-cult-0001-1000\data\generated\light-cult-image-match-powershell-only\run-20260514-150810\reference-images\Light-Cult-Crypto-Club-00016.png","461b3131391b1307","https://opensea.io/assets/ethereum/0xbe85fbd182af91290be7293438ae67549638189f/16","[{""trait_type"":""Background"",""value"":""Light Blue""},{""trait_type"":""Face"",""value"":""Stegasourous Photo""},{""trait_type"":""Hat"",""value"":""Helmet - Purple""}]"
"17","00017","","","ipfs://QmXpXg2KDaqtFwFutCx11Lib4BJ86RPkUpkxCJJCDSc5SL/17","https://ipfs.io/ipfs/QmXpXg2KDaqtFwFutCx11Lib4BJ86RPkUpkxCJJCDSc5SL/17","ipfs://QmWNWmgdMtxpyofvTSVRFjzTugo71Q6WDy3Wq62pCeawUz/17","https://ipfs.io/ipfs/QmWNWmgdMtxpyofvTSVRFjzTugo71Q6WDy3Wq62pCeawUz/17","D:\github\ron-english-light-cult-0001-1000\data\generated\light-cult-image-match-powershell-only\run-20260514-150810\reference-images\Light-Cult-Crypto-Club-00017.png","464613132d070746","https://opensea.io/assets/ethereum/0xbe85fbd182af91290be7293438ae67549638189f/17","[{""trait_type"":""Status"",""value"":""Rare""},{""trait_type"":""Collection"",""value"":""Chicken Bulb""},{""trait_type"":""Variant"",""value"":""1O - V10""}]"
"18","00018","","","ipfs://QmXpXg2KDaqtFwFutCx11Lib4BJ86RPkUpkxCJJCDSc5SL/18","https://ipfs.io/ipfs/QmXpXg2KDaqtFwFutCx11Lib4BJ86RPkUpkxCJJCDSc5SL/18","ipfs://QmWNWmgdMtxpyofvTSVRFjzTugo71Q6WDy3Wq62pCeawUz/18","https://ipfs.io/ipfs/QmWNWmgdMtxpyofvTSVRFjzTugo71Q6WDy3Wq62pCeawUz/18","D:\github\ron-english-light-cult-0001-1000\data\generated\light-cult-image-match-powershell-only\run-20260514-150810\reference-images\Light-Cult-Crypto-Club-00018.png","06070f13130e1b17","https://opensea.io/assets/ethereum/0xbe85fbd182af91290be7293438ae67549638189f/18","[{""trait_type"":""Background"",""value"":""Mandala 15""},{""trait_type"":""Face"",""value"":""Ship n Bowl""},{""trait_type"":""Hat"",""value"":""Carosoul Crown""},{""trait_type"":""Body"",""value"":""LightBulb M-16""}]"
"19","00019","","","ipfs://QmXpXg2KDaqtFwFutCx11Lib4BJ86RPkUpkxCJJCDSc5SL/19","https://ipfs.io/ipfs/QmXpXg2KDaqtFwFutCx11Lib4BJ86RPkUpkxCJJCDSc5SL/19","ipfs://QmWNWmgdMtxpyofvTSVRFjzTugo71Q6WDy3Wq62pCeawUz/19","https://ipfs.io/ipfs/QmWNWmgdMtxpyofvTSVRFjzTugo71Q6WDy3Wq62pCeawUz/19","D:\github\ron-english-light-cult-0001-1000\data\generated\light-cult-image-match-powershell-only\run-20260514-150810\reference-images\Light-Cult-Crypto-Club-00019.png","5a5a3931391b7a70","https://opensea.io/assets/ethereum/0xbe85fbd182af91290be7293438ae67549638189f/19","[{""trait_type"":""Background"",""value"":""Yellow""},{""trait_type"":""Face"",""value"":""Basic (Light Blue)""},{""trait_type"":""Hat"",""value"":""Fez - Heart Cage""},{""trait_type"":""Body"",""value"":""LightBulb M-16""}]"
"20","00020","","","ipfs://QmXpXg2KDaqtFwFutCx11Lib4BJ86RPkUpkxCJJCDSc5SL/20","https://ipfs.io/ipfs/QmXpXg2KDaqtFwFutCx11Lib4BJ86RPkUpkxCJJCDSc5SL/20","ipfs://QmWNWmgdMtxpyofvTSVRFjzTugo71Q6WDy3Wq62pCeawUz/20","https://ipfs.io/ipfs/QmWNWmgdMtxpyofvTSVRFjzTugo71Q6WDy3Wq62pCeawUz/20","D:\github\ron-english-light-cult-0001-1000\data\generated\light-cult-image-match-powershell-only\run-20260514-150810\reference-images\Light-Cult-Crypto-Club-00020.png","6452313139395846","https://opensea.io/assets/ethereum/0xbe85fbd182af91290be7293438ae67549638189f/20","[{""trait_type"":""Background"",""value"":""Yellow""},{""trait_type"":""Face"",""value"":""Octopus""},{""trait_type"":""Accessory"",""value"":""Groucho Glasses""},{""trait_type"":""Hat"",""value"":""Nurse Hat""}]"
"21","00021","","","ipfs://QmXpXg2KDaqtFwFutCx11Lib4BJ86RPkUpkxCJJCDSc5SL/21","https://ipfs.io/ipfs/QmXpXg2KDaqtFwFutCx11Lib4BJ86RPkUpkxCJJCDSc5SL/21","ipfs://QmWNWmgdMtxpyofvTSVRFjzTugo71Q6WDy3Wq62pCeawUz/21","https://ipfs.io/ipfs/QmWNWmgdMtxpyofvTSVRFjzTugo71Q6WDy3Wq62pCeawUz/21","D:\github\ron-english-light-cult-0001-1000\data\generated\light-cult-image-match-powershell-only\run-20260514-150810\reference-images\Light-Cult-Crypto-Club-00021.png","1339393164391307","https://opensea.io/assets/ethereum/0xbe85fbd182af91290be7293438ae67549638189f/21","[{""trait_type"":""Background"",""value"":""Rainbow""},{""trait_type"":""Face"",""value"":""Basic (Yellow)""},{""trait_type"":""Hat"",""value"":""Police - Grin (Yellow)""}]"
"22","00022","","","ipfs://QmXpXg2KDaqtFwFutCx11Lib4BJ86RPkUpkxCJJCDSc5SL/22","https://ipfs.io/ipfs/QmXpXg2KDaqtFwFutCx11Lib4BJ86RPkUpkxCJJCDSc5SL/22","ipfs://QmWNWmgdMtxpyofvTSVRFjzTugo71Q6WDy3Wq62pCeawUz/22","https://ipfs.io/ipfs/QmWNWmgdMtxpyofvTSVRFjzTugo71Q6WDy3Wq62pCeawUz/22","D:\github\ron-english-light-cult-0001-1000\data\generated\light-cult-image-match-powershell-only\run-20260514-150810\reference-images\Light-Cult-Crypto-Club-00022.png","461b3931311b1307","https://opensea.io/assets/ethereum/0xbe85fbd182af91290be7293438ae67549638189f/22","[{""trait_type"":""Background"",""value"":""Light Blue""},{""trait_type"":""Face"",""value"":""Basic (Light Blue)""},{""trait_type"":""Accessory"",""value"":""Winged Sunglasses""},{""trait_type"":""Hat"",""value"":""Helmet - Purple""}]"
"24","00024","","","ipfs://QmXpXg2KDaqtFwFutCx11Lib4BJ86RPkUpkxCJJCDSc5SL/24","https://ipfs.io/ipfs/QmXpXg2KDaqtFwFutCx11Lib4BJ86RPkUpkxCJJCDSc5SL/24","ipfs://QmWNWmgdMtxpyofvTSVRFjzTugo71Q6WDy3Wq62pCeawUz/24","https://ipfs.io/ipfs/QmWNWmgdMtxpyofvTSVRFjzTugo71Q6WDy3Wq62pCeawUz/24","D:\github\ron-english-light-cult-0001-1000\data\generated\light-cult-image-match-powershell-only\run-20260514-150810\reference-images\Light-Cult-Crypto-Club-00024.png","080f07070f070f0f","https://opensea.io/assets/ethereum/0xbe85fbd182af91290be7293438ae67549638189f/24","[{""trait_type"":""Background"",""value"":""Mandala 9""},{""trait_type"":""Face"",""value"":""Smiley Face (Light Blue)""},{""trait_type"":""Body"",""value"":""Sweater Scarf""}]"
"26","00026","","","ipfs://QmXpXg2KDaqtFwFutCx11Lib4BJ86RPkUpkxCJJCDSc5SL/26","https://ipfs.io/ipfs/QmXpXg2KDaqtFwFutCx11Lib4BJ86RPkUpkxCJJCDSc5SL/26","ipfs://QmWNWmgdMtxpyofvTSVRFjzTugo71Q6WDy3Wq62pCeawUz/26","https://ipfs.io/ipfs/QmWNWmgdMtxpyofvTSVRFjzTugo71Q6WDy3Wq62pCeawUz/26","D:\github\ron-english-light-cult-0001-1000\data\generated\light-cult-image-match-powershell-only\run-20260514-150810\reference-images\Light-Cult-Crypto-Club-00026.png","5a78313131135246","https://opensea.io/assets/ethereum/0xbe85fbd182af91290be7293438ae67549638189f/26","[{""trait_type"":""Background"",""value"":""Yellow""},{""trait_type"":""Face"",""value"":""Smiley Face (Yellow)""},{""trait_type"":""Hat"",""value"":""Cowboy Hat""}]"
"27","00027","","","ipfs://QmXpXg2KDaqtFwFutCx11Lib4BJ86RPkUpkxCJJCDSc5SL/27","https://ipfs.io/ipfs/QmXpXg2KDaqtFwFutCx11Lib4BJ86RPkUpkxCJJCDSc5SL/27","ipfs://QmWNWmgdMtxpyofvTSVRFjzTugo71Q6WDy3Wq62pCeawUz/27","https://ipfs.io/ipfs/QmWNWmgdMtxpyofvTSVRFjzTugo71Q6WDy3Wq62pCeawUz/27","D:\github\ron-english-light-cult-0001-1000\data\generated\light-cult-image-match-powershell-only\run-20260514-150810\reference-images\Light-Cult-Crypto-Club-00027.png","05050939191b1b17","https://opensea.io/assets/ethereum/0xbe85fbd182af91290be7293438ae67549638189f/27","[{""trait_type"":""Background"",""value"":""Mandala 5""},{""trait_type"":""Face"",""value"":""Smiley Face (Red)""},{""trait_type"":""Hat"",""value"":""Fez - Cathy Cowgirl""},{""trait_type"":""Body"",""value"":""Tanktop Sand""}]"
"28","00028","","","ipfs://QmXpXg2KDaqtFwFutCx11Lib4BJ86RPkUpkxCJJCDSc5SL/28","https://ipfs.io/ipfs/QmXpXg2KDaqtFwFutCx11Lib4BJ86RPkUpkxCJJCDSc5SL/28","ipfs://QmWNWmgdMtxpyofvTSVRFjzTugo71Q6WDy3Wq62pCeawUz/28","https://ipfs.io/ipfs/QmWNWmgdMtxpyofvTSVRFjzTugo71Q6WDy3Wq62pCeawUz/28","D:\github\ron-english-light-cult-0001-1000\data\generated\light-cult-image-match-powershell-only\run-20260514-150810\reference-images\Light-Cult-Crypto-Club-00028.png","06070f3113070f0f","https://opensea.io/assets/ethereum/0xbe85fbd182af91290be7293438ae67549638189f/28","[{""trait_type"":""Background"",""value"":""Mandala 18""},{""trait_type"":""Face"",""value"":""Smiley Face (Light Blue)""},{""trait_type"":""Accessory"",""value"":""Petal Bulb Earrings""},{""trait_type"":""Hat"",""value"":""Fez - StarSkull""}]"
"29","00029","","","ipfs://QmXpXg2KDaqtFwFutCx11Lib4BJ86RPkUpkxCJJCDSc5SL/29","https://ipfs.io/ipfs/QmXpXg2KDaqtFwFutCx11Lib4BJ86RPkUpkxCJJCDSc5SL/29","ipfs://QmWNWmgdMtxpyofvTSVRFjzTugo71Q6WDy3Wq62pCeawUz/29","https://ipfs.io/ipfs/QmWNWmgdMtxpyofvTSVRFjzTugo71Q6WDy3Wq62pCeawUz/29","D:\github\ron-english-light-cult-0001-1000\data\generated\light-cult-image-match-powershell-only\run-20260514-150810\reference-images\Light-Cult-Crypto-Club-00029.png","4652782931727e78","https://opensea.io/assets/ethereum/0xbe85fbd182af91290be7293438ae67549638189f/29","[{""trait_type"":""Background"",""value"":""Pink""},{""trait_type"":""Face"",""value"":""Ugly Ed""},{""trait_type"":""Body"",""value"":""Red Guitar""}]"
"30","00030","","","ipfs://QmXpXg2KDaqtFwFutCx11Lib4BJ86RPkUpkxCJJCDSc5SL/30","https://ipfs.io/ipfs/QmXpXg2KDaqtFwFutCx11Lib4BJ86RPkUpkxCJJCDSc5SL/30","ipfs://QmWNWmgdMtxpyofvTSVRFjzTugo71Q6WDy3Wq62pCeawUz/30","https://ipfs.io/ipfs/QmWNWmgdMtxpyofvTSVRFjzTugo71Q6WDy3Wq62pCeawUz/30","D:\github\ron-english-light-cult-0001-1000\data\generated\light-cult-image-match-powershell-only\run-20260514-150810\reference-images\Light-Cult-Crypto-Club-00030.png","000406060e06070f","https://opensea.io/assets/ethereum/0xbe85fbd182af91290be7293438ae67549638189f/30","[{""trait_type"":""Background"",""value"":""Black""},{""trait_type"":""Face"",""value"":""Cracked Smile""},{""trait_type"":""Body"",""value"":""Sweater Scarf""}]"
"31","00031","","","ipfs://QmXpXg2KDaqtFwFutCx11Lib4BJ86RPkUpkxCJJCDSc5SL/31","https://ipfs.io/ipfs/QmXpXg2KDaqtFwFutCx11Lib4BJ86RPkUpkxCJJCDSc5SL/31","ipfs://QmWNWmgdMtxpyofvTSVRFjzTugo71Q6WDy3Wq62pCeawUz/31","https://ipfs.io/ipfs/QmWNWmgdMtxpyofvTSVRFjzTugo71Q6WDy3Wq62pCeawUz/31","D:\github\ron-english-light-cult-0001-1000\data\generated\light-cult-image-match-powershell-only\run-20260514-150810\reference-images\Light-Cult-Crypto-Club-00031.png","060f1331131b0f07","https://opensea.io/assets/ethereum/0xbe85fbd182af91290be7293438ae67549638189f/31","[{""trait_type"":""Background"",""value"":""Mandala 6""},{""trait_type"":""Face"",""value"":""Smiley Face (Red)""},{""trait_type"":""Accessory"",""value"":""Ear Earrings""}]"
"32","00032","","","ipfs://QmXpXg2KDaqtFwFutCx11Lib4BJ86RPkUpkxCJJCDSc5SL/32","https://ipfs.io/ipfs/QmXpXg2KDaqtFwFutCx11Lib4BJ86RPkUpkxCJJCDSc5SL/32","ipfs://QmWNWmgdMtxpyofvTSVRFjzTugo71Q6WDy3Wq62pCeawUz/32","https://ipfs.io/ipfs/QmWNWmgdMtxpyofvTSVRFjzTugo71Q6WDy3Wq62pCeawUz/32","D:\github\ron-english-light-cult-0001-1000\data\generated\light-cult-image-match-powershell-only\run-20260514-150810\reference-images\Light-Cult-Crypto-Club-00032.png","961f111b1b171313","https://opensea.io/assets/ethereum/0xbe85fbd182af91290be7293438ae67549638189f/32","[{""trait_type"":""Status"",""value"":""Rare""},{""trait_type"":""Collection"",""value"":""Captain CaveLight""},{""trait_type"":""Variant"",""value"":""CC - V4""}]"
"33","00033","","","ipfs://QmXpXg2KDaqtFwFutCx11Lib4BJ86RPkUpkxCJJCDSc5SL/33","https://ipfs.io/ipfs/QmXpXg2KDaqtFwFutCx11Lib4BJ86RPkUpkxCJJCDSc5SL/33","ipfs://QmWNWmgdMtxpyofvTSVRFjzTugo71Q6WDy3Wq62pCeawUz/33","https://ipfs.io/ipfs/QmWNWmgdMtxpyofvTSVRFjzTugo71Q6WDy3Wq62pCeawUz/33","D:\github\ron-english-light-cult-0001-1000\data\generated\light-cult-image-match-powershell-only\run-20260514-150810\reference-images\Light-Cult-Crypto-Club-00033.png","1b1b193978391307","https://opensea.io/assets/ethereum/0xbe85fbd182af91290be7293438ae67549638189f/33","[{""trait_type"":""Background"",""value"":""Rainbow""},{""trait_type"":""Face"",""value"":""Seamonkey Bowl""},{""trait_type"":""Hat"",""value"":""Fez - Heart Lady""}]"
"34","00034","","","ipfs://QmXpXg2KDaqtFwFutCx11Lib4BJ86RPkUpkxCJJCDSc5SL/34","https://ipfs.io/ipfs/QmXpXg2KDaqtFwFutCx11Lib4BJ86RPkUpkxCJJCDSc5SL/34","ipfs://QmWNWmgdMtxpyofvTSVRFjzTugo71Q6WDy3Wq62pCeawUz/34","https://ipfs.io/ipfs/QmWNWmgdMtxpyofvTSVRFjzTugo71Q6WDy3Wq62pCeawUz/34","D:\github\ron-english-light-cult-0001-1000\data\generated\light-cult-image-match-powershell-only\run-20260514-150810\reference-images\Light-Cult-Crypto-Club-00034.png","52527078786c7070","https://opensea.io/assets/ethereum/0xbe85fbd182af91290be7293438ae67549638189f/34","[{""trait_type"":""Status"",""value"":""Rare""},{""trait_type"":""Collection"",""value"":""Starfish""},{""trait_type"":""Variant"",""value"":""PK - 5""}]"
"38","00038","","","ipfs://QmXpXg2KDaqtFwFutCx11Lib4BJ86RPkUpkxCJJCDSc5SL/38","https://ipfs.io/ipfs/QmXpXg2KDaqtFwFutCx11Lib4BJ86RPkUpkxCJJCDSc5SL/38","ipfs://QmWNWmgdMtxpyofvTSVRFjzTugo71Q6WDy3Wq62pCeawUz/38","https://ipfs.io/ipfs/QmWNWmgdMtxpyofvTSVRFjzTugo71Q6WDy3Wq62pCeawUz/38","D:\github\ron-english-light-cult-0001-1000\data\generated\light-cult-image-match-powershell-only\run-20260514-150810\reference-images\Light-Cult-Crypto-Club-00038.png","050d0f070d0b1b17","https://opensea.io/assets/ethereum/0xbe85fbd182af91290be7293438ae67549638189f/38","[{""trait_type"":""Background"",""value"":""Mandala 16""},{""trait_type"":""Face"",""value"":""Smiley Face (Pink)""},{""trait_type"":""Hat"",""value"":""Fez - Machete""},{""trait_type"":""Body"",""value"":""Tanktop Sand""}]"
"39","00039","","","ipfs://QmXpXg2KDaqtFwFutCx11Lib4BJ86RPkUpkxCJJCDSc5SL/39","https://ipfs.io/ipfs/QmXpXg2KDaqtFwFutCx11Lib4BJ86RPkUpkxCJJCDSc5SL/39","ipfs://QmWNWmgdMtxpyofvTSVRFjzTugo71Q6WDy3Wq62pCeawUz/39","https://ipfs.io/ipfs/QmWNWmgdMtxpyofvTSVRFjzTugo71Q6WDy3Wq62pCeawUz/39","D:\github\ron-english-light-cult-0001-1000\data\generated\light-cult-image-match-powershell-only\run-20260514-150810\reference-images\Light-Cult-Crypto-Club-00039.png","5a46646425311346","https://opensea.io/assets/ethereum/0xbe85fbd182af91290be7293438ae67549638189f/39","[{""trait_type"":""Status"",""value"":""Rare""},{""trait_type"":""Collection"",""value"":""Elephant""},{""trait_type"":""Variant"",""value"":""E - V6""}]"
"40","00040","","","ipfs://QmXpXg2KDaqtFwFutCx11Lib4BJ86RPkUpkxCJJCDSc5SL/40","https://ipfs.io/ipfs/QmXpXg2KDaqtFwFutCx11Lib4BJ86RPkUpkxCJJCDSc5SL/40","ipfs://QmWNWmgdMtxpyofvTSVRFjzTugo71Q6WDy3Wq62pCeawUz/40","https://ipfs.io/ipfs/QmWNWmgdMtxpyofvTSVRFjzTugo71Q6WDy3Wq62pCeawUz/40","D:\github\ron-english-light-cult-0001-1000\data\generated\light-cult-image-match-powershell-only\run-20260514-150810\reference-images\Light-Cult-Crypto-Club-00040.png","0e0f0f07070f3b27","https://opensea.io/assets/ethereum/0xbe85fbd182af91290be7293438ae67549638189f/40","[{""trait_type"":""Background"",""value"":""Mandala 7""},{""trait_type"":""Face"",""value"":""Basic (Light Blue)""},{""trait_type"":""Hat"",""value"":""Helmet - Purple""},{""trait_type"":""Body"",""value"":""M-16""}]"
"42","00042","","","ipfs://QmXpXg2KDaqtFwFutCx11Lib4BJ86RPkUpkxCJJCDSc5SL/42","https://ipfs.io/ipfs/QmXpXg2KDaqtFwFutCx11Lib4BJ86RPkUpkxCJJCDSc5SL/42","ipfs://QmWNWmgdMtxpyofvTSVRFjzTugo71Q6WDy3Wq62pCeawUz/42","https://ipfs.io/ipfs/QmWNWmgdMtxpyofvTSVRFjzTugo71Q6WDy3Wq62pCeawUz/42","D:\github\ron-english-light-cult-0001-1000\data\generated\light-cult-image-match-powershell-only\run-20260514-150810\reference-images\Light-Cult-Crypto-Club-00042.png","460e3939391b1b39","https://opensea.io/assets/ethereum/0xbe85fbd182af91290be7293438ae67549638189f/42","[{""trait_type"":""Background"",""value"":""Red""},{""trait_type"":""Face"",""value"":""Bomb""},{""trait_type"":""Body"",""value"":""Overalls Red""}]"
"43","00043","","","ipfs://QmXpXg2KDaqtFwFutCx11Lib4BJ86RPkUpkxCJJCDSc5SL/43","https://ipfs.io/ipfs/QmXpXg2KDaqtFwFutCx11Lib4BJ86RPkUpkxCJJCDSc5SL/43","ipfs://QmWNWmgdMtxpyofvTSVRFjzTugo71Q6WDy3Wq62pCeawUz/43","https://ipfs.io/ipfs/QmWNWmgdMtxpyofvTSVRFjzTugo71Q6WDy3Wq62pCeawUz/43","D:\github\ron-english-light-cult-0001-1000\data\generated\light-cult-image-match-powershell-only\run-20260514-150810\reference-images\Light-Cult-Crypto-Club-00043.png","52706c6e36307070","https://opensea.io/assets/ethereum/0xbe85fbd182af91290be7293438ae67549638189f/43","[{""trait_type"":""Background"",""value"":""Pink""},{""trait_type"":""Face"",""value"":""Quack Bowl""},{""trait_type"":""Hat"",""value"":""Helmet - Dino""},{""trait_type"":""Body"",""value"":""Tanktop Eye""}]"
"44","00044","","","ipfs://QmXpXg2KDaqtFwFutCx11Lib4BJ86RPkUpkxCJJCDSc5SL/44","https://ipfs.io/ipfs/QmXpXg2KDaqtFwFutCx11Lib4BJ86RPkUpkxCJJCDSc5SL/44","ipfs://QmWNWmgdMtxpyofvTSVRFjzTugo71Q6WDy3Wq62pCeawUz/44","https://ipfs.io/ipfs/QmWNWmgdMtxpyofvTSVRFjzTugo71Q6WDy3Wq62pCeawUz/44","D:\github\ron-english-light-cult-0001-1000\data\generated\light-cult-image-match-powershell-only\run-20260514-150810\reference-images\Light-Cult-Crypto-Club-00044.png","444e5239391b5246","https://opensea.io/assets/ethereum/0xbe85fbd182af91290be7293438ae67549638189f/44","[{""trait_type"":""Background"",""value"":""Yellow""},{""trait_type"":""Face"",""value"":""Octopus Bowl""}]"
"45","00045","","","ipfs://QmXpXg2KDaqtFwFutCx11Lib4BJ86RPkUpkxCJJCDSc5SL/45","https://ipfs.io/ipfs/QmXpXg2KDaqtFwFutCx11Lib4BJ86RPkUpkxCJJCDSc5SL/45","ipfs://QmWNWmgdMtxpyofvTSVRFjzTugo71Q6WDy3Wq62pCeawUz/45","https://ipfs.io/ipfs/QmWNWmgdMtxpyofvTSVRFjzTugo71Q6WDy3Wq62pCeawUz/45","D:\github\ron-english-light-cult-0001-1000\data\generated\light-cult-image-match-powershell-only\run-20260514-150810\reference-images\Light-Cult-Crypto-Club-00045.png","1339393164343a33","https://opensea.io/assets/ethereum/0xbe85fbd182af91290be7293438ae67549638189f/45","[{""trait_type"":""Background"",""value"":""Rainbow""},{""trait_type"":""Face"",""value"":""Smiley Face (Pink)""},{""trait_type"":""Hat"",""value"":""Police - Grin (Blue)""},{""trait_type"":""Body"",""value"":""Brown Guitar""}]"
"46","00046","","","ipfs://QmXpXg2KDaqtFwFutCx11Lib4BJ86RPkUpkxCJJCDSc5SL/46","https://ipfs.io/ipfs/QmXpXg2KDaqtFwFutCx11Lib4BJ86RPkUpkxCJJCDSc5SL/46","ipfs://QmWNWmgdMtxpyofvTSVRFjzTugo71Q6WDy3Wq62pCeawUz/46","https://ipfs.io/ipfs/QmWNWmgdMtxpyofvTSVRFjzTugo71Q6WDy3Wq62pCeawUz/46","D:\github\ron-english-light-cult-0001-1000\data\generated\light-cult-image-match-powershell-only\run-20260514-150810\reference-images\Light-Cult-Crypto-Club-00046.png","060f0f070707070f","https://opensea.io/assets/ethereum/0xbe85fbd182af91290be7293438ae67549638189f/46","[{""trait_type"":""Background"",""value"":""Mandala 2""},{""trait_type"":""Face"",""value"":""Smiley Face (Yellow)""},{""trait_type"":""Hat"",""value"":""Cone""}]"
"47","00047","","","ipfs://QmXpXg2KDaqtFwFutCx11Lib4BJ86RPkUpkxCJJCDSc5SL/47","https://ipfs.io/ipfs/QmXpXg2KDaqtFwFutCx11Lib4BJ86RPkUpkxCJJCDSc5SL/47","ipfs://QmWNWmgdMtxpyofvTSVRFjzTugo71Q6WDy3Wq62pCeawUz/47","https://ipfs.io/ipfs/QmWNWmgdMtxpyofvTSVRFjzTugo71Q6WDy3Wq62pCeawUz/47","D:\github\ron-english-light-cult-0001-1000\data\generated\light-cult-image-match-powershell-only\run-20260514-150810\reference-images\Light-Cult-Crypto-Club-00047.png","46131335131b1307","https://opensea.io/assets/ethereum/0xbe85fbd182af91290be7293438ae67549638189f/47","[{""trait_type"":""Background"",""value"":""Red""},{""trait_type"":""Face"",""value"":""Gun Mouth""},{""trait_type"":""Accessory"",""value"":""Winged Sunglasses""},{""trait_type"":""Hat"",""value"":""Scrap ARD""}]"
"48","00048","","","ipfs://QmXpXg2KDaqtFwFutCx11Lib4BJ86RPkUpkxCJJCDSc5SL/48","https://ipfs.io/ipfs/QmXpXg2KDaqtFwFutCx11Lib4BJ86RPkUpkxCJJCDSc5SL/48","ipfs://QmWNWmgdMtxpyofvTSVRFjzTugo71Q6WDy3Wq62pCeawUz/48","https://ipfs.io/ipfs/QmWNWmgdMtxpyofvTSVRFjzTugo71Q6WDy3Wq62pCeawUz/48","D:\github\ron-english-light-cult-0001-1000\data\generated\light-cult-image-match-powershell-only\run-20260514-150810\reference-images\Light-Cult-Crypto-Club-00048.png","071b31397831311b","https://opensea.io/assets/ethereum/0xbe85fbd182af91290be7293438ae67549638189f/48","[{""trait_type"":""Background"",""value"":""Rainbow""},{""trait_type"":""Face"",""value"":""Basic (Red)""},{""trait_type"":""Accessory"",""value"":""Goggles""},{""trait_type"":""Hat"",""value"":""Carosoul Crown""},{""trait_type"":""Body"",""value"":""Mc Body""}]"
"49","00049","","","ipfs://QmXpXg2KDaqtFwFutCx11Lib4BJ86RPkUpkxCJJCDSc5SL/49","https://ipfs.io/ipfs/QmXpXg2KDaqtFwFutCx11Lib4BJ86RPkUpkxCJJCDSc5SL/49","ipfs://QmWNWmgdMtxpyofvTSVRFjzTugo71Q6WDy3Wq62pCeawUz/49","https://ipfs.io/ipfs/QmWNWmgdMtxpyofvTSVRFjzTugo71Q6WDy3Wq62pCeawUz/49","D:\github\ron-english-light-cult-0001-1000\data\generated\light-cult-image-match-powershell-only\run-20260514-150810\reference-images\Light-Cult-Crypto-Club-00049.png","4639191b1b131f19","https://opensea.io/assets/ethereum/0xbe85fbd182af91290be7293438ae67549638189f/49","[{""trait_type"":""Background"",""value"":""Red""},{""trait_type"":""Face"",""value"":""Smiley Face (Light Blue)""},{""trait_type"":""Accessory"",""value"":""Goggles""},{""trait_type"":""Hat"",""value"":""Police - Skull""},{""trait_type"":""Body"",""value"":""Red Guitar""}]"
"50","00050","","","ipfs://QmXpXg2KDaqtFwFutCx11Lib4BJ86RPkUpkxCJJCDSc5SL/50","https://ipfs.io/ipfs/QmXpXg2KDaqtFwFutCx11Lib4BJ86RPkUpkxCJJCDSc5SL/50","ipfs://QmWNWmgdMtxpyofvTSVRFjzTugo71Q6WDy3Wq62pCeawUz/50","https://ipfs.io/ipfs/QmWNWmgdMtxpyofvTSVRFjzTugo71Q6WDy3Wq62pCeawUz/50","D:\github\ron-english-light-cult-0001-1000\data\generated\light-cult-image-match-powershell-only\run-20260514-150810\reference-images\Light-Cult-Crypto-Club-00050.png","13c9cb0607099b97","https://opensea.io/assets/ethereum/0xbe85fbd182af91290be7293438ae67549638189f/50","[{""trait_type"":""Background"",""value"":""Mandala 27""},{""trait_type"":""Face"",""value"":""Blue Mask""},{""trait_type"":""Hat"",""value"":""Police - Brain""},{""trait_type"":""Body"",""value"":""Tanktop Mermaid""}]"
"51","00051","","","ipfs://QmXpXg2KDaqtFwFutCx11Lib4BJ86RPkUpkxCJJCDSc5SL/51","https://ipfs.io/ipfs/QmXpXg2KDaqtFwFutCx11Lib4BJ86RPkUpkxCJJCDSc5SL/51","ipfs://QmWNWmgdMtxpyofvTSVRFjzTugo71Q6WDy3Wq62pCeawUz/51","https://ipfs.io/ipfs/QmWNWmgdMtxpyofvTSVRFjzTugo71Q6WDy3Wq62pCeawUz/51","D:\github\ron-english-light-cult-0001-1000\data\generated\light-cult-image-match-powershell-only\run-20260514-150810\reference-images\Light-Cult-Crypto-Club-00051.png","060707070f070f07","https://opensea.io/assets/ethereum/0xbe85fbd182af91290be7293438ae67549638189f/51","[{""trait_type"":""Background"",""value"":""Mandala 15""},{""trait_type"":""Face"",""value"":""Cracked Smile""}]"
"53","00053","","","ipfs://QmXpXg2KDaqtFwFutCx11Lib4BJ86RPkUpkxCJJCDSc5SL/53","https://ipfs.io/ipfs/QmXpXg2KDaqtFwFutCx11Lib4BJ86RPkUpkxCJJCDSc5SL/53","ipfs://QmWNWmgdMtxpyofvTSVRFjzTugo71Q6WDy3Wq62pCeawUz/53","https://ipfs.io/ipfs/QmWNWmgdMtxpyofvTSVRFjzTugo71Q6WDy3Wq62pCeawUz/53","D:\github\ron-english-light-cult-0001-1000\data\generated\light-cult-image-match-powershell-only\run-20260514-150810\reference-images\Light-Cult-Crypto-Club-00053.png","46070725131b1307","https://opensea.io/assets/ethereum/0xbe85fbd182af91290be7293438ae67549638189f/53","[{""trait_type"":""Background"",""value"":""Red""},{""trait_type"":""Face"",""value"":""Smiley Face (Yellow)""},{""trait_type"":""Accessory"",""value"":""Winged Sunglasses""}]"
"54","00054","","","ipfs://QmXpXg2KDaqtFwFutCx11Lib4BJ86RPkUpkxCJJCDSc5SL/54","https://ipfs.io/ipfs/QmXpXg2KDaqtFwFutCx11Lib4BJ86RPkUpkxCJJCDSc5SL/54","ipfs://QmWNWmgdMtxpyofvTSVRFjzTugo71Q6WDy3Wq62pCeawUz/54","https://ipfs.io/ipfs/QmWNWmgdMtxpyofvTSVRFjzTugo71Q6WDy3Wq62pCeawUz/54","D:\github\ron-english-light-cult-0001-1000\data\generated\light-cult-image-match-powershell-only\run-20260514-150810\reference-images\Light-Cult-Crypto-Club-00054.png","0d19190d1b1b1b17","https://opensea.io/assets/ethereum/0xbe85fbd182af91290be7293438ae67549638189f/54","[{""trait_type"":""Background"",""value"":""Mandala 11""},{""trait_type"":""Face"",""value"":""Loch Ness Bowl""},{""trait_type"":""Body"",""value"":""Tanktop Bulb""}]"
"56","00056","","","ipfs://QmXpXg2KDaqtFwFutCx11Lib4BJ86RPkUpkxCJJCDSc5SL/56","https://ipfs.io/ipfs/QmXpXg2KDaqtFwFutCx11Lib4BJ86RPkUpkxCJJCDSc5SL/56","ipfs://QmWNWmgdMtxpyofvTSVRFjzTugo71Q6WDy3Wq62pCeawUz/56","https://ipfs.io/ipfs/QmWNWmgdMtxpyofvTSVRFjzTugo71Q6WDy3Wq62pCeawUz/56","D:\github\ron-english-light-cult-0001-1000\data\generated\light-cult-image-match-powershell-only\run-20260514-150810\reference-images\Light-Cult-Crypto-Club-00056.png","66070f0f0e460f07","https://opensea.io/assets/ethereum/0xbe85fbd182af91290be7293438ae67549638189f/56","[{""trait_type"":""Status"",""value"":""Rare""},{""trait_type"":""Collection"",""value"":""FrankenFat""},{""trait_type"":""Variant"",""value"":""FF - V7""}]"
"57","00057","","","ipfs://QmXpXg2KDaqtFwFutCx11Lib4BJ86RPkUpkxCJJCDSc5SL/57","https://ipfs.io/ipfs/QmXpXg2KDaqtFwFutCx11Lib4BJ86RPkUpkxCJJCDSc5SL/57","ipfs://QmWNWmgdMtxpyofvTSVRFjzTugo71Q6WDy3Wq62pCeawUz/57","https://ipfs.io/ipfs/QmWNWmgdMtxpyofvTSVRFjzTugo71Q6WDy3Wq62pCeawUz/57","D:\github\ron-english-light-cult-0001-1000\data\generated\light-cult-image-match-powershell-only\run-20260514-150810\reference-images\Light-Cult-Crypto-Club-00057.png","404062707cccc761","https://opensea.io/assets/ethereum/0xbe85fbd182af91290be7293438ae67549638189f/57","[{""trait_type"":""Status"",""value"":""Rare""},{""trait_type"":""Collection"",""value"":""Bulb Car""},{""trait_type"":""Variant"",""value"":""BC - V3""}]"
"58","00058","","","ipfs://QmXpXg2KDaqtFwFutCx11Lib4BJ86RPkUpkxCJJCDSc5SL/58","https://ipfs.io/ipfs/QmXpXg2KDaqtFwFutCx11Lib4BJ86RPkUpkxCJJCDSc5SL/58","ipfs://QmWNWmgdMtxpyofvTSVRFjzTugo71Q6WDy3Wq62pCeawUz/58","https://ipfs.io/ipfs/QmWNWmgdMtxpyofvTSVRFjzTugo71Q6WDy3Wq62pCeawUz/58","D:\github\ron-english-light-cult-0001-1000\data\generated\light-cult-image-match-powershell-only\run-20260514-150810\reference-images\Light-Cult-Crypto-Club-00058.png","0006071307070f0f","https://opensea.io/assets/ethereum/0xbe85fbd182af91290be7293438ae67549638189f/58","[{""trait_type"":""Background"",""value"":""Mandala 8""},{""trait_type"":""Face"",""value"":""Smiley Face (Yellow)""},{""trait_type"":""Accessory"",""value"":""Ear Earrings""}]"
"59","00059","","","ipfs://QmXpXg2KDaqtFwFutCx11Lib4BJ86RPkUpkxCJJCDSc5SL/59","https://ipfs.io/ipfs/QmXpXg2KDaqtFwFutCx11Lib4BJ86RPkUpkxCJJCDSc5SL/59","ipfs://QmWNWmgdMtxpyofvTSVRFjzTugo71Q6WDy3Wq62pCeawUz/59","https://ipfs.io/ipfs/QmWNWmgdMtxpyofvTSVRFjzTugo71Q6WDy3Wq62pCeawUz/59","D:\github\ron-english-light-cult-0001-1000\data\generated\light-cult-image-match-powershell-only\run-20260514-150810\reference-images\Light-Cult-Crypto-Club-00059.png","1b19393078303131","https://opensea.io/assets/ethereum/0xbe85fbd182af91290be7293438ae67549638189f/59","[{""trait_type"":""Background"",""value"":""Rainbow""},{""trait_type"":""Face"",""value"":""Loch Ness Bowl""},{""trait_type"":""Hat"",""value"":""Fez - Brain Bulb""},{""trait_type"":""Body"",""value"":""Tanktop Eye""}]"
"60","00060","","","ipfs://QmXpXg2KDaqtFwFutCx11Lib4BJ86RPkUpkxCJJCDSc5SL/60","https://ipfs.io/ipfs/QmXpXg2KDaqtFwFutCx11Lib4BJ86RPkUpkxCJJCDSc5SL/60","ipfs://QmWNWmgdMtxpyofvTSVRFjzTugo71Q6WDy3Wq62pCeawUz/60","https://ipfs.io/ipfs/QmWNWmgdMtxpyofvTSVRFjzTugo71Q6WDy3Wq62pCeawUz/60","D:\github\ron-english-light-cult-0001-1000\data\generated\light-cult-image-match-powershell-only\run-20260514-150810\reference-images\Light-Cult-Crypto-Club-00060.png","06070713070f0f07","https://opensea.io/assets/ethereum/0xbe85fbd182af91290be7293438ae67549638189f/60","[{""trait_type"":""Background"",""value"":""Mandala 5""},{""trait_type"":""Face"",""value"":""Smiley Face (Yellow)""},{""trait_type"":""Accessory"",""value"":""Broken Bulb Earrings""}]"
"62","00062","","","ipfs://QmXpXg2KDaqtFwFutCx11Lib4BJ86RPkUpkxCJJCDSc5SL/62","https://ipfs.io/ipfs/QmXpXg2KDaqtFwFutCx11Lib4BJ86RPkUpkxCJJCDSc5SL/62","ipfs://QmWNWmgdMtxpyofvTSVRFjzTugo71Q6WDy3Wq62pCeawUz/62","https://ipfs.io/ipfs/QmWNWmgdMtxpyofvTSVRFjzTugo71Q6WDy3Wq62pCeawUz/62","D:\github\ron-english-light-cult-0001-1000\data\generated\light-cult-image-match-powershell-only\run-20260514-150810\reference-images\Light-Cult-Crypto-Club-00062.png","06096931391b1b17","https://opensea.io/assets/ethereum/0xbe85fbd182af91290be7293438ae67549638189f/62","[{""trait_type"":""Background"",""value"":""Mandala 12""},{""trait_type"":""Face"",""value"":""Basic (Red)""},{""trait_type"":""Accessory"",""value"":""Fairy Wings""},{""trait_type"":""Body"",""value"":""Tanktop Eye""}]"
"63","00063","","","ipfs://QmXpXg2KDaqtFwFutCx11Lib4BJ86RPkUpkxCJJCDSc5SL/63","https://ipfs.io/ipfs/QmXpXg2KDaqtFwFutCx11Lib4BJ86RPkUpkxCJJCDSc5SL/63","ipfs://QmWNWmgdMtxpyofvTSVRFjzTugo71Q6WDy3Wq62pCeawUz/63","https://ipfs.io/ipfs/QmWNWmgdMtxpyofvTSVRFjzTugo71Q6WDy3Wq62pCeawUz/63","D:\github\ron-english-light-cult-0001-1000\data\generated\light-cult-image-match-powershell-only\run-20260514-150810\reference-images\Light-Cult-Crypto-Club-00063.png","0c0f0f071707070f","https://opensea.io/assets/ethereum/0xbe85fbd182af91290be7293438ae67549638189f/63","[{""trait_type"":""Status"",""value"":""Rare""},{""trait_type"":""Collection"",""value"":""Barney""},{""trait_type"":""Variant"",""value"":""BN - V5""}]"
"64","00064","","","ipfs://QmXpXg2KDaqtFwFutCx11Lib4BJ86RPkUpkxCJJCDSc5SL/64","https://ipfs.io/ipfs/QmXpXg2KDaqtFwFutCx11Lib4BJ86RPkUpkxCJJCDSc5SL/64","ipfs://QmWNWmgdMtxpyofvTSVRFjzTugo71Q6WDy3Wq62pCeawUz/64","https://ipfs.io/ipfs/QmWNWmgdMtxpyofvTSVRFjzTugo71Q6WDy3Wq62pCeawUz/64","D:\github\ron-english-light-cult-0001-1000\data\generated\light-cult-image-match-powershell-only\run-20260514-150810\reference-images\Light-Cult-Crypto-Club-00064.png","4e1b0f3139131224","https://opensea.io/assets/ethereum/0xbe85fbd182af91290be7293438ae67549638189f/64","[{""trait_type"":""Background"",""value"":""Red""},{""trait_type"":""Face"",""value"":""Puppy""},{""trait_type"":""Hat"",""value"":""Fez - Brain Bulb""},{""trait_type"":""Body"",""value"":""Snake Cage""}]"
"66","00066","","","ipfs://QmXpXg2KDaqtFwFutCx11Lib4BJ86RPkUpkxCJJCDSc5SL/66","https://ipfs.io/ipfs/QmXpXg2KDaqtFwFutCx11Lib4BJ86RPkUpkxCJJCDSc5SL/66","ipfs://QmWNWmgdMtxpyofvTSVRFjzTugo71Q6WDy3Wq62pCeawUz/66","https://ipfs.io/ipfs/QmWNWmgdMtxpyofvTSVRFjzTugo71Q6WDy3Wq62pCeawUz/66","D:\github\ron-english-light-cult-0001-1000\data\generated\light-cult-image-match-powershell-only\run-20260514-150810\reference-images\Light-Cult-Crypto-Club-00066.png","0008060f1f0f0206","https://opensea.io/assets/ethereum/0xbe85fbd182af91290be7293438ae67549638189f/66","[{""trait_type"":""Status"",""value"":""Rare""},{""trait_type"":""Collection"",""value"":""Stipple Collection""},{""trait_type"":""Variant"",""value"":""SP - V13""}]"
"67","00067","","","ipfs://QmXpXg2KDaqtFwFutCx11Lib4BJ86RPkUpkxCJJCDSc5SL/67","https://ipfs.io/ipfs/QmXpXg2KDaqtFwFutCx11Lib4BJ86RPkUpkxCJJCDSc5SL/67","ipfs://QmWNWmgdMtxpyofvTSVRFjzTugo71Q6WDy3Wq62pCeawUz/67","https://ipfs.io/ipfs/QmWNWmgdMtxpyofvTSVRFjzTugo71Q6WDy3Wq62pCeawUz/67","D:\github\ron-english-light-cult-0001-1000\data\generated\light-cult-image-match-powershell-only\run-20260514-150810\reference-images\Light-Cult-Crypto-Club-00067.png","040f07074f0d2d2d","https://opensea.io/assets/ethereum/0xbe85fbd182af91290be7293438ae67549638189f/67","[{""trait_type"":""Background"",""value"":""Mandala 9""},{""trait_type"":""Face"",""value"":""StarSkull Pink Face""},{""trait_type"":""Hat"",""value"":""Beanie Red""},{""trait_type"":""Body"",""value"":""Star Skull Body - Red""}]"
"68","00068","","","ipfs://QmXpXg2KDaqtFwFutCx11Lib4BJ86RPkUpkxCJJCDSc5SL/68","https://ipfs.io/ipfs/QmXpXg2KDaqtFwFutCx11Lib4BJ86RPkUpkxCJJCDSc5SL/68","ipfs://QmWNWmgdMtxpyofvTSVRFjzTugo71Q6WDy3Wq62pCeawUz/68","https://ipfs.io/ipfs/QmWNWmgdMtxpyofvTSVRFjzTugo71Q6WDy3Wq62pCeawUz/68","D:\github\ron-english-light-cult-0001-1000\data\generated\light-cult-image-match-powershell-only\run-20260514-150810\reference-images\Light-Cult-Crypto-Club-00068.png","444e30392d135246","https://opensea.io/assets/ethereum/0xbe85fbd182af91290be7293438ae67549638189f/68","[{""trait_type"":""Background"",""value"":""Yellow""},{""trait_type"":""Face"",""value"":""Diaper Mask""}]"
"69","00069","","","ipfs://QmXpXg2KDaqtFwFutCx11Lib4BJ86RPkUpkxCJJCDSc5SL/69","https://ipfs.io/ipfs/QmXpXg2KDaqtFwFutCx11Lib4BJ86RPkUpkxCJJCDSc5SL/69","ipfs://QmWNWmgdMtxpyofvTSVRFjzTugo71Q6WDy3Wq62pCeawUz/69","https://ipfs.io/ipfs/QmWNWmgdMtxpyofvTSVRFjzTugo71Q6WDy3Wq62pCeawUz/69","D:\github\ron-english-light-cult-0001-1000\data\generated\light-cult-image-match-powershell-only\run-20260514-150810\reference-images\Light-Cult-Crypto-Club-00069.png","050d0f0f070b1b17","https://opensea.io/assets/ethereum/0xbe85fbd182af91290be7293438ae67549638189f/69","[{""trait_type"":""Background"",""value"":""Mandala 5""},{""trait_type"":""Face"",""value"":""Quack Bowl""},{""trait_type"":""Hat"",""value"":""Helmet - Purple""},{""trait_type"":""Body"",""value"":""Tanktop Sand""}]"
"70","00070","","","ipfs://QmXpXg2KDaqtFwFutCx11Lib4BJ86RPkUpkxCJJCDSc5SL/70","https://ipfs.io/ipfs/QmXpXg2KDaqtFwFutCx11Lib4BJ86RPkUpkxCJJCDSc5SL/70","ipfs://QmWNWmgdMtxpyofvTSVRFjzTugo71Q6WDy3Wq62pCeawUz/70","https://ipfs.io/ipfs/QmWNWmgdMtxpyofvTSVRFjzTugo71Q6WDy3Wq62pCeawUz/70","D:\github\ron-english-light-cult-0001-1000\data\generated\light-cult-image-match-powershell-only\run-20260514-150810\reference-images\Light-Cult-Crypto-Club-00070.png","0e0f090f0f0b1507","https://opensea.io/assets/ethereum/0xbe85fbd182af91290be7293438ae67549638189f/70","[{""trait_type"":""Background"",""value"":""Mandala 20""},{""trait_type"":""Face"",""value"":""Seamonkey Bowl""}]"
"73","00073","","","ipfs://QmXpXg2KDaqtFwFutCx11Lib4BJ86RPkUpkxCJJCDSc5SL/73","https://ipfs.io/ipfs/QmXpXg2KDaqtFwFutCx11Lib4BJ86RPkUpkxCJJCDSc5SL/73","ipfs://QmWNWmgdMtxpyofvTSVRFjzTugo71Q6WDy3Wq62pCeawUz/73","https://ipfs.io/ipfs/QmWNWmgdMtxpyofvTSVRFjzTugo71Q6WDy3Wq62pCeawUz/73","D:\github\ron-english-light-cult-0001-1000\data\generated\light-cult-image-match-powershell-only\run-20260514-150810\reference-images\Light-Cult-Crypto-Club-00073.png","060f393152460717","https://opensea.io/assets/ethereum/0xbe85fbd182af91290be7293438ae67549638189f/73","[{""trait_type"":""Background"",""value"":""Mandala 19""},{""trait_type"":""Face"",""value"":""Smiley Face (Red)""},{""trait_type"":""Accessory"",""value"":""Water Spout""},{""trait_type"":""Hat"",""value"":""Police - Brain""},{""trait_type"":""Body"",""value"":""LightBulb Guitar""}]"
"74","00074","","","ipfs://QmXpXg2KDaqtFwFutCx11Lib4BJ86RPkUpkxCJJCDSc5SL/74","https://ipfs.io/ipfs/QmXpXg2KDaqtFwFutCx11Lib4BJ86RPkUpkxCJJCDSc5SL/74","ipfs://QmWNWmgdMtxpyofvTSVRFjzTugo71Q6WDy3Wq62pCeawUz/74","https://ipfs.io/ipfs/QmWNWmgdMtxpyofvTSVRFjzTugo71Q6WDy3Wq62pCeawUz/74","D:\github\ron-english-light-cult-0001-1000\data\generated\light-cult-image-match-powershell-only\run-20260514-150810\reference-images\Light-Cult-Crypto-Club-00074.png","0c0707070707070f","https://opensea.io/assets/ethereum/0xbe85fbd182af91290be7293438ae67549638189f/74","[{""trait_type"":""Status"",""value"":""Rare""},{""trait_type"":""Collection"",""value"":""Football Player""},{""trait_type"":""Variant"",""value"":""FP - V51""}]"
"75","00075","","","ipfs://QmXpXg2KDaqtFwFutCx11Lib4BJ86RPkUpkxCJJCDSc5SL/75","https://ipfs.io/ipfs/QmXpXg2KDaqtFwFutCx11Lib4BJ86RPkUpkxCJJCDSc5SL/75","ipfs://QmWNWmgdMtxpyofvTSVRFjzTugo71Q6WDy3Wq62pCeawUz/75","https://ipfs.io/ipfs/QmWNWmgdMtxpyofvTSVRFjzTugo71Q6WDy3Wq62pCeawUz/75","D:\github\ron-english-light-cult-0001-1000\data\generated\light-cult-image-match-powershell-only\run-20260514-150810\reference-images\Light-Cult-Crypto-Club-00075.png","0607070f0f07070f","https://opensea.io/assets/ethereum/0xbe85fbd182af91290be7293438ae67549638189f/75","[{""trait_type"":""Background"",""value"":""Mandala 2""},{""trait_type"":""Face"",""value"":""Basic (Light Blue)""},{""trait_type"":""Accessory"",""value"":""Goggles""},{""trait_type"":""Body"",""value"":""Overalls Brown""}]"
"76","00076","","","ipfs://QmXpXg2KDaqtFwFutCx11Lib4BJ86RPkUpkxCJJCDSc5SL/76","https://ipfs.io/ipfs/QmXpXg2KDaqtFwFutCx11Lib4BJ86RPkUpkxCJJCDSc5SL/76","ipfs://QmWNWmgdMtxpyofvTSVRFjzTugo71Q6WDy3Wq62pCeawUz/76","https://ipfs.io/ipfs/QmWNWmgdMtxpyofvTSVRFjzTugo71Q6WDy3Wq62pCeawUz/76","D:\github\ron-english-light-cult-0001-1000\data\generated\light-cult-image-match-powershell-only\run-20260514-150810\reference-images\Light-Cult-Crypto-Club-00076.png","13393931646c3907","https://opensea.io/assets/ethereum/0xbe85fbd182af91290be7293438ae67549638189f/76","[{""trait_type"":""Background"",""value"":""Rainbow""},{""trait_type"":""Face"",""value"":""Blue Mask""},{""trait_type"":""Hat"",""value"":""Police - Brain""},{""trait_type"":""Body"",""value"":""Cloud Body""}]"
"77","00077","","","ipfs://QmXpXg2KDaqtFwFutCx11Lib4BJ86RPkUpkxCJJCDSc5SL/77","https://ipfs.io/ipfs/QmXpXg2KDaqtFwFutCx11Lib4BJ86RPkUpkxCJJCDSc5SL/77","ipfs://QmWNWmgdMtxpyofvTSVRFjzTugo71Q6WDy3Wq62pCeawUz/77","https://ipfs.io/ipfs/QmWNWmgdMtxpyofvTSVRFjzTugo71Q6WDy3Wq62pCeawUz/77","D:\github\ron-english-light-cult-0001-1000\data\generated\light-cult-image-match-powershell-only\run-20260514-150810\reference-images\Light-Cult-Crypto-Club-00077.png","46070731131a1317","https://opensea.io/assets/ethereum/0xbe85fbd182af91290be7293438ae67549638189f/77","[{""trait_type"":""Background"",""value"":""Red""},{""trait_type"":""Face"",""value"":""Smiley Face (Yellow)""},{""trait_type"":""Body"",""value"":""LightBulb Guitar""}]"
"78","00078","","","ipfs://QmXpXg2KDaqtFwFutCx11Lib4BJ86RPkUpkxCJJCDSc5SL/78","https://ipfs.io/ipfs/QmXpXg2KDaqtFwFutCx11Lib4BJ86RPkUpkxCJJCDSc5SL/78","ipfs://QmWNWmgdMtxpyofvTSVRFjzTugo71Q6WDy3Wq62pCeawUz/78","https://ipfs.io/ipfs/QmWNWmgdMtxpyofvTSVRFjzTugo71Q6WDy3Wq62pCeawUz/78","D:\github\ron-english-light-cult-0001-1000\data\generated\light-cult-image-match-powershell-only\run-20260514-150810\reference-images\Light-Cult-Crypto-Club-00078.png","0e0f1a270f3f1903","https://opensea.io/assets/ethereum/0xbe85fbd182af91290be7293438ae67549638189f/78","[{""trait_type"":""Status"",""value"":""Rare""},{""trait_type"":""Collection"",""value"":""LightBulb Tank""},{""trait_type"":""Variant"",""value"":""LT - V20""}]"
"79","00079","","","ipfs://QmXpXg2KDaqtFwFutCx11Lib4BJ86RPkUpkxCJJCDSc5SL/79","https://ipfs.io/ipfs/QmXpXg2KDaqtFwFutCx11Lib4BJ86RPkUpkxCJJCDSc5SL/79","ipfs://QmWNWmgdMtxpyofvTSVRFjzTugo71Q6WDy3Wq62pCeawUz/79","https://ipfs.io/ipfs/QmWNWmgdMtxpyofvTSVRFjzTugo71Q6WDy3Wq62pCeawUz/79","D:\github\ron-english-light-cult-0001-1000\data\generated\light-cult-image-match-powershell-only\run-20260514-150810\reference-images\Light-Cult-Crypto-Club-00079.png","54c8cac6dac8c860","https://opensea.io/assets/ethereum/0xbe85fbd182af91290be7293438ae67549638189f/79","[{""trait_type"":""Status"",""value"":""Rare""},{""trait_type"":""Collection"",""value"":""Hot Air Balloon""},{""trait_type"":""Variant"",""value"":""HA - V4""}]"
"80","00080","","","ipfs://QmXpXg2KDaqtFwFutCx11Lib4BJ86RPkUpkxCJJCDSc5SL/80","https://ipfs.io/ipfs/QmXpXg2KDaqtFwFutCx11Lib4BJ86RPkUpkxCJJCDSc5SL/80","ipfs://QmWNWmgdMtxpyofvTSVRFjzTugo71Q6WDy3Wq62pCeawUz/80","https://ipfs.io/ipfs/QmWNWmgdMtxpyofvTSVRFjzTugo71Q6WDy3Wq62pCeawUz/80","D:\github\ron-english-light-cult-0001-1000\data\generated\light-cult-image-match-powershell-only\run-20260514-150810\reference-images\Light-Cult-Crypto-Club-00080.png","5a1b393131331913","https://opensea.io/assets/ethereum/0xbe85fbd182af91290be7293438ae67549638189f/80","[{""trait_type"":""Background"",""value"":""Light Blue""},{""trait_type"":""Face"",""value"":""Ship n Bowl""},{""trait_type"":""Hat"",""value"":""Fez - Double Donkey""},{""trait_type"":""Body"",""value"":""Dino Body""}]"
"81","00081","","","ipfs://QmXpXg2KDaqtFwFutCx11Lib4BJ86RPkUpkxCJJCDSc5SL/81","https://ipfs.io/ipfs/QmXpXg2KDaqtFwFutCx11Lib4BJ86RPkUpkxCJJCDSc5SL/81","ipfs://QmWNWmgdMtxpyofvTSVRFjzTugo71Q6WDy3Wq62pCeawUz/81","https://ipfs.io/ipfs/QmWNWmgdMtxpyofvTSVRFjzTugo71Q6WDy3Wq62pCeawUz/81","D:\github\ron-english-light-cult-0001-1000\data\generated\light-cult-image-match-powershell-only\run-20260514-150810\reference-images\Light-Cult-Crypto-Club-00081.png","040f0f3107050507","https://opensea.io/assets/ethereum/0xbe85fbd182af91290be7293438ae67549638189f/81","[{""trait_type"":""Background"",""value"":""Mandala 9""},{""trait_type"":""Face"",""value"":""Basic (Yellow)""},{""trait_type"":""Accessory"",""value"":""Goblin Ears""},{""trait_type"":""Hat"",""value"":""Helmet - Yellow""}]"
"82","00082","","","ipfs://QmXpXg2KDaqtFwFutCx11Lib4BJ86RPkUpkxCJJCDSc5SL/82","https://ipfs.io/ipfs/QmXpXg2KDaqtFwFutCx11Lib4BJ86RPkUpkxCJJCDSc5SL/82","ipfs://QmWNWmgdMtxpyofvTSVRFjzTugo71Q6WDy3Wq62pCeawUz/82","https://ipfs.io/ipfs/QmWNWmgdMtxpyofvTSVRFjzTugo71Q6WDy3Wq62pCeawUz/82","D:\github\ron-english-light-cult-0001-1000\data\generated\light-cult-image-match-powershell-only\run-20260514-150810\reference-images\Light-Cult-Crypto-Club-00082.png","4613053131131307","https://opensea.io/assets/ethereum/0xbe85fbd182af91290be7293438ae67549638189f/82","[{""trait_type"":""Background"",""value"":""Light Blue""},{""trait_type"":""Face"",""value"":""Smiley Face (Yellow)""},{""trait_type"":""Hat"",""value"":""Beanie Grey""}]"
"83","00083","","","ipfs://QmXpXg2KDaqtFwFutCx11Lib4BJ86RPkUpkxCJJCDSc5SL/83","https://ipfs.io/ipfs/QmXpXg2KDaqtFwFutCx11Lib4BJ86RPkUpkxCJJCDSc5SL/83","ipfs://QmWNWmgdMtxpyofvTSVRFjzTugo71Q6WDy3Wq62pCeawUz/83","https://ipfs.io/ipfs/QmWNWmgdMtxpyofvTSVRFjzTugo71Q6WDy3Wq62pCeawUz/83","D:\github\ron-english-light-cult-0001-1000\data\generated\light-cult-image-match-powershell-only\run-20260514-150810\reference-images\Light-Cult-Crypto-Club-00083.png","0004060606060707","https://opensea.io/assets/ethereum/0xbe85fbd182af91290be7293438ae67549638189f/83","[{""trait_type"":""Background"",""value"":""Black""},{""trait_type"":""Face"",""value"":""Basic (Yellow)""},{""trait_type"":""Body"",""value"":""Light Bulb Rib""}]"
"84","00084","","","ipfs://QmXpXg2KDaqtFwFutCx11Lib4BJ86RPkUpkxCJJCDSc5SL/84","https://ipfs.io/ipfs/QmXpXg2KDaqtFwFutCx11Lib4BJ86RPkUpkxCJJCDSc5SL/84","ipfs://QmWNWmgdMtxpyofvTSVRFjzTugo71Q6WDy3Wq62pCeawUz/84","https://ipfs.io/ipfs/QmWNWmgdMtxpyofvTSVRFjzTugo71Q6WDy3Wq62pCeawUz/84","D:\github\ron-english-light-cult-0001-1000\data\generated\light-cult-image-match-powershell-only\run-20260514-150810\reference-images\Light-Cult-Crypto-Club-00084.png","0e0f0731070f3b27","https://opensea.io/assets/ethereum/0xbe85fbd182af91290be7293438ae67549638189f/84","[{""trait_type"":""Background"",""value"":""Mandala 4""},{""trait_type"":""Face"",""value"":""Slash Hat (Rabbbit)""},{""trait_type"":""Body"",""value"":""M-16""}]"
"85","00085","","","ipfs://QmXpXg2KDaqtFwFutCx11Lib4BJ86RPkUpkxCJJCDSc5SL/85","https://ipfs.io/ipfs/QmXpXg2KDaqtFwFutCx11Lib4BJ86RPkUpkxCJJCDSc5SL/85","ipfs://QmWNWmgdMtxpyofvTSVRFjzTugo71Q6WDy3Wq62pCeawUz/85","https://ipfs.io/ipfs/QmWNWmgdMtxpyofvTSVRFjzTugo71Q6WDy3Wq62pCeawUz/85","D:\github\ron-english-light-cult-0001-1000\data\generated\light-cult-image-match-powershell-only\run-20260514-150810\reference-images\Light-Cult-Crypto-Club-00085.png","2507313164303e39","https://opensea.io/assets/ethereum/0xbe85fbd182af91290be7293438ae67549638189f/85","[{""trait_type"":""Background"",""value"":""Rainbow""},{""trait_type"":""Face"",""value"":""Smiley Face (Yellow)""},{""trait_type"":""Hat"",""value"":""Nurse Hat""},{""trait_type"":""Body"",""value"":""Red Guitar""}]"
"87","00087","","","ipfs://QmXpXg2KDaqtFwFutCx11Lib4BJ86RPkUpkxCJJCDSc5SL/87","https://ipfs.io/ipfs/QmXpXg2KDaqtFwFutCx11Lib4BJ86RPkUpkxCJJCDSc5SL/87","ipfs://QmWNWmgdMtxpyofvTSVRFjzTugo71Q6WDy3Wq62pCeawUz/87","https://ipfs.io/ipfs/QmWNWmgdMtxpyofvTSVRFjzTugo71Q6WDy3Wq62pCeawUz/87","D:\github\ron-english-light-cult-0001-1000\data\generated\light-cult-image-match-powershell-only\run-20260514-150810\reference-images\Light-Cult-Crypto-Club-00087.png","1b1b39313078310f","https://opensea.io/assets/ethereum/0xbe85fbd182af91290be7293438ae67549638189f/87","[{""trait_type"":""Background"",""value"":""Rainbow""},{""trait_type"":""Face"",""value"":""Ship n Bowl""},{""trait_type"":""Hat"",""value"":""Fez - StarSkull""},{""trait_type"":""Body"",""value"":""Cloud Body""}]"
"88","00088","","","ipfs://QmXpXg2KDaqtFwFutCx11Lib4BJ86RPkUpkxCJJCDSc5SL/88","https://ipfs.io/ipfs/QmXpXg2KDaqtFwFutCx11Lib4BJ86RPkUpkxCJJCDSc5SL/88","ipfs://QmWNWmgdMtxpyofvTSVRFjzTugo71Q6WDy3Wq62pCeawUz/88","https://ipfs.io/ipfs/QmWNWmgdMtxpyofvTSVRFjzTugo71Q6WDy3Wq62pCeawUz/88","D:\github\ron-english-light-cult-0001-1000\data\generated\light-cult-image-match-powershell-only\run-20260514-150810\reference-images\Light-Cult-Crypto-Club-00088.png","4652313931523178","https://opensea.io/assets/ethereum/0xbe85fbd182af91290be7293438ae67549638189f/88","[{""trait_type"":""Background"",""value"":""Pink""},{""trait_type"":""Face"",""value"":""Ice Cream Face""},{""trait_type"":""Body"",""value"":""Overalls Red""}]"
"89","00089","","","ipfs://QmXpXg2KDaqtFwFutCx11Lib4BJ86RPkUpkxCJJCDSc5SL/89","https://ipfs.io/ipfs/QmXpXg2KDaqtFwFutCx11Lib4BJ86RPkUpkxCJJCDSc5SL/89","ipfs://QmWNWmgdMtxpyofvTSVRFjzTugo71Q6WDy3Wq62pCeawUz/89","https://ipfs.io/ipfs/QmWNWmgdMtxpyofvTSVRFjzTugo71Q6WDy3Wq62pCeawUz/89","D:\github\ron-english-light-cult-0001-1000\data\generated\light-cult-image-match-powershell-only\run-20260514-150810\reference-images\Light-Cult-Crypto-Club-00089.png","050f0f0f070b1b17","https://opensea.io/assets/ethereum/0xbe85fbd182af91290be7293438ae67549638189f/89","[{""trait_type"":""Background"",""value"":""Mandala 2""},{""trait_type"":""Face"",""value"":""Ice Cream Face""},{""trait_type"":""Hat"",""value"":""Helmet - Purple""},{""trait_type"":""Body"",""value"":""Tanktop Mermaid""}]"
"90","00090","","","ipfs://QmXpXg2KDaqtFwFutCx11Lib4BJ86RPkUpkxCJJCDSc5SL/90","https://ipfs.io/ipfs/QmXpXg2KDaqtFwFutCx11Lib4BJ86RPkUpkxCJJCDSc5SL/90","ipfs://QmWNWmgdMtxpyofvTSVRFjzTugo71Q6WDy3Wq62pCeawUz/90","https://ipfs.io/ipfs/QmWNWmgdMtxpyofvTSVRFjzTugo71Q6WDy3Wq62pCeawUz/90","D:\github\ron-english-light-cult-0001-1000\data\generated\light-cult-image-match-powershell-only\run-20260514-150810\reference-images\Light-Cult-Crypto-Club-00090.png","0606070746440c00","https://opensea.io/assets/ethereum/0xbe85fbd182af91290be7293438ae67549638189f/90","[{""trait_type"":""Background"",""value"":""Black""},{""trait_type"":""Face"",""value"":""Smiley Face (Yellow)""},{""trait_type"":""Accessory"",""value"":""Water Spout""},{""trait_type"":""Hat"",""value"":""Nurse Hat""}]"
"91","00091","","","ipfs://QmXpXg2KDaqtFwFutCx11Lib4BJ86RPkUpkxCJJCDSc5SL/91","https://ipfs.io/ipfs/QmXpXg2KDaqtFwFutCx11Lib4BJ86RPkUpkxCJJCDSc5SL/91","ipfs://QmWNWmgdMtxpyofvTSVRFjzTugo71Q6WDy3Wq62pCeawUz/91","https://ipfs.io/ipfs/QmWNWmgdMtxpyofvTSVRFjzTugo71Q6WDy3Wq62pCeawUz/91","D:\github\ron-english-light-cult-0001-1000\data\generated\light-cult-image-match-powershell-only\run-20260514-150810\reference-images\Light-Cult-Crypto-Club-00091.png","060d0d350d0f1b17","https://opensea.io/assets/ethereum/0xbe85fbd182af91290be7293438ae67549638189f/91","[{""trait_type"":""Background"",""value"":""Black""},{""trait_type"":""Face"",""value"":""Smiley Face (Yellow)""},{""trait_type"":""Accessory"",""value"":""Goblin Ears""},{""trait_type"":""Hat"",""value"":""Nurse Hat""},{""trait_type"":""Body"",""value"":""Tanktop Bulb""}]"
"92","00092","","","ipfs://QmXpXg2KDaqtFwFutCx11Lib4BJ86RPkUpkxCJJCDSc5SL/92","https://ipfs.io/ipfs/QmXpXg2KDaqtFwFutCx11Lib4BJ86RPkUpkxCJJCDSc5SL/92","ipfs://QmWNWmgdMtxpyofvTSVRFjzTugo71Q6WDy3Wq62pCeawUz/92","https://ipfs.io/ipfs/QmWNWmgdMtxpyofvTSVRFjzTugo71Q6WDy3Wq62pCeawUz/92","D:\github\ron-english-light-cult-0001-1000\data\generated\light-cult-image-match-powershell-only\run-20260514-150810\reference-images\Light-Cult-Crypto-Club-00092.png","4652703138307070","https://opensea.io/assets/ethereum/0xbe85fbd182af91290be7293438ae67549638189f/92","[{""trait_type"":""Background"",""value"":""Pink""},{""trait_type"":""Face"",""value"":""Loch Ness Bowl""},{""trait_type"":""Body"",""value"":""Tanktop""}]"
"93","00093","","","ipfs://QmXpXg2KDaqtFwFutCx11Lib4BJ86RPkUpkxCJJCDSc5SL/93","https://ipfs.io/ipfs/QmXpXg2KDaqtFwFutCx11Lib4BJ86RPkUpkxCJJCDSc5SL/93","ipfs://QmWNWmgdMtxpyofvTSVRFjzTugo71Q6WDy3Wq62pCeawUz/93","https://ipfs.io/ipfs/QmWNWmgdMtxpyofvTSVRFjzTugo71Q6WDy3Wq62pCeawUz/93","D:\github\ron-english-light-cult-0001-1000\data\generated\light-cult-image-match-powershell-only\run-20260514-150810\reference-images\Light-Cult-Crypto-Club-00093.png","060f0f0707070f0f","https://opensea.io/assets/ethereum/0xbe85fbd182af91290be7293438ae67549638189f/93","[{""trait_type"":""Background"",""value"":""Mandala 8""},{""trait_type"":""Face"",""value"":""Basic (Pink)""},{""trait_type"":""Hat"",""value"":""Police - Skull""}]"
"94","00094","","","ipfs://QmXpXg2KDaqtFwFutCx11Lib4BJ86RPkUpkxCJJCDSc5SL/94","https://ipfs.io/ipfs/QmXpXg2KDaqtFwFutCx11Lib4BJ86RPkUpkxCJJCDSc5SL/94","ipfs://QmWNWmgdMtxpyofvTSVRFjzTugo71Q6WDy3Wq62pCeawUz/94","https://ipfs.io/ipfs/QmWNWmgdMtxpyofvTSVRFjzTugo71Q6WDy3Wq62pCeawUz/94","D:\github\ron-english-light-cult-0001-1000\data\generated\light-cult-image-match-powershell-only\run-20260514-150810\reference-images\Light-Cult-Crypto-Club-00094.png","06090d0d050b1b17","https://opensea.io/assets/ethereum/0xbe85fbd182af91290be7293438ae67549638189f/94","[{""trait_type"":""Background"",""value"":""Mandala 7""},{""trait_type"":""Face"",""value"":""Basic (Yellow)""},{""trait_type"":""Body"",""value"":""Tanktop Bulb""}]"
"95","00095","","","ipfs://QmXpXg2KDaqtFwFutCx11Lib4BJ86RPkUpkxCJJCDSc5SL/95","https://ipfs.io/ipfs/QmXpXg2KDaqtFwFutCx11Lib4BJ86RPkUpkxCJJCDSc5SL/95","ipfs://QmWNWmgdMtxpyofvTSVRFjzTugo71Q6WDy3Wq62pCeawUz/95","https://ipfs.io/ipfs/QmWNWmgdMtxpyofvTSVRFjzTugo71Q6WDy3Wq62pCeawUz/95","D:\github\ron-english-light-cult-0001-1000\data\generated\light-cult-image-match-powershell-only\run-20260514-150810\reference-images\Light-Cult-Crypto-Club-00095.png","523939252d133139","https://opensea.io/assets/ethereum/0xbe85fbd182af91290be7293438ae67549638189f/95","[{""trait_type"":""Background"",""value"":""Light Blue""},{""trait_type"":""Face"",""value"":""White Mask""},{""trait_type"":""Hat"",""value"":""Police - Brain""},{""trait_type"":""Body"",""value"":""Overalls Red""}]"
"96","00096","","","ipfs://QmXpXg2KDaqtFwFutCx11Lib4BJ86RPkUpkxCJJCDSc5SL/96","https://ipfs.io/ipfs/QmXpXg2KDaqtFwFutCx11Lib4BJ86RPkUpkxCJJCDSc5SL/96","ipfs://QmWNWmgdMtxpyofvTSVRFjzTugo71Q6WDy3Wq62pCeawUz/96","https://ipfs.io/ipfs/QmWNWmgdMtxpyofvTSVRFjzTugo71Q6WDy3Wq62pCeawUz/96","D:\github\ron-english-light-cult-0001-1000\data\generated\light-cult-image-match-powershell-only\run-20260514-150810\reference-images\Light-Cult-Crypto-Club-00096.png","06091909091b1b17","https://opensea.io/assets/ethereum/0xbe85fbd182af91290be7293438ae67549638189f/96","[{""trait_type"":""Background"",""value"":""Mandala 6""},{""trait_type"":""Face"",""value"":""Jesus Bowl""},{""trait_type"":""Hat"",""value"":""Police - Brain""},{""trait_type"":""Body"",""value"":""Tanktop Bulb""}]"
"97","00097","","","ipfs://QmXpXg2KDaqtFwFutCx11Lib4BJ86RPkUpkxCJJCDSc5SL/97","https://ipfs.io/ipfs/QmXpXg2KDaqtFwFutCx11Lib4BJ86RPkUpkxCJJCDSc5SL/97","ipfs://QmWNWmgdMtxpyofvTSVRFjzTugo71Q6WDy3Wq62pCeawUz/97","https://ipfs.io/ipfs/QmWNWmgdMtxpyofvTSVRFjzTugo71Q6WDy3Wq62pCeawUz/97","D:\github\ron-english-light-cult-0001-1000\data\generated\light-cult-image-match-powershell-only\run-20260514-150810\reference-images\Light-Cult-Crypto-Club-00097.png","66c4486e72686850","https://opensea.io/assets/ethereum/0xbe85fbd182af91290be7293438ae67549638189f/97","[{""trait_type"":""Status"",""value"":""Rare""},{""trait_type"":""Collection"",""value"":""Dinosaurs""},{""trait_type"":""Variant"",""value"":""DR - V4""}]"
"98","00098","","","ipfs://QmXpXg2KDaqtFwFutCx11Lib4BJ86RPkUpkxCJJCDSc5SL/98","https://ipfs.io/ipfs/QmXpXg2KDaqtFwFutCx11Lib4BJ86RPkUpkxCJJCDSc5SL/98","ipfs://QmWNWmgdMtxpyofvTSVRFjzTugo71Q6WDy3Wq62pCeawUz/98","https://ipfs.io/ipfs/QmWNWmgdMtxpyofvTSVRFjzTugo71Q6WDy3Wq62pCeawUz/98","D:\github\ron-english-light-cult-0001-1000\data\generated\light-cult-image-match-powershell-only\run-20260514-150810\reference-images\Light-Cult-Crypto-Club-00098.png","52393931391b1307","https://opensea.io/assets/ethereum/0xbe85fbd182af91290be7293438ae67549638189f/98","[{""trait_type"":""Background"",""value"":""Light Blue""},{""trait_type"":""Face"",""value"":""Basic (Red)""},{""trait_type"":""Hat"",""value"":""Police - Skull""}]"
"99","00099","","","ipfs://QmXpXg2KDaqtFwFutCx11Lib4BJ86RPkUpkxCJJCDSc5SL/99","https://ipfs.io/ipfs/QmXpXg2KDaqtFwFutCx11Lib4BJ86RPkUpkxCJJCDSc5SL/99","ipfs://QmWNWmgdMtxpyofvTSVRFjzTugo71Q6WDy3Wq62pCeawUz/99","https://ipfs.io/ipfs/QmWNWmgdMtxpyofvTSVRFjzTugo71Q6WDy3Wq62pCeawUz/99","D:\github\ron-english-light-cult-0001-1000\data\generated\light-cult-image-match-powershell-only\run-20260514-150810\reference-images\Light-Cult-Crypto-Club-00099.png","52527031311b5246","https://opensea.io/assets/ethereum/0xbe85fbd182af91290be7293438ae67549638189f/99","[{""trait_type"":""Background"",""value"":""Yellow""},{""trait_type"":""Face"",""value"":""Smiley Face (Pink)""},{""trait_type"":""Hat"",""value"":""Unicorn Crown""}]"
"100","00100","","","ipfs://QmXpXg2KDaqtFwFutCx11Lib4BJ86RPkUpkxCJJCDSc5SL/100","https://ipfs.io/ipfs/QmXpXg2KDaqtFwFutCx11Lib4BJ86RPkUpkxCJJCDSc5SL/100","ipfs://QmWNWmgdMtxpyofvTSVRFjzTugo71Q6WDy3Wq62pCeawUz/100","https://ipfs.io/ipfs/QmWNWmgdMtxpyofvTSVRFjzTugo71Q6WDy3Wq62pCeawUz/100","D:\github\ron-english-light-cult-0001-1000\data\generated\light-cult-image-match-powershell-only\run-20260514-150810\reference-images\Light-Cult-Crypto-Club-00100.png","4446303130303070","https://opensea.io/assets/ethereum/0xbe85fbd182af91290be7293438ae67549638189f/100","[{""trait_type"":""Background"",""value"":""Yellow""},{""trait_type"":""Face"",""value"":""Smiley Face (Light Blue)""},{""trait_type"":""Body"",""value"":""Tanktop""}]"
"101","00101","","","ipfs://QmXpXg2KDaqtFwFutCx11Lib4BJ86RPkUpkxCJJCDSc5SL/101","https://ipfs.io/ipfs/QmXpXg2KDaqtFwFutCx11Lib4BJ86RPkUpkxCJJCDSc5SL/101","ipfs://QmWNWmgdMtxpyofvTSVRFjzTugo71Q6WDy3Wq62pCeawUz/101","https://ipfs.io/ipfs/QmWNWmgdMtxpyofvTSVRFjzTugo71Q6WDy3Wq62pCeawUz/101","D:\github\ron-english-light-cult-0001-1000\data\generated\light-cult-image-match-powershell-only\run-20260514-150810\reference-images\Light-Cult-Crypto-Club-00101.png","060f073107071327","https://opensea.io/assets/ethereum/0xbe85fbd182af91290be7293438ae67549638189f/101","[{""trait_type"":""Background"",""value"":""Mandala 5""},{""trait_type"":""Face"",""value"":""Basic (Yellow)""},{""trait_type"":""Accessory"",""value"":""Goblin Ears""},{""trait_type"":""Hat"",""value"":""Helmet - Yellow""},{""trait_type"":""Body"",""value"":""Snake Cage""}]"
"102","00102","","","ipfs://QmXpXg2KDaqtFwFutCx11Lib4BJ86RPkUpkxCJJCDSc5SL/102","https://ipfs.io/ipfs/QmXpXg2KDaqtFwFutCx11Lib4BJ86RPkUpkxCJJCDSc5SL/102","ipfs://QmWNWmgdMtxpyofvTSVRFjzTugo71Q6WDy3Wq62pCeawUz/102","https://ipfs.io/ipfs/QmWNWmgdMtxpyofvTSVRFjzTugo71Q6WDy3Wq62pCeawUz/102","D:\github\ron-english-light-cult-0001-1000\data\generated\light-cult-image-match-powershell-only\run-20260514-150810\reference-images\Light-Cult-Crypto-Club-00102.png","4e1767470f1633d3","https://opensea.io/assets/ethereum/0xbe85fbd182af91290be7293438ae67549638189f/102","[{""trait_type"":""Status"",""value"":""Rare""},{""trait_type"":""Collection"",""value"":""Photo Realistic Bulbs""},{""trait_type"":""Variant"",""value"":""PR - V23""}]"
"103","00103","","","ipfs://QmXpXg2KDaqtFwFutCx11Lib4BJ86RPkUpkxCJJCDSc5SL/103","https://ipfs.io/ipfs/QmXpXg2KDaqtFwFutCx11Lib4BJ86RPkUpkxCJJCDSc5SL/103","ipfs://QmWNWmgdMtxpyofvTSVRFjzTugo71Q6WDy3Wq62pCeawUz/103","https://ipfs.io/ipfs/QmWNWmgdMtxpyofvTSVRFjzTugo71Q6WDy3Wq62pCeawUz/103","D:\github\ron-english-light-cult-0001-1000\data\generated\light-cult-image-match-powershell-only\run-20260514-150810\reference-images\Light-Cult-Crypto-Club-00103.png","0e0f2531130f3b37","https://opensea.io/assets/ethereum/0xbe85fbd182af91290be7293438ae67549638189f/103","[{""trait_type"":""Background"",""value"":""Mandala 23""},{""trait_type"":""Face"",""value"":""Smiley Face (Light Blue)""},{""trait_type"":""Accessory"",""value"":""Goblin Ears""},{""trait_type"":""Body"",""value"":""M-16""}]"
"104","00104","","","ipfs://QmXpXg2KDaqtFwFutCx11Lib4BJ86RPkUpkxCJJCDSc5SL/104","https://ipfs.io/ipfs/QmXpXg2KDaqtFwFutCx11Lib4BJ86RPkUpkxCJJCDSc5SL/104","ipfs://QmWNWmgdMtxpyofvTSVRFjzTugo71Q6WDy3Wq62pCeawUz/104","https://ipfs.io/ipfs/QmWNWmgdMtxpyofvTSVRFjzTugo71Q6WDy3Wq62pCeawUz/104","D:\github\ron-english-light-cult-0001-1000\data\generated\light-cult-image-match-powershell-only\run-20260514-150810\reference-images\Light-Cult-Crypto-Club-00104.png","040f170b0f0f0f13","https://opensea.io/assets/ethereum/0xbe85fbd182af91290be7293438ae67549638189f/104","[{""trait_type"":""Status"",""value"":""Rare""},{""trait_type"":""Collection"",""value"":""Football Player""},{""trait_type"":""Variant"",""value"":""FP - V32""}]"
"105","00105","","","ipfs://QmXpXg2KDaqtFwFutCx11Lib4BJ86RPkUpkxCJJCDSc5SL/105","https://ipfs.io/ipfs/QmXpXg2KDaqtFwFutCx11Lib4BJ86RPkUpkxCJJCDSc5SL/105","ipfs://QmWNWmgdMtxpyofvTSVRFjzTugo71Q6WDy3Wq62pCeawUz/105","https://ipfs.io/ipfs/QmWNWmgdMtxpyofvTSVRFjzTugo71Q6WDy3Wq62pCeawUz/105","D:\github\ron-english-light-cult-0001-1000\data\generated\light-cult-image-match-powershell-only\run-20260514-150810\reference-images\Light-Cult-Crypto-Club-00105.png","060e0e0606040e0f","https://opensea.io/assets/ethereum/0xbe85fbd182af91290be7293438ae67549638189f/105","[{""trait_type"":""Background"",""value"":""Black""},{""trait_type"":""Face"",""value"":""Basic (Red)""},{""trait_type"":""Hat"",""value"":""Police - Skull""},{""trait_type"":""Body"",""value"":""Overalls Red""}]"
"106","00106","","","ipfs://QmXpXg2KDaqtFwFutCx11Lib4BJ86RPkUpkxCJJCDSc5SL/106","https://ipfs.io/ipfs/QmXpXg2KDaqtFwFutCx11Lib4BJ86RPkUpkxCJJCDSc5SL/106","ipfs://QmWNWmgdMtxpyofvTSVRFjzTugo71Q6WDy3Wq62pCeawUz/106","https://ipfs.io/ipfs/QmWNWmgdMtxpyofvTSVRFjzTugo71Q6WDy3Wq62pCeawUz/106","D:\github\ron-english-light-cult-0001-1000\data\generated\light-cult-image-match-powershell-only\run-20260514-150810\reference-images\Light-Cult-Crypto-Club-00106.png","6425313139070707","https://opensea.io/assets/ethereum/0xbe85fbd182af91290be7293438ae67549638189f/106","[{""trait_type"":""Background"",""value"":""Mandala 1""},{""trait_type"":""Face"",""value"":""Basic (Red)""},{""trait_type"":""Accessory"",""value"":""Butterfly Wings""},{""trait_type"":""Hat"",""value"":""Fez - Double Donkey""}]"
"109","00109","","","ipfs://QmXpXg2KDaqtFwFutCx11Lib4BJ86RPkUpkxCJJCDSc5SL/109","https://ipfs.io/ipfs/QmXpXg2KDaqtFwFutCx11Lib4BJ86RPkUpkxCJJCDSc5SL/109","ipfs://QmWNWmgdMtxpyofvTSVRFjzTugo71Q6WDy3Wq62pCeawUz/109","https://ipfs.io/ipfs/QmWNWmgdMtxpyofvTSVRFjzTugo71Q6WDy3Wq62pCeawUz/109","D:\github\ron-english-light-cult-0001-1000\data\generated\light-cult-image-match-powershell-only\run-20260514-150810\reference-images\Light-Cult-Crypto-Club-00109.png","0e0f0f0f07071f1f","https://opensea.io/assets/ethereum/0xbe85fbd182af91290be7293438ae67549638189f/109","[{""trait_type"":""Background"",""value"":""Mandala 2""},{""trait_type"":""Face"",""value"":""Ugly Ed""},{""trait_type"":""Hat"",""value"":""Alien Sombrero""},{""trait_type"":""Body"",""value"":""Brown Guitar""}]"
"110","00110","","","ipfs://QmXpXg2KDaqtFwFutCx11Lib4BJ86RPkUpkxCJJCDSc5SL/110","https://ipfs.io/ipfs/QmXpXg2KDaqtFwFutCx11Lib4BJ86RPkUpkxCJJCDSc5SL/110","ipfs://QmWNWmgdMtxpyofvTSVRFjzTugo71Q6WDy3Wq62pCeawUz/110","https://ipfs.io/ipfs/QmWNWmgdMtxpyofvTSVRFjzTugo71Q6WDy3Wq62pCeawUz/110","D:\github\ron-english-light-cult-0001-1000\data\generated\light-cult-image-match-powershell-only\run-20260514-150810\reference-images\Light-Cult-Crypto-Club-00110.png","0607643119070f07","https://opensea.io/assets/ethereum/0xbe85fbd182af91290be7293438ae67549638189f/110","[{""trait_type"":""Background"",""value"":""Mandala 12""},{""trait_type"":""Face"",""value"":""Smiley Face (Red)""},{""trait_type"":""Accessory"",""value"":""Fairy Wings""},{""trait_type"":""Hat"",""value"":""Fez - Machete""}]"
"111","00111","","","ipfs://QmXpXg2KDaqtFwFutCx11Lib4BJ86RPkUpkxCJJCDSc5SL/111","https://ipfs.io/ipfs/QmXpXg2KDaqtFwFutCx11Lib4BJ86RPkUpkxCJJCDSc5SL/111","ipfs://QmWNWmgdMtxpyofvTSVRFjzTugo71Q6WDy3Wq62pCeawUz/111","https://ipfs.io/ipfs/QmWNWmgdMtxpyofvTSVRFjzTugo71Q6WDy3Wq62pCeawUz/111","D:\github\ron-english-light-cult-0001-1000\data\generated\light-cult-image-match-powershell-only\run-20260514-150810\reference-images\Light-Cult-Crypto-Club-00111.png","071b393164391307","https://opensea.io/assets/ethereum/0xbe85fbd182af91290be7293438ae67549638189f/111","[{""trait_type"":""Background"",""value"":""Rainbow""},{""trait_type"":""Face"",""value"":""Basic (Pink)""},{""trait_type"":""Hat"",""value"":""Carosoul Crown""}]"
"112","00112","","","ipfs://QmXpXg2KDaqtFwFutCx11Lib4BJ86RPkUpkxCJJCDSc5SL/112","https://ipfs.io/ipfs/QmXpXg2KDaqtFwFutCx11Lib4BJ86RPkUpkxCJJCDSc5SL/112","ipfs://QmWNWmgdMtxpyofvTSVRFjzTugo71Q6WDy3Wq62pCeawUz/112","https://ipfs.io/ipfs/QmWNWmgdMtxpyofvTSVRFjzTugo71Q6WDy3Wq62pCeawUz/112","D:\github\ron-english-light-cult-0001-1000\data\generated\light-cult-image-match-powershell-only\run-20260514-150810\reference-images\Light-Cult-Crypto-Club-00112.png","0e0f0b3113070f07","https://opensea.io/assets/ethereum/0xbe85fbd182af91290be7293438ae67549638189f/112","[{""trait_type"":""Background"",""value"":""Mandala 4""},{""trait_type"":""Face"",""value"":""Basic (Red)""},{""trait_type"":""Hat"",""value"":""Police - Brain""}]"
"114","00114","","","ipfs://QmXpXg2KDaqtFwFutCx11Lib4BJ86RPkUpkxCJJCDSc5SL/114","https://ipfs.io/ipfs/QmXpXg2KDaqtFwFutCx11Lib4BJ86RPkUpkxCJJCDSc5SL/114","ipfs://QmWNWmgdMtxpyofvTSVRFjzTugo71Q6WDy3Wq62pCeawUz/114","https://ipfs.io/ipfs/QmWNWmgdMtxpyofvTSVRFjzTugo71Q6WDy3Wq62pCeawUz/114","D:\github\ron-english-light-cult-0001-1000\data\generated\light-cult-image-match-powershell-only\run-20260514-150810\reference-images\Light-Cult-Crypto-Club-00114.png","66646d436c6c4c64","https://opensea.io/assets/ethereum/0xbe85fbd182af91290be7293438ae67549638189f/114","[{""trait_type"":""Status"",""value"":""Rare""},{""trait_type"":""Collection"",""value"":""Mouse Plug""},{""trait_type"":""Variant"",""value"":""MP - V1""}]"
"115","00115","","","ipfs://QmXpXg2KDaqtFwFutCx11Lib4BJ86RPkUpkxCJJCDSc5SL/115","https://ipfs.io/ipfs/QmXpXg2KDaqtFwFutCx11Lib4BJ86RPkUpkxCJJCDSc5SL/115","ipfs://QmWNWmgdMtxpyofvTSVRFjzTugo71Q6WDy3Wq62pCeawUz/115","https://ipfs.io/ipfs/QmWNWmgdMtxpyofvTSVRFjzTugo71Q6WDy3Wq62pCeawUz/115","D:\github\ron-english-light-cult-0001-1000\data\generated\light-cult-image-match-powershell-only\run-20260514-150810\reference-images\Light-Cult-Crypto-Club-00115.png","52133164311b1307","https://opensea.io/assets/ethereum/0xbe85fbd182af91290be7293438ae67549638189f/115","[{""trait_type"":""Background"",""value"":""Light Blue""},{""trait_type"":""Face"",""value"":""StarSkull Pink Face""},{""trait_type"":""Accessory"",""value"":""Goblin Ears""},{""trait_type"":""Hat"",""value"":""Cone""}]"
"116","00116","","","ipfs://QmXpXg2KDaqtFwFutCx11Lib4BJ86RPkUpkxCJJCDSc5SL/116","https://ipfs.io/ipfs/QmXpXg2KDaqtFwFutCx11Lib4BJ86RPkUpkxCJJCDSc5SL/116","ipfs://QmWNWmgdMtxpyofvTSVRFjzTugo71Q6WDy3Wq62pCeawUz/116","https://ipfs.io/ipfs/QmWNWmgdMtxpyofvTSVRFjzTugo71Q6WDy3Wq62pCeawUz/116","D:\github\ron-english-light-cult-0001-1000\data\generated\light-cult-image-match-powershell-only\run-20260514-150810\reference-images\Light-Cult-Crypto-Club-00116.png","46467031315b7a70","https://opensea.io/assets/ethereum/0xbe85fbd182af91290be7293438ae67549638189f/116","[{""trait_type"":""Background"",""value"":""Pink""},{""trait_type"":""Face"",""value"":""Basic (Yellow)""},{""trait_type"":""Body"",""value"":""M-16""}]"
"118","00118","","","ipfs://QmXpXg2KDaqtFwFutCx11Lib4BJ86RPkUpkxCJJCDSc5SL/118","https://ipfs.io/ipfs/QmXpXg2KDaqtFwFutCx11Lib4BJ86RPkUpkxCJJCDSc5SL/118","ipfs://QmWNWmgdMtxpyofvTSVRFjzTugo71Q6WDy3Wq62pCeawUz/118","https://ipfs.io/ipfs/QmWNWmgdMtxpyofvTSVRFjzTugo71Q6WDy3Wq62pCeawUz/118","D:\github\ron-english-light-cult-0001-1000\data\generated\light-cult-image-match-powershell-only\run-20260514-150810\reference-images\Light-Cult-Crypto-Club-00118.png","527078647630706c","https://opensea.io/assets/ethereum/0xbe85fbd182af91290be7293438ae67549638189f/118","[{""trait_type"":""Background"",""value"":""Pink""},{""trait_type"":""Face"",""value"":""Basic (Yellow)""},{""trait_type"":""Accessory"",""value"":""Winged Sunglasses""},{""trait_type"":""Hat"",""value"":""Police - Body""},{""trait_type"":""Body"",""value"":""Tanktop Bulb""}]"
"119","00119","","","ipfs://QmXpXg2KDaqtFwFutCx11Lib4BJ86RPkUpkxCJJCDSc5SL/119","https://ipfs.io/ipfs/QmXpXg2KDaqtFwFutCx11Lib4BJ86RPkUpkxCJJCDSc5SL/119","ipfs://QmWNWmgdMtxpyofvTSVRFjzTugo71Q6WDy3Wq62pCeawUz/119","https://ipfs.io/ipfs/QmWNWmgdMtxpyofvTSVRFjzTugo71Q6WDy3Wq62pCeawUz/119","D:\github\ron-english-light-cult-0001-1000\data\generated\light-cult-image-match-powershell-only\run-20260514-150810\reference-images\Light-Cult-Crypto-Club-00119.png","07c6ce0d2d31d2d2","https://opensea.io/assets/ethereum/0xbe85fbd182af91290be7293438ae67549638189f/119","[{""trait_type"":""Background"",""value"":""Mandala 27""},{""trait_type"":""Face"",""value"":""Seamonkey Bowl""},{""trait_type"":""Hat"",""value"":""Nurse Hat""}]"
"120","00120","","","ipfs://QmXpXg2KDaqtFwFutCx11Lib4BJ86RPkUpkxCJJCDSc5SL/120","https://ipfs.io/ipfs/QmXpXg2KDaqtFwFutCx11Lib4BJ86RPkUpkxCJJCDSc5SL/120","ipfs://QmWNWmgdMtxpyofvTSVRFjzTugo71Q6WDy3Wq62pCeawUz/120","https://ipfs.io/ipfs/QmWNWmgdMtxpyofvTSVRFjzTugo71Q6WDy3Wq62pCeawUz/120","D:\github\ron-english-light-cult-0001-1000\data\generated\light-cult-image-match-powershell-only\run-20260514-150810\reference-images\Light-Cult-Crypto-Club-00120.png","5a78703131127a70","https://opensea.io/assets/ethereum/0xbe85fbd182af91290be7293438ae67549638189f/120","[{""trait_type"":""Background"",""value"":""Yellow""},{""trait_type"":""Face"",""value"":""Smiley Face (Pink)""},{""trait_type"":""Hat"",""value"":""Helmet - Yellow""},{""trait_type"":""Body"",""value"":""Brown Guitar""}]"
"121","00121","","","ipfs://QmXpXg2KDaqtFwFutCx11Lib4BJ86RPkUpkxCJJCDSc5SL/121","https://ipfs.io/ipfs/QmXpXg2KDaqtFwFutCx11Lib4BJ86RPkUpkxCJJCDSc5SL/121","ipfs://QmWNWmgdMtxpyofvTSVRFjzTugo71Q6WDy3Wq62pCeawUz/121","https://ipfs.io/ipfs/QmWNWmgdMtxpyofvTSVRFjzTugo71Q6WDy3Wq62pCeawUz/121","D:\github\ron-english-light-cult-0001-1000\data\generated\light-cult-image-match-powershell-only\run-20260514-150810\reference-images\Light-Cult-Crypto-Club-00121.png","071735307038310f","https://opensea.io/assets/ethereum/0xbe85fbd182af91290be7293438ae67549638189f/121","[{""trait_type"":""Background"",""value"":""Rainbow""},{""trait_type"":""Face"",""value"":""Smiley Face (Light Blue)""},{""trait_type"":""Hat"",""value"":""Beanie Grey""},{""trait_type"":""Body"",""value"":""Tanktop Bulb""}]"
"122","00122","","","ipfs://QmXpXg2KDaqtFwFutCx11Lib4BJ86RPkUpkxCJJCDSc5SL/122","https://ipfs.io/ipfs/QmXpXg2KDaqtFwFutCx11Lib4BJ86RPkUpkxCJJCDSc5SL/122","ipfs://QmWNWmgdMtxpyofvTSVRFjzTugo71Q6WDy3Wq62pCeawUz/122","https://ipfs.io/ipfs/QmWNWmgdMtxpyofvTSVRFjzTugo71Q6WDy3Wq62pCeawUz/122","D:\github\ron-english-light-cult-0001-1000\data\generated\light-cult-image-match-powershell-only\run-20260514-150810\reference-images\Light-Cult-Crypto-Club-00122.png","5a5ab0e87830706c","https://opensea.io/assets/ethereum/0xbe85fbd182af91290be7293438ae67549638189f/122","[{""trait_type"":""Background"",""value"":""Yellow""},{""trait_type"":""Face"",""value"":""Smiley Face (Red)""},{""trait_type"":""Accessory"",""value"":""Dragon Wings""},{""trait_type"":""Hat"",""value"":""Carosoul Crown""},{""trait_type"":""Body"",""value"":""Tanktop Bulb""}]"
"123","00123","","","ipfs://QmXpXg2KDaqtFwFutCx11Lib4BJ86RPkUpkxCJJCDSc5SL/123","https://ipfs.io/ipfs/QmXpXg2KDaqtFwFutCx11Lib4BJ86RPkUpkxCJJCDSc5SL/123","ipfs://QmWNWmgdMtxpyofvTSVRFjzTugo71Q6WDy3Wq62pCeawUz/123","https://ipfs.io/ipfs/QmWNWmgdMtxpyofvTSVRFjzTugo71Q6WDy3Wq62pCeawUz/123","D:\github\ron-english-light-cult-0001-1000\data\generated\light-cult-image-match-powershell-only\run-20260514-150810\reference-images\Light-Cult-Crypto-Club-00123.png","465278f039127e78","https://opensea.io/assets/ethereum/0xbe85fbd182af91290be7293438ae67549638189f/123","[{""trait_type"":""Background"",""value"":""Pink""},{""trait_type"":""Face"",""value"":""Smiley Face (Red)""},{""trait_type"":""Accessory"",""value"":""Water Spout""},{""trait_type"":""Body"",""value"":""Red Guitar""}]"
"124","00124","","","ipfs://QmXpXg2KDaqtFwFutCx11Lib4BJ86RPkUpkxCJJCDSc5SL/124","https://ipfs.io/ipfs/QmXpXg2KDaqtFwFutCx11Lib4BJ86RPkUpkxCJJCDSc5SL/124","ipfs://QmWNWmgdMtxpyofvTSVRFjzTugo71Q6WDy3Wq62pCeawUz/124","https://ipfs.io/ipfs/QmWNWmgdMtxpyofvTSVRFjzTugo71Q6WDy3Wq62pCeawUz/124","D:\github\ron-english-light-cult-0001-1000\data\generated\light-cult-image-match-powershell-only\run-20260514-150810\reference-images\Light-Cult-Crypto-Club-00124.png","0e0f070f0f061b17","https://opensea.io/assets/ethereum/0xbe85fbd182af91290be7293438ae67549638189f/124","[{""trait_type"":""Background"",""value"":""Mandala 12""},{""trait_type"":""Face"",""value"":""Smiley Face (Pink)""},{""trait_type"":""Accessory"",""value"":""Goggles""},{""trait_type"":""Hat"",""value"":""Alien Sombrero""},{""trait_type"":""Body"",""value"":""LightBulb M-16""}]"
"125","00125","","","ipfs://QmXpXg2KDaqtFwFutCx11Lib4BJ86RPkUpkxCJJCDSc5SL/125","https://ipfs.io/ipfs/QmXpXg2KDaqtFwFutCx11Lib4BJ86RPkUpkxCJJCDSc5SL/125","ipfs://QmWNWmgdMtxpyofvTSVRFjzTugo71Q6WDy3Wq62pCeawUz/125","https://ipfs.io/ipfs/QmWNWmgdMtxpyofvTSVRFjzTugo71Q6WDy3Wq62pCeawUz/125","D:\github\ron-english-light-cult-0001-1000\data\generated\light-cult-image-match-powershell-only\run-20260514-150810\reference-images\Light-Cult-Crypto-Club-00125.png","2507392d643d3a13","https://opensea.io/assets/ethereum/0xbe85fbd182af91290be7293438ae67549638189f/125","[{""trait_type"":""Background"",""value"":""Rainbow""},{""trait_type"":""Face"",""value"":""Ugly Ed""},{""trait_type"":""Hat"",""value"":""Nurse Hat""},{""trait_type"":""Body"",""value"":""LightBulb M-16""}]"
"126","00126","","","ipfs://QmXpXg2KDaqtFwFutCx11Lib4BJ86RPkUpkxCJJCDSc5SL/126","https://ipfs.io/ipfs/QmXpXg2KDaqtFwFutCx11Lib4BJ86RPkUpkxCJJCDSc5SL/126","ipfs://QmWNWmgdMtxpyofvTSVRFjzTugo71Q6WDy3Wq62pCeawUz/126","https://ipfs.io/ipfs/QmWNWmgdMtxpyofvTSVRFjzTugo71Q6WDy3Wq62pCeawUz/126","D:\github\ron-english-light-cult-0001-1000\data\generated\light-cult-image-match-powershell-only\run-20260514-150810\reference-images\Light-Cult-Crypto-Club-00126.png","04090d0f0f0b1b17","https://opensea.io/assets/ethereum/0xbe85fbd182af91290be7293438ae67549638189f/126","[{""trait_type"":""Background"",""value"":""Mandala 7""},{""trait_type"":""Face"",""value"":""Basic (Pink)""},{""trait_type"":""Accessory"",""value"":""Goggles""},{""trait_type"":""Hat"",""value"":""Scrap ARD""},{""trait_type"":""Body"",""value"":""Tanktop Bulb""}]"
"128","00128","","","ipfs://QmXpXg2KDaqtFwFutCx11Lib4BJ86RPkUpkxCJJCDSc5SL/128","https://ipfs.io/ipfs/QmXpXg2KDaqtFwFutCx11Lib4BJ86RPkUpkxCJJCDSc5SL/128","ipfs://QmWNWmgdMtxpyofvTSVRFjzTugo71Q6WDy3Wq62pCeawUz/128","https://ipfs.io/ipfs/QmWNWmgdMtxpyofvTSVRFjzTugo71Q6WDy3Wq62pCeawUz/128","D:\github\ron-english-light-cult-0001-1000\data\generated\light-cult-image-match-powershell-only\run-20260514-150810\reference-images\Light-Cult-Crypto-Club-00128.png","4646707078311950","https://opensea.io/assets/ethereum/0xbe85fbd182af91290be7293438ae67549638189f/128","[{""trait_type"":""Background"",""value"":""Yellow""},{""trait_type"":""Face"",""value"":""Basic (Light Blue)""},{""trait_type"":""Accessory"",""value"":""Ear Earrings""},{""trait_type"":""Body"",""value"":""Dino Body""}]"
"129","00129","","","ipfs://QmXpXg2KDaqtFwFutCx11Lib4BJ86RPkUpkxCJJCDSc5SL/129","https://ipfs.io/ipfs/QmXpXg2KDaqtFwFutCx11Lib4BJ86RPkUpkxCJJCDSc5SL/129","ipfs://QmWNWmgdMtxpyofvTSVRFjzTugo71Q6WDy3Wq62pCeawUz/129","https://ipfs.io/ipfs/QmWNWmgdMtxpyofvTSVRFjzTugo71Q6WDy3Wq62pCeawUz/129","D:\github\ron-english-light-cult-0001-1000\data\generated\light-cult-image-match-powershell-only\run-20260514-150810\reference-images\Light-Cult-Crypto-Club-00129.png","d20f071f1f17178f","https://opensea.io/assets/ethereum/0xbe85fbd182af91290be7293438ae67549638189f/129","[{""trait_type"":""Status"",""value"":""Rare""},{""trait_type"":""Collection"",""value"":""Freddy Lightstone""},{""trait_type"":""Variant"",""value"":""FF - V2""}]"
"130","00130","","","ipfs://QmXpXg2KDaqtFwFutCx11Lib4BJ86RPkUpkxCJJCDSc5SL/130","https://ipfs.io/ipfs/QmXpXg2KDaqtFwFutCx11Lib4BJ86RPkUpkxCJJCDSc5SL/130","ipfs://QmWNWmgdMtxpyofvTSVRFjzTugo71Q6WDy3Wq62pCeawUz/130","https://ipfs.io/ipfs/QmWNWmgdMtxpyofvTSVRFjzTugo71Q6WDy3Wq62pCeawUz/130","D:\github\ron-english-light-cult-0001-1000\data\generated\light-cult-image-match-powershell-only\run-20260514-150810\reference-images\Light-Cult-Crypto-Club-00130.png","4e0d0734171b1b17","https://opensea.io/assets/ethereum/0xbe85fbd182af91290be7293438ae67549638189f/130","[{""trait_type"":""Background"",""value"":""Red""},{""trait_type"":""Face"",""value"":""Smiley Face (Pink)""},{""trait_type"":""Accessory"",""value"":""Eyeball Earrings""},{""trait_type"":""Body"",""value"":""Tanktop Sand""}]"
"131","00131","","","ipfs://QmXpXg2KDaqtFwFutCx11Lib4BJ86RPkUpkxCJJCDSc5SL/131","https://ipfs.io/ipfs/QmXpXg2KDaqtFwFutCx11Lib4BJ86RPkUpkxCJJCDSc5SL/131","ipfs://QmWNWmgdMtxpyofvTSVRFjzTugo71Q6WDy3Wq62pCeawUz/131","https://ipfs.io/ipfs/QmWNWmgdMtxpyofvTSVRFjzTugo71Q6WDy3Wq62pCeawUz/131","D:\github\ron-english-light-cult-0001-1000\data\generated\light-cult-image-match-powershell-only\run-20260514-150810\reference-images\Light-Cult-Crypto-Club-00131.png","060f1b0f07070f0f","https://opensea.io/assets/ethereum/0xbe85fbd182af91290be7293438ae67549638189f/131","[{""trait_type"":""Background"",""value"":""Mandala 21""},{""trait_type"":""Face"",""value"":""Loch Ness Bowl""},{""trait_type"":""Hat"",""value"":""Police - Grin (Blue)""},{""trait_type"":""Body"",""value"":""Overalls Brown""}]"
"132","00132","","","ipfs://QmXpXg2KDaqtFwFutCx11Lib4BJ86RPkUpkxCJJCDSc5SL/132","https://ipfs.io/ipfs/QmXpXg2KDaqtFwFutCx11Lib4BJ86RPkUpkxCJJCDSc5SL/132","ipfs://QmWNWmgdMtxpyofvTSVRFjzTugo71Q6WDy3Wq62pCeawUz/132","https://ipfs.io/ipfs/QmWNWmgdMtxpyofvTSVRFjzTugo71Q6WDy3Wq62pCeawUz/132","D:\github\ron-english-light-cult-0001-1000\data\generated\light-cult-image-match-powershell-only\run-20260514-150810\reference-images\Light-Cult-Crypto-Club-00132.png","0e0f0707070f070f","https://opensea.io/assets/ethereum/0xbe85fbd182af91290be7293438ae67549638189f/132","[{""trait_type"":""Background"",""value"":""Mandala 10""},{""trait_type"":""Face"",""value"":""Basic (Light Blue)""},{""trait_type"":""Hat"",""value"":""Alien Sombrero""}]"
"133","00133","","","ipfs://QmXpXg2KDaqtFwFutCx11Lib4BJ86RPkUpkxCJJCDSc5SL/133","https://ipfs.io/ipfs/QmXpXg2KDaqtFwFutCx11Lib4BJ86RPkUpkxCJJCDSc5SL/133","ipfs://QmWNWmgdMtxpyofvTSVRFjzTugo71Q6WDy3Wq62pCeawUz/133","https://ipfs.io/ipfs/QmWNWmgdMtxpyofvTSVRFjzTugo71Q6WDy3Wq62pCeawUz/133","D:\github\ron-english-light-cult-0001-1000\data\generated\light-cult-image-match-powershell-only\run-20260514-150810\reference-images\Light-Cult-Crypto-Club-00133.png","100f07130f07070f","https://opensea.io/assets/ethereum/0xbe85fbd182af91290be7293438ae67549638189f/133","[{""trait_type"":""Background"",""value"":""Mandala 9""},{""trait_type"":""Face"",""value"":""Basic (Pink)""},{""trait_type"":""Accessory"",""value"":""Eyeball Earrings""},{""trait_type"":""Body"",""value"":""Red Guitar""}]"
"134","00134","","","ipfs://QmXpXg2KDaqtFwFutCx11Lib4BJ86RPkUpkxCJJCDSc5SL/134","https://ipfs.io/ipfs/QmXpXg2KDaqtFwFutCx11Lib4BJ86RPkUpkxCJJCDSc5SL/134","ipfs://QmWNWmgdMtxpyofvTSVRFjzTugo71Q6WDy3Wq62pCeawUz/134","https://ipfs.io/ipfs/QmWNWmgdMtxpyofvTSVRFjzTugo71Q6WDy3Wq62pCeawUz/134","D:\github\ron-english-light-cult-0001-1000\data\generated\light-cult-image-match-powershell-only\run-20260514-150810\reference-images\Light-Cult-Crypto-Club-00134.png","1b1b393070391307","https://opensea.io/assets/ethereum/0xbe85fbd182af91290be7293438ae67549638189f/134","[{""trait_type"":""Background"",""value"":""Rainbow""},{""trait_type"":""Face"",""value"":""Smiley Face (Red)""},{""trait_type"":""Accessory"",""value"":""Winged Sunglasses""},{""trait_type"":""Hat"",""value"":""Fez - Heart Cage""}]"
"135","00135","","","ipfs://QmXpXg2KDaqtFwFutCx11Lib4BJ86RPkUpkxCJJCDSc5SL/135","https://ipfs.io/ipfs/QmXpXg2KDaqtFwFutCx11Lib4BJ86RPkUpkxCJJCDSc5SL/135","ipfs://QmWNWmgdMtxpyofvTSVRFjzTugo71Q6WDy3Wq62pCeawUz/135","https://ipfs.io/ipfs/QmWNWmgdMtxpyofvTSVRFjzTugo71Q6WDy3Wq62pCeawUz/135","D:\github\ron-english-light-cult-0001-1000\data\generated\light-cult-image-match-powershell-only\run-20260514-150810\reference-images\Light-Cult-Crypto-Club-00135.png","06130f0f0f0f0b07","https://opensea.io/assets/ethereum/0xbe85fbd182af91290be7293438ae67549638189f/135","[{""trait_type"":""Background"",""value"":""Mandala 21""},{""trait_type"":""Face"",""value"":""Octopus Bowl""}]"
"136","00136","","","ipfs://QmXpXg2KDaqtFwFutCx11Lib4BJ86RPkUpkxCJJCDSc5SL/136","https://ipfs.io/ipfs/QmXpXg2KDaqtFwFutCx11Lib4BJ86RPkUpkxCJJCDSc5SL/136","ipfs://QmWNWmgdMtxpyofvTSVRFjzTugo71Q6WDy3Wq62pCeawUz/136","https://ipfs.io/ipfs/QmWNWmgdMtxpyofvTSVRFjzTugo71Q6WDy3Wq62pCeawUz/136","D:\github\ron-english-light-cult-0001-1000\data\generated\light-cult-image-match-powershell-only\run-20260514-150810\reference-images\Light-Cult-Crypto-Club-00136.png","5a5a3931311a7270","https://opensea.io/assets/ethereum/0xbe85fbd182af91290be7293438ae67549638189f/136","[{""trait_type"":""Background"",""value"":""Yellow""},{""trait_type"":""Face"",""value"":""Basic (Pink)""},{""trait_type"":""Hat"",""value"":""Fez - StarSkull""},{""trait_type"":""Body"",""value"":""LightBulb Guitar""}]"
"138","00138","","","ipfs://QmXpXg2KDaqtFwFutCx11Lib4BJ86RPkUpkxCJJCDSc5SL/138","https://ipfs.io/ipfs/QmXpXg2KDaqtFwFutCx11Lib4BJ86RPkUpkxCJJCDSc5SL/138","ipfs://QmWNWmgdMtxpyofvTSVRFjzTugo71Q6WDy3Wq62pCeawUz/138","https://ipfs.io/ipfs/QmWNWmgdMtxpyofvTSVRFjzTugo71Q6WDy3Wq62pCeawUz/138","D:\github\ron-english-light-cult-0001-1000\data\generated\light-cult-image-match-powershell-only\run-20260514-150810\reference-images\Light-Cult-Crypto-Club-00138.png","06070f0f0f070707","https://opensea.io/assets/ethereum/0xbe85fbd182af91290be7293438ae67549638189f/138","[{""trait_type"":""Background"",""value"":""Mandala 15""},{""trait_type"":""Face"",""value"":""Whale Bowl""}]"
"141","00141","","","ipfs://QmXpXg2KDaqtFwFutCx11Lib4BJ86RPkUpkxCJJCDSc5SL/141","https://ipfs.io/ipfs/QmXpXg2KDaqtFwFutCx11Lib4BJ86RPkUpkxCJJCDSc5SL/141","ipfs://QmWNWmgdMtxpyofvTSVRFjzTugo71Q6WDy3Wq62pCeawUz/141","https://ipfs.io/ipfs/QmWNWmgdMtxpyofvTSVRFjzTugo71Q6WDy3Wq62pCeawUz/141","D:\github\ron-english-light-cult-0001-1000\data\generated\light-cult-image-match-powershell-only\run-20260514-150810\reference-images\Light-Cult-Crypto-Club-00141.png","0e0f070b070f0f0f","https://opensea.io/assets/ethereum/0xbe85fbd182af91290be7293438ae67549638189f/141","[{""trait_type"":""Background"",""value"":""Mandala 13""},{""trait_type"":""Face"",""value"":""Ice Cream Face""},{""trait_type"":""Body"",""value"":""Overalls Brown""}]"
"142","00142","","","ipfs://QmXpXg2KDaqtFwFutCx11Lib4BJ86RPkUpkxCJJCDSc5SL/142","https://ipfs.io/ipfs/QmXpXg2KDaqtFwFutCx11Lib4BJ86RPkUpkxCJJCDSc5SL/142","ipfs://QmWNWmgdMtxpyofvTSVRFjzTugo71Q6WDy3Wq62pCeawUz/142","https://ipfs.io/ipfs/QmWNWmgdMtxpyofvTSVRFjzTugo71Q6WDy3Wq62pCeawUz/142","D:\github\ron-english-light-cult-0001-1000\data\generated\light-cult-image-match-powershell-only\run-20260514-150810\reference-images\Light-Cult-Crypto-Club-00142.png","02090d0d0d0f1b17","https://opensea.io/assets/ethereum/0xbe85fbd182af91290be7293438ae67549638189f/142","[{""trait_type"":""Background"",""value"":""Black""},{""trait_type"":""Face"",""value"":""Smiley Face (Yellow)""},{""trait_type"":""Body"",""value"":""Tanktop Bulb""}]"
"145","00145","","","ipfs://QmXpXg2KDaqtFwFutCx11Lib4BJ86RPkUpkxCJJCDSc5SL/145","https://ipfs.io/ipfs/QmXpXg2KDaqtFwFutCx11Lib4BJ86RPkUpkxCJJCDSc5SL/145","ipfs://QmWNWmgdMtxpyofvTSVRFjzTugo71Q6WDy3Wq62pCeawUz/145","https://ipfs.io/ipfs/QmWNWmgdMtxpyofvTSVRFjzTugo71Q6WDy3Wq62pCeawUz/145","D:\github\ron-english-light-cult-0001-1000\data\generated\light-cult-image-match-powershell-only\run-20260514-150810\reference-images\Light-Cult-Crypto-Club-00145.png","5a1b1b3113131339","https://opensea.io/assets/ethereum/0xbe85fbd182af91290be7293438ae67549638189f/145","[{""trait_type"":""Background"",""value"":""Red""},{""trait_type"":""Face"",""value"":""Ship n Bowl""},{""trait_type"":""Hat"",""value"":""Fez - Heart Lady""},{""trait_type"":""Body"",""value"":""Overalls Brown""}]"
"146","00146","","","ipfs://QmXpXg2KDaqtFwFutCx11Lib4BJ86RPkUpkxCJJCDSc5SL/146","https://ipfs.io/ipfs/QmXpXg2KDaqtFwFutCx11Lib4BJ86RPkUpkxCJJCDSc5SL/146","ipfs://QmWNWmgdMtxpyofvTSVRFjzTugo71Q6WDy3Wq62pCeawUz/146","https://ipfs.io/ipfs/QmWNWmgdMtxpyofvTSVRFjzTugo71Q6WDy3Wq62pCeawUz/146","D:\github\ron-english-light-cult-0001-1000\data\generated\light-cult-image-match-powershell-only\run-20260514-150810\reference-images\Light-Cult-Crypto-Club-00146.png","0004071307070c00","https://opensea.io/assets/ethereum/0xbe85fbd182af91290be7293438ae67549638189f/146","[{""trait_type"":""Background"",""value"":""Black""},{""trait_type"":""Face"",""value"":""Basic (Yellow)""},{""trait_type"":""Accessory"",""value"":""Petal Bulb Earrings""}]"
"147","00147","","","ipfs://QmXpXg2KDaqtFwFutCx11Lib4BJ86RPkUpkxCJJCDSc5SL/147","https://ipfs.io/ipfs/QmXpXg2KDaqtFwFutCx11Lib4BJ86RPkUpkxCJJCDSc5SL/147","ipfs://QmWNWmgdMtxpyofvTSVRFjzTugo71Q6WDy3Wq62pCeawUz/147","https://ipfs.io/ipfs/QmWNWmgdMtxpyofvTSVRFjzTugo71Q6WDy3Wq62pCeawUz/147","D:\github\ron-english-light-cult-0001-1000\data\generated\light-cult-image-match-powershell-only\run-20260514-150810\reference-images\Light-Cult-Crypto-Club-00147.png","060f07070d0e0f1f","https://opensea.io/assets/ethereum/0xbe85fbd182af91290be7293438ae67549638189f/147","[{""trait_type"":""Background"",""value"":""Mandala 2""},{""trait_type"":""Face"",""value"":""Tweety Photo""},{""trait_type"":""Body"",""value"":""Woodstock Guitar""}]"
"148","00148","","","ipfs://QmXpXg2KDaqtFwFutCx11Lib4BJ86RPkUpkxCJJCDSc5SL/148","https://ipfs.io/ipfs/QmXpXg2KDaqtFwFutCx11Lib4BJ86RPkUpkxCJJCDSc5SL/148","ipfs://QmWNWmgdMtxpyofvTSVRFjzTugo71Q6WDy3Wq62pCeawUz/148","https://ipfs.io/ipfs/QmWNWmgdMtxpyofvTSVRFjzTugo71Q6WDy3Wq62pCeawUz/148","D:\github\ron-english-light-cult-0001-1000\data\generated\light-cult-image-match-powershell-only\run-20260514-150810\reference-images\Light-Cult-Crypto-Club-00148.png","46427031315a706c","https://opensea.io/assets/ethereum/0xbe85fbd182af91290be7293438ae67549638189f/148","[{""trait_type"":""Background"",""value"":""Pink""},{""trait_type"":""Face"",""value"":""Smiley Face (Pink)""},{""trait_type"":""Body"",""value"":""Star Skull Body - Yellow""}]"
"149","00149","","","ipfs://QmXpXg2KDaqtFwFutCx11Lib4BJ86RPkUpkxCJJCDSc5SL/149","https://ipfs.io/ipfs/QmXpXg2KDaqtFwFutCx11Lib4BJ86RPkUpkxCJJCDSc5SL/149","ipfs://QmWNWmgdMtxpyofvTSVRFjzTugo71Q6WDy3Wq62pCeawUz/149","https://ipfs.io/ipfs/QmWNWmgdMtxpyofvTSVRFjzTugo71Q6WDy3Wq62pCeawUz/149","D:\github\ron-english-light-cult-0001-1000\data\generated\light-cult-image-match-powershell-only\run-20260514-150810\reference-images\Light-Cult-Crypto-Club-00149.png","5a583131395a5246","https://opensea.io/assets/ethereum/0xbe85fbd182af91290be7293438ae67549638189f/149","[{""trait_type"":""Background"",""value"":""Pink""},{""trait_type"":""Face"",""value"":""Basic (Red)""},{""trait_type"":""Hat"",""value"":""Cowboy Hat""}]"
"150","00150","","","ipfs://QmXpXg2KDaqtFwFutCx11Lib4BJ86RPkUpkxCJJCDSc5SL/150","https://ipfs.io/ipfs/QmXpXg2KDaqtFwFutCx11Lib4BJ86RPkUpkxCJJCDSc5SL/150","ipfs://QmWNWmgdMtxpyofvTSVRFjzTugo71Q6WDy3Wq62pCeawUz/150","https://ipfs.io/ipfs/QmWNWmgdMtxpyofvTSVRFjzTugo71Q6WDy3Wq62pCeawUz/150","D:\github\ron-english-light-cult-0001-1000\data\generated\light-cult-image-match-powershell-only\run-20260514-150810\reference-images\Light-Cult-Crypto-Club-00150.png","52787064705a5246","https://opensea.io/assets/ethereum/0xbe85fbd182af91290be7293438ae67549638189f/150","[{""trait_type"":""Background"",""value"":""Pink""},{""trait_type"":""Face"",""value"":""Smiley Face (Yellow)""},{""trait_type"":""Accessory"",""value"":""Winged Sunglasses""},{""trait_type"":""Hat"",""value"":""Helmet - Yellow""}]"
"153","00153","","","ipfs://QmXpXg2KDaqtFwFutCx11Lib4BJ86RPkUpkxCJJCDSc5SL/153","https://ipfs.io/ipfs/QmXpXg2KDaqtFwFutCx11Lib4BJ86RPkUpkxCJJCDSc5SL/153","ipfs://QmWNWmgdMtxpyofvTSVRFjzTugo71Q6WDy3Wq62pCeawUz/153","https://ipfs.io/ipfs/QmWNWmgdMtxpyofvTSVRFjzTugo71Q6WDy3Wq62pCeawUz/153","D:\github\ron-english-light-cult-0001-1000\data\generated\light-cult-image-match-powershell-only\run-20260514-150810\reference-images\Light-Cult-Crypto-Club-00153.png","5a58317839127844","https://opensea.io/assets/ethereum/0xbe85fbd182af91290be7293438ae67549638189f/153","[{""trait_type"":""Background"",""value"":""Pink""},{""trait_type"":""Face"",""value"":""Smiley Face (Red)""},{""trait_type"":""Accessory"",""value"":""Goggles""},{""trait_type"":""Hat"",""value"":""Cowboy Hat""},{""trait_type"":""Body"",""value"":""Snake Cage""}]"
"154","00154","","","ipfs://QmXpXg2KDaqtFwFutCx11Lib4BJ86RPkUpkxCJJCDSc5SL/154","https://ipfs.io/ipfs/QmXpXg2KDaqtFwFutCx11Lib4BJ86RPkUpkxCJJCDSc5SL/154","ipfs://QmWNWmgdMtxpyofvTSVRFjzTugo71Q6WDy3Wq62pCeawUz/154","https://ipfs.io/ipfs/QmWNWmgdMtxpyofvTSVRFjzTugo71Q6WDy3Wq62pCeawUz/154","D:\github\ron-english-light-cult-0001-1000\data\generated\light-cult-image-match-powershell-only\run-20260514-150810\reference-images\Light-Cult-Crypto-Club-00154.png","5a1a1c343612390f","https://opensea.io/assets/ethereum/0xbe85fbd182af91290be7293438ae67549638189f/154","[{""trait_type"":""Background"",""value"":""Light Blue""},{""trait_type"":""Face"",""value"":""Smiley Face (Yellow)""},{""trait_type"":""Hat"",""value"":""Fez - Machete""},{""trait_type"":""Body"",""value"":""Tanktop Bulb""}]"
"155","00155","","","ipfs://QmXpXg2KDaqtFwFutCx11Lib4BJ86RPkUpkxCJJCDSc5SL/155","https://ipfs.io/ipfs/QmXpXg2KDaqtFwFutCx11Lib4BJ86RPkUpkxCJJCDSc5SL/155","ipfs://QmWNWmgdMtxpyofvTSVRFjzTugo71Q6WDy3Wq62pCeawUz/155","https://ipfs.io/ipfs/QmWNWmgdMtxpyofvTSVRFjzTugo71Q6WDy3Wq62pCeawUz/155","D:\github\ron-english-light-cult-0001-1000\data\generated\light-cult-image-match-powershell-only\run-20260514-150810\reference-images\Light-Cult-Crypto-Club-00155.png","06070f0f0f0f0f0f","https://opensea.io/assets/ethereum/0xbe85fbd182af91290be7293438ae67549638189f/155","[{""trait_type"":""Background"",""value"":""Mandala 1""},{""trait_type"":""Face"",""value"":""Ugly Ed""},{""trait_type"":""Hat"",""value"":""Carosoul Crown""},{""trait_type"":""Body"",""value"":""Dino Body""}]"
"156","00156","","","ipfs://QmXpXg2KDaqtFwFutCx11Lib4BJ86RPkUpkxCJJCDSc5SL/156","https://ipfs.io/ipfs/QmXpXg2KDaqtFwFutCx11Lib4BJ86RPkUpkxCJJCDSc5SL/156","ipfs://QmWNWmgdMtxpyofvTSVRFjzTugo71Q6WDy3Wq62pCeawUz/156","https://ipfs.io/ipfs/QmWNWmgdMtxpyofvTSVRFjzTugo71Q6WDy3Wq62pCeawUz/156","D:\github\ron-english-light-cult-0001-1000\data\generated\light-cult-image-match-powershell-only\run-20260514-150810\reference-images\Light-Cult-Crypto-Club-00156.png","0e0f070f0f070f0f","https://opensea.io/assets/ethereum/0xbe85fbd182af91290be7293438ae67549638189f/156","[{""trait_type"":""Background"",""value"":""Mandala 13""},{""trait_type"":""Face"",""value"":""Basic (Light Blue)""},{""trait_type"":""Accessory"",""value"":""Goggles""},{""trait_type"":""Hat"",""value"":""Helmet - Purple""},{""trait_type"":""Body"",""value"":""Red Guitar""}]"
"157","00157","","","ipfs://QmXpXg2KDaqtFwFutCx11Lib4BJ86RPkUpkxCJJCDSc5SL/157","https://ipfs.io/ipfs/QmXpXg2KDaqtFwFutCx11Lib4BJ86RPkUpkxCJJCDSc5SL/157","ipfs://QmWNWmgdMtxpyofvTSVRFjzTugo71Q6WDy3Wq62pCeawUz/157","https://ipfs.io/ipfs/QmWNWmgdMtxpyofvTSVRFjzTugo71Q6WDy3Wq62pCeawUz/157","D:\github\ron-english-light-cult-0001-1000\data\generated\light-cult-image-match-powershell-only\run-20260514-150810\reference-images\Light-Cult-Crypto-Club-00157.png","4646707878523178","https://opensea.io/assets/ethereum/0xbe85fbd182af91290be7293438ae67549638189f/157","[{""trait_type"":""Background"",""value"":""Pink""},{""trait_type"":""Face"",""value"":""Smiley Face (Light Blue)""},{""trait_type"":""Accessory"",""value"":""Goggles""},{""trait_type"":""Body"",""value"":""Overalls Brown""}]"
"158","00158","","","ipfs://QmXpXg2KDaqtFwFutCx11Lib4BJ86RPkUpkxCJJCDSc5SL/158","https://ipfs.io/ipfs/QmXpXg2KDaqtFwFutCx11Lib4BJ86RPkUpkxCJJCDSc5SL/158","ipfs://QmWNWmgdMtxpyofvTSVRFjzTugo71Q6WDy3Wq62pCeawUz/158","https://ipfs.io/ipfs/QmWNWmgdMtxpyofvTSVRFjzTugo71Q6WDy3Wq62pCeawUz/158","D:\github\ron-english-light-cult-0001-1000\data\generated\light-cult-image-match-powershell-only\run-20260514-150810\reference-images\Light-Cult-Crypto-Club-00158.png","040707310b070f0f","https://opensea.io/assets/ethereum/0xbe85fbd182af91290be7293438ae67549638189f/158","[{""trait_type"":""Background"",""value"":""Mandala 1""},{""trait_type"":""Face"",""value"":""StarSkull Red Face""},{""trait_type"":""Hat"",""value"":""Sombrero""},{""trait_type"":""Body"",""value"":""Overalls Brown""}]"
"159","00159","","","ipfs://QmXpXg2KDaqtFwFutCx11Lib4BJ86RPkUpkxCJJCDSc5SL/159","https://ipfs.io/ipfs/QmXpXg2KDaqtFwFutCx11Lib4BJ86RPkUpkxCJJCDSc5SL/159","ipfs://QmWNWmgdMtxpyofvTSVRFjzTugo71Q6WDy3Wq62pCeawUz/159","https://ipfs.io/ipfs/QmWNWmgdMtxpyofvTSVRFjzTugo71Q6WDy3Wq62pCeawUz/159","D:\github\ron-english-light-cult-0001-1000\data\generated\light-cult-image-match-powershell-only\run-20260514-150810\reference-images\Light-Cult-Crypto-Club-00159.png","0e070f0f0f07071f","https://opensea.io/assets/ethereum/0xbe85fbd182af91290be7293438ae67549638189f/159","[{""trait_type"":""Background"",""value"":""Mandala 3""},{""trait_type"":""Face"",""value"":""Loch Ness Bowl""},{""trait_type"":""Body"",""value"":""Red Guitar""}]"
"160","00160","","","ipfs://QmXpXg2KDaqtFwFutCx11Lib4BJ86RPkUpkxCJJCDSc5SL/160","https://ipfs.io/ipfs/QmXpXg2KDaqtFwFutCx11Lib4BJ86RPkUpkxCJJCDSc5SL/160","ipfs://QmWNWmgdMtxpyofvTSVRFjzTugo71Q6WDy3Wq62pCeawUz/160","https://ipfs.io/ipfs/QmWNWmgdMtxpyofvTSVRFjzTugo71Q6WDy3Wq62pCeawUz/160","D:\github\ron-english-light-cult-0001-1000\data\generated\light-cult-image-match-powershell-only\run-20260514-150810\reference-images\Light-Cult-Crypto-Club-00160.png","460f29311b1b1b07","https://opensea.io/assets/ethereum/0xbe85fbd182af91290be7293438ae67549638189f/160","[{""trait_type"":""Background"",""value"":""Red""},{""trait_type"":""Face"",""value"":""Octopus""},{""trait_type"":""Accessory"",""value"":""Goblin Ears""},{""trait_type"":""Hat"",""value"":""Helmet - Yellow""}]"
"161","00161","","","ipfs://QmXpXg2KDaqtFwFutCx11Lib4BJ86RPkUpkxCJJCDSc5SL/161","https://ipfs.io/ipfs/QmXpXg2KDaqtFwFutCx11Lib4BJ86RPkUpkxCJJCDSc5SL/161","ipfs://QmWNWmgdMtxpyofvTSVRFjzTugo71Q6WDy3Wq62pCeawUz/161","https://ipfs.io/ipfs/QmWNWmgdMtxpyofvTSVRFjzTugo71Q6WDy3Wq62pCeawUz/161","D:\github\ron-english-light-cult-0001-1000\data\generated\light-cult-image-match-powershell-only\run-20260514-150810\reference-images\Light-Cult-Crypto-Club-00161.png","0607073113071f1f","https://opensea.io/assets/ethereum/0xbe85fbd182af91290be7293438ae67549638189f/161","[{""trait_type"":""Background"",""value"":""Mandala 5""},{""trait_type"":""Face"",""value"":""Basic (Light Blue)""},{""trait_type"":""Accessory"",""value"":""Goblin Ears""},{""trait_type"":""Hat"",""value"":""Cowboy Hat""},{""trait_type"":""Body"",""value"":""Brown Guitar""}]"
"162","00162","","","ipfs://QmXpXg2KDaqtFwFutCx11Lib4BJ86RPkUpkxCJJCDSc5SL/162","https://ipfs.io/ipfs/QmXpXg2KDaqtFwFutCx11Lib4BJ86RPkUpkxCJJCDSc5SL/162","ipfs://QmWNWmgdMtxpyofvTSVRFjzTugo71Q6WDy3Wq62pCeawUz/162","https://ipfs.io/ipfs/QmWNWmgdMtxpyofvTSVRFjzTugo71Q6WDy3Wq62pCeawUz/162","D:\github\ron-english-light-cult-0001-1000\data\generated\light-cult-image-match-powershell-only\run-20260514-150810\reference-images\Light-Cult-Crypto-Club-00162.png","04070f1707070707","https://opensea.io/assets/ethereum/0xbe85fbd182af91290be7293438ae67549638189f/162","[{""trait_type"":""Background"",""value"":""Mandala 16""},{""trait_type"":""Face"",""value"":""Basic (Light Blue)""},{""trait_type"":""Accessory"",""value"":""Winged Sunglasses""},{""trait_type"":""Hat"",""value"":""Weed Crown""},{""trait_type"":""Body"",""value"":""Light Bulb Rib""}]"
"163","00163","","","ipfs://QmXpXg2KDaqtFwFutCx11Lib4BJ86RPkUpkxCJJCDSc5SL/163","https://ipfs.io/ipfs/QmXpXg2KDaqtFwFutCx11Lib4BJ86RPkUpkxCJJCDSc5SL/163","ipfs://QmWNWmgdMtxpyofvTSVRFjzTugo71Q6WDy3Wq62pCeawUz/163","https://ipfs.io/ipfs/QmWNWmgdMtxpyofvTSVRFjzTugo71Q6WDy3Wq62pCeawUz/163","D:\github\ron-english-light-cult-0001-1000\data\generated\light-cult-image-match-powershell-only\run-20260514-150810\reference-images\Light-Cult-Crypto-Club-00163.png","5a1b09c6461b1307","https://opensea.io/assets/ethereum/0xbe85fbd182af91290be7293438ae67549638189f/163","[{""trait_type"":""Background"",""value"":""Light Blue""},{""trait_type"":""Face"",""value"":""StarSkull Yellow Face""},{""trait_type"":""Accessory"",""value"":""Dragon Wings""},{""trait_type"":""Hat"",""value"":""Fez - Double Donkey""}]"
"164","00164","","","ipfs://QmXpXg2KDaqtFwFutCx11Lib4BJ86RPkUpkxCJJCDSc5SL/164","https://ipfs.io/ipfs/QmXpXg2KDaqtFwFutCx11Lib4BJ86RPkUpkxCJJCDSc5SL/164","ipfs://QmWNWmgdMtxpyofvTSVRFjzTugo71Q6WDy3Wq62pCeawUz/164","https://ipfs.io/ipfs/QmWNWmgdMtxpyofvTSVRFjzTugo71Q6WDy3Wq62pCeawUz/164","D:\github\ron-english-light-cult-0001-1000\data\generated\light-cult-image-match-powershell-only\run-20260514-150810\reference-images\Light-Cult-Crypto-Club-00164.png","52783978397b7a70","https://opensea.io/assets/ethereum/0xbe85fbd182af91290be7293438ae67549638189f/164","[{""trait_type"":""Background"",""value"":""Pink""},{""trait_type"":""Face"",""value"":""Basic (Red)""},{""trait_type"":""Accessory"",""value"":""Goggles""},{""trait_type"":""Hat"",""value"":""Police - Brain""},{""trait_type"":""Body"",""value"":""M-16""}]"
"166","00166","","","ipfs://QmXpXg2KDaqtFwFutCx11Lib4BJ86RPkUpkxCJJCDSc5SL/166","https://ipfs.io/ipfs/QmXpXg2KDaqtFwFutCx11Lib4BJ86RPkUpkxCJJCDSc5SL/166","ipfs://QmWNWmgdMtxpyofvTSVRFjzTugo71Q6WDy3Wq62pCeawUz/166","https://ipfs.io/ipfs/QmWNWmgdMtxpyofvTSVRFjzTugo71Q6WDy3Wq62pCeawUz/166","D:\github\ron-english-light-cult-0001-1000\data\generated\light-cult-image-match-powershell-only\run-20260514-150810\reference-images\Light-Cult-Crypto-Club-00166.png","66634b4965242464","https://opensea.io/assets/ethereum/0xbe85fbd182af91290be7293438ae67549638189f/166","[{""trait_type"":""Status"",""value"":""Rare""},{""trait_type"":""Collection"",""value"":""Punk Skunk""},{""trait_type"":""Variant"",""value"":""PS - V5""}]"
"167","00167","","","ipfs://QmXpXg2KDaqtFwFutCx11Lib4BJ86RPkUpkxCJJCDSc5SL/167","https://ipfs.io/ipfs/QmXpXg2KDaqtFwFutCx11Lib4BJ86RPkUpkxCJJCDSc5SL/167","ipfs://QmWNWmgdMtxpyofvTSVRFjzTugo71Q6WDy3Wq62pCeawUz/167","https://ipfs.io/ipfs/QmWNWmgdMtxpyofvTSVRFjzTugo71Q6WDy3Wq62pCeawUz/167","D:\github\ron-english-light-cult-0001-1000\data\generated\light-cult-image-match-powershell-only\run-20260514-150810\reference-images\Light-Cult-Crypto-Club-00167.png","06070b0f07070f07","https://opensea.io/assets/ethereum/0xbe85fbd182af91290be7293438ae67549638189f/167","[{""trait_type"":""Background"",""value"":""Mandala 5""},{""trait_type"":""Face"",""value"":""Quack Bowl""},{""trait_type"":""Hat"",""value"":""Pink Military""}]"
"170","00170","","","ipfs://QmXpXg2KDaqtFwFutCx11Lib4BJ86RPkUpkxCJJCDSc5SL/170","https://ipfs.io/ipfs/QmXpXg2KDaqtFwFutCx11Lib4BJ86RPkUpkxCJJCDSc5SL/170","ipfs://QmWNWmgdMtxpyofvTSVRFjzTugo71Q6WDy3Wq62pCeawUz/170","https://ipfs.io/ipfs/QmWNWmgdMtxpyofvTSVRFjzTugo71Q6WDy3Wq62pCeawUz/170","D:\github\ron-english-light-cult-0001-1000\data\generated\light-cult-image-match-powershell-only\run-20260514-150810\reference-images\Light-Cult-Crypto-Club-00170.png","06070f31131b0f07","https://opensea.io/assets/ethereum/0xbe85fbd182af91290be7293438ae67549638189f/170","[{""trait_type"":""Background"",""value"":""Mandala 5""},{""trait_type"":""Face"",""value"":""Smiley Face (Red)""},{""trait_type"":""Hat"",""value"":""Helmet - Purple""}]"
"171","00171","","","ipfs://QmXpXg2KDaqtFwFutCx11Lib4BJ86RPkUpkxCJJCDSc5SL/171","https://ipfs.io/ipfs/QmXpXg2KDaqtFwFutCx11Lib4BJ86RPkUpkxCJJCDSc5SL/171","ipfs://QmWNWmgdMtxpyofvTSVRFjzTugo71Q6WDy3Wq62pCeawUz/171","https://ipfs.io/ipfs/QmWNWmgdMtxpyofvTSVRFjzTugo71Q6WDy3Wq62pCeawUz/171","D:\github\ron-english-light-cult-0001-1000\data\generated\light-cult-image-match-powershell-only\run-20260514-150810\reference-images\Light-Cult-Crypto-Club-00171.png","0e0f0f0f070f0f07","https://opensea.io/assets/ethereum/0xbe85fbd182af91290be7293438ae67549638189f/171","[{""trait_type"":""Background"",""value"":""Mandala 13""},{""trait_type"":""Face"",""value"":""Basic (Light Blue)""},{""trait_type"":""Hat"",""value"":""Fez - Heart Cage""}]"
"174","00174","","","ipfs://QmXpXg2KDaqtFwFutCx11Lib4BJ86RPkUpkxCJJCDSc5SL/174","https://ipfs.io/ipfs/QmXpXg2KDaqtFwFutCx11Lib4BJ86RPkUpkxCJJCDSc5SL/174","ipfs://QmWNWmgdMtxpyofvTSVRFjzTugo71Q6WDy3Wq62pCeawUz/174","https://ipfs.io/ipfs/QmWNWmgdMtxpyofvTSVRFjzTugo71Q6WDy3Wq62pCeawUz/174","D:\github\ron-english-light-cult-0001-1000\data\generated\light-cult-image-match-powershell-only\run-20260514-150810\reference-images\Light-Cult-Crypto-Club-00174.png","645252f0311b5246","https://opensea.io/assets/ethereum/0xbe85fbd182af91290be7293438ae67549638189f/174","[{""trait_type"":""Background"",""value"":""Pink""},{""trait_type"":""Face"",""value"":""Basic (Light Blue)""},{""trait_type"":""Accessory"",""value"":""Water Spout""},{""trait_type"":""Hat"",""value"":""Nurse Hat""}]"
"175","00175","","","ipfs://QmXpXg2KDaqtFwFutCx11Lib4BJ86RPkUpkxCJJCDSc5SL/175","https://ipfs.io/ipfs/QmXpXg2KDaqtFwFutCx11Lib4BJ86RPkUpkxCJJCDSc5SL/175","ipfs://QmWNWmgdMtxpyofvTSVRFjzTugo71Q6WDy3Wq62pCeawUz/175","https://ipfs.io/ipfs/QmWNWmgdMtxpyofvTSVRFjzTugo71Q6WDy3Wq62pCeawUz/175","D:\github\ron-english-light-cult-0001-1000\data\generated\light-cult-image-match-powershell-only\run-20260514-150810\reference-images\Light-Cult-Crypto-Club-00175.png","06070f0f0f171327","https://opensea.io/assets/ethereum/0xbe85fbd182af91290be7293438ae67549638189f/175","[{""trait_type"":""Background"",""value"":""Mandala 2""},{""trait_type"":""Face"",""value"":""Seamonkey Bowl""},{""trait_type"":""Body"",""value"":""Snake Cage""}]"
"176","00176","","","ipfs://QmXpXg2KDaqtFwFutCx11Lib4BJ86RPkUpkxCJJCDSc5SL/176","https://ipfs.io/ipfs/QmXpXg2KDaqtFwFutCx11Lib4BJ86RPkUpkxCJJCDSc5SL/176","ipfs://QmWNWmgdMtxpyofvTSVRFjzTugo71Q6WDy3Wq62pCeawUz/176","https://ipfs.io/ipfs/QmWNWmgdMtxpyofvTSVRFjzTugo71Q6WDy3Wq62pCeawUz/176","D:\github\ron-english-light-cult-0001-1000\data\generated\light-cult-image-match-powershell-only\run-20260514-150810\reference-images\Light-Cult-Crypto-Club-00176.png","060f0f070f0d070f","https://opensea.io/assets/ethereum/0xbe85fbd182af91290be7293438ae67549638189f/176","[{""trait_type"":""Background"",""value"":""Mandala 9""},{""trait_type"":""Face"",""value"":""Stegasourous Photo""},{""trait_type"":""Hat"",""value"":""Police - Brain""},{""trait_type"":""Body"",""value"":""Overalls Red""}]"
"177","00177","","","ipfs://QmXpXg2KDaqtFwFutCx11Lib4BJ86RPkUpkxCJJCDSc5SL/177","https://ipfs.io/ipfs/QmXpXg2KDaqtFwFutCx11Lib4BJ86RPkUpkxCJJCDSc5SL/177","ipfs://QmWNWmgdMtxpyofvTSVRFjzTugo71Q6WDy3Wq62pCeawUz/177","https://ipfs.io/ipfs/QmWNWmgdMtxpyofvTSVRFjzTugo71Q6WDy3Wq62pCeawUz/177","D:\github\ron-english-light-cult-0001-1000\data\generated\light-cult-image-match-powershell-only\run-20260514-150810\reference-images\Light-Cult-Crypto-Club-00177.png","06070731131b1b17","https://opensea.io/assets/ethereum/0xbe85fbd182af91290be7293438ae67549638189f/177","[{""trait_type"":""Background"",""value"":""Mandala 5""},{""trait_type"":""Face"",""value"":""Basic (Red)""},{""trait_type"":""Hat"",""value"":""Fez - Machete""},{""trait_type"":""Body"",""value"":""LightBulb M-16""}]"
"178","00178","","","ipfs://QmXpXg2KDaqtFwFutCx11Lib4BJ86RPkUpkxCJJCDSc5SL/178","https://ipfs.io/ipfs/QmXpXg2KDaqtFwFutCx11Lib4BJ86RPkUpkxCJJCDSc5SL/178","ipfs://QmWNWmgdMtxpyofvTSVRFjzTugo71Q6WDy3Wq62pCeawUz/178","https://ipfs.io/ipfs/QmWNWmgdMtxpyofvTSVRFjzTugo71Q6WDy3Wq62pCeawUz/178","D:\github\ron-english-light-cult-0001-1000\data\generated\light-cult-image-match-powershell-only\run-20260514-150810\reference-images\Light-Cult-Crypto-Club-00178.png","5a1b783139133119","https://opensea.io/assets/ethereum/0xbe85fbd182af91290be7293438ae67549638189f/178","[{""trait_type"":""Background"",""value"":""Light Blue""},{""trait_type"":""Face"",""value"":""Basic (Red)""},{""trait_type"":""Accessory"",""value"":""Water Spout""},{""trait_type"":""Hat"",""value"":""Fez - Heart Cage""},{""trait_type"":""Body"",""value"":""MC Body (Necklace)""}]"
"179","00179","","","ipfs://QmXpXg2KDaqtFwFutCx11Lib4BJ86RPkUpkxCJJCDSc5SL/179","https://ipfs.io/ipfs/QmXpXg2KDaqtFwFutCx11Lib4BJ86RPkUpkxCJJCDSc5SL/179","ipfs://QmWNWmgdMtxpyofvTSVRFjzTugo71Q6WDy3Wq62pCeawUz/179","https://ipfs.io/ipfs/QmWNWmgdMtxpyofvTSVRFjzTugo71Q6WDy3Wq62pCeawUz/179","D:\github\ron-english-light-cult-0001-1000\data\generated\light-cult-image-match-powershell-only\run-20260514-150810\reference-images\Light-Cult-Crypto-Club-00179.png","5a587831391b5246","https://opensea.io/assets/ethereum/0xbe85fbd182af91290be7293438ae67549638189f/179","[{""trait_type"":""Background"",""value"":""Yellow""},{""trait_type"":""Face"",""value"":""Whale Bowl""},{""trait_type"":""Hat"",""value"":""Fez - Heart Cage""}]"
"180","00180","","","ipfs://QmXpXg2KDaqtFwFutCx11Lib4BJ86RPkUpkxCJJCDSc5SL/180","https://ipfs.io/ipfs/QmXpXg2KDaqtFwFutCx11Lib4BJ86RPkUpkxCJJCDSc5SL/180","ipfs://QmWNWmgdMtxpyofvTSVRFjzTugo71Q6WDy3Wq62pCeawUz/180","https://ipfs.io/ipfs/QmWNWmgdMtxpyofvTSVRFjzTugo71Q6WDy3Wq62pCeawUz/180","D:\github\ron-english-light-cult-0001-1000\data\generated\light-cult-image-match-powershell-only\run-20260514-150810\reference-images\Light-Cult-Crypto-Club-00180.png","060f2d254e4e0707","https://opensea.io/assets/ethereum/0xbe85fbd182af91290be7293438ae67549638189f/180","[{""trait_type"":""Background"",""value"":""Mandala 1""},{""trait_type"":""Face"",""value"":""StarSkull Light Blue Face""},{""trait_type"":""Accessory"",""value"":""Water Spout""},{""trait_type"":""Hat"",""value"":""Scrap ARD""}]"
"181","00181","","","ipfs://QmXpXg2KDaqtFwFutCx11Lib4BJ86RPkUpkxCJJCDSc5SL/181","https://ipfs.io/ipfs/QmXpXg2KDaqtFwFutCx11Lib4BJ86RPkUpkxCJJCDSc5SL/181","ipfs://QmWNWmgdMtxpyofvTSVRFjzTugo71Q6WDy3Wq62pCeawUz/181","https://ipfs.io/ipfs/QmWNWmgdMtxpyofvTSVRFjzTugo71Q6WDy3Wq62pCeawUz/181","D:\github\ron-english-light-cult-0001-1000\data\generated\light-cult-image-match-powershell-only\run-20260514-150810\reference-images\Light-Cult-Crypto-Club-00181.png","5239393139191b07","https://opensea.io/assets/ethereum/0xbe85fbd182af91290be7293438ae67549638189f/181","[{""trait_type"":""Background"",""value"":""Light Blue""},{""trait_type"":""Face"",""value"":""Octopus""},{""trait_type"":""Accessory"",""value"":""Broken Bulb Earrings""},{""trait_type"":""Hat"",""value"":""Police - Grin (Blue)""}]"
"182","00182","","","ipfs://QmXpXg2KDaqtFwFutCx11Lib4BJ86RPkUpkxCJJCDSc5SL/182","https://ipfs.io/ipfs/QmXpXg2KDaqtFwFutCx11Lib4BJ86RPkUpkxCJJCDSc5SL/182","ipfs://QmWNWmgdMtxpyofvTSVRFjzTugo71Q6WDy3Wq62pCeawUz/182","https://ipfs.io/ipfs/QmWNWmgdMtxpyofvTSVRFjzTugo71Q6WDy3Wq62pCeawUz/182","D:\github\ron-english-light-cult-0001-1000\data\generated\light-cult-image-match-powershell-only\run-20260514-150810\reference-images\Light-Cult-Crypto-Club-00182.png","060f0f07070f0f0f","https://opensea.io/assets/ethereum/0xbe85fbd182af91290be7293438ae67549638189f/182","[{""trait_type"":""Background"",""value"":""Mandala 13""},{""trait_type"":""Face"",""value"":""Basic (Pink)""},{""trait_type"":""Hat"",""value"":""Fez - Double Donkey""},{""trait_type"":""Body"",""value"":""Sweater Scarf""}]"
"183","00183","","","ipfs://QmXpXg2KDaqtFwFutCx11Lib4BJ86RPkUpkxCJJCDSc5SL/183","https://ipfs.io/ipfs/QmXpXg2KDaqtFwFutCx11Lib4BJ86RPkUpkxCJJCDSc5SL/183","ipfs://QmWNWmgdMtxpyofvTSVRFjzTugo71Q6WDy3Wq62pCeawUz/183","https://ipfs.io/ipfs/QmWNWmgdMtxpyofvTSVRFjzTugo71Q6WDy3Wq62pCeawUz/183","D:\github\ron-english-light-cult-0001-1000\data\generated\light-cult-image-match-powershell-only\run-20260514-150810\reference-images\Light-Cult-Crypto-Club-00183.png","0607070f0d061f1f","https://opensea.io/assets/ethereum/0xbe85fbd182af91290be7293438ae67549638189f/183","[{""trait_type"":""Background"",""value"":""Mandala 14""},{""trait_type"":""Face"",""value"":""Diaper Mask""},{""trait_type"":""Hat"",""value"":""Carosoul Crown""},{""trait_type"":""Body"",""value"":""Woodstock Guitar""}]"
"184","00184","","","ipfs://QmXpXg2KDaqtFwFutCx11Lib4BJ86RPkUpkxCJJCDSc5SL/184","https://ipfs.io/ipfs/QmXpXg2KDaqtFwFutCx11Lib4BJ86RPkUpkxCJJCDSc5SL/184","ipfs://QmWNWmgdMtxpyofvTSVRFjzTugo71Q6WDy3Wq62pCeawUz/184","https://ipfs.io/ipfs/QmWNWmgdMtxpyofvTSVRFjzTugo71Q6WDy3Wq62pCeawUz/184","D:\github\ron-english-light-cult-0001-1000\data\generated\light-cult-image-match-powershell-only\run-20260514-150810\reference-images\Light-Cult-Crypto-Club-00184.png","040f0f070d05070f","https://opensea.io/assets/ethereum/0xbe85fbd182af91290be7293438ae67549638189f/184","[{""trait_type"":""Background"",""value"":""Mandala 9""},{""trait_type"":""Face"",""value"":""Basic (Red)""},{""trait_type"":""Hat"",""value"":""Helmet - Yellow""},{""trait_type"":""Body"",""value"":""Overalls Brown""}]"
"185","00185","","","ipfs://QmXpXg2KDaqtFwFutCx11Lib4BJ86RPkUpkxCJJCDSc5SL/185","https://ipfs.io/ipfs/QmXpXg2KDaqtFwFutCx11Lib4BJ86RPkUpkxCJJCDSc5SL/185","ipfs://QmWNWmgdMtxpyofvTSVRFjzTugo71Q6WDy3Wq62pCeawUz/185","https://ipfs.io/ipfs/QmWNWmgdMtxpyofvTSVRFjzTugo71Q6WDy3Wq62pCeawUz/185","D:\github\ron-english-light-cult-0001-1000\data\generated\light-cult-image-match-powershell-only\run-20260514-150810\reference-images\Light-Cult-Crypto-Club-00185.png","060707310731252d","https://opensea.io/assets/ethereum/0xbe85fbd182af91290be7293438ae67549638189f/185","[{""trait_type"":""Background"",""value"":""Mandala 12""},{""trait_type"":""Face"",""value"":""Basic (Red)""},{""trait_type"":""Accessory"",""value"":""Dragon Wings""},{""trait_type"":""Body"",""value"":""Star Skull Body - Pink""}]"
"186","00186","","","ipfs://QmXpXg2KDaqtFwFutCx11Lib4BJ86RPkUpkxCJJCDSc5SL/186","https://ipfs.io/ipfs/QmXpXg2KDaqtFwFutCx11Lib4BJ86RPkUpkxCJJCDSc5SL/186","ipfs://QmWNWmgdMtxpyofvTSVRFjzTugo71Q6WDy3Wq62pCeawUz/186","https://ipfs.io/ipfs/QmWNWmgdMtxpyofvTSVRFjzTugo71Q6WDy3Wq62pCeawUz/186","D:\github\ron-english-light-cult-0001-1000\data\generated\light-cult-image-match-powershell-only\run-20260514-150810\reference-images\Light-Cult-Crypto-Club-00186.png","0713313174783907","https://opensea.io/assets/ethereum/0xbe85fbd182af91290be7293438ae67549638189f/186","[{""trait_type"":""Background"",""value"":""Rainbow""},{""trait_type"":""Face"",""value"":""Basic (Light Blue)""},{""trait_type"":""Hat"",""value"":""Unicorn Crown""},{""trait_type"":""Body"",""value"":""Cloud Body""}]"
"189","00189","","","ipfs://QmXpXg2KDaqtFwFutCx11Lib4BJ86RPkUpkxCJJCDSc5SL/189","https://ipfs.io/ipfs/QmXpXg2KDaqtFwFutCx11Lib4BJ86RPkUpkxCJJCDSc5SL/189","ipfs://QmWNWmgdMtxpyofvTSVRFjzTugo71Q6WDy3Wq62pCeawUz/189","https://ipfs.io/ipfs/QmWNWmgdMtxpyofvTSVRFjzTugo71Q6WDy3Wq62pCeawUz/189","D:\github\ron-english-light-cult-0001-1000\data\generated\light-cult-image-match-powershell-only\run-20260514-150810\reference-images\Light-Cult-Crypto-Club-00189.png","0e0f1313312f070f","https://opensea.io/assets/ethereum/0xbe85fbd182af91290be7293438ae67549638189f/189","[{""trait_type"":""Status"",""value"":""Rare""},{""trait_type"":""Collection"",""value"":""Paint Bucket""},{""trait_type"":""Variant"",""value"":""PB - V1""}]"
"191","00191","","","ipfs://QmXpXg2KDaqtFwFutCx11Lib4BJ86RPkUpkxCJJCDSc5SL/191","https://ipfs.io/ipfs/QmXpXg2KDaqtFwFutCx11Lib4BJ86RPkUpkxCJJCDSc5SL/191","ipfs://QmWNWmgdMtxpyofvTSVRFjzTugo71Q6WDy3Wq62pCeawUz/191","https://ipfs.io/ipfs/QmWNWmgdMtxpyofvTSVRFjzTugo71Q6WDy3Wq62pCeawUz/191","D:\github\ron-english-light-cult-0001-1000\data\generated\light-cult-image-match-powershell-only\run-20260514-150810\reference-images\Light-Cult-Crypto-Club-00191.png","060707070707070f","https://opensea.io/assets/ethereum/0xbe85fbd182af91290be7293438ae67549638189f/191","[{""trait_type"":""Background"",""value"":""Mandala 5""},{""trait_type"":""Face"",""value"":""Basic (Yellow)""},{""trait_type"":""Body"",""value"":""Overalls Brown""}]"
"194","00194","","","ipfs://QmXpXg2KDaqtFwFutCx11Lib4BJ86RPkUpkxCJJCDSc5SL/194","https://ipfs.io/ipfs/QmXpXg2KDaqtFwFutCx11Lib4BJ86RPkUpkxCJJCDSc5SL/194","ipfs://QmWNWmgdMtxpyofvTSVRFjzTugo71Q6WDy3Wq62pCeawUz/194","https://ipfs.io/ipfs/QmWNWmgdMtxpyofvTSVRFjzTugo71Q6WDy3Wq62pCeawUz/194","D:\github\ron-english-light-cult-0001-1000\data\generated\light-cult-image-match-powershell-only\run-20260514-150810\reference-images\Light-Cult-Crypto-Club-00194.png","64253131250f0f07","https://opensea.io/assets/ethereum/0xbe85fbd182af91290be7293438ae67549638189f/194","[{""trait_type"":""Background"",""value"":""Mandala 25""},{""trait_type"":""Face"",""value"":""StarSkull Light Blue Face""},{""trait_type"":""Accessory"",""value"":""Butterfly Wings""},{""trait_type"":""Hat"",""value"":""Fez - Machete""}]"
"195","00195","","","ipfs://QmXpXg2KDaqtFwFutCx11Lib4BJ86RPkUpkxCJJCDSc5SL/195","https://ipfs.io/ipfs/QmXpXg2KDaqtFwFutCx11Lib4BJ86RPkUpkxCJJCDSc5SL/195","ipfs://QmWNWmgdMtxpyofvTSVRFjzTugo71Q6WDy3Wq62pCeawUz/195","https://ipfs.io/ipfs/QmWNWmgdMtxpyofvTSVRFjzTugo71Q6WDy3Wq62pCeawUz/195","D:\github\ron-english-light-cult-0001-1000\data\generated\light-cult-image-match-powershell-only\run-20260514-150810\reference-images\Light-Cult-Crypto-Club-00195.png","050f0f17050f1b17","https://opensea.io/assets/ethereum/0xbe85fbd182af91290be7293438ae67549638189f/195","[{""trait_type"":""Background"",""value"":""Black""},{""trait_type"":""Face"",""value"":""Basic (Yellow)""},{""trait_type"":""Accessory"",""value"":""Eyeball Earrings""},{""trait_type"":""Hat"",""value"":""Nurse Hat""},{""trait_type"":""Body"",""value"":""Tanktop Tree""}]"
"197","00197","","","ipfs://QmXpXg2KDaqtFwFutCx11Lib4BJ86RPkUpkxCJJCDSc5SL/197","https://ipfs.io/ipfs/QmXpXg2KDaqtFwFutCx11Lib4BJ86RPkUpkxCJJCDSc5SL/197","ipfs://QmWNWmgdMtxpyofvTSVRFjzTugo71Q6WDy3Wq62pCeawUz/197","https://ipfs.io/ipfs/QmWNWmgdMtxpyofvTSVRFjzTugo71Q6WDy3Wq62pCeawUz/197","D:\github\ron-english-light-cult-0001-1000\data\generated\light-cult-image-match-powershell-only\run-20260514-150810\reference-images\Light-Cult-Crypto-Club-00197.png","060f1b171b1b0f0f","https://opensea.io/assets/ethereum/0xbe85fbd182af91290be7293438ae67549638189f/197","[{""trait_type"":""Background"",""value"":""Mandala 5""},{""trait_type"":""Face"",""value"":""Stegasourous Photo""},{""trait_type"":""Hat"",""value"":""Pink Military""},{""trait_type"":""Body"",""value"":""Sweater Scarf""}]"
"198","00198","","","ipfs://QmXpXg2KDaqtFwFutCx11Lib4BJ86RPkUpkxCJJCDSc5SL/198","https://ipfs.io/ipfs/QmXpXg2KDaqtFwFutCx11Lib4BJ86RPkUpkxCJJCDSc5SL/198","ipfs://QmWNWmgdMtxpyofvTSVRFjzTugo71Q6WDy3Wq62pCeawUz/198","https://ipfs.io/ipfs/QmWNWmgdMtxpyofvTSVRFjzTugo71Q6WDy3Wq62pCeawUz/198","D:\github\ron-english-light-cult-0001-1000\data\generated\light-cult-image-match-powershell-only\run-20260514-150810\reference-images\Light-Cult-Crypto-Club-00198.png","0c0f0f3113070f07","https://opensea.io/assets/ethereum/0xbe85fbd182af91290be7293438ae67549638189f/198","[{""trait_type"":""Background"",""value"":""Mandala 4""},{""trait_type"":""Face"",""value"":""Smiley Face (Red)""},{""trait_type"":""Hat"",""value"":""Helmet - Purple""}]"
"199","00199","","","ipfs://QmXpXg2KDaqtFwFutCx11Lib4BJ86RPkUpkxCJJCDSc5SL/199","https://ipfs.io/ipfs/QmXpXg2KDaqtFwFutCx11Lib4BJ86RPkUpkxCJJCDSc5SL/199","ipfs://QmWNWmgdMtxpyofvTSVRFjzTugo71Q6WDy3Wq62pCeawUz/199","https://ipfs.io/ipfs/QmWNWmgdMtxpyofvTSVRFjzTugo71Q6WDy3Wq62pCeawUz/199","D:\github\ron-english-light-cult-0001-1000\data\generated\light-cult-image-match-powershell-only\run-20260514-150810\reference-images\Light-Cult-Crypto-Club-00199.png","060f0f1346070607","https://opensea.io/assets/ethereum/0xbe85fbd182af91290be7293438ae67549638189f/199","[{""trait_type"":""Background"",""value"":""Mandala 19""},{""trait_type"":""Face"",""value"":""StarSkull Light Blue Face""},{""trait_type"":""Accessory"",""value"":""Winged Sunglasses""}]"
"200","00200","","","ipfs://QmXpXg2KDaqtFwFutCx11Lib4BJ86RPkUpkxCJJCDSc5SL/200","https://ipfs.io/ipfs/QmXpXg2KDaqtFwFutCx11Lib4BJ86RPkUpkxCJJCDSc5SL/200","ipfs://QmWNWmgdMtxpyofvTSVRFjzTugo71Q6WDy3Wq62pCeawUz/200","https://ipfs.io/ipfs/QmWNWmgdMtxpyofvTSVRFjzTugo71Q6WDy3Wq62pCeawUz/200","D:\github\ron-english-light-cult-0001-1000\data\generated\light-cult-image-match-powershell-only\run-20260514-150810\reference-images\Light-Cult-Crypto-Club-00200.png","04070f1307070f0f","https://opensea.io/assets/ethereum/0xbe85fbd182af91290be7293438ae67549638189f/200","[{""trait_type"":""Background"",""value"":""Mandala 3""},{""trait_type"":""Face"",""value"":""Ship n Bowl""},{""trait_type"":""Hat"",""value"":""Fez - Brain Bulb""}]"
"201","00201","","","ipfs://QmXpXg2KDaqtFwFutCx11Lib4BJ86RPkUpkxCJJCDSc5SL/201","https://ipfs.io/ipfs/QmXpXg2KDaqtFwFutCx11Lib4BJ86RPkUpkxCJJCDSc5SL/201","ipfs://QmWNWmgdMtxpyofvTSVRFjzTugo71Q6WDy3Wq62pCeawUz/201","https://ipfs.io/ipfs/QmWNWmgdMtxpyofvTSVRFjzTugo71Q6WDy3Wq62pCeawUz/201","D:\github\ron-english-light-cult-0001-1000\data\generated\light-cult-image-match-powershell-only\run-20260514-150810\reference-images\Light-Cult-Crypto-Club-00201.png","0e0f0f0f070f0f07","https://opensea.io/assets/ethereum/0xbe85fbd182af91290be7293438ae67549638189f/201","[{""trait_type"":""Background"",""value"":""Mandala 13""},{""trait_type"":""Face"",""value"":""Quack Bowl""},{""trait_type"":""Hat"",""value"":""Police - Brain""}]"
"202","00202","","","ipfs://QmXpXg2KDaqtFwFutCx11Lib4BJ86RPkUpkxCJJCDSc5SL/202","https://ipfs.io/ipfs/QmXpXg2KDaqtFwFutCx11Lib4BJ86RPkUpkxCJJCDSc5SL/202","ipfs://QmWNWmgdMtxpyofvTSVRFjzTugo71Q6WDy3Wq62pCeawUz/202","https://ipfs.io/ipfs/QmWNWmgdMtxpyofvTSVRFjzTugo71Q6WDy3Wq62pCeawUz/202","D:\github\ron-english-light-cult-0001-1000\data\generated\light-cult-image-match-powershell-only\run-20260514-150810\reference-images\Light-Cult-Crypto-Club-00202.png","460f313131135064","https://opensea.io/assets/ethereum/0xbe85fbd182af91290be7293438ae67549638189f/202","[{""trait_type"":""Background"",""value"":""Light Blue""},{""trait_type"":""Face"",""value"":""Basic (Red)""},{""trait_type"":""Body"",""value"":""Snake Cage""}]"
"204","00204","","","ipfs://QmXpXg2KDaqtFwFutCx11Lib4BJ86RPkUpkxCJJCDSc5SL/204","https://ipfs.io/ipfs/QmXpXg2KDaqtFwFutCx11Lib4BJ86RPkUpkxCJJCDSc5SL/204","ipfs://QmWNWmgdMtxpyofvTSVRFjzTugo71Q6WDy3Wq62pCeawUz/204","https://ipfs.io/ipfs/QmWNWmgdMtxpyofvTSVRFjzTugo71Q6WDy3Wq62pCeawUz/204","D:\github\ron-english-light-cult-0001-1000\data\generated\light-cult-image-match-powershell-only\run-20260514-150810\reference-images\Light-Cult-Crypto-Club-00204.png","040f0f07070e1b17","https://opensea.io/assets/ethereum/0xbe85fbd182af91290be7293438ae67549638189f/204","[{""trait_type"":""Background"",""value"":""Mandala 2""},{""trait_type"":""Face"",""value"":""Smiley Face (Yellow)""},{""trait_type"":""Hat"",""value"":""Helmet - Yellow""},{""trait_type"":""Body"",""value"":""LightBulb M-16""}]"
"205","00205","","","ipfs://QmXpXg2KDaqtFwFutCx11Lib4BJ86RPkUpkxCJJCDSc5SL/205","https://ipfs.io/ipfs/QmXpXg2KDaqtFwFutCx11Lib4BJ86RPkUpkxCJJCDSc5SL/205","ipfs://QmWNWmgdMtxpyofvTSVRFjzTugo71Q6WDy3Wq62pCeawUz/205","https://ipfs.io/ipfs/QmWNWmgdMtxpyofvTSVRFjzTugo71Q6WDy3Wq62pCeawUz/205","D:\github\ron-english-light-cult-0001-1000\data\generated\light-cult-image-match-powershell-only\run-20260514-150810\reference-images\Light-Cult-Crypto-Club-00205.png","02010d0f0d0b1b17","https://opensea.io/assets/ethereum/0xbe85fbd182af91290be7293438ae67549638189f/205","[{""trait_type"":""Background"",""value"":""Black""},{""trait_type"":""Face"",""value"":""Brain""},{""trait_type"":""Accessory"",""value"":""Goggles""},{""trait_type"":""Body"",""value"":""Tanktop Bulb""}]"
"206","00206","","","ipfs://QmXpXg2KDaqtFwFutCx11Lib4BJ86RPkUpkxCJJCDSc5SL/206","https://ipfs.io/ipfs/QmXpXg2KDaqtFwFutCx11Lib4BJ86RPkUpkxCJJCDSc5SL/206","ipfs://QmWNWmgdMtxpyofvTSVRFjzTugo71Q6WDy3Wq62pCeawUz/206","https://ipfs.io/ipfs/QmWNWmgdMtxpyofvTSVRFjzTugo71Q6WDy3Wq62pCeawUz/206","D:\github\ron-english-light-cult-0001-1000\data\generated\light-cult-image-match-powershell-only\run-20260514-150810\reference-images\Light-Cult-Crypto-Club-00206.png","464270246d7b7a70","https://opensea.io/assets/ethereum/0xbe85fbd182af91290be7293438ae67549638189f/206","[{""trait_type"":""Background"",""value"":""Pink""},{""trait_type"":""Face"",""value"":""White Mask""},{""trait_type"":""Body"",""value"":""LightBulb M-16""}]"
"208","00208","","","ipfs://QmXpXg2KDaqtFwFutCx11Lib4BJ86RPkUpkxCJJCDSc5SL/208","https://ipfs.io/ipfs/QmXpXg2KDaqtFwFutCx11Lib4BJ86RPkUpkxCJJCDSc5SL/208","ipfs://QmWNWmgdMtxpyofvTSVRFjzTugo71Q6WDy3Wq62pCeawUz/208","https://ipfs.io/ipfs/QmWNWmgdMtxpyofvTSVRFjzTugo71Q6WDy3Wq62pCeawUz/208","D:\github\ron-english-light-cult-0001-1000\data\generated\light-cult-image-match-powershell-only\run-20260514-150810\reference-images\Light-Cult-Crypto-Club-00208.png","444e3025251b5246","https://opensea.io/assets/ethereum/0xbe85fbd182af91290be7293438ae67549638189f/208","[{""trait_type"":""Background"",""value"":""Yellow""},{""trait_type"":""Face"",""value"":""White Mask""}]"
"210","00210","","","ipfs://QmXpXg2KDaqtFwFutCx11Lib4BJ86RPkUpkxCJJCDSc5SL/210","https://ipfs.io/ipfs/QmXpXg2KDaqtFwFutCx11Lib4BJ86RPkUpkxCJJCDSc5SL/210","ipfs://QmWNWmgdMtxpyofvTSVRFjzTugo71Q6WDy3Wq62pCeawUz/210","https://ipfs.io/ipfs/QmWNWmgdMtxpyofvTSVRFjzTugo71Q6WDy3Wq62pCeawUz/210","D:\github\ron-english-light-cult-0001-1000\data\generated\light-cult-image-match-powershell-only\run-20260514-150810\reference-images\Light-Cult-Crypto-Club-00210.png","06074e0746070e07","https://opensea.io/assets/ethereum/0xbe85fbd182af91290be7293438ae67549638189f/210","[{""trait_type"":""Background"",""value"":""Mandala 19""},{""trait_type"":""Face"",""value"":""StarSkull Pink Face""},{""trait_type"":""Hat"",""value"":""Fez - Heart Cage""}]"
"211","00211","","","ipfs://QmXpXg2KDaqtFwFutCx11Lib4BJ86RPkUpkxCJJCDSc5SL/211","https://ipfs.io/ipfs/QmXpXg2KDaqtFwFutCx11Lib4BJ86RPkUpkxCJJCDSc5SL/211","ipfs://QmWNWmgdMtxpyofvTSVRFjzTugo71Q6WDy3Wq62pCeawUz/211","https://ipfs.io/ipfs/QmWNWmgdMtxpyofvTSVRFjzTugo71Q6WDy3Wq62pCeawUz/211","D:\github\ron-english-light-cult-0001-1000\data\generated\light-cult-image-match-powershell-only\run-20260514-150810\reference-images\Light-Cult-Crypto-Club-00211.png","464a7070305a5246","https://opensea.io/assets/ethereum/0xbe85fbd182af91290be7293438ae67549638189f/211","[{""trait_type"":""Background"",""value"":""Pink""},{""trait_type"":""Face"",""value"":""StarSkull Yellow Face""}]"
"212","00212","","","ipfs://QmXpXg2KDaqtFwFutCx11Lib4BJ86RPkUpkxCJJCDSc5SL/212","https://ipfs.io/ipfs/QmXpXg2KDaqtFwFutCx11Lib4BJ86RPkUpkxCJJCDSc5SL/212","ipfs://QmWNWmgdMtxpyofvTSVRFjzTugo71Q6WDy3Wq62pCeawUz/212","https://ipfs.io/ipfs/QmWNWmgdMtxpyofvTSVRFjzTugo71Q6WDy3Wq62pCeawUz/212","D:\github\ron-english-light-cult-0001-1000\data\generated\light-cult-image-match-powershell-only\run-20260514-150810\reference-images\Light-Cult-Crypto-Club-00212.png","02090d0f0d0f1b17","https://opensea.io/assets/ethereum/0xbe85fbd182af91290be7293438ae67549638189f/212","[{""trait_type"":""Background"",""value"":""Black""},{""trait_type"":""Face"",""value"":""Basic (Pink)""},{""trait_type"":""Body"",""value"":""Tanktop Bulb""}]"
"213","00213","","","ipfs://QmXpXg2KDaqtFwFutCx11Lib4BJ86RPkUpkxCJJCDSc5SL/213","https://ipfs.io/ipfs/QmXpXg2KDaqtFwFutCx11Lib4BJ86RPkUpkxCJJCDSc5SL/213","ipfs://QmWNWmgdMtxpyofvTSVRFjzTugo71Q6WDy3Wq62pCeawUz/213","https://ipfs.io/ipfs/QmWNWmgdMtxpyofvTSVRFjzTugo71Q6WDy3Wq62pCeawUz/213","D:\github\ron-english-light-cult-0001-1000\data\generated\light-cult-image-match-powershell-only\run-20260514-150810\reference-images\Light-Cult-Crypto-Club-00213.png","0e0f0f0f1b0f1113","https://opensea.io/assets/ethereum/0xbe85fbd182af91290be7293438ae67549638189f/213","[{""trait_type"":""Background"",""value"":""Mandala 11""},{""trait_type"":""Face"",""value"":""Puppy""},{""trait_type"":""Hat"",""value"":""Helmet - Yellow""}]"
"214","00214","","","ipfs://QmXpXg2KDaqtFwFutCx11Lib4BJ86RPkUpkxCJJCDSc5SL/214","https://ipfs.io/ipfs/QmXpXg2KDaqtFwFutCx11Lib4BJ86RPkUpkxCJJCDSc5SL/214","ipfs://QmWNWmgdMtxpyofvTSVRFjzTugo71Q6WDy3Wq62pCeawUz/214","https://ipfs.io/ipfs/QmWNWmgdMtxpyofvTSVRFjzTugo71Q6WDy3Wq62pCeawUz/214","D:\github\ron-english-light-cult-0001-1000\data\generated\light-cult-image-match-powershell-only\run-20260514-150810\reference-images\Light-Cult-Crypto-Club-00214.png","06070707070f0f07","https://opensea.io/assets/ethereum/0xbe85fbd182af91290be7293438ae67549638189f/214","[{""trait_type"":""Background"",""value"":""Mandala 6""},{""trait_type"":""Face"",""value"":""Basic (Light Blue)""}]"
"216","00216","","","ipfs://QmXpXg2KDaqtFwFutCx11Lib4BJ86RPkUpkxCJJCDSc5SL/216","https://ipfs.io/ipfs/QmXpXg2KDaqtFwFutCx11Lib4BJ86RPkUpkxCJJCDSc5SL/216","ipfs://QmWNWmgdMtxpyofvTSVRFjzTugo71Q6WDy3Wq62pCeawUz/216","https://ipfs.io/ipfs/QmWNWmgdMtxpyofvTSVRFjzTugo71Q6WDy3Wq62pCeawUz/216","D:\github\ron-english-light-cult-0001-1000\data\generated\light-cult-image-match-powershell-only\run-20260514-150810\reference-images\Light-Cult-Crypto-Club-00216.png","5a5a7831305a5246","https://opensea.io/assets/ethereum/0xbe85fbd182af91290be7293438ae67549638189f/216","[{""trait_type"":""Background"",""value"":""Pink""},{""trait_type"":""Face"",""value"":""Basic (Yellow)""},{""trait_type"":""Hat"",""value"":""Carosoul Crown""}]"
"217","00217","","","ipfs://QmXpXg2KDaqtFwFutCx11Lib4BJ86RPkUpkxCJJCDSc5SL/217","https://ipfs.io/ipfs/QmXpXg2KDaqtFwFutCx11Lib4BJ86RPkUpkxCJJCDSc5SL/217","ipfs://QmWNWmgdMtxpyofvTSVRFjzTugo71Q6WDy3Wq62pCeawUz/217","https://ipfs.io/ipfs/QmWNWmgdMtxpyofvTSVRFjzTugo71Q6WDy3Wq62pCeawUz/217","D:\github\ron-english-light-cult-0001-1000\data\generated\light-cult-image-match-powershell-only\run-20260514-150810\reference-images\Light-Cult-Crypto-Club-00217.png","46072d31131b3a31","https://opensea.io/assets/ethereum/0xbe85fbd182af91290be7293438ae67549638189f/217","[{""trait_type"":""Background"",""value"":""Light Blue""},{""trait_type"":""Face"",""value"":""Blue Mask""},{""trait_type"":""Body"",""value"":""M-16""}]"
"218","00218","","","ipfs://QmXpXg2KDaqtFwFutCx11Lib4BJ86RPkUpkxCJJCDSc5SL/218","https://ipfs.io/ipfs/QmXpXg2KDaqtFwFutCx11Lib4BJ86RPkUpkxCJJCDSc5SL/218","ipfs://QmWNWmgdMtxpyofvTSVRFjzTugo71Q6WDy3Wq62pCeawUz/218","https://ipfs.io/ipfs/QmWNWmgdMtxpyofvTSVRFjzTugo71Q6WDy3Wq62pCeawUz/218","D:\github\ron-english-light-cult-0001-1000\data\generated\light-cult-image-match-powershell-only\run-20260514-150810\reference-images\Light-Cult-Crypto-Club-00218.png","46070b1a53d0d627","https://opensea.io/assets/ethereum/0xbe85fbd182af91290be7293438ae67549638189f/218","[{""trait_type"":""Status"",""value"":""Rare""},{""trait_type"":""Collection"",""value"":""Obesios""},{""trait_type"":""Variant"",""value"":""1O - V31""}]"
"219","00219","","","ipfs://QmXpXg2KDaqtFwFutCx11Lib4BJ86RPkUpkxCJJCDSc5SL/219","https://ipfs.io/ipfs/QmXpXg2KDaqtFwFutCx11Lib4BJ86RPkUpkxCJJCDSc5SL/219","ipfs://QmWNWmgdMtxpyofvTSVRFjzTugo71Q6WDy3Wq62pCeawUz/219","https://ipfs.io/ipfs/QmWNWmgdMtxpyofvTSVRFjzTugo71Q6WDy3Wq62pCeawUz/219","D:\github\ron-english-light-cult-0001-1000\data\generated\light-cult-image-match-powershell-only\run-20260514-150810\reference-images\Light-Cult-Crypto-Club-00219.png","060f0731070b1b13","https://opensea.io/assets/ethereum/0xbe85fbd182af91290be7293438ae67549638189f/219","[{""trait_type"":""Background"",""value"":""Mandala 21""},{""trait_type"":""Face"",""value"":""Smiley Face (Light Blue)""},{""trait_type"":""Accessory"",""value"":""Broken Bulb Earrings""},{""trait_type"":""Body"",""value"":""Tanktop""}]"
"220","00220","","","ipfs://QmXpXg2KDaqtFwFutCx11Lib4BJ86RPkUpkxCJJCDSc5SL/220","https://ipfs.io/ipfs/QmXpXg2KDaqtFwFutCx11Lib4BJ86RPkUpkxCJJCDSc5SL/220","ipfs://QmWNWmgdMtxpyofvTSVRFjzTugo71Q6WDy3Wq62pCeawUz/220","https://ipfs.io/ipfs/QmWNWmgdMtxpyofvTSVRFjzTugo71Q6WDy3Wq62pCeawUz/220","D:\github\ron-english-light-cult-0001-1000\data\generated\light-cult-image-match-powershell-only\run-20260514-150810\reference-images\Light-Cult-Crypto-Club-00220.png","04040e0704040f1f","https://opensea.io/assets/ethereum/0xbe85fbd182af91290be7293438ae67549638189f/220","[{""trait_type"":""Background"",""value"":""Black""},{""trait_type"":""Face"",""value"":""Basic (Pink)""},{""trait_type"":""Accessory"",""value"":""Winged Sunglasses""},{""trait_type"":""Hat"",""value"":""Fez - Brain Bulb""},{""trait_type"":""Body"",""value"":""Woodstock Guitar""}]"
"221","00221","","","ipfs://QmXpXg2KDaqtFwFutCx11Lib4BJ86RPkUpkxCJJCDSc5SL/221","https://ipfs.io/ipfs/QmXpXg2KDaqtFwFutCx11Lib4BJ86RPkUpkxCJJCDSc5SL/221","ipfs://QmWNWmgdMtxpyofvTSVRFjzTugo71Q6WDy3Wq62pCeawUz/221","https://ipfs.io/ipfs/QmWNWmgdMtxpyofvTSVRFjzTugo71Q6WDy3Wq62pCeawUz/221","D:\github\ron-english-light-cult-0001-1000\data\generated\light-cult-image-match-powershell-only\run-20260514-150810\reference-images\Light-Cult-Crypto-Club-00221.png","460f3131311b3a31","https://opensea.io/assets/ethereum/0xbe85fbd182af91290be7293438ae67549638189f/221","[{""trait_type"":""Background"",""value"":""Light Blue""},{""trait_type"":""Face"",""value"":""Basic (Red)""},{""trait_type"":""Body"",""value"":""M-16""}]"
"222","00222","","","ipfs://QmXpXg2KDaqtFwFutCx11Lib4BJ86RPkUpkxCJJCDSc5SL/222","https://ipfs.io/ipfs/QmXpXg2KDaqtFwFutCx11Lib4BJ86RPkUpkxCJJCDSc5SL/222","ipfs://QmWNWmgdMtxpyofvTSVRFjzTugo71Q6WDy3Wq62pCeawUz/222","https://ipfs.io/ipfs/QmWNWmgdMtxpyofvTSVRFjzTugo71Q6WDy3Wq62pCeawUz/222","D:\github\ron-english-light-cult-0001-1000\data\generated\light-cult-image-match-powershell-only\run-20260514-150810\reference-images\Light-Cult-Crypto-Club-00222.png","070d0919111b1b17","https://opensea.io/assets/ethereum/0xbe85fbd182af91290be7293438ae67549638189f/222","[{""trait_type"":""Background"",""value"":""Mandala 15""},{""trait_type"":""Face"",""value"":""Ship n Bowl""},{""trait_type"":""Hat"",""value"":""Fez - Heart Cage""},{""trait_type"":""Body"",""value"":""Tanktop Sand""}]"
"223","00223","","","ipfs://QmXpXg2KDaqtFwFutCx11Lib4BJ86RPkUpkxCJJCDSc5SL/223","https://ipfs.io/ipfs/QmXpXg2KDaqtFwFutCx11Lib4BJ86RPkUpkxCJJCDSc5SL/223","ipfs://QmWNWmgdMtxpyofvTSVRFjzTugo71Q6WDy3Wq62pCeawUz/223","https://ipfs.io/ipfs/QmWNWmgdMtxpyofvTSVRFjzTugo71Q6WDy3Wq62pCeawUz/223","D:\github\ron-english-light-cult-0001-1000\data\generated\light-cult-image-match-powershell-only\run-20260514-150810\reference-images\Light-Cult-Crypto-Club-00223.png","460f0f31071b3931","https://opensea.io/assets/ethereum/0xbe85fbd182af91290be7293438ae67549638189f/223","[{""trait_type"":""Background"",""value"":""Red""},{""trait_type"":""Face"",""value"":""Basic (Pink)""},{""trait_type"":""Hat"",""value"":""Carosoul Crown""},{""trait_type"":""Body"",""value"":""Tanktop""}]"
"224","00224","","","ipfs://QmXpXg2KDaqtFwFutCx11Lib4BJ86RPkUpkxCJJCDSc5SL/224","https://ipfs.io/ipfs/QmXpXg2KDaqtFwFutCx11Lib4BJ86RPkUpkxCJJCDSc5SL/224","ipfs://QmWNWmgdMtxpyofvTSVRFjzTugo71Q6WDy3Wq62pCeawUz/224","https://ipfs.io/ipfs/QmWNWmgdMtxpyofvTSVRFjzTugo71Q6WDy3Wq62pCeawUz/224","D:\github\ron-english-light-cult-0001-1000\data\generated\light-cult-image-match-powershell-only\run-20260514-150810\reference-images\Light-Cult-Crypto-Club-00224.png","5272313931135246","https://opensea.io/assets/ethereum/0xbe85fbd182af91290be7293438ae67549638189f/224","[{""trait_type"":""Background"",""value"":""Yellow""},{""trait_type"":""Face"",""value"":""Brain""},{""trait_type"":""Hat"",""value"":""Scrap ARD""}]"
"225","00225","","","ipfs://QmXpXg2KDaqtFwFutCx11Lib4BJ86RPkUpkxCJJCDSc5SL/225","https://ipfs.io/ipfs/QmXpXg2KDaqtFwFutCx11Lib4BJ86RPkUpkxCJJCDSc5SL/225","ipfs://QmWNWmgdMtxpyofvTSVRFjzTugo71Q6WDy3Wq62pCeawUz/225","https://ipfs.io/ipfs/QmWNWmgdMtxpyofvTSVRFjzTugo71Q6WDy3Wq62pCeawUz/225","D:\github\ron-english-light-cult-0001-1000\data\generated\light-cult-image-match-powershell-only\run-20260514-150810\reference-images\Light-Cult-Crypto-Club-00225.png","060707070f0f3b27","https://opensea.io/assets/ethereum/0xbe85fbd182af91290be7293438ae67549638189f/225","[{""trait_type"":""Background"",""value"":""Mandala 2""},{""trait_type"":""Face"",""value"":""Stegasourous Photo""},{""trait_type"":""Hat"",""value"":""Carosoul Crown""},{""trait_type"":""Body"",""value"":""M-16""}]"
"226","00226","","","ipfs://QmXpXg2KDaqtFwFutCx11Lib4BJ86RPkUpkxCJJCDSc5SL/226","https://ipfs.io/ipfs/QmXpXg2KDaqtFwFutCx11Lib4BJ86RPkUpkxCJJCDSc5SL/226","ipfs://QmWNWmgdMtxpyofvTSVRFjzTugo71Q6WDy3Wq62pCeawUz/226","https://ipfs.io/ipfs/QmWNWmgdMtxpyofvTSVRFjzTugo71Q6WDy3Wq62pCeawUz/226","D:\github\ron-english-light-cult-0001-1000\data\generated\light-cult-image-match-powershell-only\run-20260514-150810\reference-images\Light-Cult-Crypto-Club-00226.png","4e073131131b192d","https://opensea.io/assets/ethereum/0xbe85fbd182af91290be7293438ae67549638189f/226","[{""trait_type"":""Background"",""value"":""Red""},{""trait_type"":""Face"",""value"":""Brain""},{""trait_type"":""Accessory"",""value"":""Groucho Glasses""},{""trait_type"":""Hat"",""value"":""Cowboy Hat""},{""trait_type"":""Body"",""value"":""Sweater Scarf""}]"
"227","00227","","","ipfs://QmXpXg2KDaqtFwFutCx11Lib4BJ86RPkUpkxCJJCDSc5SL/227","https://ipfs.io/ipfs/QmXpXg2KDaqtFwFutCx11Lib4BJ86RPkUpkxCJJCDSc5SL/227","ipfs://QmWNWmgdMtxpyofvTSVRFjzTugo71Q6WDy3Wq62pCeawUz/227","https://ipfs.io/ipfs/QmWNWmgdMtxpyofvTSVRFjzTugo71Q6WDy3Wq62pCeawUz/227","D:\github\ron-english-light-cult-0001-1000\data\generated\light-cult-image-match-powershell-only\run-20260514-150810\reference-images\Light-Cult-Crypto-Club-00227.png","5a5a3931311b5246","https://opensea.io/assets/ethereum/0xbe85fbd182af91290be7293438ae67549638189f/227","[{""trait_type"":""Background"",""value"":""Yellow""},{""trait_type"":""Face"",""value"":""Smiley Face (Red)""},{""trait_type"":""Hat"",""value"":""Fez - Brain Bulb""}]"
"229","00229","","","ipfs://QmXpXg2KDaqtFwFutCx11Lib4BJ86RPkUpkxCJJCDSc5SL/229","https://ipfs.io/ipfs/QmXpXg2KDaqtFwFutCx11Lib4BJ86RPkUpkxCJJCDSc5SL/229","ipfs://QmWNWmgdMtxpyofvTSVRFjzTugo71Q6WDy3Wq62pCeawUz/229","https://ipfs.io/ipfs/QmWNWmgdMtxpyofvTSVRFjzTugo71Q6WDy3Wq62pCeawUz/229","D:\github\ron-english-light-cult-0001-1000\data\generated\light-cult-image-match-powershell-only\run-20260514-150810\reference-images\Light-Cult-Crypto-Club-00229.png","65242637250b1b17","https://opensea.io/assets/ethereum/0xbe85fbd182af91290be7293438ae67549638189f/229","[{""trait_type"":""Background"",""value"":""Mandala 1""},{""trait_type"":""Face"",""value"":""Smiley Face (Pink)""},{""trait_type"":""Accessory"",""value"":""Butterfly Wings""},{""trait_type"":""Hat"",""value"":""Carosoul Crown""},{""trait_type"":""Body"",""value"":""Tanktop Mermaid""}]"
"230","00230","","","ipfs://QmXpXg2KDaqtFwFutCx11Lib4BJ86RPkUpkxCJJCDSc5SL/230","https://ipfs.io/ipfs/QmXpXg2KDaqtFwFutCx11Lib4BJ86RPkUpkxCJJCDSc5SL/230","ipfs://QmWNWmgdMtxpyofvTSVRFjzTugo71Q6WDy3Wq62pCeawUz/230","https://ipfs.io/ipfs/QmWNWmgdMtxpyofvTSVRFjzTugo71Q6WDy3Wq62pCeawUz/230","D:\github\ron-english-light-cult-0001-1000\data\generated\light-cult-image-match-powershell-only\run-20260514-150810\reference-images\Light-Cult-Crypto-Club-00230.png","0e0f07070707071f","https://opensea.io/assets/ethereum/0xbe85fbd182af91290be7293438ae67549638189f/230","[{""trait_type"":""Background"",""value"":""Mandala 14""},{""trait_type"":""Face"",""value"":""Basic (Yellow)""},{""trait_type"":""Body"",""value"":""Red Guitar""}]"
"231","00231","","","ipfs://QmXpXg2KDaqtFwFutCx11Lib4BJ86RPkUpkxCJJCDSc5SL/231","https://ipfs.io/ipfs/QmXpXg2KDaqtFwFutCx11Lib4BJ86RPkUpkxCJJCDSc5SL/231","ipfs://QmWNWmgdMtxpyofvTSVRFjzTugo71Q6WDy3Wq62pCeawUz/231","https://ipfs.io/ipfs/QmWNWmgdMtxpyofvTSVRFjzTugo71Q6WDy3Wq62pCeawUz/231","D:\github\ron-english-light-cult-0001-1000\data\generated\light-cult-image-match-powershell-only\run-20260514-150810\reference-images\Light-Cult-Crypto-Club-00231.png","4642707064523178","https://opensea.io/assets/ethereum/0xbe85fbd182af91290be7293438ae67549638189f/231","[{""trait_type"":""Background"",""value"":""Pink""},{""trait_type"":""Face"",""value"":""Basic (Yellow)""},{""trait_type"":""Accessory"",""value"":""Heart Earrings""},{""trait_type"":""Body"",""value"":""Overalls Red""}]"
"232","00232","","","ipfs://QmXpXg2KDaqtFwFutCx11Lib4BJ86RPkUpkxCJJCDSc5SL/232","https://ipfs.io/ipfs/QmXpXg2KDaqtFwFutCx11Lib4BJ86RPkUpkxCJJCDSc5SL/232","ipfs://QmWNWmgdMtxpyofvTSVRFjzTugo71Q6WDy3Wq62pCeawUz/232","https://ipfs.io/ipfs/QmWNWmgdMtxpyofvTSVRFjzTugo71Q6WDy3Wq62pCeawUz/232","D:\github\ron-english-light-cult-0001-1000\data\generated\light-cult-image-match-powershell-only\run-20260514-150810\reference-images\Light-Cult-Crypto-Club-00232.png","1b12263666383117","https://opensea.io/assets/ethereum/0xbe85fbd182af91290be7293438ae67549638189f/232","[{""trait_type"":""Background"",""value"":""Rainbow""},{""trait_type"":""Face"",""value"":""Basic (Pink)""},{""trait_type"":""Hat"",""value"":""Sombrero""},{""trait_type"":""Body"",""value"":""Tanktop Mermaid""}]"
"233","00233","","","ipfs://QmXpXg2KDaqtFwFutCx11Lib4BJ86RPkUpkxCJJCDSc5SL/233","https://ipfs.io/ipfs/QmXpXg2KDaqtFwFutCx11Lib4BJ86RPkUpkxCJJCDSc5SL/233","ipfs://QmWNWmgdMtxpyofvTSVRFjzTugo71Q6WDy3Wq62pCeawUz/233","https://ipfs.io/ipfs/QmWNWmgdMtxpyofvTSVRFjzTugo71Q6WDy3Wq62pCeawUz/233","D:\github\ron-english-light-cult-0001-1000\data\generated\light-cult-image-match-powershell-only\run-20260514-150810\reference-images\Light-Cult-Crypto-Club-00233.png","06070f0f0f250f07","https://opensea.io/assets/ethereum/0xbe85fbd182af91290be7293438ae67549638189f/233","[{""trait_type"":""Background"",""value"":""Mandala 12""},{""trait_type"":""Face"",""value"":""Diaper Mask""},{""trait_type"":""Hat"",""value"":""Fez - Double Donkey""}]"
"234","00234","","","ipfs://QmXpXg2KDaqtFwFutCx11Lib4BJ86RPkUpkxCJJCDSc5SL/234","https://ipfs.io/ipfs/QmXpXg2KDaqtFwFutCx11Lib4BJ86RPkUpkxCJJCDSc5SL/234","ipfs://QmWNWmgdMtxpyofvTSVRFjzTugo71Q6WDy3Wq62pCeawUz/234","https://ipfs.io/ipfs/QmWNWmgdMtxpyofvTSVRFjzTugo71Q6WDy3Wq62pCeawUz/234","D:\github\ron-english-light-cult-0001-1000\data\generated\light-cult-image-match-powershell-only\run-20260514-150810\reference-images\Light-Cult-Crypto-Club-00234.png","060f073131071f1f","https://opensea.io/assets/ethereum/0xbe85fbd182af91290be7293438ae67549638189f/234","[{""trait_type"":""Background"",""value"":""Mandala 6""},{""trait_type"":""Face"",""value"":""Basic (Red)""},{""trait_type"":""Hat"",""value"":""Beanie Red""},{""trait_type"":""Body"",""value"":""Brown Guitar""}]"
"235","00235","","","ipfs://QmXpXg2KDaqtFwFutCx11Lib4BJ86RPkUpkxCJJCDSc5SL/235","https://ipfs.io/ipfs/QmXpXg2KDaqtFwFutCx11Lib4BJ86RPkUpkxCJJCDSc5SL/235","ipfs://QmWNWmgdMtxpyofvTSVRFjzTugo71Q6WDy3Wq62pCeawUz/235","https://ipfs.io/ipfs/QmWNWmgdMtxpyofvTSVRFjzTugo71Q6WDy3Wq62pCeawUz/235","D:\github\ron-english-light-cult-0001-1000\data\generated\light-cult-image-match-powershell-only\run-20260514-150810\reference-images\Light-Cult-Crypto-Club-00235.png","05050f0f0d0b1b17","https://opensea.io/assets/ethereum/0xbe85fbd182af91290be7293438ae67549638189f/235","[{""trait_type"":""Background"",""value"":""Mandala 10""},{""trait_type"":""Face"",""value"":""Basic (Pink)""},{""trait_type"":""Hat"",""value"":""Fez - StarSkull""},{""trait_type"":""Body"",""value"":""Tanktop Tree""}]"
"236","00236","","","ipfs://QmXpXg2KDaqtFwFutCx11Lib4BJ86RPkUpkxCJJCDSc5SL/236","https://ipfs.io/ipfs/QmXpXg2KDaqtFwFutCx11Lib4BJ86RPkUpkxCJJCDSc5SL/236","ipfs://QmWNWmgdMtxpyofvTSVRFjzTugo71Q6WDy3Wq62pCeawUz/236","https://gateway.pinata.cloud/ipfs/QmWNWmgdMtxpyofvTSVRFjzTugo71Q6WDy3Wq62pCeawUz/236","D:\github\ron-english-light-cult-0001-1000\data\generated\light-cult-image-match-powershell-only\run-20260514-150810\reference-images\Light-Cult-Crypto-Club-00236.png","04070f0f07040717","https://opensea.io/assets/ethereum/0xbe85fbd182af91290be7293438ae67549638189f/236","[{""trait_type"":""Background"",""value"":""Mandala 7""},{""trait_type"":""Face"",""value"":""Loch Ness Bowl""},{""trait_type"":""Body"",""value"":""LightBulb Guitar""}]"
"237","00237","","","ipfs://QmXpXg2KDaqtFwFutCx11Lib4BJ86RPkUpkxCJJCDSc5SL/237","https://ipfs.io/ipfs/QmXpXg2KDaqtFwFutCx11Lib4BJ86RPkUpkxCJJCDSc5SL/237","ipfs://QmWNWmgdMtxpyofvTSVRFjzTugo71Q6WDy3Wq62pCeawUz/237","https://ipfs.io/ipfs/QmWNWmgdMtxpyofvTSVRFjzTugo71Q6WDy3Wq62pCeawUz/237","D:\github\ron-english-light-cult-0001-1000\data\generated\light-cult-image-match-powershell-only\run-20260514-150810\reference-images\Light-Cult-Crypto-Club-00237.png","2539311b0f463131","https://opensea.io/assets/ethereum/0xbe85fbd182af91290be7293438ae67549638189f/237","[{""trait_type"":""Status"",""value"":""Rare""},{""trait_type"":""Collection"",""value"":""Sugar Diabetic Bear""},{""trait_type"":""Variant"",""value"":""SD - V6""}]"
"238","00238","","","ipfs://QmXpXg2KDaqtFwFutCx11Lib4BJ86RPkUpkxCJJCDSc5SL/238","https://ipfs.io/ipfs/QmXpXg2KDaqtFwFutCx11Lib4BJ86RPkUpkxCJJCDSc5SL/238","ipfs://QmWNWmgdMtxpyofvTSVRFjzTugo71Q6WDy3Wq62pCeawUz/238","https://ipfs.io/ipfs/QmWNWmgdMtxpyofvTSVRFjzTugo71Q6WDy3Wq62pCeawUz/238","D:\github\ron-english-light-cult-0001-1000\data\generated\light-cult-image-match-powershell-only\run-20260514-150810\reference-images\Light-Cult-Crypto-Club-00238.png","4613393131135064","https://opensea.io/assets/ethereum/0xbe85fbd182af91290be7293438ae67549638189f/238","[{""trait_type"":""Background"",""value"":""Light Blue""},{""trait_type"":""Face"",""value"":""Ship n Bowl""},{""trait_type"":""Hat"",""value"":""Unicorn Crown""},{""trait_type"":""Body"",""value"":""Snake Cage""}]"
"240","00240","","","ipfs://QmXpXg2KDaqtFwFutCx11Lib4BJ86RPkUpkxCJJCDSc5SL/240","https://ipfs.io/ipfs/QmXpXg2KDaqtFwFutCx11Lib4BJ86RPkUpkxCJJCDSc5SL/240","ipfs://QmWNWmgdMtxpyofvTSVRFjzTugo71Q6WDy3Wq62pCeawUz/240","https://ipfs.io/ipfs/QmWNWmgdMtxpyofvTSVRFjzTugo71Q6WDy3Wq62pCeawUz/240","D:\github\ron-english-light-cult-0001-1000\data\generated\light-cult-image-match-powershell-only\run-20260514-150810\reference-images\Light-Cult-Crypto-Club-00240.png","46070f1b1b1b1307","https://opensea.io/assets/ethereum/0xbe85fbd182af91290be7293438ae67549638189f/240","[{""trait_type"":""Background"",""value"":""Red""},{""trait_type"":""Face"",""value"":""Jesus Bowl""}]"
"241","00241","","","ipfs://QmXpXg2KDaqtFwFutCx11Lib4BJ86RPkUpkxCJJCDSc5SL/241","https://ipfs.io/ipfs/QmXpXg2KDaqtFwFutCx11Lib4BJ86RPkUpkxCJJCDSc5SL/241","ipfs://QmWNWmgdMtxpyofvTSVRFjzTugo71Q6WDy3Wq62pCeawUz/241","https://ipfs.io/ipfs/QmWNWmgdMtxpyofvTSVRFjzTugo71Q6WDy3Wq62pCeawUz/241","D:\github\ron-english-light-cult-0001-1000\data\generated\light-cult-image-match-powershell-only\run-20260514-150810\reference-images\Light-Cult-Crypto-Club-00241.png","04070731311b0f07","https://opensea.io/assets/ethereum/0xbe85fbd182af91290be7293438ae67549638189f/241","[{""trait_type"":""Background"",""value"":""Mandala 6""},{""trait_type"":""Face"",""value"":""Basic (Red)""},{""trait_type"":""Hat"",""value"":""Fez - Machete""},{""trait_type"":""Body"",""value"":""Light Bulb Rib""}]"
"242","00242","","","ipfs://QmXpXg2KDaqtFwFutCx11Lib4BJ86RPkUpkxCJJCDSc5SL/242","https://ipfs.io/ipfs/QmXpXg2KDaqtFwFutCx11Lib4BJ86RPkUpkxCJJCDSc5SL/242","ipfs://QmWNWmgdMtxpyofvTSVRFjzTugo71Q6WDy3Wq62pCeawUz/242","https://ipfs.io/ipfs/QmWNWmgdMtxpyofvTSVRFjzTugo71Q6WDy3Wq62pCeawUz/242","D:\github\ron-english-light-cult-0001-1000\data\generated\light-cult-image-match-powershell-only\run-20260514-150810\reference-images\Light-Cult-Crypto-Club-00242.png","5a787031311b5246","https://opensea.io/assets/ethereum/0xbe85fbd182af91290be7293438ae67549638189f/242","[{""trait_type"":""Background"",""value"":""Yellow""},{""trait_type"":""Face"",""value"":""StarSkull Light Blue Face""},{""trait_type"":""Accessory"",""value"":""Groucho Glasses""},{""trait_type"":""Hat"",""value"":""Helmet - Yellow""}]"
"243","00243","","","ipfs://QmXpXg2KDaqtFwFutCx11Lib4BJ86RPkUpkxCJJCDSc5SL/243","https://ipfs.io/ipfs/QmXpXg2KDaqtFwFutCx11Lib4BJ86RPkUpkxCJJCDSc5SL/243","ipfs://QmWNWmgdMtxpyofvTSVRFjzTugo71Q6WDy3Wq62pCeawUz/243","https://ipfs.io/ipfs/QmWNWmgdMtxpyofvTSVRFjzTugo71Q6WDy3Wq62pCeawUz/243","D:\github\ron-english-light-cult-0001-1000\data\generated\light-cult-image-match-powershell-only\run-20260514-150810\reference-images\Light-Cult-Crypto-Club-00243.png","06090d0d070b1b17","https://opensea.io/assets/ethereum/0xbe85fbd182af91290be7293438ae67549638189f/243","[{""trait_type"":""Background"",""value"":""Mandala 7""},{""trait_type"":""Face"",""value"":""Basic (Yellow)""},{""trait_type"":""Body"",""value"":""Tanktop Eye""}]"
"244","00244","","","ipfs://QmXpXg2KDaqtFwFutCx11Lib4BJ86RPkUpkxCJJCDSc5SL/244","https://ipfs.io/ipfs/QmXpXg2KDaqtFwFutCx11Lib4BJ86RPkUpkxCJJCDSc5SL/244","ipfs://QmWNWmgdMtxpyofvTSVRFjzTugo71Q6WDy3Wq62pCeawUz/244","https://ipfs.io/ipfs/QmWNWmgdMtxpyofvTSVRFjzTugo71Q6WDy3Wq62pCeawUz/244","D:\github\ron-english-light-cult-0001-1000\data\generated\light-cult-image-match-powershell-only\run-20260514-150810\reference-images\Light-Cult-Crypto-Club-00244.png","0e070f0f0f070707","https://opensea.io/assets/ethereum/0xbe85fbd182af91290be7293438ae67549638189f/244","[{""trait_type"":""Background"",""value"":""Mandala 2""},{""trait_type"":""Face"",""value"":""Whale Bowl""},{""trait_type"":""Hat"",""value"":""Alien Sombrero""}]"
"245","00245","","","ipfs://QmXpXg2KDaqtFwFutCx11Lib4BJ86RPkUpkxCJJCDSc5SL/245","https://ipfs.io/ipfs/QmXpXg2KDaqtFwFutCx11Lib4BJ86RPkUpkxCJJCDSc5SL/245","ipfs://QmWNWmgdMtxpyofvTSVRFjzTugo71Q6WDy3Wq62pCeawUz/245","https://ipfs.io/ipfs/QmWNWmgdMtxpyofvTSVRFjzTugo71Q6WDy3Wq62pCeawUz/245","D:\github\ron-english-light-cult-0001-1000\data\generated\light-cult-image-match-powershell-only\run-20260514-150810\reference-images\Light-Cult-Crypto-Club-00245.png","060f0f070707070f","https://opensea.io/assets/ethereum/0xbe85fbd182af91290be7293438ae67549638189f/245","[{""trait_type"":""Background"",""value"":""Mandala 2""},{""trait_type"":""Face"",""value"":""Blue Mask""},{""trait_type"":""Hat"",""value"":""Police - Skull""}]"
"246","00246","","","ipfs://QmXpXg2KDaqtFwFutCx11Lib4BJ86RPkUpkxCJJCDSc5SL/246","https://ipfs.io/ipfs/QmXpXg2KDaqtFwFutCx11Lib4BJ86RPkUpkxCJJCDSc5SL/246","ipfs://QmWNWmgdMtxpyofvTSVRFjzTugo71Q6WDy3Wq62pCeawUz/246","https://ipfs.io/ipfs/QmWNWmgdMtxpyofvTSVRFjzTugo71Q6WDy3Wq62pCeawUz/246","D:\github\ron-english-light-cult-0001-1000\data\generated\light-cult-image-match-powershell-only\run-20260514-150810\reference-images\Light-Cult-Crypto-Club-00246.png","06070f07464e070f","https://opensea.io/assets/ethereum/0xbe85fbd182af91290be7293438ae67549638189f/246","[{""trait_type"":""Background"",""value"":""Mandala 10""},{""trait_type"":""Face"",""value"":""Smiley Face (Pink)""},{""trait_type"":""Accessory"",""value"":""Water Spout""},{""trait_type"":""Hat"",""value"":""Fez - Machete""}]"
"247","00247","","","ipfs://QmXpXg2KDaqtFwFutCx11Lib4BJ86RPkUpkxCJJCDSc5SL/247","https://ipfs.io/ipfs/QmXpXg2KDaqtFwFutCx11Lib4BJ86RPkUpkxCJJCDSc5SL/247","ipfs://QmWNWmgdMtxpyofvTSVRFjzTugo71Q6WDy3Wq62pCeawUz/247","https://ipfs.io/ipfs/QmWNWmgdMtxpyofvTSVRFjzTugo71Q6WDy3Wq62pCeawUz/247","D:\github\ron-english-light-cult-0001-1000\data\generated\light-cult-image-match-powershell-only\run-20260514-150810\reference-images\Light-Cult-Crypto-Club-00247.png","5a5a393139787078","https://opensea.io/assets/ethereum/0xbe85fbd182af91290be7293438ae67549638189f/247","[{""trait_type"":""Background"",""value"":""Yellow""},{""trait_type"":""Face"",""value"":""StarSkull Red Face""},{""trait_type"":""Accessory"",""value"":""Groucho Glasses""},{""trait_type"":""Hat"",""value"":""Fez - StarSkull""},{""trait_type"":""Body"",""value"":""Cloud Body""}]"
"249","00249","","","ipfs://QmXpXg2KDaqtFwFutCx11Lib4BJ86RPkUpkxCJJCDSc5SL/249","https://ipfs.io/ipfs/QmXpXg2KDaqtFwFutCx11Lib4BJ86RPkUpkxCJJCDSc5SL/249","ipfs://QmWNWmgdMtxpyofvTSVRFjzTugo71Q6WDy3Wq62pCeawUz/249","https://ipfs.io/ipfs/QmWNWmgdMtxpyofvTSVRFjzTugo71Q6WDy3Wq62pCeawUz/249","D:\github\ron-english-light-cult-0001-1000\data\generated\light-cult-image-match-powershell-only\run-20260514-150810\reference-images\Light-Cult-Crypto-Club-00249.png","7030b9c646193868","https://opensea.io/assets/ethereum/0xbe85fbd182af91290be7293438ae67549638189f/249","[{""trait_type"":""Background"",""value"":""Pink""},{""trait_type"":""Face"",""value"":""Basic (Yellow)""},{""trait_type"":""Accessory"",""value"":""Dragon Wings""},{""trait_type"":""Hat"",""value"":""Pink Military""},{""trait_type"":""Body"",""value"":""Sweater Scarf""}]"
"250","00250","","","ipfs://QmXpXg2KDaqtFwFutCx11Lib4BJ86RPkUpkxCJJCDSc5SL/250","https://ipfs.io/ipfs/QmXpXg2KDaqtFwFutCx11Lib4BJ86RPkUpkxCJJCDSc5SL/250","ipfs://QmWNWmgdMtxpyofvTSVRFjzTugo71Q6WDy3Wq62pCeawUz/250","https://ipfs.io/ipfs/QmWNWmgdMtxpyofvTSVRFjzTugo71Q6WDy3Wq62pCeawUz/250","D:\github\ron-english-light-cult-0001-1000\data\generated\light-cult-image-match-powershell-only\run-20260514-150810\reference-images\Light-Cult-Crypto-Club-00250.png","5a5a78296d727a70","https://opensea.io/assets/ethereum/0xbe85fbd182af91290be7293438ae67549638189f/250","[{""trait_type"":""Background"",""value"":""Pink""},{""trait_type"":""Face"",""value"":""Diaper Mask""},{""trait_type"":""Hat"",""value"":""Fez - Double Donkey""},{""trait_type"":""Body"",""value"":""Brown Guitar""}]"
"251","00251","","","ipfs://QmXpXg2KDaqtFwFutCx11Lib4BJ86RPkUpkxCJJCDSc5SL/251","https://ipfs.io/ipfs/QmXpXg2KDaqtFwFutCx11Lib4BJ86RPkUpkxCJJCDSc5SL/251","ipfs://QmWNWmgdMtxpyofvTSVRFjzTugo71Q6WDy3Wq62pCeawUz/251","https://ipfs.io/ipfs/QmWNWmgdMtxpyofvTSVRFjzTugo71Q6WDy3Wq62pCeawUz/251","D:\github\ron-english-light-cult-0001-1000\data\generated\light-cult-image-match-powershell-only\run-20260514-150810\reference-images\Light-Cult-Crypto-Club-00251.png","06070f070f0b1b13","https://opensea.io/assets/ethereum/0xbe85fbd182af91290be7293438ae67549638189f/251","[{""trait_type"":""Background"",""value"":""Mandala 2""},{""trait_type"":""Face"",""value"":""Basic (Light Blue)""},{""trait_type"":""Hat"",""value"":""Fez - Machete""},{""trait_type"":""Body"",""value"":""Tanktop""}]"
"252","00252","","","ipfs://QmXpXg2KDaqtFwFutCx11Lib4BJ86RPkUpkxCJJCDSc5SL/252","https://ipfs.io/ipfs/QmXpXg2KDaqtFwFutCx11Lib4BJ86RPkUpkxCJJCDSc5SL/252","ipfs://QmWNWmgdMtxpyofvTSVRFjzTugo71Q6WDy3Wq62pCeawUz/252","https://ipfs.io/ipfs/QmWNWmgdMtxpyofvTSVRFjzTugo71Q6WDy3Wq62pCeawUz/252","D:\github\ron-english-light-cult-0001-1000\data\generated\light-cult-image-match-powershell-only\run-20260514-150810\reference-images\Light-Cult-Crypto-Club-00252.png","0407070707070f07","https://opensea.io/assets/ethereum/0xbe85fbd182af91290be7293438ae67549638189f/252","[{""trait_type"":""Background"",""value"":""Mandala 4""},{""trait_type"":""Face"",""value"":""Basic (Yellow)""},{""trait_type"":""Accessory"",""value"":""Groucho Glasses""},{""trait_type"":""Hat"",""value"":""Cowboy Hat""}]"
"253","00253","","","ipfs://QmXpXg2KDaqtFwFutCx11Lib4BJ86RPkUpkxCJJCDSc5SL/253","https://ipfs.io/ipfs/QmXpXg2KDaqtFwFutCx11Lib4BJ86RPkUpkxCJJCDSc5SL/253","ipfs://QmWNWmgdMtxpyofvTSVRFjzTugo71Q6WDy3Wq62pCeawUz/253","https://ipfs.io/ipfs/QmWNWmgdMtxpyofvTSVRFjzTugo71Q6WDy3Wq62pCeawUz/253","D:\github\ron-english-light-cult-0001-1000\data\generated\light-cult-image-match-powershell-only\run-20260514-150810\reference-images\Light-Cult-Crypto-Club-00253.png","4607133111131b13","https://opensea.io/assets/ethereum/0xbe85fbd182af91290be7293438ae67549638189f/253","[{""trait_type"":""Background"",""value"":""Red""},{""trait_type"":""Face"",""value"":""Basic (Light Blue)""},{""trait_type"":""Body"",""value"":""Dino Body""}]"
"254","00254","","","ipfs://QmXpXg2KDaqtFwFutCx11Lib4BJ86RPkUpkxCJJCDSc5SL/254","https://ipfs.io/ipfs/QmXpXg2KDaqtFwFutCx11Lib4BJ86RPkUpkxCJJCDSc5SL/254","ipfs://QmWNWmgdMtxpyofvTSVRFjzTugo71Q6WDy3Wq62pCeawUz/254","https://ipfs.io/ipfs/QmWNWmgdMtxpyofvTSVRFjzTugo71Q6WDy3Wq62pCeawUz/254","D:\github\ron-english-light-cult-0001-1000\data\generated\light-cult-image-match-powershell-only\run-20260514-150810\reference-images\Light-Cult-Crypto-Club-00254.png","040607070f070f0f","https://opensea.io/assets/ethereum/0xbe85fbd182af91290be7293438ae67549638189f/254","[{""trait_type"":""Background"",""value"":""Mandala 8""},{""trait_type"":""Face"",""value"":""Basic (Light Blue)""},{""trait_type"":""Accessory"",""value"":""Groucho Glasses""},{""trait_type"":""Hat"",""value"":""Beanie Red""}]"
"255","00255","","","ipfs://QmXpXg2KDaqtFwFutCx11Lib4BJ86RPkUpkxCJJCDSc5SL/255","https://ipfs.io/ipfs/QmXpXg2KDaqtFwFutCx11Lib4BJ86RPkUpkxCJJCDSc5SL/255","ipfs://QmWNWmgdMtxpyofvTSVRFjzTugo71Q6WDy3Wq62pCeawUz/255","https://ipfs.io/ipfs/QmWNWmgdMtxpyofvTSVRFjzTugo71Q6WDy3Wq62pCeawUz/255","D:\github\ron-english-light-cult-0001-1000\data\generated\light-cult-image-match-powershell-only\run-20260514-150810\reference-images\Light-Cult-Crypto-Club-00255.png","0e0f39311b0f1113","https://opensea.io/assets/ethereum/0xbe85fbd182af91290be7293438ae67549638189f/255","[{""trait_type"":""Background"",""value"":""Mandala 11""},{""trait_type"":""Face"",""value"":""StarSkull Red Face""},{""trait_type"":""Accessory"",""value"":""Broken Bulb Earrings""},{""trait_type"":""Hat"",""value"":""Police - Brain""}]"
"256","00256","","","ipfs://QmXpXg2KDaqtFwFutCx11Lib4BJ86RPkUpkxCJJCDSc5SL/256","https://ipfs.io/ipfs/QmXpXg2KDaqtFwFutCx11Lib4BJ86RPkUpkxCJJCDSc5SL/256","ipfs://QmWNWmgdMtxpyofvTSVRFjzTugo71Q6WDy3Wq62pCeawUz/256","https://ipfs.io/ipfs/QmWNWmgdMtxpyofvTSVRFjzTugo71Q6WDy3Wq62pCeawUz/256","D:\github\ron-english-light-cult-0001-1000\data\generated\light-cult-image-match-powershell-only\run-20260514-150810\reference-images\Light-Cult-Crypto-Club-00256.png","5252707070707070","https://opensea.io/assets/ethereum/0xbe85fbd182af91290be7293438ae67549638189f/256","[{""trait_type"":""Background"",""value"":""Pink""},{""trait_type"":""Face"",""value"":""Smiley Face (Yellow)""},{""trait_type"":""Accessory"",""value"":""Petal Bulb Earrings""},{""trait_type"":""Hat"",""value"":""Unicorn Crown""},{""trait_type"":""Body"",""value"":""Tanktop""}]"
"260","00260","","","ipfs://QmXpXg2KDaqtFwFutCx11Lib4BJ86RPkUpkxCJJCDSc5SL/260","https://ipfs.io/ipfs/QmXpXg2KDaqtFwFutCx11Lib4BJ86RPkUpkxCJJCDSc5SL/260","ipfs://QmWNWmgdMtxpyofvTSVRFjzTugo71Q6WDy3Wq62pCeawUz/260","https://ipfs.io/ipfs/QmWNWmgdMtxpyofvTSVRFjzTugo71Q6WDy3Wq62pCeawUz/260","D:\github\ron-english-light-cult-0001-1000\data\generated\light-cult-image-match-powershell-only\run-20260514-150810\reference-images\Light-Cult-Crypto-Club-00260.png","06070707070f0f0f","https://opensea.io/assets/ethereum/0xbe85fbd182af91290be7293438ae67549638189f/260","[{""trait_type"":""Background"",""value"":""Mandala 5""},{""trait_type"":""Face"",""value"":""Smiley Face (Yellow)""},{""trait_type"":""Body"",""value"":""Light Bulb Rib""}]"
"261","00261","","","ipfs://QmXpXg2KDaqtFwFutCx11Lib4BJ86RPkUpkxCJJCDSc5SL/261","https://ipfs.io/ipfs/QmXpXg2KDaqtFwFutCx11Lib4BJ86RPkUpkxCJJCDSc5SL/261","ipfs://QmWNWmgdMtxpyofvTSVRFjzTugo71Q6WDy3Wq62pCeawUz/261","https://ipfs.io/ipfs/QmWNWmgdMtxpyofvTSVRFjzTugo71Q6WDy3Wq62pCeawUz/261","D:\github\ron-english-light-cult-0001-1000\data\generated\light-cult-image-match-powershell-only\run-20260514-150810\reference-images\Light-Cult-Crypto-Club-00261.png","060f460746070e07","https://opensea.io/assets/ethereum/0xbe85fbd182af91290be7293438ae67549638189f/261","[{""trait_type"":""Background"",""value"":""Mandala 19""},{""trait_type"":""Face"",""value"":""Smiley Face (Pink)""}]"
"262","00262","","","ipfs://QmXpXg2KDaqtFwFutCx11Lib4BJ86RPkUpkxCJJCDSc5SL/262","https://ipfs.io/ipfs/QmXpXg2KDaqtFwFutCx11Lib4BJ86RPkUpkxCJJCDSc5SL/262","ipfs://QmWNWmgdMtxpyofvTSVRFjzTugo71Q6WDy3Wq62pCeawUz/262","https://ipfs.io/ipfs/QmWNWmgdMtxpyofvTSVRFjzTugo71Q6WDy3Wq62pCeawUz/262","D:\github\ron-english-light-cult-0001-1000\data\generated\light-cult-image-match-powershell-only\run-20260514-150810\reference-images\Light-Cult-Crypto-Club-00262.png","4452682c311b5246","https://opensea.io/assets/ethereum/0xbe85fbd182af91290be7293438ae67549638189f/262","[{""trait_type"":""Background"",""value"":""Yellow""},{""trait_type"":""Face"",""value"":""Quack Bowl""}]"
"263","00263","","","ipfs://QmXpXg2KDaqtFwFutCx11Lib4BJ86RPkUpkxCJJCDSc5SL/263","https://ipfs.io/ipfs/QmXpXg2KDaqtFwFutCx11Lib4BJ86RPkUpkxCJJCDSc5SL/263","ipfs://QmWNWmgdMtxpyofvTSVRFjzTugo71Q6WDy3Wq62pCeawUz/263","https://ipfs.io/ipfs/QmWNWmgdMtxpyofvTSVRFjzTugo71Q6WDy3Wq62pCeawUz/263","D:\github\ron-english-light-cult-0001-1000\data\generated\light-cult-image-match-powershell-only\run-20260514-150810\reference-images\Light-Cult-Crypto-Club-00263.png","52783939391b5246","https://opensea.io/assets/ethereum/0xbe85fbd182af91290be7293438ae67549638189f/263","[{""trait_type"":""Background"",""value"":""Yellow""},{""trait_type"":""Face"",""value"":""Octopus Bowl""},{""trait_type"":""Hat"",""value"":""Police - Brain""}]"
"264","00264","","","ipfs://QmXpXg2KDaqtFwFutCx11Lib4BJ86RPkUpkxCJJCDSc5SL/264","https://ipfs.io/ipfs/QmXpXg2KDaqtFwFutCx11Lib4BJ86RPkUpkxCJJCDSc5SL/264","ipfs://QmWNWmgdMtxpyofvTSVRFjzTugo71Q6WDy3Wq62pCeawUz/264","https://ipfs.io/ipfs/QmWNWmgdMtxpyofvTSVRFjzTugo71Q6WDy3Wq62pCeawUz/264","D:\github\ron-english-light-cult-0001-1000\data\generated\light-cult-image-match-powershell-only\run-20260514-150810\reference-images\Light-Cult-Crypto-Club-00264.png","5a587878395a3178","https://opensea.io/assets/ethereum/0xbe85fbd182af91290be7293438ae67549638189f/264","[{""trait_type"":""Background"",""value"":""Pink""},{""trait_type"":""Face"",""value"":""Octopus Bowl""},{""trait_type"":""Hat"",""value"":""Fez - Brain Bulb""},{""trait_type"":""Body"",""value"":""Overalls Red""}]"
"267","00267","","","ipfs://QmXpXg2KDaqtFwFutCx11Lib4BJ86RPkUpkxCJJCDSc5SL/267","https://ipfs.io/ipfs/QmXpXg2KDaqtFwFutCx11Lib4BJ86RPkUpkxCJJCDSc5SL/267","ipfs://QmWNWmgdMtxpyofvTSVRFjzTugo71Q6WDy3Wq62pCeawUz/267","https://ipfs.io/ipfs/QmWNWmgdMtxpyofvTSVRFjzTugo71Q6WDy3Wq62pCeawUz/267","D:\github\ron-english-light-cult-0001-1000\data\generated\light-cult-image-match-powershell-only\run-20260514-150810\reference-images\Light-Cult-Crypto-Club-00267.png","04070f0f07070707","https://opensea.io/assets/ethereum/0xbe85fbd182af91290be7293438ae67549638189f/267","[{""trait_type"":""Background"",""value"":""Mandala 9""},{""trait_type"":""Face"",""value"":""Goldfish Bowl""},{""trait_type"":""Hat"",""value"":""Cowboy Hat""}]"
"268","00268","","","ipfs://QmXpXg2KDaqtFwFutCx11Lib4BJ86RPkUpkxCJJCDSc5SL/268","https://ipfs.io/ipfs/QmXpXg2KDaqtFwFutCx11Lib4BJ86RPkUpkxCJJCDSc5SL/268","ipfs://QmWNWmgdMtxpyofvTSVRFjzTugo71Q6WDy3Wq62pCeawUz/268","https://ipfs.io/ipfs/QmWNWmgdMtxpyofvTSVRFjzTugo71Q6WDy3Wq62pCeawUz/268","D:\github\ron-english-light-cult-0001-1000\data\generated\light-cult-image-match-powershell-only\run-20260514-150810\reference-images\Light-Cult-Crypto-Club-00268.png","6452303939133178","https://opensea.io/assets/ethereum/0xbe85fbd182af91290be7293438ae67549638189f/268","[{""trait_type"":""Background"",""value"":""Yellow""},{""trait_type"":""Face"",""value"":""Smiley Face (Yellow)""},{""trait_type"":""Accessory"",""value"":""Goggles""},{""trait_type"":""Hat"",""value"":""Nurse Hat""},{""trait_type"":""Body"",""value"":""Overalls Red""}]"
"274","00274","","","ipfs://QmXpXg2KDaqtFwFutCx11Lib4BJ86RPkUpkxCJJCDSc5SL/274","https://ipfs.io/ipfs/QmXpXg2KDaqtFwFutCx11Lib4BJ86RPkUpkxCJJCDSc5SL/274","ipfs://QmWNWmgdMtxpyofvTSVRFjzTugo71Q6WDy3Wq62pCeawUz/274","https://ipfs.io/ipfs/QmWNWmgdMtxpyofvTSVRFjzTugo71Q6WDy3Wq62pCeawUz/274","D:\github\ron-english-light-cult-0001-1000\data\generated\light-cult-image-match-powershell-only\run-20260514-150810\reference-images\Light-Cult-Crypto-Club-00274.png","060707070707071f","https://opensea.io/assets/ethereum/0xbe85fbd182af91290be7293438ae67549638189f/274","[{""trait_type"":""Background"",""value"":""Mandala 3""},{""trait_type"":""Face"",""value"":""Smiley Face (Light Blue)""},{""trait_type"":""Body"",""value"":""Red Guitar""}]"
"276","00276","","","ipfs://QmXpXg2KDaqtFwFutCx11Lib4BJ86RPkUpkxCJJCDSc5SL/276","https://ipfs.io/ipfs/QmXpXg2KDaqtFwFutCx11Lib4BJ86RPkUpkxCJJCDSc5SL/276","ipfs://QmWNWmgdMtxpyofvTSVRFjzTugo71Q6WDy3Wq62pCeawUz/276","https://ipfs.io/ipfs/QmWNWmgdMtxpyofvTSVRFjzTugo71Q6WDy3Wq62pCeawUz/276","D:\github\ron-english-light-cult-0001-1000\data\generated\light-cult-image-match-powershell-only\run-20260514-150810\reference-images\Light-Cult-Crypto-Club-00276.png","52527031307b7870","https://opensea.io/assets/ethereum/0xbe85fbd182af91290be7293438ae67549638189f/276","[{""trait_type"":""Background"",""value"":""Pink""},{""trait_type"":""Face"",""value"":""Smiley Face (Yellow)""},{""trait_type"":""Hat"",""value"":""Unicorn Crown""},{""trait_type"":""Body"",""value"":""Woodstock Guitar""}]"
"277","00277","","","ipfs://QmXpXg2KDaqtFwFutCx11Lib4BJ86RPkUpkxCJJCDSc5SL/277","https://ipfs.io/ipfs/QmXpXg2KDaqtFwFutCx11Lib4BJ86RPkUpkxCJJCDSc5SL/277","ipfs://QmWNWmgdMtxpyofvTSVRFjzTugo71Q6WDy3Wq62pCeawUz/277","https://ipfs.io/ipfs/QmWNWmgdMtxpyofvTSVRFjzTugo71Q6WDy3Wq62pCeawUz/277","D:\github\ron-english-light-cult-0001-1000\data\generated\light-cult-image-match-powershell-only\run-20260514-150810\reference-images\Light-Cult-Crypto-Club-00277.png","0e0f0739070f0f07","https://opensea.io/assets/ethereum/0xbe85fbd182af91290be7293438ae67549638189f/277","[{""trait_type"":""Background"",""value"":""Mandala 13""},{""trait_type"":""Face"",""value"":""Slash Hat (Rabbbit)""}]"
"278","00278","","","ipfs://QmXpXg2KDaqtFwFutCx11Lib4BJ86RPkUpkxCJJCDSc5SL/278","https://ipfs.io/ipfs/QmXpXg2KDaqtFwFutCx11Lib4BJ86RPkUpkxCJJCDSc5SL/278","ipfs://QmWNWmgdMtxpyofvTSVRFjzTugo71Q6WDy3Wq62pCeawUz/278","https://ipfs.io/ipfs/QmWNWmgdMtxpyofvTSVRFjzTugo71Q6WDy3Wq62pCeawUz/278","D:\github\ron-english-light-cult-0001-1000\data\generated\light-cult-image-match-powershell-only\run-20260514-150810\reference-images\Light-Cult-Crypto-Club-00278.png","4607133131131307","https://opensea.io/assets/ethereum/0xbe85fbd182af91290be7293438ae67549638189f/278","[{""trait_type"":""Background"",""value"":""Red""},{""trait_type"":""Face"",""value"":""Basic (Light Blue)""},{""trait_type"":""Accessory"",""value"":""Ear Earrings""}]"
"279","00279","","","ipfs://QmXpXg2KDaqtFwFutCx11Lib4BJ86RPkUpkxCJJCDSc5SL/279","https://ipfs.io/ipfs/QmXpXg2KDaqtFwFutCx11Lib4BJ86RPkUpkxCJJCDSc5SL/279","ipfs://QmWNWmgdMtxpyofvTSVRFjzTugo71Q6WDy3Wq62pCeawUz/279","https://ipfs.io/ipfs/QmWNWmgdMtxpyofvTSVRFjzTugo71Q6WDy3Wq62pCeawUz/279","D:\github\ron-english-light-cult-0001-1000\data\generated\light-cult-image-match-powershell-only\run-20260514-150810\reference-images\Light-Cult-Crypto-Club-00279.png","00060f0f0f070f0b","https://opensea.io/assets/ethereum/0xbe85fbd182af91290be7293438ae67549638189f/279","[{""trait_type"":""Background"",""value"":""Mandala 8""},{""trait_type"":""Face"",""value"":""Tweety""}]"
"280","00280","","","ipfs://QmXpXg2KDaqtFwFutCx11Lib4BJ86RPkUpkxCJJCDSc5SL/280","https://ipfs.io/ipfs/QmXpXg2KDaqtFwFutCx11Lib4BJ86RPkUpkxCJJCDSc5SL/280","ipfs://QmWNWmgdMtxpyofvTSVRFjzTugo71Q6WDy3Wq62pCeawUz/280","https://ipfs.io/ipfs/QmWNWmgdMtxpyofvTSVRFjzTugo71Q6WDy3Wq62pCeawUz/280","D:\github\ron-english-light-cult-0001-1000\data\generated\light-cult-image-match-powershell-only\run-20260514-150810\reference-images\Light-Cult-Crypto-Club-00280.png","060f1b0707071f1f","https://opensea.io/assets/ethereum/0xbe85fbd182af91290be7293438ae67549638189f/280","[{""trait_type"":""Background"",""value"":""Mandala 6""},{""trait_type"":""Face"",""value"":""Basic (Light Blue)""},{""trait_type"":""Hat"",""value"":""Police - Grin (Blue)""},{""trait_type"":""Body"",""value"":""Brown Guitar""}]"
"281","00281","","","ipfs://QmXpXg2KDaqtFwFutCx11Lib4BJ86RPkUpkxCJJCDSc5SL/281","https://ipfs.io/ipfs/QmXpXg2KDaqtFwFutCx11Lib4BJ86RPkUpkxCJJCDSc5SL/281","ipfs://QmWNWmgdMtxpyofvTSVRFjzTugo71Q6WDy3Wq62pCeawUz/281","https://ipfs.io/ipfs/QmWNWmgdMtxpyofvTSVRFjzTugo71Q6WDy3Wq62pCeawUz/281","D:\github\ron-english-light-cult-0001-1000\data\generated\light-cult-image-match-powershell-only\run-20260514-150810\reference-images\Light-Cult-Crypto-Club-00281.png","f3f3f2f8dbdedce9","https://opensea.io/assets/ethereum/0xbe85fbd182af91290be7293438ae67549638189f/281","[{""trait_type"":""Status"",""value"":""Rare""},{""trait_type"":""Collection"",""value"":""Electric Mouse""},{""trait_type"":""Variant"",""value"":""PK - V9""}]"
"282","00282","","","ipfs://QmXpXg2KDaqtFwFutCx11Lib4BJ86RPkUpkxCJJCDSc5SL/282","https://ipfs.io/ipfs/QmXpXg2KDaqtFwFutCx11Lib4BJ86RPkUpkxCJJCDSc5SL/282","ipfs://QmWNWmgdMtxpyofvTSVRFjzTugo71Q6WDy3Wq62pCeawUz/282","https://ipfs.io/ipfs/QmWNWmgdMtxpyofvTSVRFjzTugo71Q6WDy3Wq62pCeawUz/282","D:\github\ron-english-light-cult-0001-1000\data\generated\light-cult-image-match-powershell-only\run-20260514-150810\reference-images\Light-Cult-Crypto-Club-00282.png","5842535a8231680e","https://opensea.io/assets/ethereum/0xbe85fbd182af91290be7293438ae67549638189f/282","[{""trait_type"":""Status"",""value"":""Rare""},{""trait_type"":""Collection"",""value"":""Flamingo Bulb""},{""trait_type"":""Variant"",""value"":""FO - V7""}]"
"285","00285","","","ipfs://QmXpXg2KDaqtFwFutCx11Lib4BJ86RPkUpkxCJJCDSc5SL/285","https://ipfs.io/ipfs/QmXpXg2KDaqtFwFutCx11Lib4BJ86RPkUpkxCJJCDSc5SL/285","ipfs://QmWNWmgdMtxpyofvTSVRFjzTugo71Q6WDy3Wq62pCeawUz/285","https://ipfs.io/ipfs/QmWNWmgdMtxpyofvTSVRFjzTugo71Q6WDy3Wq62pCeawUz/285","D:\github\ron-english-light-cult-0001-1000\data\generated\light-cult-image-match-powershell-only\run-20260514-150810\reference-images\Light-Cult-Crypto-Club-00285.png","010d4d070d0f1b17","https://opensea.io/assets/ethereum/0xbe85fbd182af91290be7293438ae67549638189f/285","[{""trait_type"":""Background"",""value"":""Black""},{""trait_type"":""Face"",""value"":""Smiley Face (Yellow)""},{""trait_type"":""Accessory"",""value"":""Dragon Wings""},{""trait_type"":""Hat"",""value"":""Police - Skull""},{""trait_type"":""Body"",""value"":""Tanktop Mermaid""}]"
"289","00289","","","ipfs://QmXpXg2KDaqtFwFutCx11Lib4BJ86RPkUpkxCJJCDSc5SL/289","https://ipfs.io/ipfs/QmXpXg2KDaqtFwFutCx11Lib4BJ86RPkUpkxCJJCDSc5SL/289","ipfs://QmWNWmgdMtxpyofvTSVRFjzTugo71Q6WDy3Wq62pCeawUz/289","https://ipfs.io/ipfs/QmWNWmgdMtxpyofvTSVRFjzTugo71Q6WDy3Wq62pCeawUz/289","D:\github\ron-english-light-cult-0001-1000\data\generated\light-cult-image-match-powershell-only\run-20260514-150810\reference-images\Light-Cult-Crypto-Club-00289.png","464270396d727e78","https://opensea.io/assets/ethereum/0xbe85fbd182af91290be7293438ae67549638189f/289","[{""trait_type"":""Background"",""value"":""Pink""},{""trait_type"":""Face"",""value"":""Diaper Mask""},{""trait_type"":""Body"",""value"":""Red Guitar""}]"
"292","00292","","","ipfs://QmXpXg2KDaqtFwFutCx11Lib4BJ86RPkUpkxCJJCDSc5SL/292","https://ipfs.io/ipfs/QmXpXg2KDaqtFwFutCx11Lib4BJ86RPkUpkxCJJCDSc5SL/292","ipfs://QmWNWmgdMtxpyofvTSVRFjzTugo71Q6WDy3Wq62pCeawUz/292","https://ipfs.io/ipfs/QmWNWmgdMtxpyofvTSVRFjzTugo71Q6WDy3Wq62pCeawUz/292","D:\github\ron-english-light-cult-0001-1000\data\generated\light-cult-image-match-powershell-only\run-20260514-150810\reference-images\Light-Cult-Crypto-Club-00292.png","46426870785a3178","https://opensea.io/assets/ethereum/0xbe85fbd182af91290be7293438ae67549638189f/292","[{""trait_type"":""Background"",""value"":""Pink""},{""trait_type"":""Face"",""value"":""Seamonkey Bowl""},{""trait_type"":""Body"",""value"":""Overalls Brown""}]"
"294","00294","","","ipfs://QmXpXg2KDaqtFwFutCx11Lib4BJ86RPkUpkxCJJCDSc5SL/294","https://ipfs.io/ipfs/QmXpXg2KDaqtFwFutCx11Lib4BJ86RPkUpkxCJJCDSc5SL/294","ipfs://QmWNWmgdMtxpyofvTSVRFjzTugo71Q6WDy3Wq62pCeawUz/294","https://ipfs.io/ipfs/QmWNWmgdMtxpyofvTSVRFjzTugo71Q6WDy3Wq62pCeawUz/294","D:\github\ron-english-light-cult-0001-1000\data\generated\light-cult-image-match-powershell-only\run-20260514-150810\reference-images\Light-Cult-Crypto-Club-00294.png","5a12363616113930","https://opensea.io/assets/ethereum/0xbe85fbd182af91290be7293438ae67549638189f/294","[{""trait_type"":""Background"",""value"":""Light Blue""},{""trait_type"":""Face"",""value"":""Blue Mask""},{""trait_type"":""Hat"",""value"":""Alien Sombrero""},{""trait_type"":""Body"",""value"":""Tanktop Sand""}]"
"296","00296","","","ipfs://QmXpXg2KDaqtFwFutCx11Lib4BJ86RPkUpkxCJJCDSc5SL/296","https://ipfs.io/ipfs/QmXpXg2KDaqtFwFutCx11Lib4BJ86RPkUpkxCJJCDSc5SL/296","ipfs://QmWNWmgdMtxpyofvTSVRFjzTugo71Q6WDy3Wq62pCeawUz/296","https://ipfs.io/ipfs/QmWNWmgdMtxpyofvTSVRFjzTugo71Q6WDy3Wq62pCeawUz/296","D:\github\ron-english-light-cult-0001-1000\data\generated\light-cult-image-match-powershell-only\run-20260514-150810\reference-images\Light-Cult-Crypto-Club-00296.png","060707070707070f","https://opensea.io/assets/ethereum/0xbe85fbd182af91290be7293438ae67549638189f/296","[{""trait_type"":""Status"",""value"":""Rare""},{""trait_type"":""Collection"",""value"":""Santa Claus""},{""trait_type"":""Variant"",""value"":""SC - V25""}]"
"297","00297","","","ipfs://QmXpXg2KDaqtFwFutCx11Lib4BJ86RPkUpkxCJJCDSc5SL/297","https://ipfs.io/ipfs/QmXpXg2KDaqtFwFutCx11Lib4BJ86RPkUpkxCJJCDSc5SL/297","ipfs://QmWNWmgdMtxpyofvTSVRFjzTugo71Q6WDy3Wq62pCeawUz/297","https://ipfs.io/ipfs/QmWNWmgdMtxpyofvTSVRFjzTugo71Q6WDy3Wq62pCeawUz/297","D:\github\ron-english-light-cult-0001-1000\data\generated\light-cult-image-match-powershell-only\run-20260514-150810\reference-images\Light-Cult-Crypto-Club-00297.png","060f462507071f1f","https://opensea.io/assets/ethereum/0xbe85fbd182af91290be7293438ae67549638189f/297","[{""trait_type"":""Background"",""value"":""Mandala 6""},{""trait_type"":""Face"",""value"":""Basic (Yellow)""},{""trait_type"":""Accessory"",""value"":""Fairy Wings""},{""trait_type"":""Body"",""value"":""Brown Guitar""}]"
"298","00298","","","ipfs://QmXpXg2KDaqtFwFutCx11Lib4BJ86RPkUpkxCJJCDSc5SL/298","https://ipfs.io/ipfs/QmXpXg2KDaqtFwFutCx11Lib4BJ86RPkUpkxCJJCDSc5SL/298","ipfs://QmWNWmgdMtxpyofvTSVRFjzTugo71Q6WDy3Wq62pCeawUz/298","https://ipfs.io/ipfs/QmWNWmgdMtxpyofvTSVRFjzTugo71Q6WDy3Wq62pCeawUz/298","D:\github\ron-english-light-cult-0001-1000\data\generated\light-cult-image-match-powershell-only\run-20260514-150810\reference-images\Light-Cult-Crypto-Club-00298.png","465a3134351b1970","https://opensea.io/assets/ethereum/0xbe85fbd182af91290be7293438ae67549638189f/298","[{""trait_type"":""Status"",""value"":""Rare""},{""trait_type"":""Collection"",""value"":""Logan""},{""trait_type"":""Variant"",""value"":""1O - V25""}]"
"299","00299","","","ipfs://QmXpXg2KDaqtFwFutCx11Lib4BJ86RPkUpkxCJJCDSc5SL/299","https://ipfs.io/ipfs/QmXpXg2KDaqtFwFutCx11Lib4BJ86RPkUpkxCJJCDSc5SL/299","ipfs://QmWNWmgdMtxpyofvTSVRFjzTugo71Q6WDy3Wq62pCeawUz/299","https://ipfs.io/ipfs/QmWNWmgdMtxpyofvTSVRFjzTugo71Q6WDy3Wq62pCeawUz/299","D:\github\ron-english-light-cult-0001-1000\data\generated\light-cult-image-match-powershell-only\run-20260514-150810\reference-images\Light-Cult-Crypto-Club-00299.png","04040e070e0e0c00","https://opensea.io/assets/ethereum/0xbe85fbd182af91290be7293438ae67549638189f/299","[{""trait_type"":""Background"",""value"":""Black""},{""trait_type"":""Face"",""value"":""Ugly Ed""},{""trait_type"":""Hat"",""value"":""Fez - StarSkull""}]"
"300","00300","","","ipfs://QmXpXg2KDaqtFwFutCx11Lib4BJ86RPkUpkxCJJCDSc5SL/300","https://ipfs.io/ipfs/QmXpXg2KDaqtFwFutCx11Lib4BJ86RPkUpkxCJJCDSc5SL/300","ipfs://QmWNWmgdMtxpyofvTSVRFjzTugo71Q6WDy3Wq62pCeawUz/300","https://ipfs.io/ipfs/QmWNWmgdMtxpyofvTSVRFjzTugo71Q6WDy3Wq62pCeawUz/300","D:\github\ron-english-light-cult-0001-1000\data\generated\light-cult-image-match-powershell-only\run-20260514-150810\reference-images\Light-Cult-Crypto-Club-00300.png","64075a31391b1307","https://opensea.io/assets/ethereum/0xbe85fbd182af91290be7293438ae67549638189f/300","[{""trait_type"":""Background"",""value"":""Light Blue""},{""trait_type"":""Face"",""value"":""Basic (Red)""},{""trait_type"":""Accessory"",""value"":""Water Spout""},{""trait_type"":""Hat"",""value"":""Nurse Hat""}]"
"303","00303","","","ipfs://QmXpXg2KDaqtFwFutCx11Lib4BJ86RPkUpkxCJJCDSc5SL/303","https://ipfs.io/ipfs/QmXpXg2KDaqtFwFutCx11Lib4BJ86RPkUpkxCJJCDSc5SL/303","ipfs://QmWNWmgdMtxpyofvTSVRFjzTugo71Q6WDy3Wq62pCeawUz/303","https://ipfs.io/ipfs/QmWNWmgdMtxpyofvTSVRFjzTugo71Q6WDy3Wq62pCeawUz/303","D:\github\ron-english-light-cult-0001-1000\data\generated\light-cult-image-match-powershell-only\run-20260514-150810\reference-images\Light-Cult-Crypto-Club-00303.png","5a5a303939135044","https://opensea.io/assets/ethereum/0xbe85fbd182af91290be7293438ae67549638189f/303","[{""trait_type"":""Background"",""value"":""Yellow""},{""trait_type"":""Face"",""value"":""Smiley Face (Light Blue)""},{""trait_type"":""Accessory"",""value"":""Goggles""},{""trait_type"":""Hat"",""value"":""Carosoul Crown""},{""trait_type"":""Body"",""value"":""Snake Cage""}]"
"305","00305","","","ipfs://QmXpXg2KDaqtFwFutCx11Lib4BJ86RPkUpkxCJJCDSc5SL/305","https://ipfs.io/ipfs/QmXpXg2KDaqtFwFutCx11Lib4BJ86RPkUpkxCJJCDSc5SL/305","ipfs://QmWNWmgdMtxpyofvTSVRFjzTugo71Q6WDy3Wq62pCeawUz/305","https://ipfs.io/ipfs/QmWNWmgdMtxpyofvTSVRFjzTugo71Q6WDy3Wq62pCeawUz/305","D:\github\ron-english-light-cult-0001-1000\data\generated\light-cult-image-match-powershell-only\run-20260514-150810\reference-images\Light-Cult-Crypto-Club-00305.png","46391b25131b1307","https://opensea.io/assets/ethereum/0xbe85fbd182af91290be7293438ae67549638189f/305","[{""trait_type"":""Background"",""value"":""Red""},{""trait_type"":""Face"",""value"":""Smiley Face (Pink)""},{""trait_type"":""Accessory"",""value"":""Winged Sunglasses""},{""trait_type"":""Hat"",""value"":""Police - Brain""}]"
"306","00306","","","ipfs://QmXpXg2KDaqtFwFutCx11Lib4BJ86RPkUpkxCJJCDSc5SL/306","https://ipfs.io/ipfs/QmXpXg2KDaqtFwFutCx11Lib4BJ86RPkUpkxCJJCDSc5SL/306","ipfs://QmWNWmgdMtxpyofvTSVRFjzTugo71Q6WDy3Wq62pCeawUz/306","https://ipfs.io/ipfs/QmWNWmgdMtxpyofvTSVRFjzTugo71Q6WDy3Wq62pCeawUz/306","D:\github\ron-english-light-cult-0001-1000\data\generated\light-cult-image-match-powershell-only\run-20260514-150810\reference-images\Light-Cult-Crypto-Club-00306.png","46133125031b192d","https://opensea.io/assets/ethereum/0xbe85fbd182af91290be7293438ae67549638189f/306","[{""trait_type"":""Background"",""value"":""Red""},{""trait_type"":""Face"",""value"":""Tweety Photo""},{""trait_type"":""Hat"",""value"":""Scrap ARD""},{""trait_type"":""Body"",""value"":""Sweater Scarf""}]"
"307","00307","","","ipfs://QmXpXg2KDaqtFwFutCx11Lib4BJ86RPkUpkxCJJCDSc5SL/307","https://ipfs.io/ipfs/QmXpXg2KDaqtFwFutCx11Lib4BJ86RPkUpkxCJJCDSc5SL/307","ipfs://QmWNWmgdMtxpyofvTSVRFjzTugo71Q6WDy3Wq62pCeawUz/307","https://ipfs.io/ipfs/QmWNWmgdMtxpyofvTSVRFjzTugo71Q6WDy3Wq62pCeawUz/307","D:\github\ron-english-light-cult-0001-1000\data\generated\light-cult-image-match-powershell-only\run-20260514-150810\reference-images\Light-Cult-Crypto-Club-00307.png","5278787839525246","https://opensea.io/assets/ethereum/0xbe85fbd182af91290be7293438ae67549638189f/307","[{""trait_type"":""Background"",""value"":""Pink""},{""trait_type"":""Face"",""value"":""Puppy""},{""trait_type"":""Hat"",""value"":""Helmet - Purple""}]"
"308","00308","","","ipfs://QmXpXg2KDaqtFwFutCx11Lib4BJ86RPkUpkxCJJCDSc5SL/308","https://ipfs.io/ipfs/QmXpXg2KDaqtFwFutCx11Lib4BJ86RPkUpkxCJJCDSc5SL/308","ipfs://QmWNWmgdMtxpyofvTSVRFjzTugo71Q6WDy3Wq62pCeawUz/308","https://ipfs.io/ipfs/QmWNWmgdMtxpyofvTSVRFjzTugo71Q6WDy3Wq62pCeawUz/308","D:\github\ron-english-light-cult-0001-1000\data\generated\light-cult-image-match-powershell-only\run-20260514-150810\reference-images\Light-Cult-Crypto-Club-00308.png","c64664f0d2dac66c","https://opensea.io/assets/ethereum/0xbe85fbd182af91290be7293438ae67549638189f/308","[{""trait_type"":""Background"",""value"":""Yellow""},{""trait_type"":""Face"",""value"":""Basic (Pink)""},{""trait_type"":""Accessory"",""value"":""Butterfly Wings""},{""trait_type"":""Body"",""value"":""Star Skull Body - Light Blue""}]"
"309","00309","","","ipfs://QmXpXg2KDaqtFwFutCx11Lib4BJ86RPkUpkxCJJCDSc5SL/309","https://ipfs.io/ipfs/QmXpXg2KDaqtFwFutCx11Lib4BJ86RPkUpkxCJJCDSc5SL/309","ipfs://QmWNWmgdMtxpyofvTSVRFjzTugo71Q6WDy3Wq62pCeawUz/309","https://ipfs.io/ipfs/QmWNWmgdMtxpyofvTSVRFjzTugo71Q6WDy3Wq62pCeawUz/309","D:\github\ron-english-light-cult-0001-1000\data\generated\light-cult-image-match-powershell-only\run-20260514-150810\reference-images\Light-Cult-Crypto-Club-00309.png","c42b070f170f1306","https://opensea.io/assets/ethereum/0xbe85fbd182af91290be7293438ae67549638189f/309","[{""trait_type"":""Status"",""value"":""Rare""},{""trait_type"":""Collection"",""value"":""Abe Lincoln""},{""trait_type"":""Variant"",""value"":""AL - V3""}]"
"310","00310","","","ipfs://QmXpXg2KDaqtFwFutCx11Lib4BJ86RPkUpkxCJJCDSc5SL/310","https://ipfs.io/ipfs/QmXpXg2KDaqtFwFutCx11Lib4BJ86RPkUpkxCJJCDSc5SL/310","ipfs://QmWNWmgdMtxpyofvTSVRFjzTugo71Q6WDy3Wq62pCeawUz/310","https://ipfs.io/ipfs/QmWNWmgdMtxpyofvTSVRFjzTugo71Q6WDy3Wq62pCeawUz/310","D:\github\ron-english-light-cult-0001-1000\data\generated\light-cult-image-match-powershell-only\run-20260514-150810\reference-images\Light-Cult-Crypto-Club-00310.png","4652703039527078","https://opensea.io/assets/ethereum/0xbe85fbd182af91290be7293438ae67549638189f/310","[{""trait_type"":""Background"",""value"":""Pink""},{""trait_type"":""Face"",""value"":""Loch Ness Bowl""},{""trait_type"":""Body"",""value"":""Mc Body""}]"
"311","00311","","","ipfs://QmXpXg2KDaqtFwFutCx11Lib4BJ86RPkUpkxCJJCDSc5SL/311","https://ipfs.io/ipfs/QmXpXg2KDaqtFwFutCx11Lib4BJ86RPkUpkxCJJCDSc5SL/311","ipfs://QmWNWmgdMtxpyofvTSVRFjzTugo71Q6WDy3Wq62pCeawUz/311","https://ipfs.io/ipfs/QmWNWmgdMtxpyofvTSVRFjzTugo71Q6WDy3Wq62pCeawUz/311","D:\github\ron-english-light-cult-0001-1000\data\generated\light-cult-image-match-powershell-only\run-20260514-150810\reference-images\Light-Cult-Crypto-Club-00311.png","06090d110d0b1b17","https://opensea.io/assets/ethereum/0xbe85fbd182af91290be7293438ae67549638189f/311","[{""trait_type"":""Background"",""value"":""Mandala 2""},{""trait_type"":""Face"",""value"":""Basic (Light Blue)""},{""trait_type"":""Accessory"",""value"":""Petal Bulb Earrings""},{""trait_type"":""Body"",""value"":""Tanktop Bulb""}]"
"312","00312","","","ipfs://QmXpXg2KDaqtFwFutCx11Lib4BJ86RPkUpkxCJJCDSc5SL/312","https://ipfs.io/ipfs/QmXpXg2KDaqtFwFutCx11Lib4BJ86RPkUpkxCJJCDSc5SL/312","ipfs://QmWNWmgdMtxpyofvTSVRFjzTugo71Q6WDy3Wq62pCeawUz/312","https://ipfs.io/ipfs/QmWNWmgdMtxpyofvTSVRFjzTugo71Q6WDy3Wq62pCeawUz/312","D:\github\ron-english-light-cult-0001-1000\data\generated\light-cult-image-match-powershell-only\run-20260514-150810\reference-images\Light-Cult-Crypto-Club-00312.png","5a5a783172583868","https://opensea.io/assets/ethereum/0xbe85fbd182af91290be7293438ae67549638189f/312","[{""trait_type"":""Background"",""value"":""Pink""},{""trait_type"":""Face"",""value"":""Blue Mask""},{""trait_type"":""Hat"",""value"":""Fez - Heart Lady""},{""trait_type"":""Body"",""value"":""Sweater Scarf""}]"
"313","00313","","","ipfs://QmXpXg2KDaqtFwFutCx11Lib4BJ86RPkUpkxCJJCDSc5SL/313","https://ipfs.io/ipfs/QmXpXg2KDaqtFwFutCx11Lib4BJ86RPkUpkxCJJCDSc5SL/313","ipfs://QmWNWmgdMtxpyofvTSVRFjzTugo71Q6WDy3Wq62pCeawUz/313","https://ipfs.io/ipfs/QmWNWmgdMtxpyofvTSVRFjzTugo71Q6WDy3Wq62pCeawUz/313","D:\github\ron-english-light-cult-0001-1000\data\generated\light-cult-image-match-powershell-only\run-20260514-150810\reference-images\Light-Cult-Crypto-Club-00313.png","0406070707070f0f","https://opensea.io/assets/ethereum/0xbe85fbd182af91290be7293438ae67549638189f/313","[{""trait_type"":""Background"",""value"":""Mandala 8""},{""trait_type"":""Face"",""value"":""Smiley Face (Light Blue)""}]"
"314","00314","","","ipfs://QmXpXg2KDaqtFwFutCx11Lib4BJ86RPkUpkxCJJCDSc5SL/314","https://ipfs.io/ipfs/QmXpXg2KDaqtFwFutCx11Lib4BJ86RPkUpkxCJJCDSc5SL/314","ipfs://QmWNWmgdMtxpyofvTSVRFjzTugo71Q6WDy3Wq62pCeawUz/314","https://ipfs.io/ipfs/QmWNWmgdMtxpyofvTSVRFjzTugo71Q6WDy3Wq62pCeawUz/314","D:\github\ron-english-light-cult-0001-1000\data\generated\light-cult-image-match-powershell-only\run-20260514-150810\reference-images\Light-Cult-Crypto-Club-00314.png","0e0707171b0f1f1f","https://opensea.io/assets/ethereum/0xbe85fbd182af91290be7293438ae67549638189f/314","[{""trait_type"":""Background"",""value"":""Mandala 5""},{""trait_type"":""Face"",""value"":""Stegasourous Photo""},{""trait_type"":""Hat"",""value"":""Lightbulb Crown""},{""trait_type"":""Body"",""value"":""Brown Guitar""}]"
"315","00315","","","ipfs://QmXpXg2KDaqtFwFutCx11Lib4BJ86RPkUpkxCJJCDSc5SL/315","https://ipfs.io/ipfs/QmXpXg2KDaqtFwFutCx11Lib4BJ86RPkUpkxCJJCDSc5SL/315","ipfs://QmWNWmgdMtxpyofvTSVRFjzTugo71Q6WDy3Wq62pCeawUz/315","https://ipfs.io/ipfs/QmWNWmgdMtxpyofvTSVRFjzTugo71Q6WDy3Wq62pCeawUz/315","D:\github\ron-english-light-cult-0001-1000\data\generated\light-cult-image-match-powershell-only\run-20260514-150810\reference-images\Light-Cult-Crypto-Club-00315.png","0e070f07171b0f07","https://opensea.io/assets/ethereum/0xbe85fbd182af91290be7293438ae67549638189f/315","[{""trait_type"":""Status"",""value"":""Rare""},{""trait_type"":""Collection"",""value"":""Cracked Bulb Crown""},{""trait_type"":""Variant"",""value"":""CB - V4""}]"
"316","00316","","","ipfs://QmXpXg2KDaqtFwFutCx11Lib4BJ86RPkUpkxCJJCDSc5SL/316","https://ipfs.io/ipfs/QmXpXg2KDaqtFwFutCx11Lib4BJ86RPkUpkxCJJCDSc5SL/316","ipfs://QmWNWmgdMtxpyofvTSVRFjzTugo71Q6WDy3Wq62pCeawUz/316","https://ipfs.io/ipfs/QmWNWmgdMtxpyofvTSVRFjzTugo71Q6WDy3Wq62pCeawUz/316","D:\github\ron-english-light-cult-0001-1000\data\generated\light-cult-image-match-powershell-only\run-20260514-150810\reference-images\Light-Cult-Crypto-Club-00316.png","060f0f17070f3b27","https://opensea.io/assets/ethereum/0xbe85fbd182af91290be7293438ae67549638189f/316","[{""trait_type"":""Background"",""value"":""Mandala 2""},{""trait_type"":""Face"",""value"":""Brain""},{""trait_type"":""Accessory"",""value"":""Winged Sunglasses""},{""trait_type"":""Hat"",""value"":""Scrap ARD""},{""trait_type"":""Body"",""value"":""M-16""}]"
"318","00318","","","ipfs://QmXpXg2KDaqtFwFutCx11Lib4BJ86RPkUpkxCJJCDSc5SL/318","https://ipfs.io/ipfs/QmXpXg2KDaqtFwFutCx11Lib4BJ86RPkUpkxCJJCDSc5SL/318","ipfs://QmWNWmgdMtxpyofvTSVRFjzTugo71Q6WDy3Wq62pCeawUz/318","https://ipfs.io/ipfs/QmWNWmgdMtxpyofvTSVRFjzTugo71Q6WDy3Wq62pCeawUz/318","D:\github\ron-english-light-cult-0001-1000\data\generated\light-cult-image-match-powershell-only\run-20260514-150810\reference-images\Light-Cult-Crypto-Club-00318.png","4652313131327a70","https://opensea.io/assets/ethereum/0xbe85fbd182af91290be7293438ae67549638189f/318","[{""trait_type"":""Background"",""value"":""Yellow""},{""trait_type"":""Face"",""value"":""Brain Photo""},{""trait_type"":""Body"",""value"":""Brown Guitar""}]"
"319","00319","","","ipfs://QmXpXg2KDaqtFwFutCx11Lib4BJ86RPkUpkxCJJCDSc5SL/319","https://ipfs.io/ipfs/QmXpXg2KDaqtFwFutCx11Lib4BJ86RPkUpkxCJJCDSc5SL/319","ipfs://QmWNWmgdMtxpyofvTSVRFjzTugo71Q6WDy3Wq62pCeawUz/319","https://ipfs.io/ipfs/QmWNWmgdMtxpyofvTSVRFjzTugo71Q6WDy3Wq62pCeawUz/319","D:\github\ron-english-light-cult-0001-1000\data\generated\light-cult-image-match-powershell-only\run-20260514-150810\reference-images\Light-Cult-Crypto-Club-00319.png","060707070625310f","https://opensea.io/assets/ethereum/0xbe85fbd182af91290be7293438ae67549638189f/319","[{""trait_type"":""Background"",""value"":""Mandala 21""},{""trait_type"":""Face"",""value"":""Smiley Face (Pink)""},{""trait_type"":""Accessory"",""value"":""Groucho Glasses""},{""trait_type"":""Body"",""value"":""Star Skull Body - Yellow""}]"
"320","00320","","","ipfs://QmXpXg2KDaqtFwFutCx11Lib4BJ86RPkUpkxCJJCDSc5SL/320","https://ipfs.io/ipfs/QmXpXg2KDaqtFwFutCx11Lib4BJ86RPkUpkxCJJCDSc5SL/320","ipfs://QmWNWmgdMtxpyofvTSVRFjzTugo71Q6WDy3Wq62pCeawUz/320","https://ipfs.io/ipfs/QmWNWmgdMtxpyofvTSVRFjzTugo71Q6WDy3Wq62pCeawUz/320","D:\github\ron-english-light-cult-0001-1000\data\generated\light-cult-image-match-powershell-only\run-20260514-150810\reference-images\Light-Cult-Crypto-Club-00320.png","06070f310f07070f","https://opensea.io/assets/ethereum/0xbe85fbd182af91290be7293438ae67549638189f/320","[{""trait_type"":""Background"",""value"":""Mandala 1""},{""trait_type"":""Face"",""value"":""Basic (Light Blue)""},{""trait_type"":""Accessory"",""value"":""Eyeball Earrings""},{""trait_type"":""Hat"",""value"":""Fez - Heart Lady""},{""trait_type"":""Body"",""value"":""Overalls Brown""}]"
"321","00321","","","ipfs://QmXpXg2KDaqtFwFutCx11Lib4BJ86RPkUpkxCJJCDSc5SL/321","https://ipfs.io/ipfs/QmXpXg2KDaqtFwFutCx11Lib4BJ86RPkUpkxCJJCDSc5SL/321","ipfs://QmWNWmgdMtxpyofvTSVRFjzTugo71Q6WDy3Wq62pCeawUz/321","https://ipfs.io/ipfs/QmWNWmgdMtxpyofvTSVRFjzTugo71Q6WDy3Wq62pCeawUz/321","D:\github\ron-english-light-cult-0001-1000\data\generated\light-cult-image-match-powershell-only\run-20260514-150810\reference-images\Light-Cult-Crypto-Club-00321.png","040f07070f050507","https://opensea.io/assets/ethereum/0xbe85fbd182af91290be7293438ae67549638189f/321","[{""trait_type"":""Background"",""value"":""Mandala 9""},{""trait_type"":""Face"",""value"":""Basic (Yellow)""},{""trait_type"":""Accessory"",""value"":""Groucho Glasses""},{""trait_type"":""Hat"",""value"":""Scrap ARD""}]"
"322","00322","","","ipfs://QmXpXg2KDaqtFwFutCx11Lib4BJ86RPkUpkxCJJCDSc5SL/322","https://ipfs.io/ipfs/QmXpXg2KDaqtFwFutCx11Lib4BJ86RPkUpkxCJJCDSc5SL/322","ipfs://QmWNWmgdMtxpyofvTSVRFjzTugo71Q6WDy3Wq62pCeawUz/322","https://ipfs.io/ipfs/QmWNWmgdMtxpyofvTSVRFjzTugo71Q6WDy3Wq62pCeawUz/322","D:\github\ron-english-light-cult-0001-1000\data\generated\light-cult-image-match-powershell-only\run-20260514-150810\reference-images\Light-Cult-Crypto-Club-00322.png","04040f0706040c00","https://opensea.io/assets/ethereum/0xbe85fbd182af91290be7293438ae67549638189f/322","[{""trait_type"":""Background"",""value"":""Black""},{""trait_type"":""Face"",""value"":""Basic (Pink)""},{""trait_type"":""Accessory"",""value"":""Winged Sunglasses""},{""trait_type"":""Hat"",""value"":""Fez - Machete""}]"
"324","00324","","","ipfs://QmXpXg2KDaqtFwFutCx11Lib4BJ86RPkUpkxCJJCDSc5SL/324","https://ipfs.io/ipfs/QmXpXg2KDaqtFwFutCx11Lib4BJ86RPkUpkxCJJCDSc5SL/324","ipfs://QmWNWmgdMtxpyofvTSVRFjzTugo71Q6WDy3Wq62pCeawUz/324","https://ipfs.io/ipfs/QmWNWmgdMtxpyofvTSVRFjzTugo71Q6WDy3Wq62pCeawUz/324","D:\github\ron-english-light-cult-0001-1000\data\generated\light-cult-image-match-powershell-only\run-20260514-150810\reference-images\Light-Cult-Crypto-Club-00324.png","686858da6a5e7438","https://opensea.io/assets/ethereum/0xbe85fbd182af91290be7293438ae67549638189f/324","[{""trait_type"":""Status"",""value"":""Rare""},{""trait_type"":""Collection"",""value"":""Bulb Duck""},{""trait_type"":""Variant"",""value"":""BD - V6""}]"
"325","00325","","","ipfs://QmXpXg2KDaqtFwFutCx11Lib4BJ86RPkUpkxCJJCDSc5SL/325","https://ipfs.io/ipfs/QmXpXg2KDaqtFwFutCx11Lib4BJ86RPkUpkxCJJCDSc5SL/325","ipfs://QmWNWmgdMtxpyofvTSVRFjzTugo71Q6WDy3Wq62pCeawUz/325","https://ipfs.io/ipfs/QmWNWmgdMtxpyofvTSVRFjzTugo71Q6WDy3Wq62pCeawUz/325","D:\github\ron-english-light-cult-0001-1000\data\generated\light-cult-image-match-powershell-only\run-20260514-150810\reference-images\Light-Cult-Crypto-Club-00325.png","0707397070391307","https://opensea.io/assets/ethereum/0xbe85fbd182af91290be7293438ae67549638189f/325","[{""trait_type"":""Background"",""value"":""Rainbow""},{""trait_type"":""Face"",""value"":""StarSkull Light Blue Face""},{""trait_type"":""Accessory"",""value"":""Winged Sunglasses""}]"
"328","00328","","","ipfs://QmXpXg2KDaqtFwFutCx11Lib4BJ86RPkUpkxCJJCDSc5SL/328","https://ipfs.io/ipfs/QmXpXg2KDaqtFwFutCx11Lib4BJ86RPkUpkxCJJCDSc5SL/328","ipfs://QmWNWmgdMtxpyofvTSVRFjzTugo71Q6WDy3Wq62pCeawUz/328","https://ipfs.io/ipfs/QmWNWmgdMtxpyofvTSVRFjzTugo71Q6WDy3Wq62pCeawUz/328","D:\github\ron-english-light-cult-0001-1000\data\generated\light-cult-image-match-powershell-only\run-20260514-150810\reference-images\Light-Cult-Crypto-Club-00328.png","07090919191b1b17","https://opensea.io/assets/ethereum/0xbe85fbd182af91290be7293438ae67549638189f/328","[{""trait_type"":""Background"",""value"":""Mandala 2""},{""trait_type"":""Face"",""value"":""Smiley Face (Red)""},{""trait_type"":""Body"",""value"":""Tanktop Sand""}]"
"329","00329","","","ipfs://QmXpXg2KDaqtFwFutCx11Lib4BJ86RPkUpkxCJJCDSc5SL/329","https://ipfs.io/ipfs/QmXpXg2KDaqtFwFutCx11Lib4BJ86RPkUpkxCJJCDSc5SL/329","ipfs://QmWNWmgdMtxpyofvTSVRFjzTugo71Q6WDy3Wq62pCeawUz/329","https://ipfs.io/ipfs/QmWNWmgdMtxpyofvTSVRFjzTugo71Q6WDy3Wq62pCeawUz/329","D:\github\ron-english-light-cult-0001-1000\data\generated\light-cult-image-match-powershell-only\run-20260514-150810\reference-images\Light-Cult-Crypto-Club-00329.png","0404071307040e0f","https://opensea.io/assets/ethereum/0xbe85fbd182af91290be7293438ae67549638189f/329","[{""trait_type"":""Background"",""value"":""Black""},{""trait_type"":""Face"",""value"":""Basic (Light Blue)""},{""trait_type"":""Accessory"",""value"":""Human Ears""},{""trait_type"":""Hat"",""value"":""Fez - Machete""},{""trait_type"":""Body"",""value"":""Overalls Red""}]"
"331","00331","","","ipfs://QmXpXg2KDaqtFwFutCx11Lib4BJ86RPkUpkxCJJCDSc5SL/331","https://ipfs.io/ipfs/QmXpXg2KDaqtFwFutCx11Lib4BJ86RPkUpkxCJJCDSc5SL/331","ipfs://QmWNWmgdMtxpyofvTSVRFjzTugo71Q6WDy3Wq62pCeawUz/331","https://ipfs.io/ipfs/QmWNWmgdMtxpyofvTSVRFjzTugo71Q6WDy3Wq62pCeawUz/331","D:\github\ron-english-light-cult-0001-1000\data\generated\light-cult-image-match-powershell-only\run-20260514-150810\reference-images\Light-Cult-Crypto-Club-00331.png","461b3931311b1307","https://opensea.io/assets/ethereum/0xbe85fbd182af91290be7293438ae67549638189f/331","[{""trait_type"":""Background"",""value"":""Light Blue""},{""trait_type"":""Face"",""value"":""Smiley Face (Pink)""},{""trait_type"":""Accessory"",""value"":""Ear Earrings""},{""trait_type"":""Hat"",""value"":""Helmet - Green""}]"
"332","00332","","","ipfs://QmXpXg2KDaqtFwFutCx11Lib4BJ86RPkUpkxCJJCDSc5SL/332","https://ipfs.io/ipfs/QmXpXg2KDaqtFwFutCx11Lib4BJ86RPkUpkxCJJCDSc5SL/332","ipfs://QmWNWmgdMtxpyofvTSVRFjzTugo71Q6WDy3Wq62pCeawUz/332","https://ipfs.io/ipfs/QmWNWmgdMtxpyofvTSVRFjzTugo71Q6WDy3Wq62pCeawUz/332","D:\github\ron-english-light-cult-0001-1000\data\generated\light-cult-image-match-powershell-only\run-20260514-150810\reference-images\Light-Cult-Crypto-Club-00332.png","020905070d0f1b17","https://opensea.io/assets/ethereum/0xbe85fbd182af91290be7293438ae67549638189f/332","[{""trait_type"":""Background"",""value"":""Mandala 9""},{""trait_type"":""Face"",""value"":""Cracked Smile""},{""trait_type"":""Body"",""value"":""Tanktop Eye""}]"
"333","00333","","","ipfs://QmXpXg2KDaqtFwFutCx11Lib4BJ86RPkUpkxCJJCDSc5SL/333","https://ipfs.io/ipfs/QmXpXg2KDaqtFwFutCx11Lib4BJ86RPkUpkxCJJCDSc5SL/333","ipfs://QmWNWmgdMtxpyofvTSVRFjzTugo71Q6WDy3Wq62pCeawUz/333","https://ipfs.io/ipfs/QmWNWmgdMtxpyofvTSVRFjzTugo71Q6WDy3Wq62pCeawUz/333","D:\github\ron-english-light-cult-0001-1000\data\generated\light-cult-image-match-powershell-only\run-20260514-150810\reference-images\Light-Cult-Crypto-Club-00333.png","0607070f07070703","https://opensea.io/assets/ethereum/0xbe85fbd182af91290be7293438ae67549638189f/333","[{""trait_type"":""Background"",""value"":""Mandala 2""},{""trait_type"":""Face"",""value"":""Tweety""}]"
"334","00334","","","ipfs://QmXpXg2KDaqtFwFutCx11Lib4BJ86RPkUpkxCJJCDSc5SL/334","https://ipfs.io/ipfs/QmXpXg2KDaqtFwFutCx11Lib4BJ86RPkUpkxCJJCDSc5SL/334","ipfs://QmWNWmgdMtxpyofvTSVRFjzTugo71Q6WDy3Wq62pCeawUz/334","https://ipfs.io/ipfs/QmWNWmgdMtxpyofvTSVRFjzTugo71Q6WDy3Wq62pCeawUz/334","D:\github\ron-english-light-cult-0001-1000\data\generated\light-cult-image-match-powershell-only\run-20260514-150810\reference-images\Light-Cult-Crypto-Club-00334.png","4652707070587068","https://opensea.io/assets/ethereum/0xbe85fbd182af91290be7293438ae67549638189f/334","[{""trait_type"":""Background"",""value"":""Pink""},{""trait_type"":""Face"",""value"":""Basic (Pink)""},{""trait_type"":""Accessory"",""value"":""Goblin Ears""},{""trait_type"":""Body"",""value"":""Cloud Body""}]"
"335","00335","","","ipfs://QmXpXg2KDaqtFwFutCx11Lib4BJ86RPkUpkxCJJCDSc5SL/335","https://ipfs.io/ipfs/QmXpXg2KDaqtFwFutCx11Lib4BJ86RPkUpkxCJJCDSc5SL/335","ipfs://QmWNWmgdMtxpyofvTSVRFjzTugo71Q6WDy3Wq62pCeawUz/335","https://ipfs.io/ipfs/QmWNWmgdMtxpyofvTSVRFjzTugo71Q6WDy3Wq62pCeawUz/335","D:\github\ron-english-light-cult-0001-1000\data\generated\light-cult-image-match-powershell-only\run-20260514-150810\reference-images\Light-Cult-Crypto-Club-00335.png","4846763632307064","https://opensea.io/assets/ethereum/0xbe85fbd182af91290be7293438ae67549638189f/335","[{""trait_type"":""Background"",""value"":""Pink""},{""trait_type"":""Face"",""value"":""Whale Bowl""},{""trait_type"":""Body"",""value"":""Tanktop Mermaid""}]"
"336","00336","","","ipfs://QmXpXg2KDaqtFwFutCx11Lib4BJ86RPkUpkxCJJCDSc5SL/336","https://ipfs.io/ipfs/QmXpXg2KDaqtFwFutCx11Lib4BJ86RPkUpkxCJJCDSc5SL/336","ipfs://QmWNWmgdMtxpyofvTSVRFjzTugo71Q6WDy3Wq62pCeawUz/336","https://ipfs.io/ipfs/QmWNWmgdMtxpyofvTSVRFjzTugo71Q6WDy3Wq62pCeawUz/336","D:\github\ron-english-light-cult-0001-1000\data\generated\light-cult-image-match-powershell-only\run-20260514-150810\reference-images\Light-Cult-Crypto-Club-00336.png","060707070f070f07","https://opensea.io/assets/ethereum/0xbe85fbd182af91290be7293438ae67549638189f/336","[{""trait_type"":""Background"",""value"":""Mandala 2""},{""trait_type"":""Face"",""value"":""Cracked Smile""},{""trait_type"":""Body"",""value"":""Mc Body""}]"
"337","00337","","","ipfs://QmXpXg2KDaqtFwFutCx11Lib4BJ86RPkUpkxCJJCDSc5SL/337","https://ipfs.io/ipfs/QmXpXg2KDaqtFwFutCx11Lib4BJ86RPkUpkxCJJCDSc5SL/337","ipfs://QmWNWmgdMtxpyofvTSVRFjzTugo71Q6WDy3Wq62pCeawUz/337","https://ipfs.io/ipfs/QmWNWmgdMtxpyofvTSVRFjzTugo71Q6WDy3Wq62pCeawUz/337","D:\github\ron-english-light-cult-0001-1000\data\generated\light-cult-image-match-powershell-only\run-20260514-150810\reference-images\Light-Cult-Crypto-Club-00337.png","28d870767868f478","https://opensea.io/assets/ethereum/0xbe85fbd182af91290be7293438ae67549638189f/337","[{""trait_type"":""Status"",""value"":""Rare""},{""trait_type"":""Collection"",""value"":""Dino Flinstone""},{""trait_type"":""Variant"",""value"":""DF - V9""}]"
"338","00338","","","ipfs://QmXpXg2KDaqtFwFutCx11Lib4BJ86RPkUpkxCJJCDSc5SL/338","https://ipfs.io/ipfs/QmXpXg2KDaqtFwFutCx11Lib4BJ86RPkUpkxCJJCDSc5SL/338","ipfs://QmWNWmgdMtxpyofvTSVRFjzTugo71Q6WDy3Wq62pCeawUz/338","https://ipfs.io/ipfs/QmWNWmgdMtxpyofvTSVRFjzTugo71Q6WDy3Wq62pCeawUz/338","D:\github\ron-english-light-cult-0001-1000\data\generated\light-cult-image-match-powershell-only\run-20260514-150810\reference-images\Light-Cult-Crypto-Club-00338.png","060f0f07070f1b13","https://opensea.io/assets/ethereum/0xbe85fbd182af91290be7293438ae67549638189f/338","[{""trait_type"":""Background"",""value"":""Mandala 17""},{""trait_type"":""Face"",""value"":""Basic (Yellow)""},{""trait_type"":""Accessory"",""value"":""Winged Sunglasses""},{""trait_type"":""Hat"",""value"":""Beanie Grey""},{""trait_type"":""Body"",""value"":""Tanktop""}]"
"339","00339","","","ipfs://QmXpXg2KDaqtFwFutCx11Lib4BJ86RPkUpkxCJJCDSc5SL/339","https://ipfs.io/ipfs/QmXpXg2KDaqtFwFutCx11Lib4BJ86RPkUpkxCJJCDSc5SL/339","ipfs://QmWNWmgdMtxpyofvTSVRFjzTugo71Q6WDy3Wq62pCeawUz/339","https://ipfs.io/ipfs/QmWNWmgdMtxpyofvTSVRFjzTugo71Q6WDy3Wq62pCeawUz/339","D:\github\ron-english-light-cult-0001-1000\data\generated\light-cult-image-match-powershell-only\run-20260514-150810\reference-images\Light-Cult-Crypto-Club-00339.png","060707312d091b13","https://opensea.io/assets/ethereum/0xbe85fbd182af91290be7293438ae67549638189f/339","[{""trait_type"":""Background"",""value"":""Mandala 12""},{""trait_type"":""Face"",""value"":""Slash Hat (Rabbbit)""},{""trait_type"":""Body"",""value"":""Tanktop""}]"
"340","00340","","","ipfs://QmXpXg2KDaqtFwFutCx11Lib4BJ86RPkUpkxCJJCDSc5SL/340","https://ipfs.io/ipfs/QmXpXg2KDaqtFwFutCx11Lib4BJ86RPkUpkxCJJCDSc5SL/340","ipfs://QmWNWmgdMtxpyofvTSVRFjzTugo71Q6WDy3Wq62pCeawUz/340","https://ipfs.io/ipfs/QmWNWmgdMtxpyofvTSVRFjzTugo71Q6WDy3Wq62pCeawUz/340","D:\github\ron-english-light-cult-0001-1000\data\generated\light-cult-image-match-powershell-only\run-20260514-150810\reference-images\Light-Cult-Crypto-Club-00340.png","0a0707211b31252f","https://opensea.io/assets/ethereum/0xbe85fbd182af91290be7293438ae67549638189f/340","[{""trait_type"":""Background"",""value"":""Mandala 1""},{""trait_type"":""Face"",""value"":""Basic (Red)""},{""trait_type"":""Body"",""value"":""Star Skull Body - Yellow""}]"
"341","00341","","","ipfs://QmXpXg2KDaqtFwFutCx11Lib4BJ86RPkUpkxCJJCDSc5SL/341","https://ipfs.io/ipfs/QmXpXg2KDaqtFwFutCx11Lib4BJ86RPkUpkxCJJCDSc5SL/341","ipfs://QmWNWmgdMtxpyofvTSVRFjzTugo71Q6WDy3Wq62pCeawUz/341","https://ipfs.io/ipfs/QmWNWmgdMtxpyofvTSVRFjzTugo71Q6WDy3Wq62pCeawUz/341","D:\github\ron-english-light-cult-0001-1000\data\generated\light-cult-image-match-powershell-only\run-20260514-150810\reference-images\Light-Cult-Crypto-Club-00341.png","04070f3131130f07","https://opensea.io/assets/ethereum/0xbe85fbd182af91290be7293438ae67549638189f/341","[{""trait_type"":""Background"",""value"":""Mandala 6""},{""trait_type"":""Face"",""value"":""Basic (Red)""},{""trait_type"":""Hat"",""value"":""Carosoul Crown""}]"
"342","00342","","","ipfs://QmXpXg2KDaqtFwFutCx11Lib4BJ86RPkUpkxCJJCDSc5SL/342","https://ipfs.io/ipfs/QmXpXg2KDaqtFwFutCx11Lib4BJ86RPkUpkxCJJCDSc5SL/342","ipfs://QmWNWmgdMtxpyofvTSVRFjzTugo71Q6WDy3Wq62pCeawUz/342","https://ipfs.io/ipfs/QmWNWmgdMtxpyofvTSVRFjzTugo71Q6WDy3Wq62pCeawUz/342","D:\github\ron-english-light-cult-0001-1000\data\generated\light-cult-image-match-powershell-only\run-20260514-150810\reference-images\Light-Cult-Crypto-Club-00342.png","46523170715a5246","https://opensea.io/assets/ethereum/0xbe85fbd182af91290be7293438ae67549638189f/342","[{""trait_type"":""Background"",""value"":""Pink""},{""trait_type"":""Face"",""value"":""Basic (Red)""},{""trait_type"":""Accessory"",""value"":""Winged Sunglasses""},{""trait_type"":""Hat"",""value"":""Beanie Red""}]"
"343","00343","","","ipfs://QmXpXg2KDaqtFwFutCx11Lib4BJ86RPkUpkxCJJCDSc5SL/343","https://ipfs.io/ipfs/QmXpXg2KDaqtFwFutCx11Lib4BJ86RPkUpkxCJJCDSc5SL/343","ipfs://QmWNWmgdMtxpyofvTSVRFjzTugo71Q6WDy3Wq62pCeawUz/343","https://ipfs.io/ipfs/QmWNWmgdMtxpyofvTSVRFjzTugo71Q6WDy3Wq62pCeawUz/343","D:\github\ron-english-light-cult-0001-1000\data\generated\light-cult-image-match-powershell-only\run-20260514-150810\reference-images\Light-Cult-Crypto-Club-00343.png","46130f0f171b192d","https://opensea.io/assets/ethereum/0xbe85fbd182af91290be7293438ae67549638189f/343","[{""trait_type"":""Background"",""value"":""Red""},{""trait_type"":""Face"",""value"":""Quack Bowl""},{""trait_type"":""Hat"",""value"":""Unicorn Crown""},{""trait_type"":""Body"",""value"":""Sweater Scarf""}]"
"344","00344","","","ipfs://QmXpXg2KDaqtFwFutCx11Lib4BJ86RPkUpkxCJJCDSc5SL/344","https://ipfs.io/ipfs/QmXpXg2KDaqtFwFutCx11Lib4BJ86RPkUpkxCJJCDSc5SL/344","ipfs://QmWNWmgdMtxpyofvTSVRFjzTugo71Q6WDy3Wq62pCeawUz/344","https://ipfs.io/ipfs/QmWNWmgdMtxpyofvTSVRFjzTugo71Q6WDy3Wq62pCeawUz/344","D:\github\ron-english-light-cult-0001-1000\data\generated\light-cult-image-match-powershell-only\run-20260514-150810\reference-images\Light-Cult-Crypto-Club-00344.png","0e0f0f0f0b0f0707","https://opensea.io/assets/ethereum/0xbe85fbd182af91290be7293438ae67549638189f/344","[{""trait_type"":""Background"",""value"":""Mandala 1""},{""trait_type"":""Face"",""value"":""Seamonkey Bowl""},{""trait_type"":""Hat"",""value"":""Cone""}]"
"345","00345","","","ipfs://QmXpXg2KDaqtFwFutCx11Lib4BJ86RPkUpkxCJJCDSc5SL/345","https://ipfs.io/ipfs/QmXpXg2KDaqtFwFutCx11Lib4BJ86RPkUpkxCJJCDSc5SL/345","ipfs://QmWNWmgdMtxpyofvTSVRFjzTugo71Q6WDy3Wq62pCeawUz/345","https://ipfs.io/ipfs/QmWNWmgdMtxpyofvTSVRFjzTugo71Q6WDy3Wq62pCeawUz/345","D:\github\ron-english-light-cult-0001-1000\data\generated\light-cult-image-match-powershell-only\run-20260514-150810\reference-images\Light-Cult-Crypto-Club-00345.png","070f0b0f0d0b1b17","https://opensea.io/assets/ethereum/0xbe85fbd182af91290be7293438ae67549638189f/345","[{""trait_type"":""Background"",""value"":""Mandala 16""},{""trait_type"":""Face"",""value"":""Basic (Pink)""},{""trait_type"":""Hat"",""value"":""Pink Military""},{""trait_type"":""Body"",""value"":""Tanktop Tree""}]"
"346","00346","","","ipfs://QmXpXg2KDaqtFwFutCx11Lib4BJ86RPkUpkxCJJCDSc5SL/346","https://ipfs.io/ipfs/QmXpXg2KDaqtFwFutCx11Lib4BJ86RPkUpkxCJJCDSc5SL/346","ipfs://QmWNWmgdMtxpyofvTSVRFjzTugo71Q6WDy3Wq62pCeawUz/346","https://ipfs.io/ipfs/QmWNWmgdMtxpyofvTSVRFjzTugo71Q6WDy3Wq62pCeawUz/346","D:\github\ron-english-light-cult-0001-1000\data\generated\light-cult-image-match-powershell-only\run-20260514-150810\reference-images\Light-Cult-Crypto-Club-00346.png","585a763632307064","https://opensea.io/assets/ethereum/0xbe85fbd182af91290be7293438ae67549638189f/346","[{""trait_type"":""Background"",""value"":""Pink""},{""trait_type"":""Face"",""value"":""Whale Bowl""},{""trait_type"":""Hat"",""value"":""Fez - Brain Bulb""},{""trait_type"":""Body"",""value"":""Tanktop Mermaid""}]"
"347","00347","","","ipfs://QmXpXg2KDaqtFwFutCx11Lib4BJ86RPkUpkxCJJCDSc5SL/347","https://ipfs.io/ipfs/QmXpXg2KDaqtFwFutCx11Lib4BJ86RPkUpkxCJJCDSc5SL/347","ipfs://QmWNWmgdMtxpyofvTSVRFjzTugo71Q6WDy3Wq62pCeawUz/347","https://ipfs.io/ipfs/QmWNWmgdMtxpyofvTSVRFjzTugo71Q6WDy3Wq62pCeawUz/347","D:\github\ron-english-light-cult-0001-1000\data\generated\light-cult-image-match-powershell-only\run-20260514-150810\reference-images\Light-Cult-Crypto-Club-00347.png","04070f07070f0f07","https://opensea.io/assets/ethereum/0xbe85fbd182af91290be7293438ae67549638189f/347","[{""trait_type"":""Background"",""value"":""Mandala 6""},{""trait_type"":""Face"",""value"":""Octopus""},{""trait_type"":""Accessory"",""value"":""Groucho Glasses""},{""trait_type"":""Hat"",""value"":""Helmet - Yellow""}]"
"349","00349","","","ipfs://QmXpXg2KDaqtFwFutCx11Lib4BJ86RPkUpkxCJJCDSc5SL/349","https://ipfs.io/ipfs/QmXpXg2KDaqtFwFutCx11Lib4BJ86RPkUpkxCJJCDSc5SL/349","ipfs://QmWNWmgdMtxpyofvTSVRFjzTugo71Q6WDy3Wq62pCeawUz/349","https://ipfs.io/ipfs/QmWNWmgdMtxpyofvTSVRFjzTugo71Q6WDy3Wq62pCeawUz/349","D:\github\ron-english-light-cult-0001-1000\data\generated\light-cult-image-match-powershell-only\run-20260514-150810\reference-images\Light-Cult-Crypto-Club-00349.png","060f0f1307070507","https://opensea.io/assets/ethereum/0xbe85fbd182af91290be7293438ae67549638189f/349","[{""trait_type"":""Background"",""value"":""Mandala 9""},{""trait_type"":""Face"",""value"":""Basic (Yellow)""},{""trait_type"":""Accessory"",""value"":""Ear Earrings""},{""trait_type"":""Hat"",""value"":""Police - Brain""}]"
"350","00350","","","ipfs://QmXpXg2KDaqtFwFutCx11Lib4BJ86RPkUpkxCJJCDSc5SL/350","https://ipfs.io/ipfs/QmXpXg2KDaqtFwFutCx11Lib4BJ86RPkUpkxCJJCDSc5SL/350","ipfs://QmWNWmgdMtxpyofvTSVRFjzTugo71Q6WDy3Wq62pCeawUz/350","https://ipfs.io/ipfs/QmWNWmgdMtxpyofvTSVRFjzTugo71Q6WDy3Wq62pCeawUz/350","D:\github\ron-english-light-cult-0001-1000\data\generated\light-cult-image-match-powershell-only\run-20260514-150810\reference-images\Light-Cult-Crypto-Club-00350.png","060d0d0f0d0b1b17","https://opensea.io/assets/ethereum/0xbe85fbd182af91290be7293438ae67549638189f/350","[{""trait_type"":""Background"",""value"":""Mandala 9""},{""trait_type"":""Face"",""value"":""Basic (Light Blue)""},{""trait_type"":""Accessory"",""value"":""Groucho Glasses""},{""trait_type"":""Hat"",""value"":""Fez - Machete""},{""trait_type"":""Body"",""value"":""Tanktop Bulb""}]"
"351","00351","","","ipfs://QmXpXg2KDaqtFwFutCx11Lib4BJ86RPkUpkxCJJCDSc5SL/351","https://ipfs.io/ipfs/QmXpXg2KDaqtFwFutCx11Lib4BJ86RPkUpkxCJJCDSc5SL/351","ipfs://QmWNWmgdMtxpyofvTSVRFjzTugo71Q6WDy3Wq62pCeawUz/351","https://ipfs.io/ipfs/QmWNWmgdMtxpyofvTSVRFjzTugo71Q6WDy3Wq62pCeawUz/351","D:\github\ron-english-light-cult-0001-1000\data\generated\light-cult-image-match-powershell-only\run-20260514-150810\reference-images\Light-Cult-Crypto-Club-00351.png","4e13313131135864","https://opensea.io/assets/ethereum/0xbe85fbd182af91290be7293438ae67549638189f/351","[{""trait_type"":""Background"",""value"":""Light Blue""},{""trait_type"":""Face"",""value"":""Brain Photo""},{""trait_type"":""Body"",""value"":""Snake Cage""}]"
"352","00352","","","ipfs://QmXpXg2KDaqtFwFutCx11Lib4BJ86RPkUpkxCJJCDSc5SL/352","https://ipfs.io/ipfs/QmXpXg2KDaqtFwFutCx11Lib4BJ86RPkUpkxCJJCDSc5SL/352","ipfs://QmWNWmgdMtxpyofvTSVRFjzTugo71Q6WDy3Wq62pCeawUz/352","https://ipfs.io/ipfs/QmWNWmgdMtxpyofvTSVRFjzTugo71Q6WDy3Wq62pCeawUz/352","D:\github\ron-english-light-cult-0001-1000\data\generated\light-cult-image-match-powershell-only\run-20260514-150810\reference-images\Light-Cult-Crypto-Club-00352.png","5a5a393131327a70","https://opensea.io/assets/ethereum/0xbe85fbd182af91290be7293438ae67549638189f/352","[{""trait_type"":""Background"",""value"":""Yellow""},{""trait_type"":""Face"",""value"":""StarSkull Pink Face""},{""trait_type"":""Hat"",""value"":""Fez - Double Donkey""},{""trait_type"":""Body"",""value"":""Brown Guitar""}]"
"353","00353","","","ipfs://QmXpXg2KDaqtFwFutCx11Lib4BJ86RPkUpkxCJJCDSc5SL/353","https://ipfs.io/ipfs/QmXpXg2KDaqtFwFutCx11Lib4BJ86RPkUpkxCJJCDSc5SL/353","ipfs://QmWNWmgdMtxpyofvTSVRFjzTugo71Q6WDy3Wq62pCeawUz/353","https://ipfs.io/ipfs/QmWNWmgdMtxpyofvTSVRFjzTugo71Q6WDy3Wq62pCeawUz/353","D:\github\ron-english-light-cult-0001-1000\data\generated\light-cult-image-match-powershell-only\run-20260514-150810\reference-images\Light-Cult-Crypto-Club-00353.png","52393931311b3a31","https://opensea.io/assets/ethereum/0xbe85fbd182af91290be7293438ae67549638189f/353","[{""trait_type"":""Background"",""value"":""Light Blue""},{""trait_type"":""Face"",""value"":""Basic (Light Blue)""},{""trait_type"":""Hat"",""value"":""Police - Brain""},{""trait_type"":""Body"",""value"":""M-16""}]"
"354","00354","","","ipfs://QmXpXg2KDaqtFwFutCx11Lib4BJ86RPkUpkxCJJCDSc5SL/354","https://ipfs.io/ipfs/QmXpXg2KDaqtFwFutCx11Lib4BJ86RPkUpkxCJJCDSc5SL/354","ipfs://QmWNWmgdMtxpyofvTSVRFjzTugo71Q6WDy3Wq62pCeawUz/354","https://ipfs.io/ipfs/QmWNWmgdMtxpyofvTSVRFjzTugo71Q6WDy3Wq62pCeawUz/354","D:\github\ron-english-light-cult-0001-1000\data\generated\light-cult-image-match-powershell-only\run-20260514-150810\reference-images\Light-Cult-Crypto-Club-00354.png","04070f070725252d","https://opensea.io/assets/ethereum/0xbe85fbd182af91290be7293438ae67549638189f/354","[{""trait_type"":""Background"",""value"":""Mandala 16""},{""trait_type"":""Face"",""value"":""Smiley Face (Pink)""},{""trait_type"":""Accessory"",""value"":""Dragon Wings""},{""trait_type"":""Body"",""value"":""Star Skull Body - Pink""}]"
"355","00355","","","ipfs://QmXpXg2KDaqtFwFutCx11Lib4BJ86RPkUpkxCJJCDSc5SL/355","https://ipfs.io/ipfs/QmXpXg2KDaqtFwFutCx11Lib4BJ86RPkUpkxCJJCDSc5SL/355","ipfs://QmWNWmgdMtxpyofvTSVRFjzTugo71Q6WDy3Wq62pCeawUz/355","https://ipfs.io/ipfs/QmWNWmgdMtxpyofvTSVRFjzTugo71Q6WDy3Wq62pCeawUz/355","D:\github\ron-english-light-cult-0001-1000\data\generated\light-cult-image-match-powershell-only\run-20260514-150810\reference-images\Light-Cult-Crypto-Club-00355.png","464c4a5a52726448","https://opensea.io/assets/ethereum/0xbe85fbd182af91290be7293438ae67549638189f/355","[{""trait_type"":""Status"",""value"":""Rare""},{""trait_type"":""Collection"",""value"":""Genie""},{""trait_type"":""Variant"",""value"":""GL - V10""}]"
"357","00357","","","ipfs://QmXpXg2KDaqtFwFutCx11Lib4BJ86RPkUpkxCJJCDSc5SL/357","https://ipfs.io/ipfs/QmXpXg2KDaqtFwFutCx11Lib4BJ86RPkUpkxCJJCDSc5SL/357","ipfs://QmWNWmgdMtxpyofvTSVRFjzTugo71Q6WDy3Wq62pCeawUz/357","https://ipfs.io/ipfs/QmWNWmgdMtxpyofvTSVRFjzTugo71Q6WDy3Wq62pCeawUz/357","D:\github\ron-english-light-cult-0001-1000\data\generated\light-cult-image-match-powershell-only\run-20260514-150810\reference-images\Light-Cult-Crypto-Club-00357.png","0607071307070f07","https://opensea.io/assets/ethereum/0xbe85fbd182af91290be7293438ae67549638189f/357","[{""trait_type"":""Background"",""value"":""Mandala 22""},{""trait_type"":""Face"",""value"":""Smiley Face (Yellow)""},{""trait_type"":""Accessory"",""value"":""Heart Earrings""}]"
"358","00358","","","ipfs://QmXpXg2KDaqtFwFutCx11Lib4BJ86RPkUpkxCJJCDSc5SL/358","https://ipfs.io/ipfs/QmXpXg2KDaqtFwFutCx11Lib4BJ86RPkUpkxCJJCDSc5SL/358","ipfs://QmWNWmgdMtxpyofvTSVRFjzTugo71Q6WDy3Wq62pCeawUz/358","https://ipfs.io/ipfs/QmWNWmgdMtxpyofvTSVRFjzTugo71Q6WDy3Wq62pCeawUz/358","D:\github\ron-english-light-cult-0001-1000\data\generated\light-cult-image-match-powershell-only\run-20260514-150810\reference-images\Light-Cult-Crypto-Club-00358.png","040707070f07070f","https://opensea.io/assets/ethereum/0xbe85fbd182af91290be7293438ae67549638189f/358","[{""trait_type"":""Status"",""value"":""Rare""},{""trait_type"":""Collection"",""value"":""Football Player""},{""trait_type"":""Variant"",""value"":""FP - V63""}]"
"359","00359","","","ipfs://QmXpXg2KDaqtFwFutCx11Lib4BJ86RPkUpkxCJJCDSc5SL/359","https://ipfs.io/ipfs/QmXpXg2KDaqtFwFutCx11Lib4BJ86RPkUpkxCJJCDSc5SL/359","ipfs://QmWNWmgdMtxpyofvTSVRFjzTugo71Q6WDy3Wq62pCeawUz/359","https://ipfs.io/ipfs/QmWNWmgdMtxpyofvTSVRFjzTugo71Q6WDy3Wq62pCeawUz/359","D:\github\ron-english-light-cult-0001-1000\data\generated\light-cult-image-match-powershell-only\run-20260514-150810\reference-images\Light-Cult-Crypto-Club-00359.png","4613133139131307","https://opensea.io/assets/ethereum/0xbe85fbd182af91290be7293438ae67549638189f/359","[{""trait_type"":""Background"",""value"":""Light Blue""},{""trait_type"":""Face"",""value"":""Loch Ness Bowl""},{""trait_type"":""Hat"",""value"":""Lightbulb Crown""}]"
"361","00361","","","ipfs://QmXpXg2KDaqtFwFutCx11Lib4BJ86RPkUpkxCJJCDSc5SL/361","https://ipfs.io/ipfs/QmXpXg2KDaqtFwFutCx11Lib4BJ86RPkUpkxCJJCDSc5SL/361","ipfs://QmWNWmgdMtxpyofvTSVRFjzTugo71Q6WDy3Wq62pCeawUz/361","https://ipfs.io/ipfs/QmWNWmgdMtxpyofvTSVRFjzTugo71Q6WDy3Wq62pCeawUz/361","D:\github\ron-english-light-cult-0001-1000\data\generated\light-cult-image-match-powershell-only\run-20260514-150810\reference-images\Light-Cult-Crypto-Club-00361.png","0705090f190b1b17","https://opensea.io/assets/ethereum/0xbe85fbd182af91290be7293438ae67549638189f/361","[{""trait_type"":""Background"",""value"":""Mandala 1""},{""trait_type"":""Face"",""value"":""Smiley Face (Red)""},{""trait_type"":""Accessory"",""value"":""Goggles""},{""trait_type"":""Hat"",""value"":""Fez - Brain Bulb""},{""trait_type"":""Body"",""value"":""Tanktop Sand""}]"
"362","00362","","","ipfs://QmXpXg2KDaqtFwFutCx11Lib4BJ86RPkUpkxCJJCDSc5SL/362","https://ipfs.io/ipfs/QmXpXg2KDaqtFwFutCx11Lib4BJ86RPkUpkxCJJCDSc5SL/362","ipfs://QmWNWmgdMtxpyofvTSVRFjzTugo71Q6WDy3Wq62pCeawUz/362","https://ipfs.io/ipfs/QmWNWmgdMtxpyofvTSVRFjzTugo71Q6WDy3Wq62pCeawUz/362","D:\github\ron-english-light-cult-0001-1000\data\generated\light-cult-image-match-powershell-only\run-20260514-150810\reference-images\Light-Cult-Crypto-Club-00362.png","0609090f050f0b17","https://opensea.io/assets/ethereum/0xbe85fbd182af91290be7293438ae67549638189f/362","[{""trait_type"":""Background"",""value"":""Mandala 1""},{""trait_type"":""Face"",""value"":""Quack Bowl""},{""trait_type"":""Hat"",""value"":""Police - Grin (Blue)""},{""trait_type"":""Body"",""value"":""Tanktop Bulb""}]"
"363","00363","","","ipfs://QmXpXg2KDaqtFwFutCx11Lib4BJ86RPkUpkxCJJCDSc5SL/363","https://ipfs.io/ipfs/QmXpXg2KDaqtFwFutCx11Lib4BJ86RPkUpkxCJJCDSc5SL/363","ipfs://QmWNWmgdMtxpyofvTSVRFjzTugo71Q6WDy3Wq62pCeawUz/363","https://ipfs.io/ipfs/QmWNWmgdMtxpyofvTSVRFjzTugo71Q6WDy3Wq62pCeawUz/363","D:\github\ron-english-light-cult-0001-1000\data\generated\light-cult-image-match-powershell-only\run-20260514-150810\reference-images\Light-Cult-Crypto-Club-00363.png","04040e0606040e0f","https://opensea.io/assets/ethereum/0xbe85fbd182af91290be7293438ae67549638189f/363","[{""trait_type"":""Background"",""value"":""Black""},{""trait_type"":""Face"",""value"":""Basic (Pink)""},{""trait_type"":""Hat"",""value"":""Fez - Brain Bulb""},{""trait_type"":""Body"",""value"":""Overalls Brown""}]"
"364","00364","","","ipfs://QmXpXg2KDaqtFwFutCx11Lib4BJ86RPkUpkxCJJCDSc5SL/364","https://ipfs.io/ipfs/QmXpXg2KDaqtFwFutCx11Lib4BJ86RPkUpkxCJJCDSc5SL/364","ipfs://QmWNWmgdMtxpyofvTSVRFjzTugo71Q6WDy3Wq62pCeawUz/364","https://ipfs.io/ipfs/QmWNWmgdMtxpyofvTSVRFjzTugo71Q6WDy3Wq62pCeawUz/364","D:\github\ron-english-light-cult-0001-1000\data\generated\light-cult-image-match-powershell-only\run-20260514-150810\reference-images\Light-Cult-Crypto-Club-00364.png","0e0f0539130b1b13","https://opensea.io/assets/ethereum/0xbe85fbd182af91290be7293438ae67549638189f/364","[{""trait_type"":""Background"",""value"":""Mandala 13""},{""trait_type"":""Face"",""value"":""Brain""},{""trait_type"":""Accessory"",""value"":""Goblin Ears""},{""trait_type"":""Body"",""value"":""Tanktop""}]"
"365","00365","","","ipfs://QmXpXg2KDaqtFwFutCx11Lib4BJ86RPkUpkxCJJCDSc5SL/365","https://ipfs.io/ipfs/QmXpXg2KDaqtFwFutCx11Lib4BJ86RPkUpkxCJJCDSc5SL/365","ipfs://QmWNWmgdMtxpyofvTSVRFjzTugo71Q6WDy3Wq62pCeawUz/365","https://ipfs.io/ipfs/QmWNWmgdMtxpyofvTSVRFjzTugo71Q6WDy3Wq62pCeawUz/365","D:\github\ron-english-light-cult-0001-1000\data\generated\light-cult-image-match-powershell-only\run-20260514-150810\reference-images\Light-Cult-Crypto-Club-00365.png","0706327274383931","https://opensea.io/assets/ethereum/0xbe85fbd182af91290be7293438ae67549638189f/365","[{""trait_type"":""Background"",""value"":""Rainbow""},{""trait_type"":""Face"",""value"":""Basic (Light Blue)""},{""trait_type"":""Accessory"",""value"":""Winged Sunglasses""},{""trait_type"":""Body"",""value"":""Tanktop Sand""}]"
"366","00366","","","ipfs://QmXpXg2KDaqtFwFutCx11Lib4BJ86RPkUpkxCJJCDSc5SL/366","https://ipfs.io/ipfs/QmXpXg2KDaqtFwFutCx11Lib4BJ86RPkUpkxCJJCDSc5SL/366","ipfs://QmWNWmgdMtxpyofvTSVRFjzTugo71Q6WDy3Wq62pCeawUz/366","https://ipfs.io/ipfs/QmWNWmgdMtxpyofvTSVRFjzTugo71Q6WDy3Wq62pCeawUz/366","D:\github\ron-english-light-cult-0001-1000\data\generated\light-cult-image-match-powershell-only\run-20260514-150810\reference-images\Light-Cult-Crypto-Club-00366.png","0e09090d0d1b1b17","https://opensea.io/assets/ethereum/0xbe85fbd182af91290be7293438ae67549638189f/366","[{""trait_type"":""Background"",""value"":""Mandala 4""},{""trait_type"":""Face"",""value"":""Pink Fish Bowl""},{""trait_type"":""Hat"",""value"":""Beanie Red""},{""trait_type"":""Body"",""value"":""Tanktop Bulb""}]"
"367","00367","","","ipfs://QmXpXg2KDaqtFwFutCx11Lib4BJ86RPkUpkxCJJCDSc5SL/367","https://ipfs.io/ipfs/QmXpXg2KDaqtFwFutCx11Lib4BJ86RPkUpkxCJJCDSc5SL/367","ipfs://QmWNWmgdMtxpyofvTSVRFjzTugo71Q6WDy3Wq62pCeawUz/367","https://ipfs.io/ipfs/QmWNWmgdMtxpyofvTSVRFjzTugo71Q6WDy3Wq62pCeawUz/367","D:\github\ron-english-light-cult-0001-1000\data\generated\light-cult-image-match-powershell-only\run-20260514-150810\reference-images\Light-Cult-Crypto-Club-00367.png","5278392d30303070","https://opensea.io/assets/ethereum/0xbe85fbd182af91290be7293438ae67549638189f/367","[{""trait_type"":""Background"",""value"":""Yellow""},{""trait_type"":""Face"",""value"":""Ugly Ed""},{""trait_type"":""Hat"",""value"":""Police - Grin (Blue)""},{""trait_type"":""Body"",""value"":""Tanktop""}]"
"372","00372","","","ipfs://QmXpXg2KDaqtFwFutCx11Lib4BJ86RPkUpkxCJJCDSc5SL/372","https://ipfs.io/ipfs/QmXpXg2KDaqtFwFutCx11Lib4BJ86RPkUpkxCJJCDSc5SL/372","ipfs://QmWNWmgdMtxpyofvTSVRFjzTugo71Q6WDy3Wq62pCeawUz/372","https://ipfs.io/ipfs/QmWNWmgdMtxpyofvTSVRFjzTugo71Q6WDy3Wq62pCeawUz/372","D:\github\ron-english-light-cult-0001-1000\data\generated\light-cult-image-match-powershell-only\run-20260514-150810\reference-images\Light-Cult-Crypto-Club-00372.png","00080f0f0c0d0e06","https://opensea.io/assets/ethereum/0xbe85fbd182af91290be7293438ae67549638189f/372","[{""trait_type"":""Status"",""value"":""Rare""},{""trait_type"":""Collection"",""value"":""Electric Mouse""},{""trait_type"":""Variant"",""value"":""PK - V7""}]"
"373","00373","","","ipfs://QmXpXg2KDaqtFwFutCx11Lib4BJ86RPkUpkxCJJCDSc5SL/373","https://ipfs.io/ipfs/QmXpXg2KDaqtFwFutCx11Lib4BJ86RPkUpkxCJJCDSc5SL/373","ipfs://QmWNWmgdMtxpyofvTSVRFjzTugo71Q6WDy3Wq62pCeawUz/373","https://ipfs.io/ipfs/QmWNWmgdMtxpyofvTSVRFjzTugo71Q6WDy3Wq62pCeawUz/373","D:\github\ron-english-light-cult-0001-1000\data\generated\light-cult-image-match-powershell-only\run-20260514-150810\reference-images\Light-Cult-Crypto-Club-00373.png","040f1b0f070f070f","https://opensea.io/assets/ethereum/0xbe85fbd182af91290be7293438ae67549638189f/373","[{""trait_type"":""Background"",""value"":""Mandala 16""},{""trait_type"":""Face"",""value"":""Ice Cream Face""},{""trait_type"":""Hat"",""value"":""Police - Brain""}]"
"376","00376","","","ipfs://QmXpXg2KDaqtFwFutCx11Lib4BJ86RPkUpkxCJJCDSc5SL/376","https://ipfs.io/ipfs/QmXpXg2KDaqtFwFutCx11Lib4BJ86RPkUpkxCJJCDSc5SL/376","ipfs://QmWNWmgdMtxpyofvTSVRFjzTugo71Q6WDy3Wq62pCeawUz/376","https://ipfs.io/ipfs/QmWNWmgdMtxpyofvTSVRFjzTugo71Q6WDy3Wq62pCeawUz/376","D:\github\ron-english-light-cult-0001-1000\data\generated\light-cult-image-match-powershell-only\run-20260514-150810\reference-images\Light-Cult-Crypto-Club-00376.png","070b313178383e39","https://opensea.io/assets/ethereum/0xbe85fbd182af91290be7293438ae67549638189f/376","[{""trait_type"":""Background"",""value"":""Rainbow""},{""trait_type"":""Face"",""value"":""Stegasourous Photo""},{""trait_type"":""Body"",""value"":""Red Guitar""}]"
"377","00377","","","ipfs://QmXpXg2KDaqtFwFutCx11Lib4BJ86RPkUpkxCJJCDSc5SL/377","https://ipfs.io/ipfs/QmXpXg2KDaqtFwFutCx11Lib4BJ86RPkUpkxCJJCDSc5SL/377","ipfs://QmWNWmgdMtxpyofvTSVRFjzTugo71Q6WDy3Wq62pCeawUz/377","https://ipfs.io/ipfs/QmWNWmgdMtxpyofvTSVRFjzTugo71Q6WDy3Wq62pCeawUz/377","D:\github\ron-english-light-cult-0001-1000\data\generated\light-cult-image-match-powershell-only\run-20260514-150810\reference-images\Light-Cult-Crypto-Club-00377.png","0e0f070b0f070507","https://opensea.io/assets/ethereum/0xbe85fbd182af91290be7293438ae67549638189f/377","[{""trait_type"":""Background"",""value"":""Mandala 20""},{""trait_type"":""Face"",""value"":""StarSkull Red Face""},{""trait_type"":""Body"",""value"":""Dino Body""}]"
"379","00379","","","ipfs://QmXpXg2KDaqtFwFutCx11Lib4BJ86RPkUpkxCJJCDSc5SL/379","https://gateway.pinata.cloud/ipfs/QmXpXg2KDaqtFwFutCx11Lib4BJ86RPkUpkxCJJCDSc5SL/379","ipfs://QmWNWmgdMtxpyofvTSVRFjzTugo71Q6WDy3Wq62pCeawUz/379","https://ipfs.io/ipfs/QmWNWmgdMtxpyofvTSVRFjzTugo71Q6WDy3Wq62pCeawUz/379","D:\github\ron-english-light-cult-0001-1000\data\generated\light-cult-image-match-powershell-only\run-20260514-150810\reference-images\Light-Cult-Crypto-Club-00379.png","0607070707070f0f","https://opensea.io/assets/ethereum/0xbe85fbd182af91290be7293438ae67549638189f/379","[{""trait_type"":""Background"",""value"":""Mandala 21""},{""trait_type"":""Face"",""value"":""Basic (Yellow)""},{""trait_type"":""Body"",""value"":""Overalls Brown""}]"
"380","00380","","","ipfs://QmXpXg2KDaqtFwFutCx11Lib4BJ86RPkUpkxCJJCDSc5SL/380","https://ipfs.io/ipfs/QmXpXg2KDaqtFwFutCx11Lib4BJ86RPkUpkxCJJCDSc5SL/380","ipfs://QmWNWmgdMtxpyofvTSVRFjzTugo71Q6WDy3Wq62pCeawUz/380","https://ipfs.io/ipfs/QmWNWmgdMtxpyofvTSVRFjzTugo71Q6WDy3Wq62pCeawUz/380","D:\github\ron-english-light-cult-0001-1000\data\generated\light-cult-image-match-powershell-only\run-20260514-150810\reference-images\Light-Cult-Crypto-Club-00380.png","c60f0d3931313313","https://opensea.io/assets/ethereum/0xbe85fbd182af91290be7293438ae67549638189f/380","[{""trait_type"":""Status"",""value"":""Rare""},{""trait_type"":""Collection"",""value"":""2-Ton Sam""},{""trait_type"":""Variant"",""value"":""2T - V6""}]"
"381","00381","","","ipfs://QmXpXg2KDaqtFwFutCx11Lib4BJ86RPkUpkxCJJCDSc5SL/381","https://ipfs.io/ipfs/QmXpXg2KDaqtFwFutCx11Lib4BJ86RPkUpkxCJJCDSc5SL/381","ipfs://QmWNWmgdMtxpyofvTSVRFjzTugo71Q6WDy3Wq62pCeawUz/381","https://ipfs.io/ipfs/QmWNWmgdMtxpyofvTSVRFjzTugo71Q6WDy3Wq62pCeawUz/381","D:\github\ron-english-light-cult-0001-1000\data\generated\light-cult-image-match-powershell-only\run-20260514-150810\reference-images\Light-Cult-Crypto-Club-00381.png","060f0b1707070f0f","https://opensea.io/assets/ethereum/0xbe85fbd182af91290be7293438ae67549638189f/381","[{""trait_type"":""Background"",""value"":""Mandala 3""},{""trait_type"":""Face"",""value"":""Ship n Bowl""},{""trait_type"":""Hat"",""value"":""Police - Brain""}]"
"382","00382","","","ipfs://QmXpXg2KDaqtFwFutCx11Lib4BJ86RPkUpkxCJJCDSc5SL/382","https://ipfs.io/ipfs/QmXpXg2KDaqtFwFutCx11Lib4BJ86RPkUpkxCJJCDSc5SL/382","ipfs://QmWNWmgdMtxpyofvTSVRFjzTugo71Q6WDy3Wq62pCeawUz/382","https://ipfs.io/ipfs/QmWNWmgdMtxpyofvTSVRFjzTugo71Q6WDy3Wq62pCeawUz/382","D:\github\ron-english-light-cult-0001-1000\data\generated\light-cult-image-match-powershell-only\run-20260514-150810\reference-images\Light-Cult-Crypto-Club-00382.png","0e0f0f07070f0f0f","https://opensea.io/assets/ethereum/0xbe85fbd182af91290be7293438ae67549638189f/382","[{""trait_type"":""Background"",""value"":""Mandala 13""},{""trait_type"":""Face"",""value"":""Basic (Pink)""},{""trait_type"":""Hat"",""value"":""Police - Brain""},{""trait_type"":""Body"",""value"":""Sweater Scarf""}]"
"384","00384","","","ipfs://QmXpXg2KDaqtFwFutCx11Lib4BJ86RPkUpkxCJJCDSc5SL/384","https://ipfs.io/ipfs/QmXpXg2KDaqtFwFutCx11Lib4BJ86RPkUpkxCJJCDSc5SL/384","ipfs://QmWNWmgdMtxpyofvTSVRFjzTugo71Q6WDy3Wq62pCeawUz/384","https://ipfs.io/ipfs/QmWNWmgdMtxpyofvTSVRFjzTugo71Q6WDy3Wq62pCeawUz/384","D:\github\ron-english-light-cult-0001-1000\data\generated\light-cult-image-match-powershell-only\run-20260514-150810\reference-images\Light-Cult-Crypto-Club-00384.png","0607070707070f07","https://opensea.io/assets/ethereum/0xbe85fbd182af91290be7293438ae67549638189f/384","[{""trait_type"":""Background"",""value"":""Mandala 5""},{""trait_type"":""Face"",""value"":""Smiley Face (Yellow)""},{""trait_type"":""Body"",""value"":""Dino Body""}]"
"385","00385","","","ipfs://QmXpXg2KDaqtFwFutCx11Lib4BJ86RPkUpkxCJJCDSc5SL/385","https://ipfs.io/ipfs/QmXpXg2KDaqtFwFutCx11Lib4BJ86RPkUpkxCJJCDSc5SL/385","ipfs://QmWNWmgdMtxpyofvTSVRFjzTugo71Q6WDy3Wq62pCeawUz/385","https://ipfs.io/ipfs/QmWNWmgdMtxpyofvTSVRFjzTugo71Q6WDy3Wq62pCeawUz/385","D:\github\ron-english-light-cult-0001-1000\data\generated\light-cult-image-match-powershell-only\run-20260514-150810\reference-images\Light-Cult-Crypto-Club-00385.png","071736346430390f","https://opensea.io/assets/ethereum/0xbe85fbd182af91290be7293438ae67549638189f/385","[{""trait_type"":""Background"",""value"":""Rainbow""},{""trait_type"":""Face"",""value"":""Smiley Face (Pink)""},{""trait_type"":""Accessory"",""value"":""Fairy Wings""},{""trait_type"":""Hat"",""value"":""Beanie Grey""},{""trait_type"":""Body"",""value"":""Tanktop Bulb""}]"
"386","00386","","","ipfs://QmXpXg2KDaqtFwFutCx11Lib4BJ86RPkUpkxCJJCDSc5SL/386","https://ipfs.io/ipfs/QmXpXg2KDaqtFwFutCx11Lib4BJ86RPkUpkxCJJCDSc5SL/386","ipfs://QmWNWmgdMtxpyofvTSVRFjzTugo71Q6WDy3Wq62pCeawUz/386","https://ipfs.io/ipfs/QmWNWmgdMtxpyofvTSVRFjzTugo71Q6WDy3Wq62pCeawUz/386","D:\github\ron-english-light-cult-0001-1000\data\generated\light-cult-image-match-powershell-only\run-20260514-150810\reference-images\Light-Cult-Crypto-Club-00386.png","50783a3032307870","https://opensea.io/assets/ethereum/0xbe85fbd182af91290be7293438ae67549638189f/386","[{""trait_type"":""Background"",""value"":""Pink""},{""trait_type"":""Face"",""value"":""Basic (Light Blue)""},{""trait_type"":""Hat"",""value"":""Police - Skull""},{""trait_type"":""Body"",""value"":""Tanktop Tree""}]"
"387","00387","","","ipfs://QmXpXg2KDaqtFwFutCx11Lib4BJ86RPkUpkxCJJCDSc5SL/387","https://ipfs.io/ipfs/QmXpXg2KDaqtFwFutCx11Lib4BJ86RPkUpkxCJJCDSc5SL/387","ipfs://QmWNWmgdMtxpyofvTSVRFjzTugo71Q6WDy3Wq62pCeawUz/387","https://ipfs.io/ipfs/QmWNWmgdMtxpyofvTSVRFjzTugo71Q6WDy3Wq62pCeawUz/387","D:\github\ron-english-light-cult-0001-1000\data\generated\light-cult-image-match-powershell-only\run-20260514-150810\reference-images\Light-Cult-Crypto-Club-00387.png","060f07070f0f0f07","https://opensea.io/assets/ethereum/0xbe85fbd182af91290be7293438ae67549638189f/387","[{""trait_type"":""Background"",""value"":""Mandala 15""},{""trait_type"":""Face"",""value"":""Tweety Photo""}]"
"388","00388","","","ipfs://QmXpXg2KDaqtFwFutCx11Lib4BJ86RPkUpkxCJJCDSc5SL/388","https://ipfs.io/ipfs/QmXpXg2KDaqtFwFutCx11Lib4BJ86RPkUpkxCJJCDSc5SL/388","ipfs://QmWNWmgdMtxpyofvTSVRFjzTugo71Q6WDy3Wq62pCeawUz/388","https://ipfs.io/ipfs/QmWNWmgdMtxpyofvTSVRFjzTugo71Q6WDy3Wq62pCeawUz/388","D:\github\ron-english-light-cult-0001-1000\data\generated\light-cult-image-match-powershell-only\run-20260514-150810\reference-images\Light-Cult-Crypto-Club-00388.png","0f030f195b0f0e07","https://opensea.io/assets/ethereum/0xbe85fbd182af91290be7293438ae67549638189f/388","[{""trait_type"":""Background"",""value"":""Mandala 19""},{""trait_type"":""Face"",""value"":""Bomb""}]"
"389","00389","","","ipfs://QmXpXg2KDaqtFwFutCx11Lib4BJ86RPkUpkxCJJCDSc5SL/389","https://ipfs.io/ipfs/QmXpXg2KDaqtFwFutCx11Lib4BJ86RPkUpkxCJJCDSc5SL/389","ipfs://QmWNWmgdMtxpyofvTSVRFjzTugo71Q6WDy3Wq62pCeawUz/389","https://ipfs.io/ipfs/QmWNWmgdMtxpyofvTSVRFjzTugo71Q6WDy3Wq62pCeawUz/389","D:\github\ron-english-light-cult-0001-1000\data\generated\light-cult-image-match-powershell-only\run-20260514-150810\reference-images\Light-Cult-Crypto-Club-00389.png","0607070707071f1f","https://opensea.io/assets/ethereum/0xbe85fbd182af91290be7293438ae67549638189f/389","[{""trait_type"":""Background"",""value"":""Mandala 3""},{""trait_type"":""Face"",""value"":""White Mask""},{""trait_type"":""Body"",""value"":""Brown Guitar""}]"
"390","00390","","","ipfs://QmXpXg2KDaqtFwFutCx11Lib4BJ86RPkUpkxCJJCDSc5SL/390","https://ipfs.io/ipfs/QmXpXg2KDaqtFwFutCx11Lib4BJ86RPkUpkxCJJCDSc5SL/390","ipfs://QmWNWmgdMtxpyofvTSVRFjzTugo71Q6WDy3Wq62pCeawUz/390","https://ipfs.io/ipfs/QmWNWmgdMtxpyofvTSVRFjzTugo71Q6WDy3Wq62pCeawUz/390","D:\github\ron-english-light-cult-0001-1000\data\generated\light-cult-image-match-powershell-only\run-20260514-150810\reference-images\Light-Cult-Crypto-Club-00390.png","4046763436707864","https://opensea.io/assets/ethereum/0xbe85fbd182af91290be7293438ae67549638189f/390","[{""trait_type"":""Background"",""value"":""Pink""},{""trait_type"":""Face"",""value"":""Basic (Yellow)""},{""trait_type"":""Body"",""value"":""Tanktop Mermaid""}]"
"391","00391","","","ipfs://QmXpXg2KDaqtFwFutCx11Lib4BJ86RPkUpkxCJJCDSc5SL/391","https://ipfs.io/ipfs/QmXpXg2KDaqtFwFutCx11Lib4BJ86RPkUpkxCJJCDSc5SL/391","ipfs://QmWNWmgdMtxpyofvTSVRFjzTugo71Q6WDy3Wq62pCeawUz/391","https://ipfs.io/ipfs/QmWNWmgdMtxpyofvTSVRFjzTugo71Q6WDy3Wq62pCeawUz/391","D:\github\ron-english-light-cult-0001-1000\data\generated\light-cult-image-match-powershell-only\run-20260514-150810\reference-images\Light-Cult-Crypto-Club-00391.png","7446caee64666464","https://opensea.io/assets/ethereum/0xbe85fbd182af91290be7293438ae67549638189f/391","[{""trait_type"":""Status"",""value"":""Rare""},{""trait_type"":""Collection"",""value"":""Benjamin""},{""trait_type"":""Variant"",""value"":""1O - V4""}]"
"393","00393","","","ipfs://QmXpXg2KDaqtFwFutCx11Lib4BJ86RPkUpkxCJJCDSc5SL/393","https://ipfs.io/ipfs/QmXpXg2KDaqtFwFutCx11Lib4BJ86RPkUpkxCJJCDSc5SL/393","ipfs://QmWNWmgdMtxpyofvTSVRFjzTugo71Q6WDy3Wq62pCeawUz/393","https://ipfs.io/ipfs/QmWNWmgdMtxpyofvTSVRFjzTugo71Q6WDy3Wq62pCeawUz/393","D:\github\ron-english-light-cult-0001-1000\data\generated\light-cult-image-match-powershell-only\run-20260514-150810\reference-images\Light-Cult-Crypto-Club-00393.png","06070b0f17130f07","https://opensea.io/assets/ethereum/0xbe85fbd182af91290be7293438ae67549638189f/393","[{""trait_type"":""Background"",""value"":""Mandala 4""},{""trait_type"":""Face"",""value"":""Goldfish Bowl""},{""trait_type"":""Hat"",""value"":""Pink Military""}]"
"394","00394","","","ipfs://QmXpXg2KDaqtFwFutCx11Lib4BJ86RPkUpkxCJJCDSc5SL/394","https://ipfs.io/ipfs/QmXpXg2KDaqtFwFutCx11Lib4BJ86RPkUpkxCJJCDSc5SL/394","ipfs://QmWNWmgdMtxpyofvTSVRFjzTugo71Q6WDy3Wq62pCeawUz/394","https://ipfs.io/ipfs/QmWNWmgdMtxpyofvTSVRFjzTugo71Q6WDy3Wq62pCeawUz/394","D:\github\ron-english-light-cult-0001-1000\data\generated\light-cult-image-match-powershell-only\run-20260514-150810\reference-images\Light-Cult-Crypto-Club-00394.png","0e070f0f07070f0b","https://opensea.io/assets/ethereum/0xbe85fbd182af91290be7293438ae67549638189f/394","[{""trait_type"":""Background"",""value"":""Mandala 3""},{""trait_type"":""Face"",""value"":""Quack Bowl""}]"
"395","00395","","","ipfs://QmXpXg2KDaqtFwFutCx11Lib4BJ86RPkUpkxCJJCDSc5SL/395","https://ipfs.io/ipfs/QmXpXg2KDaqtFwFutCx11Lib4BJ86RPkUpkxCJJCDSc5SL/395","ipfs://QmWNWmgdMtxpyofvTSVRFjzTugo71Q6WDy3Wq62pCeawUz/395","https://ipfs.io/ipfs/QmWNWmgdMtxpyofvTSVRFjzTugo71Q6WDy3Wq62pCeawUz/395","D:\github\ron-english-light-cult-0001-1000\data\generated\light-cult-image-match-powershell-only\run-20260514-150810\reference-images\Light-Cult-Crypto-Club-00395.png","7f7f6f4f0ec74747","https://opensea.io/assets/ethereum/0xbe85fbd182af91290be7293438ae67549638189f/395","[{""trait_type"":""Status"",""value"":""Rare""},{""trait_type"":""Collection"",""value"":""Forlorn Unicorn""},{""trait_type"":""Variant"",""value"":""FU - V2""}]"
"397","00397","","","ipfs://QmXpXg2KDaqtFwFutCx11Lib4BJ86RPkUpkxCJJCDSc5SL/397","https://ipfs.io/ipfs/QmXpXg2KDaqtFwFutCx11Lib4BJ86RPkUpkxCJJCDSc5SL/397","ipfs://QmWNWmgdMtxpyofvTSVRFjzTugo71Q6WDy3Wq62pCeawUz/397","https://ipfs.io/ipfs/QmWNWmgdMtxpyofvTSVRFjzTugo71Q6WDy3Wq62pCeawUz/397","D:\github\ron-english-light-cult-0001-1000\data\generated\light-cult-image-match-powershell-only\run-20260514-150810\reference-images\Light-Cult-Crypto-Club-00397.png","04070f0f0f073d0f","https://opensea.io/assets/ethereum/0xbe85fbd182af91290be7293438ae67549638189f/397","[{""trait_type"":""Background"",""value"":""Mandala 11""},{""trait_type"":""Face"",""value"":""Smiley Face (Yellow)""},{""trait_type"":""Accessory"",""value"":""Goggles""},{""trait_type"":""Hat"",""value"":""Fez - Machete""},{""trait_type"":""Body"",""value"":""Sweater Scarf""}]"
"398","00398","","","ipfs://QmXpXg2KDaqtFwFutCx11Lib4BJ86RPkUpkxCJJCDSc5SL/398","https://ipfs.io/ipfs/QmXpXg2KDaqtFwFutCx11Lib4BJ86RPkUpkxCJJCDSc5SL/398","ipfs://QmWNWmgdMtxpyofvTSVRFjzTugo71Q6WDy3Wq62pCeawUz/398","https://ipfs.io/ipfs/QmWNWmgdMtxpyofvTSVRFjzTugo71Q6WDy3Wq62pCeawUz/398","D:\github\ron-english-light-cult-0001-1000\data\generated\light-cult-image-match-powershell-only\run-20260514-150810\reference-images\Light-Cult-Crypto-Club-00398.png","5a5a3831391b5246","https://opensea.io/assets/ethereum/0xbe85fbd182af91290be7293438ae67549638189f/398","[{""trait_type"":""Background"",""value"":""Yellow""},{""trait_type"":""Face"",""value"":""Blue Mask""},{""trait_type"":""Hat"",""value"":""Carosoul Crown""}]"
"399","00399","","","ipfs://QmXpXg2KDaqtFwFutCx11Lib4BJ86RPkUpkxCJJCDSc5SL/399","https://ipfs.io/ipfs/QmXpXg2KDaqtFwFutCx11Lib4BJ86RPkUpkxCJJCDSc5SL/399","ipfs://QmWNWmgdMtxpyofvTSVRFjzTugo71Q6WDy3Wq62pCeawUz/399","https://ipfs.io/ipfs/QmWNWmgdMtxpyofvTSVRFjzTugo71Q6WDy3Wq62pCeawUz/399","D:\github\ron-english-light-cult-0001-1000\data\generated\light-cult-image-match-powershell-only\run-20260514-150810\reference-images\Light-Cult-Crypto-Club-00399.png","460725251b133139","https://opensea.io/assets/ethereum/0xbe85fbd182af91290be7293438ae67549638189f/399","[{""trait_type"":""Background"",""value"":""Light Blue""},{""trait_type"":""Face"",""value"":""Cracked Smile""},{""trait_type"":""Body"",""value"":""Overalls Red""}]"
"401","00401","","","ipfs://QmXpXg2KDaqtFwFutCx11Lib4BJ86RPkUpkxCJJCDSc5SL/401","https://ipfs.io/ipfs/QmXpXg2KDaqtFwFutCx11Lib4BJ86RPkUpkxCJJCDSc5SL/401","ipfs://QmWNWmgdMtxpyofvTSVRFjzTugo71Q6WDy3Wq62pCeawUz/401","https://ipfs.io/ipfs/QmWNWmgdMtxpyofvTSVRFjzTugo71Q6WDy3Wq62pCeawUz/401","D:\github\ron-english-light-cult-0001-1000\data\generated\light-cult-image-match-powershell-only\run-20260514-150810\reference-images\Light-Cult-Crypto-Club-00401.png","01090d09090b1b17","https://opensea.io/assets/ethereum/0xbe85fbd182af91290be7293438ae67549638189f/401","[{""trait_type"":""Background"",""value"":""Black""},{""trait_type"":""Face"",""value"":""Basic (Red)""},{""trait_type"":""Hat"",""value"":""Beanie Red""},{""trait_type"":""Body"",""value"":""Tanktop Tree""}]"
"403","00403","","","ipfs://QmXpXg2KDaqtFwFutCx11Lib4BJ86RPkUpkxCJJCDSc5SL/403","https://ipfs.io/ipfs/QmXpXg2KDaqtFwFutCx11Lib4BJ86RPkUpkxCJJCDSc5SL/403","ipfs://QmWNWmgdMtxpyofvTSVRFjzTugo71Q6WDy3Wq62pCeawUz/403","https://ipfs.io/ipfs/QmWNWmgdMtxpyofvTSVRFjzTugo71Q6WDy3Wq62pCeawUz/403","D:\github\ron-english-light-cult-0001-1000\data\generated\light-cult-image-match-powershell-only\run-20260514-150810\reference-images\Light-Cult-Crypto-Club-00403.png","04070f0f0f1b0f07","https://opensea.io/assets/ethereum/0xbe85fbd182af91290be7293438ae67549638189f/403","[{""trait_type"":""Background"",""value"":""Mandala 4""},{""trait_type"":""Face"",""value"":""Seamonkey Bowl""},{""trait_type"":""Hat"",""value"":""Fez - Machete""}]"
"404","00404","","","ipfs://QmXpXg2KDaqtFwFutCx11Lib4BJ86RPkUpkxCJJCDSc5SL/404","https://ipfs.io/ipfs/QmXpXg2KDaqtFwFutCx11Lib4BJ86RPkUpkxCJJCDSc5SL/404","ipfs://QmWNWmgdMtxpyofvTSVRFjzTugo71Q6WDy3Wq62pCeawUz/404","https://ipfs.io/ipfs/QmWNWmgdMtxpyofvTSVRFjzTugo71Q6WDy3Wq62pCeawUz/404","D:\github\ron-english-light-cult-0001-1000\data\generated\light-cult-image-match-powershell-only\run-20260514-150810\reference-images\Light-Cult-Crypto-Club-00404.png","0407070707071f1f","https://opensea.io/assets/ethereum/0xbe85fbd182af91290be7293438ae67549638189f/404","[{""trait_type"":""Background"",""value"":""Mandala 24""},{""trait_type"":""Face"",""value"":""Smiley Face (Light Blue)""},{""trait_type"":""Accessory"",""value"":""Groucho Glasses""},{""trait_type"":""Hat"",""value"":""Fez - Double Donkey""},{""trait_type"":""Body"",""value"":""Brown Guitar""}]"
"405","00405","","","ipfs://QmXpXg2KDaqtFwFutCx11Lib4BJ86RPkUpkxCJJCDSc5SL/405","https://ipfs.io/ipfs/QmXpXg2KDaqtFwFutCx11Lib4BJ86RPkUpkxCJJCDSc5SL/405","ipfs://QmWNWmgdMtxpyofvTSVRFjzTugo71Q6WDy3Wq62pCeawUz/405","https://ipfs.io/ipfs/QmWNWmgdMtxpyofvTSVRFjzTugo71Q6WDy3Wq62pCeawUz/405","D:\github\ron-english-light-cult-0001-1000\data\generated\light-cult-image-match-powershell-only\run-20260514-150810\reference-images\Light-Cult-Crypto-Club-00405.png","5a1b31191b523952","https://opensea.io/assets/ethereum/0xbe85fbd182af91290be7293438ae67549638189f/405","[{""trait_type"":""Background"",""value"":""Light Blue""},{""trait_type"":""Face"",""value"":""Smiley Face (Pink)""},{""trait_type"":""Accessory"",""value"":""Goggles""},{""trait_type"":""Hat"",""value"":""Cowboy Hat""},{""trait_type"":""Body"",""value"":""Star Skull Body - Black""}]"
"406","00406","","","ipfs://QmXpXg2KDaqtFwFutCx11Lib4BJ86RPkUpkxCJJCDSc5SL/406","https://ipfs.io/ipfs/QmXpXg2KDaqtFwFutCx11Lib4BJ86RPkUpkxCJJCDSc5SL/406","ipfs://QmWNWmgdMtxpyofvTSVRFjzTugo71Q6WDy3Wq62pCeawUz/406","https://ipfs.io/ipfs/QmWNWmgdMtxpyofvTSVRFjzTugo71Q6WDy3Wq62pCeawUz/406","D:\github\ron-english-light-cult-0001-1000\data\generated\light-cult-image-match-powershell-only\run-20260514-150810\reference-images\Light-Cult-Crypto-Club-00406.png","5a5a787839587868","https://opensea.io/assets/ethereum/0xbe85fbd182af91290be7293438ae67549638189f/406","[{""trait_type"":""Background"",""value"":""Pink""},{""trait_type"":""Face"",""value"":""Octopus Bowl""},{""trait_type"":""Hat"",""value"":""Fez - StarSkull""},{""trait_type"":""Body"",""value"":""Cloud Body""}]"
"407","00407","","","ipfs://QmXpXg2KDaqtFwFutCx11Lib4BJ86RPkUpkxCJJCDSc5SL/407","https://ipfs.io/ipfs/QmXpXg2KDaqtFwFutCx11Lib4BJ86RPkUpkxCJJCDSc5SL/407","ipfs://QmWNWmgdMtxpyofvTSVRFjzTugo71Q6WDy3Wq62pCeawUz/407","https://ipfs.io/ipfs/QmWNWmgdMtxpyofvTSVRFjzTugo71Q6WDy3Wq62pCeawUz/407","D:\github\ron-english-light-cult-0001-1000\data\generated\light-cult-image-match-powershell-only\run-20260514-150810\reference-images\Light-Cult-Crypto-Club-00407.png","070731707038310f","https://opensea.io/assets/ethereum/0xbe85fbd182af91290be7293438ae67549638189f/407","[{""trait_type"":""Background"",""value"":""Rainbow""},{""trait_type"":""Face"",""value"":""Smiley Face (Light Blue)""},{""trait_type"":""Accessory"",""value"":""Winged Sunglasses""},{""trait_type"":""Body"",""value"":""Tanktop Bulb""}]"
"408","00408","","","ipfs://QmXpXg2KDaqtFwFutCx11Lib4BJ86RPkUpkxCJJCDSc5SL/408","https://ipfs.io/ipfs/QmXpXg2KDaqtFwFutCx11Lib4BJ86RPkUpkxCJJCDSc5SL/408","ipfs://QmWNWmgdMtxpyofvTSVRFjzTugo71Q6WDy3Wq62pCeawUz/408","https://ipfs.io/ipfs/QmWNWmgdMtxpyofvTSVRFjzTugo71Q6WDy3Wq62pCeawUz/408","D:\github\ron-english-light-cult-0001-1000\data\generated\light-cult-image-match-powershell-only\run-20260514-150810\reference-images\Light-Cult-Crypto-Club-00408.png","060f07070707071f","https://opensea.io/assets/ethereum/0xbe85fbd182af91290be7293438ae67549638189f/408","[{""trait_type"":""Background"",""value"":""Mandala 14""},{""trait_type"":""Face"",""value"":""Smiley Face (Yellow)""},{""trait_type"":""Accessory"",""value"":""Groucho Glasses""},{""trait_type"":""Hat"",""value"":""Scrap ARD""},{""trait_type"":""Body"",""value"":""Red Guitar""}]"
"409","00409","","","ipfs://QmXpXg2KDaqtFwFutCx11Lib4BJ86RPkUpkxCJJCDSc5SL/409","https://ipfs.io/ipfs/QmXpXg2KDaqtFwFutCx11Lib4BJ86RPkUpkxCJJCDSc5SL/409","ipfs://QmWNWmgdMtxpyofvTSVRFjzTugo71Q6WDy3Wq62pCeawUz/409","https://ipfs.io/ipfs/QmWNWmgdMtxpyofvTSVRFjzTugo71Q6WDy3Wq62pCeawUz/409","D:\github\ron-english-light-cult-0001-1000\data\generated\light-cult-image-match-powershell-only\run-20260514-150810\reference-images\Light-Cult-Crypto-Club-00409.png","4607393113131307","https://opensea.io/assets/ethereum/0xbe85fbd182af91290be7293438ae67549638189f/409","[{""trait_type"":""Background"",""value"":""Red""},{""trait_type"":""Face"",""value"":""Brain""},{""trait_type"":""Accessory"",""value"":""Winged Sunglasses""}]"
"410","00410","","","ipfs://QmXpXg2KDaqtFwFutCx11Lib4BJ86RPkUpkxCJJCDSc5SL/410","https://ipfs.io/ipfs/QmXpXg2KDaqtFwFutCx11Lib4BJ86RPkUpkxCJJCDSc5SL/410","ipfs://QmWNWmgdMtxpyofvTSVRFjzTugo71Q6WDy3Wq62pCeawUz/410","https://ipfs.io/ipfs/QmWNWmgdMtxpyofvTSVRFjzTugo71Q6WDy3Wq62pCeawUz/410","D:\github\ron-english-light-cult-0001-1000\data\generated\light-cult-image-match-powershell-only\run-20260514-150810\reference-images\Light-Cult-Crypto-Club-00410.png","724c4e6c64645878","https://opensea.io/assets/ethereum/0xbe85fbd182af91290be7293438ae67549638189f/410","[{""trait_type"":""Status"",""value"":""Rare""},{""trait_type"":""Collection"",""value"":""Warhol""},{""trait_type"":""Variant"",""value"":""AW - V20""}]"
"411","00411","","","ipfs://QmXpXg2KDaqtFwFutCx11Lib4BJ86RPkUpkxCJJCDSc5SL/411","https://ipfs.io/ipfs/QmXpXg2KDaqtFwFutCx11Lib4BJ86RPkUpkxCJJCDSc5SL/411","ipfs://QmWNWmgdMtxpyofvTSVRFjzTugo71Q6WDy3Wq62pCeawUz/411","https://ipfs.io/ipfs/QmWNWmgdMtxpyofvTSVRFjzTugo71Q6WDy3Wq62pCeawUz/411","D:\github\ron-english-light-cult-0001-1000\data\generated\light-cult-image-match-powershell-only\run-20260514-150810\reference-images\Light-Cult-Crypto-Club-00411.png","5672725030306c46","https://opensea.io/assets/ethereum/0xbe85fbd182af91290be7293438ae67549638189f/411","[{""trait_type"":""Status"",""value"":""Rare""},{""trait_type"":""Collection"",""value"":""Tricycle Bulb""},{""trait_type"":""Variant"",""value"":""TB - V5""}]"
"413","00413","","","ipfs://QmXpXg2KDaqtFwFutCx11Lib4BJ86RPkUpkxCJJCDSc5SL/413","https://ipfs.io/ipfs/QmXpXg2KDaqtFwFutCx11Lib4BJ86RPkUpkxCJJCDSc5SL/413","ipfs://QmWNWmgdMtxpyofvTSVRFjzTugo71Q6WDy3Wq62pCeawUz/413","https://ipfs.io/ipfs/QmWNWmgdMtxpyofvTSVRFjzTugo71Q6WDy3Wq62pCeawUz/413","D:\github\ron-english-light-cult-0001-1000\data\generated\light-cult-image-match-powershell-only\run-20260514-150810\reference-images\Light-Cult-Crypto-Club-00413.png","060f0731311b1b13","https://opensea.io/assets/ethereum/0xbe85fbd182af91290be7293438ae67549638189f/413","[{""trait_type"":""Background"",""value"":""Mandala 6""},{""trait_type"":""Face"",""value"":""Smiley Face (Red)""},{""trait_type"":""Body"",""value"":""Tanktop""}]"
"414","00414","","","ipfs://QmXpXg2KDaqtFwFutCx11Lib4BJ86RPkUpkxCJJCDSc5SL/414","https://ipfs.io/ipfs/QmXpXg2KDaqtFwFutCx11Lib4BJ86RPkUpkxCJJCDSc5SL/414","ipfs://QmWNWmgdMtxpyofvTSVRFjzTugo71Q6WDy3Wq62pCeawUz/414","https://ipfs.io/ipfs/QmWNWmgdMtxpyofvTSVRFjzTugo71Q6WDy3Wq62pCeawUz/414","D:\github\ron-english-light-cult-0001-1000\data\generated\light-cult-image-match-powershell-only\run-20260514-150810\reference-images\Light-Cult-Crypto-Club-00414.png","46073139391b3a31","https://opensea.io/assets/ethereum/0xbe85fbd182af91290be7293438ae67549638189f/414","[{""trait_type"":""Background"",""value"":""Light Blue""},{""trait_type"":""Face"",""value"":""Smiley Face (Red)""},{""trait_type"":""Accessory"",""value"":""Goggles""},{""trait_type"":""Body"",""value"":""M-16""}]"
"416","00416","","","ipfs://QmXpXg2KDaqtFwFutCx11Lib4BJ86RPkUpkxCJJCDSc5SL/416","https://ipfs.io/ipfs/QmXpXg2KDaqtFwFutCx11Lib4BJ86RPkUpkxCJJCDSc5SL/416","ipfs://QmWNWmgdMtxpyofvTSVRFjzTugo71Q6WDy3Wq62pCeawUz/416","https://ipfs.io/ipfs/QmWNWmgdMtxpyofvTSVRFjzTugo71Q6WDy3Wq62pCeawUz/416","D:\github\ron-english-light-cult-0001-1000\data\generated\light-cult-image-match-powershell-only\run-20260514-150810\reference-images\Light-Cult-Crypto-Club-00416.png","46133131311b1307","https://opensea.io/assets/ethereum/0xbe85fbd182af91290be7293438ae67549638189f/416","[{""trait_type"":""Background"",""value"":""Red""},{""trait_type"":""Face"",""value"":""Smiley Face (Light Blue)""},{""trait_type"":""Hat"",""value"":""Beanie Red""}]"
"418","00418","","","ipfs://QmXpXg2KDaqtFwFutCx11Lib4BJ86RPkUpkxCJJCDSc5SL/418","https://ipfs.io/ipfs/QmXpXg2KDaqtFwFutCx11Lib4BJ86RPkUpkxCJJCDSc5SL/418","ipfs://QmWNWmgdMtxpyofvTSVRFjzTugo71Q6WDy3Wq62pCeawUz/418","https://ipfs.io/ipfs/QmWNWmgdMtxpyofvTSVRFjzTugo71Q6WDy3Wq62pCeawUz/418","D:\github\ron-english-light-cult-0001-1000\data\generated\light-cult-image-match-powershell-only\run-20260514-150810\reference-images\Light-Cult-Crypto-Club-00418.png","40303452ce9c1ce7","https://opensea.io/assets/ethereum/0xbe85fbd182af91290be7293438ae67549638189f/418","[{""trait_type"":""Status"",""value"":""Rare""},{""trait_type"":""Collection"",""value"":""Tractor Bulb""},{""trait_type"":""Variant"",""value"":""TR - V3""}]"
"419","00419","","","ipfs://QmXpXg2KDaqtFwFutCx11Lib4BJ86RPkUpkxCJJCDSc5SL/419","https://ipfs.io/ipfs/QmXpXg2KDaqtFwFutCx11Lib4BJ86RPkUpkxCJJCDSc5SL/419","ipfs://QmWNWmgdMtxpyofvTSVRFjzTugo71Q6WDy3Wq62pCeawUz/419","https://ipfs.io/ipfs/QmWNWmgdMtxpyofvTSVRFjzTugo71Q6WDy3Wq62pCeawUz/419","D:\github\ron-english-light-cult-0001-1000\data\generated\light-cult-image-match-powershell-only\run-20260514-150810\reference-images\Light-Cult-Crypto-Club-00419.png","0707313164313139","https://opensea.io/assets/ethereum/0xbe85fbd182af91290be7293438ae67549638189f/419","[{""trait_type"":""Background"",""value"":""Rainbow""},{""trait_type"":""Face"",""value"":""Basic (Pink)""},{""trait_type"":""Accessory"",""value"":""Groucho Glasses""},{""trait_type"":""Body"",""value"":""Overalls Brown""}]"
"421","00421","","","ipfs://QmXpXg2KDaqtFwFutCx11Lib4BJ86RPkUpkxCJJCDSc5SL/421","https://ipfs.io/ipfs/QmXpXg2KDaqtFwFutCx11Lib4BJ86RPkUpkxCJJCDSc5SL/421","ipfs://QmWNWmgdMtxpyofvTSVRFjzTugo71Q6WDy3Wq62pCeawUz/421","https://ipfs.io/ipfs/QmWNWmgdMtxpyofvTSVRFjzTugo71Q6WDy3Wq62pCeawUz/421","D:\github\ron-english-light-cult-0001-1000\data\generated\light-cult-image-match-powershell-only\run-20260514-150810\reference-images\Light-Cult-Crypto-Club-00421.png","031b393130311307","https://opensea.io/assets/ethereum/0xbe85fbd182af91290be7293438ae67549638189f/421","[{""trait_type"":""Background"",""value"":""Rainbow""},{""trait_type"":""Face"",""value"":""StarSkull Black/Metallic""},{""trait_type"":""Hat"",""value"":""Helmet - Green""}]"
"422","00422","","","ipfs://QmXpXg2KDaqtFwFutCx11Lib4BJ86RPkUpkxCJJCDSc5SL/422","https://ipfs.io/ipfs/QmXpXg2KDaqtFwFutCx11Lib4BJ86RPkUpkxCJJCDSc5SL/422","ipfs://QmWNWmgdMtxpyofvTSVRFjzTugo71Q6WDy3Wq62pCeawUz/422","https://ipfs.io/ipfs/QmWNWmgdMtxpyofvTSVRFjzTugo71Q6WDy3Wq62pCeawUz/422","D:\github\ron-english-light-cult-0001-1000\data\generated\light-cult-image-match-powershell-only\run-20260514-150810\reference-images\Light-Cult-Crypto-Club-00422.png","444a703139327a70","https://opensea.io/assets/ethereum/0xbe85fbd182af91290be7293438ae67549638189f/422","[{""trait_type"":""Background"",""value"":""Yellow""},{""trait_type"":""Face"",""value"":""Whale Bowl""},{""trait_type"":""Body"",""value"":""Brown Guitar""}]"
"423","00423","","","ipfs://QmXpXg2KDaqtFwFutCx11Lib4BJ86RPkUpkxCJJCDSc5SL/423","https://ipfs.io/ipfs/QmXpXg2KDaqtFwFutCx11Lib4BJ86RPkUpkxCJJCDSc5SL/423","ipfs://QmWNWmgdMtxpyofvTSVRFjzTugo71Q6WDy3Wq62pCeawUz/423","https://ipfs.io/ipfs/QmWNWmgdMtxpyofvTSVRFjzTugo71Q6WDy3Wq62pCeawUz/423","D:\github\ron-english-light-cult-0001-1000\data\generated\light-cult-image-match-powershell-only\run-20260514-150810\reference-images\Light-Cult-Crypto-Club-00423.png","460f1b31311b1307","https://opensea.io/assets/ethereum/0xbe85fbd182af91290be7293438ae67549638189f/423","[{""trait_type"":""Background"",""value"":""Red""},{""trait_type"":""Face"",""value"":""Smiley Face (Light Blue)""},{""trait_type"":""Hat"",""value"":""Helmet - Green""}]"
"424","00424","","","ipfs://QmXpXg2KDaqtFwFutCx11Lib4BJ86RPkUpkxCJJCDSc5SL/424","https://ipfs.io/ipfs/QmXpXg2KDaqtFwFutCx11Lib4BJ86RPkUpkxCJJCDSc5SL/424","ipfs://QmWNWmgdMtxpyofvTSVRFjzTugo71Q6WDy3Wq62pCeawUz/424","https://ipfs.io/ipfs/QmWNWmgdMtxpyofvTSVRFjzTugo71Q6WDy3Wq62pCeawUz/424","D:\github\ron-english-light-cult-0001-1000\data\generated\light-cult-image-match-powershell-only\run-20260514-150810\reference-images\Light-Cult-Crypto-Club-00424.png","06070f13130f0f0f","https://opensea.io/assets/ethereum/0xbe85fbd182af91290be7293438ae67549638189f/424","[{""trait_type"":""Background"",""value"":""Mandala 18""},{""trait_type"":""Face"",""value"":""Ship n Bowl""},{""trait_type"":""Body"",""value"":""Cloud Body""}]"
"425","00425","","","ipfs://QmXpXg2KDaqtFwFutCx11Lib4BJ86RPkUpkxCJJCDSc5SL/425","https://ipfs.io/ipfs/QmXpXg2KDaqtFwFutCx11Lib4BJ86RPkUpkxCJJCDSc5SL/425","ipfs://QmWNWmgdMtxpyofvTSVRFjzTugo71Q6WDy3Wq62pCeawUz/425","https://ipfs.io/ipfs/QmWNWmgdMtxpyofvTSVRFjzTugo71Q6WDy3Wq62pCeawUz/425","D:\github\ron-english-light-cult-0001-1000\data\generated\light-cult-image-match-powershell-only\run-20260514-150810\reference-images\Light-Cult-Crypto-Club-00425.png","4c46763476307070","https://opensea.io/assets/ethereum/0xbe85fbd182af91290be7293438ae67549638189f/425","[{""trait_type"":""Background"",""value"":""Pink""},{""trait_type"":""Face"",""value"":""Basic (Pink)""},{""trait_type"":""Body"",""value"":""Tanktop Tree""}]"
"427","00427","","","ipfs://QmXpXg2KDaqtFwFutCx11Lib4BJ86RPkUpkxCJJCDSc5SL/427","https://ipfs.io/ipfs/QmXpXg2KDaqtFwFutCx11Lib4BJ86RPkUpkxCJJCDSc5SL/427","ipfs://QmWNWmgdMtxpyofvTSVRFjzTugo71Q6WDy3Wq62pCeawUz/427","https://ipfs.io/ipfs/QmWNWmgdMtxpyofvTSVRFjzTugo71Q6WDy3Wq62pCeawUz/427","D:\github\ron-english-light-cult-0001-1000\data\generated\light-cult-image-match-powershell-only\run-20260514-150810\reference-images\Light-Cult-Crypto-Club-00427.png","060f0b0707070f07","https://opensea.io/assets/ethereum/0xbe85fbd182af91290be7293438ae67549638189f/427","[{""trait_type"":""Background"",""value"":""Mandala 4""},{""trait_type"":""Face"",""value"":""Basic (Light Blue)""},{""trait_type"":""Hat"",""value"":""Pink Military""}]"
"429","00429","","","ipfs://QmXpXg2KDaqtFwFutCx11Lib4BJ86RPkUpkxCJJCDSc5SL/429","https://ipfs.io/ipfs/QmXpXg2KDaqtFwFutCx11Lib4BJ86RPkUpkxCJJCDSc5SL/429","ipfs://QmWNWmgdMtxpyofvTSVRFjzTugo71Q6WDy3Wq62pCeawUz/429","https://ipfs.io/ipfs/QmWNWmgdMtxpyofvTSVRFjzTugo71Q6WDy3Wq62pCeawUz/429","D:\github\ron-english-light-cult-0001-1000\data\generated\light-cult-image-match-powershell-only\run-20260514-150810\reference-images\Light-Cult-Crypto-Club-00429.png","09090f070f0b1b17","https://opensea.io/assets/ethereum/0xbe85fbd182af91290be7293438ae67549638189f/429","[{""trait_type"":""Background"",""value"":""Mandala 5""},{""trait_type"":""Face"",""value"":""Smiley Face (Yellow)""},{""trait_type"":""Body"",""value"":""Tanktop Tree""}]"
"430","00430","","","ipfs://QmXpXg2KDaqtFwFutCx11Lib4BJ86RPkUpkxCJJCDSc5SL/430","https://ipfs.io/ipfs/QmXpXg2KDaqtFwFutCx11Lib4BJ86RPkUpkxCJJCDSc5SL/430","ipfs://QmWNWmgdMtxpyofvTSVRFjzTugo71Q6WDy3Wq62pCeawUz/430","https://ipfs.io/ipfs/QmWNWmgdMtxpyofvTSVRFjzTugo71Q6WDy3Wq62pCeawUz/430","D:\github\ron-english-light-cult-0001-1000\data\generated\light-cult-image-match-powershell-only\run-20260514-150810\reference-images\Light-Cult-Crypto-Club-00430.png","7038787076327064","https://opensea.io/assets/ethereum/0xbe85fbd182af91290be7293438ae67549638189f/430","[{""trait_type"":""Background"",""value"":""Yellow""},{""trait_type"":""Face"",""value"":""Basic (Pink)""},{""trait_type"":""Accessory"",""value"":""Goblin Ears""},{""trait_type"":""Hat"",""value"":""Pink Military""},{""trait_type"":""Body"",""value"":""Tanktop Earphone""}]"
"431","00431","","","ipfs://QmXpXg2KDaqtFwFutCx11Lib4BJ86RPkUpkxCJJCDSc5SL/431","https://ipfs.io/ipfs/QmXpXg2KDaqtFwFutCx11Lib4BJ86RPkUpkxCJJCDSc5SL/431","ipfs://QmWNWmgdMtxpyofvTSVRFjzTugo71Q6WDy3Wq62pCeawUz/431","https://ipfs.io/ipfs/QmWNWmgdMtxpyofvTSVRFjzTugo71Q6WDy3Wq62pCeawUz/431","D:\github\ron-english-light-cult-0001-1000\data\generated\light-cult-image-match-powershell-only\run-20260514-150810\reference-images\Light-Cult-Crypto-Club-00431.png","06050d0f0d0f1b17","https://opensea.io/assets/ethereum/0xbe85fbd182af91290be7293438ae67549638189f/431","[{""trait_type"":""Background"",""value"":""Black""},{""trait_type"":""Face"",""value"":""Smiley Face (Yellow)""},{""trait_type"":""Accessory"",""value"":""Goggles""},{""trait_type"":""Hat"",""value"":""Fez - StarSkull""},{""trait_type"":""Body"",""value"":""Tanktop Bulb""}]"
"432","00432","","","ipfs://QmXpXg2KDaqtFwFutCx11Lib4BJ86RPkUpkxCJJCDSc5SL/432","https://ipfs.io/ipfs/QmXpXg2KDaqtFwFutCx11Lib4BJ86RPkUpkxCJJCDSc5SL/432","ipfs://QmWNWmgdMtxpyofvTSVRFjzTugo71Q6WDy3Wq62pCeawUz/432","https://ipfs.io/ipfs/QmWNWmgdMtxpyofvTSVRFjzTugo71Q6WDy3Wq62pCeawUz/432","D:\github\ron-english-light-cult-0001-1000\data\generated\light-cult-image-match-powershell-only\run-20260514-150810\reference-images\Light-Cult-Crypto-Club-00432.png","060f070707070f07","https://opensea.io/assets/ethereum/0xbe85fbd182af91290be7293438ae67549638189f/432","[{""trait_type"":""Background"",""value"":""Mandala 6""},{""trait_type"":""Face"",""value"":""Smiley Face (Pink)""},{""trait_type"":""Accessory"",""value"":""Winged Sunglasses""}]"
"433","00433","","","ipfs://QmXpXg2KDaqtFwFutCx11Lib4BJ86RPkUpkxCJJCDSc5SL/433","https://ipfs.io/ipfs/QmXpXg2KDaqtFwFutCx11Lib4BJ86RPkUpkxCJJCDSc5SL/433","ipfs://QmWNWmgdMtxpyofvTSVRFjzTugo71Q6WDy3Wq62pCeawUz/433","https://ipfs.io/ipfs/QmWNWmgdMtxpyofvTSVRFjzTugo71Q6WDy3Wq62pCeawUz/433","D:\github\ron-english-light-cult-0001-1000\data\generated\light-cult-image-match-powershell-only\run-20260514-150810\reference-images\Light-Cult-Crypto-Club-00433.png","6c471b391313170f","https://opensea.io/assets/ethereum/0xbe85fbd182af91290be7293438ae67549638189f/433","[{""trait_type"":""Status"",""value"":""Rare""},{""trait_type"":""Collection"",""value"":""David Bowie""},{""trait_type"":""Variant"",""value"":""DB - V5""}]"
"434","00434","","","ipfs://QmXpXg2KDaqtFwFutCx11Lib4BJ86RPkUpkxCJJCDSc5SL/434","https://ipfs.io/ipfs/QmXpXg2KDaqtFwFutCx11Lib4BJ86RPkUpkxCJJCDSc5SL/434","ipfs://QmWNWmgdMtxpyofvTSVRFjzTugo71Q6WDy3Wq62pCeawUz/434","https://ipfs.io/ipfs/QmWNWmgdMtxpyofvTSVRFjzTugo71Q6WDy3Wq62pCeawUz/434","D:\github\ron-english-light-cult-0001-1000\data\generated\light-cult-image-match-powershell-only\run-20260514-150810\reference-images\Light-Cult-Crypto-Club-00434.png","04070f0707070f07","https://opensea.io/assets/ethereum/0xbe85fbd182af91290be7293438ae67549638189f/434","[{""trait_type"":""Background"",""value"":""Mandala 7""},{""trait_type"":""Face"",""value"":""Blue Mask""},{""trait_type"":""Hat"",""value"":""Fez - Heart Lady""}]"
"436","00436","","","ipfs://QmXpXg2KDaqtFwFutCx11Lib4BJ86RPkUpkxCJJCDSc5SL/436","https://ipfs.io/ipfs/QmXpXg2KDaqtFwFutCx11Lib4BJ86RPkUpkxCJJCDSc5SL/436","ipfs://QmWNWmgdMtxpyofvTSVRFjzTugo71Q6WDy3Wq62pCeawUz/436","https://ipfs.io/ipfs/QmWNWmgdMtxpyofvTSVRFjzTugo71Q6WDy3Wq62pCeawUz/436","D:\github\ron-english-light-cult-0001-1000\data\generated\light-cult-image-match-powershell-only\run-20260514-150810\reference-images\Light-Cult-Crypto-Club-00436.png","460725070f131f19","https://opensea.io/assets/ethereum/0xbe85fbd182af91290be7293438ae67549638189f/436","[{""trait_type"":""Background"",""value"":""Red""},{""trait_type"":""Face"",""value"":""Cracked Smile""},{""trait_type"":""Body"",""value"":""Red Guitar""}]"
"437","00437","","","ipfs://QmXpXg2KDaqtFwFutCx11Lib4BJ86RPkUpkxCJJCDSc5SL/437","https://ipfs.io/ipfs/QmXpXg2KDaqtFwFutCx11Lib4BJ86RPkUpkxCJJCDSc5SL/437","ipfs://QmWNWmgdMtxpyofvTSVRFjzTugo71Q6WDy3Wq62pCeawUz/437","https://ipfs.io/ipfs/QmWNWmgdMtxpyofvTSVRFjzTugo71Q6WDy3Wq62pCeawUz/437","D:\github\ron-english-light-cult-0001-1000\data\generated\light-cult-image-match-powershell-only\run-20260514-150810\reference-images\Light-Cult-Crypto-Club-00437.png","464676343670706c","https://opensea.io/assets/ethereum/0xbe85fbd182af91290be7293438ae67549638189f/437","[{""trait_type"":""Background"",""value"":""Pink""},{""trait_type"":""Face"",""value"":""Smiley Face (Yellow)""},{""trait_type"":""Body"",""value"":""Tanktop Bulb""}]"
"439","00439","","","ipfs://QmXpXg2KDaqtFwFutCx11Lib4BJ86RPkUpkxCJJCDSc5SL/439","https://ipfs.io/ipfs/QmXpXg2KDaqtFwFutCx11Lib4BJ86RPkUpkxCJJCDSc5SL/439","ipfs://QmWNWmgdMtxpyofvTSVRFjzTugo71Q6WDy3Wq62pCeawUz/439","https://ipfs.io/ipfs/QmWNWmgdMtxpyofvTSVRFjzTugo71Q6WDy3Wq62pCeawUz/439","D:\github\ron-english-light-cult-0001-1000\data\generated\light-cult-image-match-powershell-only\run-20260514-150810\reference-images\Light-Cult-Crypto-Club-00439.png","000f071307070f07","https://opensea.io/assets/ethereum/0xbe85fbd182af91290be7293438ae67549638189f/439","[{""trait_type"":""Background"",""value"":""Mandala 4""},{""trait_type"":""Face"",""value"":""Smiley Face (Pink)""},{""trait_type"":""Accessory"",""value"":""Ear Earrings""},{""trait_type"":""Hat"",""value"":""Beanie Grey""}]"
"441","00441","","","ipfs://QmXpXg2KDaqtFwFutCx11Lib4BJ86RPkUpkxCJJCDSc5SL/441","https://ipfs.io/ipfs/QmXpXg2KDaqtFwFutCx11Lib4BJ86RPkUpkxCJJCDSc5SL/441","ipfs://QmWNWmgdMtxpyofvTSVRFjzTugo71Q6WDy3Wq62pCeawUz/441","https://ipfs.io/ipfs/QmWNWmgdMtxpyofvTSVRFjzTugo71Q6WDy3Wq62pCeawUz/441","D:\github\ron-english-light-cult-0001-1000\data\generated\light-cult-image-match-powershell-only\run-20260514-150810\reference-images\Light-Cult-Crypto-Club-00441.png","133939313039311b","https://opensea.io/assets/ethereum/0xbe85fbd182af91290be7293438ae67549638189f/441","[{""trait_type"":""Background"",""value"":""Rainbow""},{""trait_type"":""Face"",""value"":""Basic (Red)""},{""trait_type"":""Hat"",""value"":""Police - Grin (Yellow)""},{""trait_type"":""Body"",""value"":""Mc Body""}]"
"442","00442","","","ipfs://QmXpXg2KDaqtFwFutCx11Lib4BJ86RPkUpkxCJJCDSc5SL/442","https://ipfs.io/ipfs/QmXpXg2KDaqtFwFutCx11Lib4BJ86RPkUpkxCJJCDSc5SL/442","ipfs://QmWNWmgdMtxpyofvTSVRFjzTugo71Q6WDy3Wq62pCeawUz/442","https://ipfs.io/ipfs/QmWNWmgdMtxpyofvTSVRFjzTugo71Q6WDy3Wq62pCeawUz/442","D:\github\ron-english-light-cult-0001-1000\data\generated\light-cult-image-match-powershell-only\run-20260514-150810\reference-images\Light-Cult-Crypto-Club-00442.png","4650313131315850","https://opensea.io/assets/ethereum/0xbe85fbd182af91290be7293438ae67549638189f/442","[{""trait_type"":""Background"",""value"":""Yellow""},{""trait_type"":""Face"",""value"":""Cracked Smile""},{""trait_type"":""Body"",""value"":""Dino Body""}]"
"443","00443","","","ipfs://QmXpXg2KDaqtFwFutCx11Lib4BJ86RPkUpkxCJJCDSc5SL/443","https://ipfs.io/ipfs/QmXpXg2KDaqtFwFutCx11Lib4BJ86RPkUpkxCJJCDSc5SL/443","ipfs://QmWNWmgdMtxpyofvTSVRFjzTugo71Q6WDy3Wq62pCeawUz/443","https://ipfs.io/ipfs/QmWNWmgdMtxpyofvTSVRFjzTugo71Q6WDy3Wq62pCeawUz/443","D:\github\ron-english-light-cult-0001-1000\data\generated\light-cult-image-match-powershell-only\run-20260514-150810\reference-images\Light-Cult-Crypto-Club-00443.png","460f153533133152","https://opensea.io/assets/ethereum/0xbe85fbd182af91290be7293438ae67549638189f/443","[{""trait_type"":""Background"",""value"":""Red""},{""trait_type"":""Face"",""value"":""Brain Photo""},{""trait_type"":""Hat"",""value"":""Helmet - Green""},{""trait_type"":""Body"",""value"":""Star Skull Body - Black""}]"
"444","00444","","","ipfs://QmXpXg2KDaqtFwFutCx11Lib4BJ86RPkUpkxCJJCDSc5SL/444","https://ipfs.io/ipfs/QmXpXg2KDaqtFwFutCx11Lib4BJ86RPkUpkxCJJCDSc5SL/444","ipfs://QmWNWmgdMtxpyofvTSVRFjzTugo71Q6WDy3Wq62pCeawUz/444","https://ipfs.io/ipfs/QmWNWmgdMtxpyofvTSVRFjzTugo71Q6WDy3Wq62pCeawUz/444","D:\github\ron-english-light-cult-0001-1000\data\generated\light-cult-image-match-powershell-only\run-20260514-150810\reference-images\Light-Cult-Crypto-Club-00444.png","04270f0f070f1b13","https://opensea.io/assets/ethereum/0xbe85fbd182af91290be7293438ae67549638189f/444","[{""trait_type"":""Background"",""value"":""Mandala 8""},{""trait_type"":""Face"",""value"":""Quack Bowl""},{""trait_type"":""Hat"",""value"":""Carosoul Crown""},{""trait_type"":""Body"",""value"":""Tanktop""}]"
"445","00445","","","ipfs://QmXpXg2KDaqtFwFutCx11Lib4BJ86RPkUpkxCJJCDSc5SL/445","https://ipfs.io/ipfs/QmXpXg2KDaqtFwFutCx11Lib4BJ86RPkUpkxCJJCDSc5SL/445","ipfs://QmWNWmgdMtxpyofvTSVRFjzTugo71Q6WDy3Wq62pCeawUz/445","https://ipfs.io/ipfs/QmWNWmgdMtxpyofvTSVRFjzTugo71Q6WDy3Wq62pCeawUz/445","D:\github\ron-english-light-cult-0001-1000\data\generated\light-cult-image-match-powershell-only\run-20260514-150810\reference-images\Light-Cult-Crypto-Club-00445.png","171b393164311307","https://opensea.io/assets/ethereum/0xbe85fbd182af91290be7293438ae67549638189f/445","[{""trait_type"":""Background"",""value"":""Rainbow""},{""trait_type"":""Face"",""value"":""Tweety""},{""trait_type"":""Accessory"",""value"":""Human Ears""},{""trait_type"":""Hat"",""value"":""Helmet - Yellow""}]"
"447","00447","","","ipfs://QmXpXg2KDaqtFwFutCx11Lib4BJ86RPkUpkxCJJCDSc5SL/447","https://ipfs.io/ipfs/QmXpXg2KDaqtFwFutCx11Lib4BJ86RPkUpkxCJJCDSc5SL/447","ipfs://QmWNWmgdMtxpyofvTSVRFjzTugo71Q6WDy3Wq62pCeawUz/447","https://ipfs.io/ipfs/QmWNWmgdMtxpyofvTSVRFjzTugo71Q6WDy3Wq62pCeawUz/447","D:\github\ron-english-light-cult-0001-1000\data\generated\light-cult-image-match-powershell-only\run-20260514-150810\reference-images\Light-Cult-Crypto-Club-00447.png","4e090535071b1b17","https://opensea.io/assets/ethereum/0xbe85fbd182af91290be7293438ae67549638189f/447","[{""trait_type"":""Background"",""value"":""Red""},{""trait_type"":""Face"",""value"":""Basic (Yellow)""},{""trait_type"":""Hat"",""value"":""Cowboy Hat""},{""trait_type"":""Body"",""value"":""Tanktop Bulb""}]"
"448","00448","","","ipfs://QmXpXg2KDaqtFwFutCx11Lib4BJ86RPkUpkxCJJCDSc5SL/448","https://ipfs.io/ipfs/QmXpXg2KDaqtFwFutCx11Lib4BJ86RPkUpkxCJJCDSc5SL/448","ipfs://QmWNWmgdMtxpyofvTSVRFjzTugo71Q6WDy3Wq62pCeawUz/448","https://ipfs.io/ipfs/QmWNWmgdMtxpyofvTSVRFjzTugo71Q6WDy3Wq62pCeawUz/448","D:\github\ron-english-light-cult-0001-1000\data\generated\light-cult-image-match-powershell-only\run-20260514-150810\reference-images\Light-Cult-Crypto-Club-00448.png","464a7031391b7a70","https://opensea.io/assets/ethereum/0xbe85fbd182af91290be7293438ae67549638189f/448","[{""trait_type"":""Background"",""value"":""Yellow""},{""trait_type"":""Face"",""value"":""Loch Ness Bowl""},{""trait_type"":""Body"",""value"":""LightBulb M-16""}]"
"449","00449","","","ipfs://QmXpXg2KDaqtFwFutCx11Lib4BJ86RPkUpkxCJJCDSc5SL/449","https://ipfs.io/ipfs/QmXpXg2KDaqtFwFutCx11Lib4BJ86RPkUpkxCJJCDSc5SL/449","ipfs://QmWNWmgdMtxpyofvTSVRFjzTugo71Q6WDy3Wq62pCeawUz/449","https://ipfs.io/ipfs/QmWNWmgdMtxpyofvTSVRFjzTugo71Q6WDy3Wq62pCeawUz/449","D:\github\ron-english-light-cult-0001-1000\data\generated\light-cult-image-match-powershell-only\run-20260514-150810\reference-images\Light-Cult-Crypto-Club-00449.png","4652707070523178","https://opensea.io/assets/ethereum/0xbe85fbd182af91290be7293438ae67549638189f/449","[{""trait_type"":""Background"",""value"":""Pink""},{""trait_type"":""Face"",""value"":""Basic (Red)""},{""trait_type"":""Accessory"",""value"":""Goblin Ears""},{""trait_type"":""Hat"",""value"":""Beanie Red""},{""trait_type"":""Body"",""value"":""Overalls Red""}]"
"450","00450","","","ipfs://QmXpXg2KDaqtFwFutCx11Lib4BJ86RPkUpkxCJJCDSc5SL/450","https://ipfs.io/ipfs/QmXpXg2KDaqtFwFutCx11Lib4BJ86RPkUpkxCJJCDSc5SL/450","ipfs://QmWNWmgdMtxpyofvTSVRFjzTugo71Q6WDy3Wq62pCeawUz/450","https://ipfs.io/ipfs/QmWNWmgdMtxpyofvTSVRFjzTugo71Q6WDy3Wq62pCeawUz/450","D:\github\ron-english-light-cult-0001-1000\data\generated\light-cult-image-match-powershell-only\run-20260514-150810\reference-images\Light-Cult-Crypto-Club-00450.png","4613393131703168","https://opensea.io/assets/ethereum/0xbe85fbd182af91290be7293438ae67549638189f/450","[{""trait_type"":""Background"",""value"":""Light Blue""},{""trait_type"":""Face"",""value"":""StarSkull Black/Metallic""},{""trait_type"":""Accessory"",""value"":""Groucho Glasses""},{""trait_type"":""Body"",""value"":""Cloud Body""}]"
"451","00451","","","ipfs://QmXpXg2KDaqtFwFutCx11Lib4BJ86RPkUpkxCJJCDSc5SL/451","https://ipfs.io/ipfs/QmXpXg2KDaqtFwFutCx11Lib4BJ86RPkUpkxCJJCDSc5SL/451","ipfs://QmWNWmgdMtxpyofvTSVRFjzTugo71Q6WDy3Wq62pCeawUz/451","https://ipfs.io/ipfs/QmWNWmgdMtxpyofvTSVRFjzTugo71Q6WDy3Wq62pCeawUz/451","D:\github\ron-english-light-cult-0001-1000\data\generated\light-cult-image-match-powershell-only\run-20260514-150810\reference-images\Light-Cult-Crypto-Club-00451.png","0c07070707070f0f","https://opensea.io/assets/ethereum/0xbe85fbd182af91290be7293438ae67549638189f/451","[{""trait_type"":""Background"",""value"":""Mandala 7""},{""trait_type"":""Face"",""value"":""Smiley Face (Yellow)""},{""trait_type"":""Hat"",""value"":""Weed Crown""},{""trait_type"":""Body"",""value"":""Light Bulb Rib""}]"
"455","00455","","","ipfs://QmXpXg2KDaqtFwFutCx11Lib4BJ86RPkUpkxCJJCDSc5SL/455","https://ipfs.io/ipfs/QmXpXg2KDaqtFwFutCx11Lib4BJ86RPkUpkxCJJCDSc5SL/455","ipfs://QmWNWmgdMtxpyofvTSVRFjzTugo71Q6WDy3Wq62pCeawUz/455","https://ipfs.io/ipfs/QmWNWmgdMtxpyofvTSVRFjzTugo71Q6WDy3Wq62pCeawUz/455","D:\github\ron-english-light-cult-0001-1000\data\generated\light-cult-image-match-powershell-only\run-20260514-150810\reference-images\Light-Cult-Crypto-Club-00455.png","0c0f4625070b1b13","https://opensea.io/assets/ethereum/0xbe85fbd182af91290be7293438ae67549638189f/455","[{""trait_type"":""Background"",""value"":""Mandala 4""},{""trait_type"":""Face"",""value"":""Basic (Pink)""},{""trait_type"":""Accessory"",""value"":""Fairy Wings""},{""trait_type"":""Hat"",""value"":""Helmet - Purple""},{""trait_type"":""Body"",""value"":""Tanktop""}]"
"456","00456","","","ipfs://QmXpXg2KDaqtFwFutCx11Lib4BJ86RPkUpkxCJJCDSc5SL/456","https://ipfs.io/ipfs/QmXpXg2KDaqtFwFutCx11Lib4BJ86RPkUpkxCJJCDSc5SL/456","ipfs://QmWNWmgdMtxpyofvTSVRFjzTugo71Q6WDy3Wq62pCeawUz/456","https://ipfs.io/ipfs/QmWNWmgdMtxpyofvTSVRFjzTugo71Q6WDy3Wq62pCeawUz/456","D:\github\ron-english-light-cult-0001-1000\data\generated\light-cult-image-match-powershell-only\run-20260514-150810\reference-images\Light-Cult-Crypto-Club-00456.png","52707850785a7078","https://opensea.io/assets/ethereum/0xbe85fbd182af91290be7293438ae67549638189f/456","[{""trait_type"":""Background"",""value"":""Pink""},{""trait_type"":""Face"",""value"":""Seamonkey Bowl""},{""trait_type"":""Hat"",""value"":""Helmet - Purple""},{""trait_type"":""Body"",""value"":""MC Body (Necklace)""}]"
"457","00457","","","ipfs://QmXpXg2KDaqtFwFutCx11Lib4BJ86RPkUpkxCJJCDSc5SL/457","https://ipfs.io/ipfs/QmXpXg2KDaqtFwFutCx11Lib4BJ86RPkUpkxCJJCDSc5SL/457","ipfs://QmWNWmgdMtxpyofvTSVRFjzTugo71Q6WDy3Wq62pCeawUz/457","https://ipfs.io/ipfs/QmWNWmgdMtxpyofvTSVRFjzTugo71Q6WDy3Wq62pCeawUz/457","D:\github\ron-english-light-cult-0001-1000\data\generated\light-cult-image-match-powershell-only\run-20260514-150810\reference-images\Light-Cult-Crypto-Club-00457.png","5a1b392d2d121273","https://opensea.io/assets/ethereum/0xbe85fbd182af91290be7293438ae67549638189f/457","[{""trait_type"":""Background"",""value"":""Light Blue""},{""trait_type"":""Face"",""value"":""Diaper Mask""},{""trait_type"":""Hat"",""value"":""Fez - StarSkull""},{""trait_type"":""Body"",""value"":""LightBulb Guitar""}]"
"458","00458","","","ipfs://QmXpXg2KDaqtFwFutCx11Lib4BJ86RPkUpkxCJJCDSc5SL/458","https://ipfs.io/ipfs/QmXpXg2KDaqtFwFutCx11Lib4BJ86RPkUpkxCJJCDSc5SL/458","ipfs://QmWNWmgdMtxpyofvTSVRFjzTugo71Q6WDy3Wq62pCeawUz/458","https://ipfs.io/ipfs/QmWNWmgdMtxpyofvTSVRFjzTugo71Q6WDy3Wq62pCeawUz/458","D:\github\ron-english-light-cult-0001-1000\data\generated\light-cult-image-match-powershell-only\run-20260514-150810\reference-images\Light-Cult-Crypto-Club-00458.png","040f070b07070f07","https://opensea.io/assets/ethereum/0xbe85fbd182af91290be7293438ae67549638189f/458","[{""trait_type"":""Background"",""value"":""Mandala 2""},{""trait_type"":""Face"",""value"":""Ice Cream Face""},{""trait_type"":""Hat"",""value"":""Helmet - Yellow""}]"
"459","00459","","","ipfs://QmXpXg2KDaqtFwFutCx11Lib4BJ86RPkUpkxCJJCDSc5SL/459","https://ipfs.io/ipfs/QmXpXg2KDaqtFwFutCx11Lib4BJ86RPkUpkxCJJCDSc5SL/459","ipfs://QmWNWmgdMtxpyofvTSVRFjzTugo71Q6WDy3Wq62pCeawUz/459","https://ipfs.io/ipfs/QmWNWmgdMtxpyofvTSVRFjzTugo71Q6WDy3Wq62pCeawUz/459","D:\github\ron-english-light-cult-0001-1000\data\generated\light-cult-image-match-powershell-only\run-20260514-150810\reference-images\Light-Cult-Crypto-Club-00459.png","5a5a7a7432307070","https://opensea.io/assets/ethereum/0xbe85fbd182af91290be7293438ae67549638189f/459","[{""trait_type"":""Background"",""value"":""Yellow""},{""trait_type"":""Face"",""value"":""Smiley Face (Light Blue)""},{""trait_type"":""Accessory"",""value"":""Winged Sunglasses""},{""trait_type"":""Hat"",""value"":""Fez - Machete""},{""trait_type"":""Body"",""value"":""Tanktop Sand""}]"
"461","00461","","","ipfs://QmXpXg2KDaqtFwFutCx11Lib4BJ86RPkUpkxCJJCDSc5SL/461","https://ipfs.io/ipfs/QmXpXg2KDaqtFwFutCx11Lib4BJ86RPkUpkxCJJCDSc5SL/461","ipfs://QmWNWmgdMtxpyofvTSVRFjzTugo71Q6WDy3Wq62pCeawUz/461","https://ipfs.io/ipfs/QmWNWmgdMtxpyofvTSVRFjzTugo71Q6WDy3Wq62pCeawUz/461","D:\github\ron-english-light-cult-0001-1000\data\generated\light-cult-image-match-powershell-only\run-20260514-150810\reference-images\Light-Cult-Crypto-Club-00461.png","04070f0d050e0f1f","https://opensea.io/assets/ethereum/0xbe85fbd182af91290be7293438ae67549638189f/461","[{""trait_type"":""Background"",""value"":""Mandala 3""},{""trait_type"":""Face"",""value"":""Pink Fish Bowl""},{""trait_type"":""Hat"",""value"":""Carosoul Crown""},{""trait_type"":""Body"",""value"":""Woodstock Guitar""}]"
"462","00462","","","ipfs://QmXpXg2KDaqtFwFutCx11Lib4BJ86RPkUpkxCJJCDSc5SL/462","https://ipfs.io/ipfs/QmXpXg2KDaqtFwFutCx11Lib4BJ86RPkUpkxCJJCDSc5SL/462","ipfs://QmWNWmgdMtxpyofvTSVRFjzTugo71Q6WDy3Wq62pCeawUz/462","https://ipfs.io/ipfs/QmWNWmgdMtxpyofvTSVRFjzTugo71Q6WDy3Wq62pCeawUz/462","D:\github\ron-english-light-cult-0001-1000\data\generated\light-cult-image-match-powershell-only\run-20260514-150810\reference-images\Light-Cult-Crypto-Club-00462.png","46073131111b3879","https://opensea.io/assets/ethereum/0xbe85fbd182af91290be7293438ae67549638189f/462","[{""trait_type"":""Background"",""value"":""Light Blue""},{""trait_type"":""Face"",""value"":""Basic (Yellow)""},{""trait_type"":""Accessory"",""value"":""Groucho Glasses""},{""trait_type"":""Body"",""value"":""Woodstock Guitar""}]"
"463","00463","","","ipfs://QmXpXg2KDaqtFwFutCx11Lib4BJ86RPkUpkxCJJCDSc5SL/463","https://ipfs.io/ipfs/QmXpXg2KDaqtFwFutCx11Lib4BJ86RPkUpkxCJJCDSc5SL/463","ipfs://QmWNWmgdMtxpyofvTSVRFjzTugo71Q6WDy3Wq62pCeawUz/463","https://ipfs.io/ipfs/QmWNWmgdMtxpyofvTSVRFjzTugo71Q6WDy3Wq62pCeawUz/463","D:\github\ron-english-light-cult-0001-1000\data\generated\light-cult-image-match-powershell-only\run-20260514-150810\reference-images\Light-Cult-Crypto-Club-00463.png","0004071307070c00","https://opensea.io/assets/ethereum/0xbe85fbd182af91290be7293438ae67549638189f/463","[{""trait_type"":""Background"",""value"":""Black""},{""trait_type"":""Face"",""value"":""Smiley Face (Pink)""},{""trait_type"":""Accessory"",""value"":""Heart Earrings""}]"
"464","00464","","","ipfs://QmXpXg2KDaqtFwFutCx11Lib4BJ86RPkUpkxCJJCDSc5SL/464","https://ipfs.io/ipfs/QmXpXg2KDaqtFwFutCx11Lib4BJ86RPkUpkxCJJCDSc5SL/464","ipfs://QmWNWmgdMtxpyofvTSVRFjzTugo71Q6WDy3Wq62pCeawUz/464","https://ipfs.io/ipfs/QmWNWmgdMtxpyofvTSVRFjzTugo71Q6WDy3Wq62pCeawUz/464","D:\github\ron-english-light-cult-0001-1000\data\generated\light-cult-image-match-powershell-only\run-20260514-150810\reference-images\Light-Cult-Crypto-Club-00464.png","0607070f0f070f07","https://opensea.io/assets/ethereum/0xbe85fbd182af91290be7293438ae67549638189f/464","[{""trait_type"":""Background"",""value"":""Mandala 3""},{""trait_type"":""Face"",""value"":""Diaper Mask""},{""trait_type"":""Hat"",""value"":""Beanie Red""}]"
"465","00465","","","ipfs://QmXpXg2KDaqtFwFutCx11Lib4BJ86RPkUpkxCJJCDSc5SL/465","https://ipfs.io/ipfs/QmXpXg2KDaqtFwFutCx11Lib4BJ86RPkUpkxCJJCDSc5SL/465","ipfs://QmWNWmgdMtxpyofvTSVRFjzTugo71Q6WDy3Wq62pCeawUz/465","https://gateway.pinata.cloud/ipfs/QmWNWmgdMtxpyofvTSVRFjzTugo71Q6WDy3Wq62pCeawUz/465","D:\github\ron-english-light-cult-0001-1000\data\generated\light-cult-image-match-powershell-only\run-20260514-150810\reference-images\Light-Cult-Crypto-Club-00465.png","4642787070727e78","https://opensea.io/assets/ethereum/0xbe85fbd182af91290be7293438ae67549638189f/465","[{""trait_type"":""Background"",""value"":""Pink""},{""trait_type"":""Face"",""value"":""Basic (Pink)""},{""trait_type"":""Accessory"",""value"":""Winged Sunglasses""},{""trait_type"":""Body"",""value"":""Red Guitar""}]"
"466","00466","","","ipfs://QmXpXg2KDaqtFwFutCx11Lib4BJ86RPkUpkxCJJCDSc5SL/466","https://ipfs.io/ipfs/QmXpXg2KDaqtFwFutCx11Lib4BJ86RPkUpkxCJJCDSc5SL/466","ipfs://QmWNWmgdMtxpyofvTSVRFjzTugo71Q6WDy3Wq62pCeawUz/466","https://ipfs.io/ipfs/QmWNWmgdMtxpyofvTSVRFjzTugo71Q6WDy3Wq62pCeawUz/466","D:\github\ron-english-light-cult-0001-1000\data\generated\light-cult-image-match-powershell-only\run-20260514-150810\reference-images\Light-Cult-Crypto-Club-00466.png","3030f8f8f0f07030","https://opensea.io/assets/ethereum/0xbe85fbd182af91290be7293438ae67549638189f/466","[{""trait_type"":""Status"",""value"":""Rare""},{""trait_type"":""Collection"",""value"":""Womb Bulb""},{""trait_type"":""Variant"",""value"":""WB - V2""}]"
"467","00467","","","ipfs://QmXpXg2KDaqtFwFutCx11Lib4BJ86RPkUpkxCJJCDSc5SL/467","https://ipfs.io/ipfs/QmXpXg2KDaqtFwFutCx11Lib4BJ86RPkUpkxCJJCDSc5SL/467","ipfs://QmWNWmgdMtxpyofvTSVRFjzTugo71Q6WDy3Wq62pCeawUz/467","https://ipfs.io/ipfs/QmWNWmgdMtxpyofvTSVRFjzTugo71Q6WDy3Wq62pCeawUz/467","D:\github\ron-english-light-cult-0001-1000\data\generated\light-cult-image-match-powershell-only\run-20260514-150810\reference-images\Light-Cult-Crypto-Club-00467.png","040e0e0606040c04","https://opensea.io/assets/ethereum/0xbe85fbd182af91290be7293438ae67549638189f/467","[{""trait_type"":""Background"",""value"":""Black""},{""trait_type"":""Face"",""value"":""Pipe Mouth""},{""trait_type"":""Hat"",""value"":""Helmet - Yellow""}]"
"468","00468","","","ipfs://QmXpXg2KDaqtFwFutCx11Lib4BJ86RPkUpkxCJJCDSc5SL/468","https://ipfs.io/ipfs/QmXpXg2KDaqtFwFutCx11Lib4BJ86RPkUpkxCJJCDSc5SL/468","ipfs://QmWNWmgdMtxpyofvTSVRFjzTugo71Q6WDy3Wq62pCeawUz/468","https://ipfs.io/ipfs/QmWNWmgdMtxpyofvTSVRFjzTugo71Q6WDy3Wq62pCeawUz/468","D:\github\ron-english-light-cult-0001-1000\data\generated\light-cult-image-match-powershell-only\run-20260514-150810\reference-images\Light-Cult-Crypto-Club-00468.png","d978ccece4b83252","https://opensea.io/assets/ethereum/0xbe85fbd182af91290be7293438ae67549638189f/468","[{""trait_type"":""Status"",""value"":""Rare""},{""trait_type"":""Collection"",""value"":""Mick Jagger""},{""trait_type"":""Variant"",""value"":""MJ - V6""}]"
"470","00470","","","ipfs://QmXpXg2KDaqtFwFutCx11Lib4BJ86RPkUpkxCJJCDSc5SL/470","https://ipfs.io/ipfs/QmXpXg2KDaqtFwFutCx11Lib4BJ86RPkUpkxCJJCDSc5SL/470","ipfs://QmWNWmgdMtxpyofvTSVRFjzTugo71Q6WDy3Wq62pCeawUz/470","https://ipfs.io/ipfs/QmWNWmgdMtxpyofvTSVRFjzTugo71Q6WDy3Wq62pCeawUz/470","D:\github\ron-english-light-cult-0001-1000\data\generated\light-cult-image-match-powershell-only\run-20260514-150810\reference-images\Light-Cult-Crypto-Club-00470.png","460f1b3119131f19","https://opensea.io/assets/ethereum/0xbe85fbd182af91290be7293438ae67549638189f/470","[{""trait_type"":""Background"",""value"":""Red""},{""trait_type"":""Face"",""value"":""Basic (Light Blue)""},{""trait_type"":""Hat"",""value"":""Helmet - Purple""},{""trait_type"":""Body"",""value"":""Red Guitar""}]"
"471","00471","","","ipfs://QmXpXg2KDaqtFwFutCx11Lib4BJ86RPkUpkxCJJCDSc5SL/471","https://ipfs.io/ipfs/QmXpXg2KDaqtFwFutCx11Lib4BJ86RPkUpkxCJJCDSc5SL/471","ipfs://QmWNWmgdMtxpyofvTSVRFjzTugo71Q6WDy3Wq62pCeawUz/471","https://ipfs.io/ipfs/QmWNWmgdMtxpyofvTSVRFjzTugo71Q6WDy3Wq62pCeawUz/471","D:\github\ron-english-light-cult-0001-1000\data\generated\light-cult-image-match-powershell-only\run-20260514-150810\reference-images\Light-Cult-Crypto-Club-00471.png","0407070f0f070f07","https://opensea.io/assets/ethereum/0xbe85fbd182af91290be7293438ae67549638189f/471","[{""trait_type"":""Background"",""value"":""Mandala 6""},{""trait_type"":""Face"",""value"":""Smiley Face (Light Blue)""},{""trait_type"":""Accessory"",""value"":""Goggles""},{""trait_type"":""Hat"",""value"":""Carosoul Crown""}]"
"476","00476","","","ipfs://QmXpXg2KDaqtFwFutCx11Lib4BJ86RPkUpkxCJJCDSc5SL/476","https://ipfs.io/ipfs/QmXpXg2KDaqtFwFutCx11Lib4BJ86RPkUpkxCJJCDSc5SL/476","ipfs://QmWNWmgdMtxpyofvTSVRFjzTugo71Q6WDy3Wq62pCeawUz/476","https://ipfs.io/ipfs/QmWNWmgdMtxpyofvTSVRFjzTugo71Q6WDy3Wq62pCeawUz/476","D:\github\ron-english-light-cult-0001-1000\data\generated\light-cult-image-match-powershell-only\run-20260514-150810\reference-images\Light-Cult-Crypto-Club-00476.png","642531313131252f","https://opensea.io/assets/ethereum/0xbe85fbd182af91290be7293438ae67549638189f/476","[{""trait_type"":""Background"",""value"":""Mandala 2""},{""trait_type"":""Face"",""value"":""Basic (Red)""},{""trait_type"":""Accessory"",""value"":""Butterfly Wings""},{""trait_type"":""Hat"",""value"":""Fez - Heart Lady""},{""trait_type"":""Body"",""value"":""Star Skull Body - Yellow""}]"
"477","00477","","","ipfs://QmXpXg2KDaqtFwFutCx11Lib4BJ86RPkUpkxCJJCDSc5SL/477","https://ipfs.io/ipfs/QmXpXg2KDaqtFwFutCx11Lib4BJ86RPkUpkxCJJCDSc5SL/477","ipfs://QmWNWmgdMtxpyofvTSVRFjzTugo71Q6WDy3Wq62pCeawUz/477","https://ipfs.io/ipfs/QmWNWmgdMtxpyofvTSVRFjzTugo71Q6WDy3Wq62pCeawUz/477","D:\github\ron-english-light-cult-0001-1000\data\generated\light-cult-image-match-powershell-only\run-20260514-150810\reference-images\Light-Cult-Crypto-Club-00477.png","130d0f0f0d0b1b17","https://opensea.io/assets/ethereum/0xbe85fbd182af91290be7293438ae67549638189f/477","[{""trait_type"":""Background"",""value"":""Camo inverted""},{""trait_type"":""Face"",""value"":""Smiley Face (Yellow)""},{""trait_type"":""Accessory"",""value"":""Goggles""},{""trait_type"":""Hat"",""value"":""Beanie Grey""},{""trait_type"":""Body"",""value"":""Tanktop Bulb""}]"
"478","00478","","","ipfs://QmXpXg2KDaqtFwFutCx11Lib4BJ86RPkUpkxCJJCDSc5SL/478","https://ipfs.io/ipfs/QmXpXg2KDaqtFwFutCx11Lib4BJ86RPkUpkxCJJCDSc5SL/478","ipfs://QmWNWmgdMtxpyofvTSVRFjzTugo71Q6WDy3Wq62pCeawUz/478","https://ipfs.io/ipfs/QmWNWmgdMtxpyofvTSVRFjzTugo71Q6WDy3Wq62pCeawUz/478","D:\github\ron-english-light-cult-0001-1000\data\generated\light-cult-image-match-powershell-only\run-20260514-150810\reference-images\Light-Cult-Crypto-Club-00478.png","5a1b3931131a1b07","https://opensea.io/assets/ethereum/0xbe85fbd182af91290be7293438ae67549638189f/478","[{""trait_type"":""Background"",""value"":""Light Blue""},{""trait_type"":""Face"",""value"":""Pipe Mouth""},{""trait_type"":""Accessory"",""value"":""Groucho Glasses""},{""trait_type"":""Hat"",""value"":""Fez - Brain Bulb""}]"
"480","00480","","","ipfs://QmXpXg2KDaqtFwFutCx11Lib4BJ86RPkUpkxCJJCDSc5SL/480","https://ipfs.io/ipfs/QmXpXg2KDaqtFwFutCx11Lib4BJ86RPkUpkxCJJCDSc5SL/480","ipfs://QmWNWmgdMtxpyofvTSVRFjzTugo71Q6WDy3Wq62pCeawUz/480","https://ipfs.io/ipfs/QmWNWmgdMtxpyofvTSVRFjzTugo71Q6WDy3Wq62pCeawUz/480","D:\github\ron-english-light-cult-0001-1000\data\generated\light-cult-image-match-powershell-only\run-20260514-150810\reference-images\Light-Cult-Crypto-Club-00480.png","50406862ee9c1ce7","https://opensea.io/assets/ethereum/0xbe85fbd182af91290be7293438ae67549638189f/480","[{""trait_type"":""Status"",""value"":""Rare""},{""trait_type"":""Collection"",""value"":""Tractor Bulb""},{""trait_type"":""Variant"",""value"":""TR - V4""}]"
"481","00481","","","ipfs://QmXpXg2KDaqtFwFutCx11Lib4BJ86RPkUpkxCJJCDSc5SL/481","https://ipfs.io/ipfs/QmXpXg2KDaqtFwFutCx11Lib4BJ86RPkUpkxCJJCDSc5SL/481","ipfs://QmWNWmgdMtxpyofvTSVRFjzTugo71Q6WDy3Wq62pCeawUz/481","https://ipfs.io/ipfs/QmWNWmgdMtxpyofvTSVRFjzTugo71Q6WDy3Wq62pCeawUz/481","D:\github\ron-english-light-cult-0001-1000\data\generated\light-cult-image-match-powershell-only\run-20260514-150810\reference-images\Light-Cult-Crypto-Club-00481.png","06070f13070f0f07","https://opensea.io/assets/ethereum/0xbe85fbd182af91290be7293438ae67549638189f/481","[{""trait_type"":""Background"",""value"":""Mandala 1""},{""trait_type"":""Face"",""value"":""Brain""},{""trait_type"":""Accessory"",""value"":""Winged Sunglasses""},{""trait_type"":""Hat"",""value"":""Cowboy Hat""}]"
"482","00482","","","ipfs://QmXpXg2KDaqtFwFutCx11Lib4BJ86RPkUpkxCJJCDSc5SL/482","https://ipfs.io/ipfs/QmXpXg2KDaqtFwFutCx11Lib4BJ86RPkUpkxCJJCDSc5SL/482","ipfs://QmWNWmgdMtxpyofvTSVRFjzTugo71Q6WDy3Wq62pCeawUz/482","https://ipfs.io/ipfs/QmWNWmgdMtxpyofvTSVRFjzTugo71Q6WDy3Wq62pCeawUz/482","D:\github\ron-english-light-cult-0001-1000\data\generated\light-cult-image-match-powershell-only\run-20260514-150810\reference-images\Light-Cult-Crypto-Club-00482.png","04070f070f07070f","https://opensea.io/assets/ethereum/0xbe85fbd182af91290be7293438ae67549638189f/482","[{""trait_type"":""Background"",""value"":""Mandala 9""},{""trait_type"":""Face"",""value"":""Basic (Light Blue)""},{""trait_type"":""Hat"",""value"":""Fez - Heart Lady""},{""trait_type"":""Body"",""value"":""Overalls Red""}]"
"483","00483","","","ipfs://QmXpXg2KDaqtFwFutCx11Lib4BJ86RPkUpkxCJJCDSc5SL/483","https://ipfs.io/ipfs/QmXpXg2KDaqtFwFutCx11Lib4BJ86RPkUpkxCJJCDSc5SL/483","ipfs://QmWNWmgdMtxpyofvTSVRFjzTugo71Q6WDy3Wq62pCeawUz/483","https://ipfs.io/ipfs/QmWNWmgdMtxpyofvTSVRFjzTugo71Q6WDy3Wq62pCeawUz/483","D:\github\ron-english-light-cult-0001-1000\data\generated\light-cult-image-match-powershell-only\run-20260514-150810\reference-images\Light-Cult-Crypto-Club-00483.png","060e0e0606040c00","https://opensea.io/assets/ethereum/0xbe85fbd182af91290be7293438ae67549638189f/483","[{""trait_type"":""Background"",""value"":""Black""},{""trait_type"":""Face"",""value"":""Basic (Pink)""},{""trait_type"":""Hat"",""value"":""Police - Brain""}]"
"484","00484","","","ipfs://QmXpXg2KDaqtFwFutCx11Lib4BJ86RPkUpkxCJJCDSc5SL/484","https://ipfs.io/ipfs/QmXpXg2KDaqtFwFutCx11Lib4BJ86RPkUpkxCJJCDSc5SL/484","ipfs://QmWNWmgdMtxpyofvTSVRFjzTugo71Q6WDy3Wq62pCeawUz/484","https://ipfs.io/ipfs/QmWNWmgdMtxpyofvTSVRFjzTugo71Q6WDy3Wq62pCeawUz/484","D:\github\ron-english-light-cult-0001-1000\data\generated\light-cult-image-match-powershell-only\run-20260514-150810\reference-images\Light-Cult-Crypto-Club-00484.png","5a31313870131378","https://opensea.io/assets/ethereum/0xbe85fbd182af91290be7293438ae67549638189f/484","[{""trait_type"":""Status"",""value"":""Rare""},{""trait_type"":""Collection"",""value"":""Sob Light Girl""},{""trait_type"":""Variant"",""value"":""1O - V35""}]"
"485","00485","","","ipfs://QmXpXg2KDaqtFwFutCx11Lib4BJ86RPkUpkxCJJCDSc5SL/485","https://ipfs.io/ipfs/QmXpXg2KDaqtFwFutCx11Lib4BJ86RPkUpkxCJJCDSc5SL/485","ipfs://QmWNWmgdMtxpyofvTSVRFjzTugo71Q6WDy3Wq62pCeawUz/485","https://ipfs.io/ipfs/QmWNWmgdMtxpyofvTSVRFjzTugo71Q6WDy3Wq62pCeawUz/485","D:\github\ron-english-light-cult-0001-1000\data\generated\light-cult-image-match-powershell-only\run-20260514-150810\reference-images\Light-Cult-Crypto-Club-00485.png","040f0f31250f0707","https://opensea.io/assets/ethereum/0xbe85fbd182af91290be7293438ae67549638189f/485","[{""trait_type"":""Background"",""value"":""Mandala 17""},{""trait_type"":""Face"",""value"":""Basic (Red)""},{""trait_type"":""Hat"",""value"":""Helmet - Yellow""}]"
"486","00486","","","ipfs://QmXpXg2KDaqtFwFutCx11Lib4BJ86RPkUpkxCJJCDSc5SL/486","https://ipfs.io/ipfs/QmXpXg2KDaqtFwFutCx11Lib4BJ86RPkUpkxCJJCDSc5SL/486","ipfs://QmWNWmgdMtxpyofvTSVRFjzTugo71Q6WDy3Wq62pCeawUz/486","https://ipfs.io/ipfs/QmWNWmgdMtxpyofvTSVRFjzTugo71Q6WDy3Wq62pCeawUz/486","D:\github\ron-english-light-cult-0001-1000\data\generated\light-cult-image-match-powershell-only\run-20260514-150810\reference-images\Light-Cult-Crypto-Club-00486.png","46523970311b5246","https://opensea.io/assets/ethereum/0xbe85fbd182af91290be7293438ae67549638189f/486","[{""trait_type"":""Background"",""value"":""Yellow""},{""trait_type"":""Face"",""value"":""Basic (Red)""},{""trait_type"":""Accessory"",""value"":""Winged Sunglasses""},{""trait_type"":""Hat"",""value"":""Beanie Grey""}]"
"487","00487","","","ipfs://QmXpXg2KDaqtFwFutCx11Lib4BJ86RPkUpkxCJJCDSc5SL/487","https://ipfs.io/ipfs/QmXpXg2KDaqtFwFutCx11Lib4BJ86RPkUpkxCJJCDSc5SL/487","ipfs://QmWNWmgdMtxpyofvTSVRFjzTugo71Q6WDy3Wq62pCeawUz/487","https://ipfs.io/ipfs/QmWNWmgdMtxpyofvTSVRFjzTugo71Q6WDy3Wq62pCeawUz/487","D:\github\ron-english-light-cult-0001-1000\data\generated\light-cult-image-match-powershell-only\run-20260514-150810\reference-images\Light-Cult-Crypto-Club-00487.png","0407070707071f1f","https://opensea.io/assets/ethereum/0xbe85fbd182af91290be7293438ae67549638189f/487","[{""trait_type"":""Background"",""value"":""Mandala 1""},{""trait_type"":""Face"",""value"":""Basic (Yellow)""},{""trait_type"":""Hat"",""value"":""Sombrero""},{""trait_type"":""Body"",""value"":""Brown Guitar""}]"
"490","00490","","","ipfs://QmXpXg2KDaqtFwFutCx11Lib4BJ86RPkUpkxCJJCDSc5SL/490","https://ipfs.io/ipfs/QmXpXg2KDaqtFwFutCx11Lib4BJ86RPkUpkxCJJCDSc5SL/490","ipfs://QmWNWmgdMtxpyofvTSVRFjzTugo71Q6WDy3Wq62pCeawUz/490","https://ipfs.io/ipfs/QmWNWmgdMtxpyofvTSVRFjzTugo71Q6WDy3Wq62pCeawUz/490","D:\github\ron-english-light-cult-0001-1000\data\generated\light-cult-image-match-powershell-only\run-20260514-150810\reference-images\Light-Cult-Crypto-Club-00490.png","640f1125071b1b17","https://opensea.io/assets/ethereum/0xbe85fbd182af91290be7293438ae67549638189f/490","[{""trait_type"":""Background"",""value"":""Red""},{""trait_type"":""Face"",""value"":""Tweety Photo""},{""trait_type"":""Hat"",""value"":""Nurse Hat""},{""trait_type"":""Body"",""value"":""Tanktop Bulb""}]"
"491","00491","","","ipfs://QmXpXg2KDaqtFwFutCx11Lib4BJ86RPkUpkxCJJCDSc5SL/491","https://ipfs.io/ipfs/QmXpXg2KDaqtFwFutCx11Lib4BJ86RPkUpkxCJJCDSc5SL/491","ipfs://QmWNWmgdMtxpyofvTSVRFjzTugo71Q6WDy3Wq62pCeawUz/491","https://ipfs.io/ipfs/QmWNWmgdMtxpyofvTSVRFjzTugo71Q6WDy3Wq62pCeawUz/491","D:\github\ron-english-light-cult-0001-1000\data\generated\light-cult-image-match-powershell-only\run-20260514-150810\reference-images\Light-Cult-Crypto-Club-00491.png","040407130f07060f","https://opensea.io/assets/ethereum/0xbe85fbd182af91290be7293438ae67549638189f/491","[{""trait_type"":""Background"",""value"":""Black""},{""trait_type"":""Face"",""value"":""StarSkull Light Blue Face""},{""trait_type"":""Accessory"",""value"":""Heart Earrings""},{""trait_type"":""Hat"",""value"":""Fez - Brain Bulb""},{""trait_type"":""Body"",""value"":""Sweater Scarf""}]"
"493","00493","","","ipfs://QmXpXg2KDaqtFwFutCx11Lib4BJ86RPkUpkxCJJCDSc5SL/493","https://ipfs.io/ipfs/QmXpXg2KDaqtFwFutCx11Lib4BJ86RPkUpkxCJJCDSc5SL/493","ipfs://QmWNWmgdMtxpyofvTSVRFjzTugo71Q6WDy3Wq62pCeawUz/493","https://ipfs.io/ipfs/QmWNWmgdMtxpyofvTSVRFjzTugo71Q6WDy3Wq62pCeawUz/493","D:\github\ron-english-light-cult-0001-1000\data\generated\light-cult-image-match-powershell-only\run-20260514-150810\reference-images\Light-Cult-Crypto-Club-00493.png","0607070f0f07070f","https://opensea.io/assets/ethereum/0xbe85fbd182af91290be7293438ae67549638189f/493","[{""trait_type"":""Background"",""value"":""Mandala 2""},{""trait_type"":""Face"",""value"":""Diaper Mask""}]"
"494","00494","","","ipfs://QmXpXg2KDaqtFwFutCx11Lib4BJ86RPkUpkxCJJCDSc5SL/494","https://ipfs.io/ipfs/QmXpXg2KDaqtFwFutCx11Lib4BJ86RPkUpkxCJJCDSc5SL/494","ipfs://QmWNWmgdMtxpyofvTSVRFjzTugo71Q6WDy3Wq62pCeawUz/494","https://ipfs.io/ipfs/QmWNWmgdMtxpyofvTSVRFjzTugo71Q6WDy3Wq62pCeawUz/494","D:\github\ron-english-light-cult-0001-1000\data\generated\light-cult-image-match-powershell-only\run-20260514-150810\reference-images\Light-Cult-Crypto-Club-00494.png","5a1b193139131e39","https://opensea.io/assets/ethereum/0xbe85fbd182af91290be7293438ae67549638189f/494","[{""trait_type"":""Background"",""value"":""Light Blue""},{""trait_type"":""Face"",""value"":""Smiley Face (Pink)""},{""trait_type"":""Accessory"",""value"":""Broken Bulb Earrings""},{""trait_type"":""Hat"",""value"":""Fez - Machete""},{""trait_type"":""Body"",""value"":""Red Guitar""}]"
"495","00495","","","ipfs://QmXpXg2KDaqtFwFutCx11Lib4BJ86RPkUpkxCJJCDSc5SL/495","https://ipfs.io/ipfs/QmXpXg2KDaqtFwFutCx11Lib4BJ86RPkUpkxCJJCDSc5SL/495","ipfs://QmWNWmgdMtxpyofvTSVRFjzTugo71Q6WDy3Wq62pCeawUz/495","https://ipfs.io/ipfs/QmWNWmgdMtxpyofvTSVRFjzTugo71Q6WDy3Wq62pCeawUz/495","D:\github\ron-english-light-cult-0001-1000\data\generated\light-cult-image-match-powershell-only\run-20260514-150810\reference-images\Light-Cult-Crypto-Club-00495.png","0713313170313139","https://opensea.io/assets/ethereum/0xbe85fbd182af91290be7293438ae67549638189f/495","[{""trait_type"":""Background"",""value"":""Rainbow""},{""trait_type"":""Face"",""value"":""Smiley Face (Light Blue)""},{""trait_type"":""Hat"",""value"":""Beanie Red""},{""trait_type"":""Body"",""value"":""Overalls Brown""}]"
"496","00496","","","ipfs://QmXpXg2KDaqtFwFutCx11Lib4BJ86RPkUpkxCJJCDSc5SL/496","https://ipfs.io/ipfs/QmXpXg2KDaqtFwFutCx11Lib4BJ86RPkUpkxCJJCDSc5SL/496","ipfs://QmWNWmgdMtxpyofvTSVRFjzTugo71Q6WDy3Wq62pCeawUz/496","https://ipfs.io/ipfs/QmWNWmgdMtxpyofvTSVRFjzTugo71Q6WDy3Wq62pCeawUz/496","D:\github\ron-english-light-cult-0001-1000\data\generated\light-cult-image-match-powershell-only\run-20260514-150810\reference-images\Light-Cult-Crypto-Club-00496.png","060f0f13130f1b17","https://opensea.io/assets/ethereum/0xbe85fbd182af91290be7293438ae67549638189f/496","[{""trait_type"":""Background"",""value"":""Mandala 6""},{""trait_type"":""Face"",""value"":""Ship n Bowl""},{""trait_type"":""Body"",""value"":""LightBulb M-16""}]"
"497","00497","","","ipfs://QmXpXg2KDaqtFwFutCx11Lib4BJ86RPkUpkxCJJCDSc5SL/497","https://ipfs.io/ipfs/QmXpXg2KDaqtFwFutCx11Lib4BJ86RPkUpkxCJJCDSc5SL/497","ipfs://QmWNWmgdMtxpyofvTSVRFjzTugo71Q6WDy3Wq62pCeawUz/497","https://ipfs.io/ipfs/QmWNWmgdMtxpyofvTSVRFjzTugo71Q6WDy3Wq62pCeawUz/497","D:\github\ron-english-light-cult-0001-1000\data\generated\light-cult-image-match-powershell-only\run-20260514-150810\reference-images\Light-Cult-Crypto-Club-00497.png","060e0e060e0c0c00","https://opensea.io/assets/ethereum/0xbe85fbd182af91290be7293438ae67549638189f/497","[{""trait_type"":""Background"",""value"":""Black""},{""trait_type"":""Face"",""value"":""Stegasourous Photo""},{""trait_type"":""Hat"",""value"":""Police - Brain""}]"
"498","00498","","","ipfs://QmXpXg2KDaqtFwFutCx11Lib4BJ86RPkUpkxCJJCDSc5SL/498","https://ipfs.io/ipfs/QmXpXg2KDaqtFwFutCx11Lib4BJ86RPkUpkxCJJCDSc5SL/498","ipfs://QmWNWmgdMtxpyofvTSVRFjzTugo71Q6WDy3Wq62pCeawUz/498","https://ipfs.io/ipfs/QmWNWmgdMtxpyofvTSVRFjzTugo71Q6WDy3Wq62pCeawUz/498","D:\github\ron-english-light-cult-0001-1000\data\generated\light-cult-image-match-powershell-only\run-20260514-150810\reference-images\Light-Cult-Crypto-Club-00498.png","06070f070f070707","https://opensea.io/assets/ethereum/0xbe85fbd182af91290be7293438ae67549638189f/498","[{""trait_type"":""Background"",""value"":""Mandala 1""},{""trait_type"":""Face"",""value"":""Basic (Light Blue)""},{""trait_type"":""Hat"",""value"":""Fez - Machete""}]"
"499","00499","","","ipfs://QmXpXg2KDaqtFwFutCx11Lib4BJ86RPkUpkxCJJCDSc5SL/499","https://ipfs.io/ipfs/QmXpXg2KDaqtFwFutCx11Lib4BJ86RPkUpkxCJJCDSc5SL/499","ipfs://QmWNWmgdMtxpyofvTSVRFjzTugo71Q6WDy3Wq62pCeawUz/499","https://ipfs.io/ipfs/QmWNWmgdMtxpyofvTSVRFjzTugo71Q6WDy3Wq62pCeawUz/499","D:\github\ron-english-light-cult-0001-1000\data\generated\light-cult-image-match-powershell-only\run-20260514-150810\reference-images\Light-Cult-Crypto-Club-00499.png","d23978f0da523178","https://opensea.io/assets/ethereum/0xbe85fbd182af91290be7293438ae67549638189f/499","[{""trait_type"":""Background"",""value"":""Pink""},{""trait_type"":""Face"",""value"":""Basic (Light Blue)""},{""trait_type"":""Accessory"",""value"":""Butterfly Wings""},{""trait_type"":""Hat"",""value"":""Police - Skull""},{""trait_type"":""Body"",""value"":""Overalls Red""}]"
"500","00500","","","ipfs://QmXpXg2KDaqtFwFutCx11Lib4BJ86RPkUpkxCJJCDSc5SL/500","https://ipfs.io/ipfs/QmXpXg2KDaqtFwFutCx11Lib4BJ86RPkUpkxCJJCDSc5SL/500","ipfs://QmWNWmgdMtxpyofvTSVRFjzTugo71Q6WDy3Wq62pCeawUz/500","https://ipfs.io/ipfs/QmWNWmgdMtxpyofvTSVRFjzTugo71Q6WDy3Wq62pCeawUz/500","D:\github\ron-english-light-cult-0001-1000\data\generated\light-cult-image-match-powershell-only\run-20260514-150810\reference-images\Light-Cult-Crypto-Club-00500.png","52707a565a307070","https://opensea.io/assets/ethereum/0xbe85fbd182af91290be7293438ae67549638189f/500","[{""trait_type"":""Background"",""value"":""Pink""},{""trait_type"":""Face"",""value"":""Seamonkey Bowl""},{""trait_type"":""Hat"",""value"":""Police - Brain""},{""trait_type"":""Body"",""value"":""Tanktop Sand""}]"
"501","00501","","","ipfs://QmXpXg2KDaqtFwFutCx11Lib4BJ86RPkUpkxCJJCDSc5SL/501","https://ipfs.io/ipfs/QmXpXg2KDaqtFwFutCx11Lib4BJ86RPkUpkxCJJCDSc5SL/501","ipfs://QmWNWmgdMtxpyofvTSVRFjzTugo71Q6WDy3Wq62pCeawUz/501","https://ipfs.io/ipfs/QmWNWmgdMtxpyofvTSVRFjzTugo71Q6WDy3Wq62pCeawUz/501","D:\github\ron-english-light-cult-0001-1000\data\generated\light-cult-image-match-powershell-only\run-20260514-150810\reference-images\Light-Cult-Crypto-Club-00501.png","4613707031131307","https://opensea.io/assets/ethereum/0xbe85fbd182af91290be7293438ae67549638189f/501","[{""trait_type"":""Status"",""value"":""Rare""},{""trait_type"":""Collection"",""value"":""Elephant""},{""trait_type"":""Variant"",""value"":""E - V4""}]"
"502","00502","","","ipfs://QmXpXg2KDaqtFwFutCx11Lib4BJ86RPkUpkxCJJCDSc5SL/502","https://ipfs.io/ipfs/QmXpXg2KDaqtFwFutCx11Lib4BJ86RPkUpkxCJJCDSc5SL/502","ipfs://QmWNWmgdMtxpyofvTSVRFjzTugo71Q6WDy3Wq62pCeawUz/502","https://ipfs.io/ipfs/QmWNWmgdMtxpyofvTSVRFjzTugo71Q6WDy3Wq62pCeawUz/502","D:\github\ron-english-light-cult-0001-1000\data\generated\light-cult-image-match-powershell-only\run-20260514-150810\reference-images\Light-Cult-Crypto-Club-00502.png","46133131313a1273","https://opensea.io/assets/ethereum/0xbe85fbd182af91290be7293438ae67549638189f/502","[{""trait_type"":""Background"",""value"":""Light Blue""},{""trait_type"":""Face"",""value"":""Slash Hat (Rabbbit)""},{""trait_type"":""Body"",""value"":""LightBulb Guitar""}]"
"504","00504","","","ipfs://QmXpXg2KDaqtFwFutCx11Lib4BJ86RPkUpkxCJJCDSc5SL/504","https://ipfs.io/ipfs/QmXpXg2KDaqtFwFutCx11Lib4BJ86RPkUpkxCJJCDSc5SL/504","ipfs://QmWNWmgdMtxpyofvTSVRFjzTugo71Q6WDy3Wq62pCeawUz/504","https://ipfs.io/ipfs/QmWNWmgdMtxpyofvTSVRFjzTugo71Q6WDy3Wq62pCeawUz/504","D:\github\ron-english-light-cult-0001-1000\data\generated\light-cult-image-match-powershell-only\run-20260514-150810\reference-images\Light-Cult-Crypto-Club-00504.png","4e19313416313930","https://opensea.io/assets/ethereum/0xbe85fbd182af91290be7293438ae67549638189f/504","[{""trait_type"":""Background"",""value"":""Light Blue""},{""trait_type"":""Face"",""value"":""Basic (Yellow)""},{""trait_type"":""Accessory"",""value"":""Groucho Glasses""},{""trait_type"":""Hat"",""value"":""Beanie Red""},{""trait_type"":""Body"",""value"":""Tanktop Eye""}]"
"505","00505","","","ipfs://QmXpXg2KDaqtFwFutCx11Lib4BJ86RPkUpkxCJJCDSc5SL/505","https://ipfs.io/ipfs/QmXpXg2KDaqtFwFutCx11Lib4BJ86RPkUpkxCJJCDSc5SL/505","ipfs://QmWNWmgdMtxpyofvTSVRFjzTugo71Q6WDy3Wq62pCeawUz/505","https://ipfs.io/ipfs/QmWNWmgdMtxpyofvTSVRFjzTugo71Q6WDy3Wq62pCeawUz/505","D:\github\ron-english-light-cult-0001-1000\data\generated\light-cult-image-match-powershell-only\run-20260514-150810\reference-images\Light-Cult-Crypto-Club-00505.png","1b1b70313038390f","https://opensea.io/assets/ethereum/0xbe85fbd182af91290be7293438ae67549638189f/505","[{""trait_type"":""Background"",""value"":""Rainbow""},{""trait_type"":""Face"",""value"":""Basic (Red)""},{""trait_type"":""Accessory"",""value"":""Water Spout""},{""trait_type"":""Hat"",""value"":""Fez - Heart Lady""},{""trait_type"":""Body"",""value"":""Tanktop Bulb""}]"
"506","00506","","","ipfs://QmXpXg2KDaqtFwFutCx11Lib4BJ86RPkUpkxCJJCDSc5SL/506","https://ipfs.io/ipfs/QmXpXg2KDaqtFwFutCx11Lib4BJ86RPkUpkxCJJCDSc5SL/506","ipfs://QmWNWmgdMtxpyofvTSVRFjzTugo71Q6WDy3Wq62pCeawUz/506","https://ipfs.io/ipfs/QmWNWmgdMtxpyofvTSVRFjzTugo71Q6WDy3Wq62pCeawUz/506","D:\github\ron-english-light-cult-0001-1000\data\generated\light-cult-image-match-powershell-only\run-20260514-150810\reference-images\Light-Cult-Crypto-Club-00506.png","0406050746070f0f","https://opensea.io/assets/ethereum/0xbe85fbd182af91290be7293438ae67549638189f/506","[{""trait_type"":""Background"",""value"":""Mandala 8""},{""trait_type"":""Face"",""value"":""Smiley Face (Light Blue)""},{""trait_type"":""Accessory"",""value"":""Water Spout""},{""trait_type"":""Body"",""value"":""Overalls Red""}]"
"508","00508","","","ipfs://QmXpXg2KDaqtFwFutCx11Lib4BJ86RPkUpkxCJJCDSc5SL/508","https://ipfs.io/ipfs/QmXpXg2KDaqtFwFutCx11Lib4BJ86RPkUpkxCJJCDSc5SL/508","ipfs://QmWNWmgdMtxpyofvTSVRFjzTugo71Q6WDy3Wq62pCeawUz/508","https://ipfs.io/ipfs/QmWNWmgdMtxpyofvTSVRFjzTugo71Q6WDy3Wq62pCeawUz/508","D:\github\ron-english-light-cult-0001-1000\data\generated\light-cult-image-match-powershell-only\run-20260514-150810\reference-images\Light-Cult-Crypto-Club-00508.png","060f0f0707070f0f","https://opensea.io/assets/ethereum/0xbe85fbd182af91290be7293438ae67549638189f/508","[{""trait_type"":""Background"",""value"":""Mandala 24""},{""trait_type"":""Face"",""value"":""StarSkull Yellow Face""},{""trait_type"":""Hat"",""value"":""Police - Skull""},{""trait_type"":""Body"",""value"":""Sweater Scarf""}]"
"509","00509","","","ipfs://QmXpXg2KDaqtFwFutCx11Lib4BJ86RPkUpkxCJJCDSc5SL/509","https://ipfs.io/ipfs/QmXpXg2KDaqtFwFutCx11Lib4BJ86RPkUpkxCJJCDSc5SL/509","ipfs://QmWNWmgdMtxpyofvTSVRFjzTugo71Q6WDy3Wq62pCeawUz/509","https://ipfs.io/ipfs/QmWNWmgdMtxpyofvTSVRFjzTugo71Q6WDy3Wq62pCeawUz/509","D:\github\ron-english-light-cult-0001-1000\data\generated\light-cult-image-match-powershell-only\run-20260514-150810\reference-images\Light-Cult-Crypto-Club-00509.png","070e383978393a31","https://opensea.io/assets/ethereum/0xbe85fbd182af91290be7293438ae67549638189f/509","[{""trait_type"":""Background"",""value"":""Rainbow""},{""trait_type"":""Face"",""value"":""Bomb""},{""trait_type"":""Body"",""value"":""M-16""}]"
"510","00510","","","ipfs://QmXpXg2KDaqtFwFutCx11Lib4BJ86RPkUpkxCJJCDSc5SL/510","https://ipfs.io/ipfs/QmXpXg2KDaqtFwFutCx11Lib4BJ86RPkUpkxCJJCDSc5SL/510","ipfs://QmWNWmgdMtxpyofvTSVRFjzTugo71Q6WDy3Wq62pCeawUz/510","https://ipfs.io/ipfs/QmWNWmgdMtxpyofvTSVRFjzTugo71Q6WDy3Wq62pCeawUz/510","D:\github\ron-english-light-cult-0001-1000\data\generated\light-cult-image-match-powershell-only\run-20260514-150810\reference-images\Light-Cult-Crypto-Club-00510.png","0607070f07070f07","https://opensea.io/assets/ethereum/0xbe85fbd182af91290be7293438ae67549638189f/510","[{""trait_type"":""Background"",""value"":""Mandala 2""},{""trait_type"":""Face"",""value"":""Ice Cream Face""},{""trait_type"":""Hat"",""value"":""Fez - StarSkull""}]"
"511","00511","","","ipfs://QmXpXg2KDaqtFwFutCx11Lib4BJ86RPkUpkxCJJCDSc5SL/511","https://ipfs.io/ipfs/QmXpXg2KDaqtFwFutCx11Lib4BJ86RPkUpkxCJJCDSc5SL/511","ipfs://QmWNWmgdMtxpyofvTSVRFjzTugo71Q6WDy3Wq62pCeawUz/511","https://ipfs.io/ipfs/QmWNWmgdMtxpyofvTSVRFjzTugo71Q6WDy3Wq62pCeawUz/511","D:\github\ron-english-light-cult-0001-1000\data\generated\light-cult-image-match-powershell-only\run-20260514-150810\reference-images\Light-Cult-Crypto-Club-00511.png","44070f1a1b1b1b17","https://opensea.io/assets/ethereum/0xbe85fbd182af91290be7293438ae67549638189f/511","[{""trait_type"":""Background"",""value"":""Red""},{""trait_type"":""Face"",""value"":""Seamonkey Bowl""},{""trait_type"":""Hat"",""value"":""Carosoul Crown""},{""trait_type"":""Body"",""value"":""Tanktop Tree""}]"
"512","00512","","","ipfs://QmXpXg2KDaqtFwFutCx11Lib4BJ86RPkUpkxCJJCDSc5SL/512","https://ipfs.io/ipfs/QmXpXg2KDaqtFwFutCx11Lib4BJ86RPkUpkxCJJCDSc5SL/512","ipfs://QmWNWmgdMtxpyofvTSVRFjzTugo71Q6WDy3Wq62pCeawUz/512","https://ipfs.io/ipfs/QmWNWmgdMtxpyofvTSVRFjzTugo71Q6WDy3Wq62pCeawUz/512","D:\github\ron-english-light-cult-0001-1000\data\generated\light-cult-image-match-powershell-only\run-20260514-150810\reference-images\Light-Cult-Crypto-Club-00512.png","461b313139131307","https://opensea.io/assets/ethereum/0xbe85fbd182af91290be7293438ae67549638189f/512","[{""trait_type"":""Background"",""value"":""Light Blue""},{""trait_type"":""Face"",""value"":""Loch Ness Bowl""},{""trait_type"":""Hat"",""value"":""Helmet - Yellow""}]"
"513","00513","","","ipfs://QmXpXg2KDaqtFwFutCx11Lib4BJ86RPkUpkxCJJCDSc5SL/513","https://ipfs.io/ipfs/QmXpXg2KDaqtFwFutCx11Lib4BJ86RPkUpkxCJJCDSc5SL/513","ipfs://QmWNWmgdMtxpyofvTSVRFjzTugo71Q6WDy3Wq62pCeawUz/513","https://ipfs.io/ipfs/QmWNWmgdMtxpyofvTSVRFjzTugo71Q6WDy3Wq62pCeawUz/513","D:\github\ron-english-light-cult-0001-1000\data\generated\light-cult-image-match-powershell-only\run-20260514-150810\reference-images\Light-Cult-Crypto-Club-00513.png","040f07311b070507","https://opensea.io/assets/ethereum/0xbe85fbd182af91290be7293438ae67549638189f/513","[{""trait_type"":""Background"",""value"":""Mandala 9""},{""trait_type"":""Face"",""value"":""Basic (Red)""},{""trait_type"":""Accessory"",""value"":""Petal Bulb Earrings""}]"
"514","00514","","","ipfs://QmXpXg2KDaqtFwFutCx11Lib4BJ86RPkUpkxCJJCDSc5SL/514","https://ipfs.io/ipfs/QmXpXg2KDaqtFwFutCx11Lib4BJ86RPkUpkxCJJCDSc5SL/514","ipfs://QmWNWmgdMtxpyofvTSVRFjzTugo71Q6WDy3Wq62pCeawUz/514","https://ipfs.io/ipfs/QmWNWmgdMtxpyofvTSVRFjzTugo71Q6WDy3Wq62pCeawUz/514","D:\github\ron-english-light-cult-0001-1000\data\generated\light-cult-image-match-powershell-only\run-20260514-150810\reference-images\Light-Cult-Crypto-Club-00514.png","07090d07191b1b17","https://opensea.io/assets/ethereum/0xbe85fbd182af91290be7293438ae67549638189f/514","[{""trait_type"":""Background"",""value"":""Mandala 5""},{""trait_type"":""Face"",""value"":""Loch Ness Bowl""},{""trait_type"":""Body"",""value"":""Tanktop Sand""}]"
"516","00516","","","ipfs://QmXpXg2KDaqtFwFutCx11Lib4BJ86RPkUpkxCJJCDSc5SL/516","https://ipfs.io/ipfs/QmXpXg2KDaqtFwFutCx11Lib4BJ86RPkUpkxCJJCDSc5SL/516","ipfs://QmWNWmgdMtxpyofvTSVRFjzTugo71Q6WDy3Wq62pCeawUz/516","https://ipfs.io/ipfs/QmWNWmgdMtxpyofvTSVRFjzTugo71Q6WDy3Wq62pCeawUz/516","D:\github\ron-english-light-cult-0001-1000\data\generated\light-cult-image-match-powershell-only\run-20260514-150810\reference-images\Light-Cult-Crypto-Club-00516.png","460f31313b1b192d","https://opensea.io/assets/ethereum/0xbe85fbd182af91290be7293438ae67549638189f/516","[{""trait_type"":""Background"",""value"":""Red""},{""trait_type"":""Face"",""value"":""Stegasourous Photo""},{""trait_type"":""Body"",""value"":""Sweater Scarf""}]"
"517","00517","","","ipfs://QmXpXg2KDaqtFwFutCx11Lib4BJ86RPkUpkxCJJCDSc5SL/517","https://ipfs.io/ipfs/QmXpXg2KDaqtFwFutCx11Lib4BJ86RPkUpkxCJJCDSc5SL/517","ipfs://QmWNWmgdMtxpyofvTSVRFjzTugo71Q6WDy3Wq62pCeawUz/517","https://ipfs.io/ipfs/QmWNWmgdMtxpyofvTSVRFjzTugo71Q6WDy3Wq62pCeawUz/517","D:\github\ron-english-light-cult-0001-1000\data\generated\light-cult-image-match-powershell-only\run-20260514-150810\reference-images\Light-Cult-Crypto-Club-00517.png","4e0f0f311b1b3b33","https://opensea.io/assets/ethereum/0xbe85fbd182af91290be7293438ae67549638189f/517","[{""trait_type"":""Background"",""value"":""Red""},{""trait_type"":""Face"",""value"":""Whale Bowl""},{""trait_type"":""Hat"",""value"":""Alien Sombrero""},{""trait_type"":""Body"",""value"":""M-16""}]"
"518","00518","","","ipfs://QmXpXg2KDaqtFwFutCx11Lib4BJ86RPkUpkxCJJCDSc5SL/518","https://ipfs.io/ipfs/QmXpXg2KDaqtFwFutCx11Lib4BJ86RPkUpkxCJJCDSc5SL/518","ipfs://QmWNWmgdMtxpyofvTSVRFjzTugo71Q6WDy3Wq62pCeawUz/518","https://ipfs.io/ipfs/QmWNWmgdMtxpyofvTSVRFjzTugo71Q6WDy3Wq62pCeawUz/518","D:\github\ron-english-light-cult-0001-1000\data\generated\light-cult-image-match-powershell-only\run-20260514-150810\reference-images\Light-Cult-Crypto-Club-00518.png","04070f0707070f07","https://opensea.io/assets/ethereum/0xbe85fbd182af91290be7293438ae67549638189f/518","[{""trait_type"":""Background"",""value"":""Mandala 7""},{""trait_type"":""Face"",""value"":""Basic (Yellow)""},{""trait_type"":""Accessory"",""value"":""Dragon Wings""},{""trait_type"":""Hat"",""value"":""Fez - Double Donkey""},{""trait_type"":""Body"",""value"":""Cloud Body""}]"
"519","00519","","","ipfs://QmXpXg2KDaqtFwFutCx11Lib4BJ86RPkUpkxCJJCDSc5SL/519","https://ipfs.io/ipfs/QmXpXg2KDaqtFwFutCx11Lib4BJ86RPkUpkxCJJCDSc5SL/519","ipfs://QmWNWmgdMtxpyofvTSVRFjzTugo71Q6WDy3Wq62pCeawUz/519","https://ipfs.io/ipfs/QmWNWmgdMtxpyofvTSVRFjzTugo71Q6WDy3Wq62pCeawUz/519","D:\github\ron-english-light-cult-0001-1000\data\generated\light-cult-image-match-powershell-only\run-20260514-150810\reference-images\Light-Cult-Crypto-Club-00519.png","0e0f070f07070f07","https://opensea.io/assets/ethereum/0xbe85fbd182af91290be7293438ae67549638189f/519","[{""trait_type"":""Status"",""value"":""Rare""},{""trait_type"":""Collection"",""value"":""The Simpsons""},{""trait_type"":""Variant"",""value"":""TS - V13""}]"
"522","00522","","","ipfs://QmXpXg2KDaqtFwFutCx11Lib4BJ86RPkUpkxCJJCDSc5SL/522","https://ipfs.io/ipfs/QmXpXg2KDaqtFwFutCx11Lib4BJ86RPkUpkxCJJCDSc5SL/522","ipfs://QmWNWmgdMtxpyofvTSVRFjzTugo71Q6WDy3Wq62pCeawUz/522","https://ipfs.io/ipfs/QmWNWmgdMtxpyofvTSVRFjzTugo71Q6WDy3Wq62pCeawUz/522","D:\github\ron-english-light-cult-0001-1000\data\generated\light-cult-image-match-powershell-only\run-20260514-150810\reference-images\Light-Cult-Crypto-Club-00522.png","461b3931311b1307","https://opensea.io/assets/ethereum/0xbe85fbd182af91290be7293438ae67549638189f/522","[{""trait_type"":""Background"",""value"":""Light Blue""},{""trait_type"":""Face"",""value"":""Smiley Face (Red)""},{""trait_type"":""Hat"",""value"":""Helmet - Purple""}]"
"524","00524","","","ipfs://QmXpXg2KDaqtFwFutCx11Lib4BJ86RPkUpkxCJJCDSc5SL/524","https://ipfs.io/ipfs/QmXpXg2KDaqtFwFutCx11Lib4BJ86RPkUpkxCJJCDSc5SL/524","ipfs://QmWNWmgdMtxpyofvTSVRFjzTugo71Q6WDy3Wq62pCeawUz/524","https://ipfs.io/ipfs/QmWNWmgdMtxpyofvTSVRFjzTugo71Q6WDy3Wq62pCeawUz/524","D:\github\ron-english-light-cult-0001-1000\data\generated\light-cult-image-match-powershell-only\run-20260514-150810\reference-images\Light-Cult-Crypto-Club-00524.png","0e0f07071b132d0f","https://opensea.io/assets/ethereum/0xbe85fbd182af91290be7293438ae67549638189f/524","[{""trait_type"":""Background"",""value"":""Mandala 11""},{""trait_type"":""Face"",""value"":""Basic (Red)""},{""trait_type"":""Accessory"",""value"":""Groucho Glasses""},{""trait_type"":""Hat"",""value"":""Helmet - Yellow""},{""trait_type"":""Body"",""value"":""Sweater Scarf""}]"
"525","00525","","","ipfs://QmXpXg2KDaqtFwFutCx11Lib4BJ86RPkUpkxCJJCDSc5SL/525","https://ipfs.io/ipfs/QmXpXg2KDaqtFwFutCx11Lib4BJ86RPkUpkxCJJCDSc5SL/525","ipfs://QmWNWmgdMtxpyofvTSVRFjzTugo71Q6WDy3Wq62pCeawUz/525","https://ipfs.io/ipfs/QmWNWmgdMtxpyofvTSVRFjzTugo71Q6WDy3Wq62pCeawUz/525","D:\github\ron-english-light-cult-0001-1000\data\generated\light-cult-image-match-powershell-only\run-20260514-150810\reference-images\Light-Cult-Crypto-Club-00525.png","642525312507070f","https://opensea.io/assets/ethereum/0xbe85fbd182af91290be7293438ae67549638189f/525","[{""trait_type"":""Background"",""value"":""Mandala 2""},{""trait_type"":""Face"",""value"":""Smiley Face (Pink)""},{""trait_type"":""Accessory"",""value"":""Butterfly Wings""},{""trait_type"":""Hat"",""value"":""Beanie Grey""}]"
"526","00526","","","ipfs://QmXpXg2KDaqtFwFutCx11Lib4BJ86RPkUpkxCJJCDSc5SL/526","https://ipfs.io/ipfs/QmXpXg2KDaqtFwFutCx11Lib4BJ86RPkUpkxCJJCDSc5SL/526","ipfs://QmWNWmgdMtxpyofvTSVRFjzTugo71Q6WDy3Wq62pCeawUz/526","https://ipfs.io/ipfs/QmWNWmgdMtxpyofvTSVRFjzTugo71Q6WDy3Wq62pCeawUz/526","D:\github\ron-english-light-cult-0001-1000\data\generated\light-cult-image-match-powershell-only\run-20260514-150810\reference-images\Light-Cult-Crypto-Club-00526.png","07090909050b1b17","https://opensea.io/assets/ethereum/0xbe85fbd182af91290be7293438ae67549638189f/526","[{""trait_type"":""Background"",""value"":""Black""},{""trait_type"":""Face"",""value"":""Jesus Bowl""},{""trait_type"":""Hat"",""value"":""Unicorn Crown""},{""trait_type"":""Body"",""value"":""Tanktop Sand""}]"
"528","00528","","","ipfs://QmXpXg2KDaqtFwFutCx11Lib4BJ86RPkUpkxCJJCDSc5SL/528","https://ipfs.io/ipfs/QmXpXg2KDaqtFwFutCx11Lib4BJ86RPkUpkxCJJCDSc5SL/528","ipfs://QmWNWmgdMtxpyofvTSVRFjzTugo71Q6WDy3Wq62pCeawUz/528","https://ipfs.io/ipfs/QmWNWmgdMtxpyofvTSVRFjzTugo71Q6WDy3Wq62pCeawUz/528","D:\github\ron-english-light-cult-0001-1000\data\generated\light-cult-image-match-powershell-only\run-20260514-150810\reference-images\Light-Cult-Crypto-Club-00528.png","46073131391b252d","https://opensea.io/assets/ethereum/0xbe85fbd182af91290be7293438ae67549638189f/528","[{""trait_type"":""Background"",""value"":""Red""},{""trait_type"":""Face"",""value"":""Smiley Face (Red)""},{""trait_type"":""Body"",""value"":""Star Skull Body - Pink""}]"
"529","00529","","","ipfs://QmXpXg2KDaqtFwFutCx11Lib4BJ86RPkUpkxCJJCDSc5SL/529","https://ipfs.io/ipfs/QmXpXg2KDaqtFwFutCx11Lib4BJ86RPkUpkxCJJCDSc5SL/529","ipfs://QmWNWmgdMtxpyofvTSVRFjzTugo71Q6WDy3Wq62pCeawUz/529","https://ipfs.io/ipfs/QmWNWmgdMtxpyofvTSVRFjzTugo71Q6WDy3Wq62pCeawUz/529","D:\github\ron-english-light-cult-0001-1000\data\generated\light-cult-image-match-powershell-only\run-20260514-150810\reference-images\Light-Cult-Crypto-Club-00529.png","5a5a7c2c6e307070","https://opensea.io/assets/ethereum/0xbe85fbd182af91290be7293438ae67549638189f/529","[{""trait_type"":""Background"",""value"":""Pink""},{""trait_type"":""Face"",""value"":""Diaper Mask""},{""trait_type"":""Hat"",""value"":""Fez - Heart Lady""},{""trait_type"":""Body"",""value"":""Tanktop Eye""}]"
"530","00530","","","ipfs://QmXpXg2KDaqtFwFutCx11Lib4BJ86RPkUpkxCJJCDSc5SL/530","https://ipfs.io/ipfs/QmXpXg2KDaqtFwFutCx11Lib4BJ86RPkUpkxCJJCDSc5SL/530","ipfs://QmWNWmgdMtxpyofvTSVRFjzTugo71Q6WDy3Wq62pCeawUz/530","https://ipfs.io/ipfs/QmWNWmgdMtxpyofvTSVRFjzTugo71Q6WDy3Wq62pCeawUz/530","D:\github\ron-english-light-cult-0001-1000\data\generated\light-cult-image-match-powershell-only\run-20260514-150810\reference-images\Light-Cult-Crypto-Club-00530.png","4652703130525246","https://opensea.io/assets/ethereum/0xbe85fbd182af91290be7293438ae67549638189f/530","[{""trait_type"":""Background"",""value"":""Pink""},{""trait_type"":""Face"",""value"":""Basic (Pink)""},{""trait_type"":""Hat"",""value"":""Beanie Grey""}]"
"531","00531","","","ipfs://QmXpXg2KDaqtFwFutCx11Lib4BJ86RPkUpkxCJJCDSc5SL/531","https://ipfs.io/ipfs/QmXpXg2KDaqtFwFutCx11Lib4BJ86RPkUpkxCJJCDSc5SL/531","ipfs://QmWNWmgdMtxpyofvTSVRFjzTugo71Q6WDy3Wq62pCeawUz/531","https://gateway.pinata.cloud/ipfs/QmWNWmgdMtxpyofvTSVRFjzTugo71Q6WDy3Wq62pCeawUz/531","D:\github\ron-english-light-cult-0001-1000\data\generated\light-cult-image-match-powershell-only\run-20260514-150810\reference-images\Light-Cult-Crypto-Club-00531.png","37070f0f07070fa6","https://opensea.io/assets/ethereum/0xbe85fbd182af91290be7293438ae67549638189f/531","[{""trait_type"":""Status"",""value"":""Rare""},{""trait_type"":""Collection"",""value"":""Incubator Bulb""},{""trait_type"":""Variant"",""value"":""IB - V7""}]"
"532","00532","","","ipfs://QmXpXg2KDaqtFwFutCx11Lib4BJ86RPkUpkxCJJCDSc5SL/532","https://ipfs.io/ipfs/QmXpXg2KDaqtFwFutCx11Lib4BJ86RPkUpkxCJJCDSc5SL/532","ipfs://QmWNWmgdMtxpyofvTSVRFjzTugo71Q6WDy3Wq62pCeawUz/532","https://ipfs.io/ipfs/QmWNWmgdMtxpyofvTSVRFjzTugo71Q6WDy3Wq62pCeawUz/532","D:\github\ron-english-light-cult-0001-1000\data\generated\light-cult-image-match-powershell-only\run-20260514-150810\reference-images\Light-Cult-Crypto-Club-00532.png","5a1b393939303930","https://opensea.io/assets/ethereum/0xbe85fbd182af91290be7293438ae67549638189f/532","[{""trait_type"":""Background"",""value"":""Light Blue""},{""trait_type"":""Face"",""value"":""Brain""},{""trait_type"":""Accessory"",""value"":""Goggles""},{""trait_type"":""Hat"",""value"":""Fez - Brain Bulb""},{""trait_type"":""Body"",""value"":""Tanktop""}]"
"533","00533","","","ipfs://QmXpXg2KDaqtFwFutCx11Lib4BJ86RPkUpkxCJJCDSc5SL/533","https://ipfs.io/ipfs/QmXpXg2KDaqtFwFutCx11Lib4BJ86RPkUpkxCJJCDSc5SL/533","ipfs://QmWNWmgdMtxpyofvTSVRFjzTugo71Q6WDy3Wq62pCeawUz/533","https://ipfs.io/ipfs/QmWNWmgdMtxpyofvTSVRFjzTugo71Q6WDy3Wq62pCeawUz/533","D:\github\ron-english-light-cult-0001-1000\data\generated\light-cult-image-match-powershell-only\run-20260514-150810\reference-images\Light-Cult-Crypto-Club-00533.png","0000253107060e00","https://opensea.io/assets/ethereum/0xbe85fbd182af91290be7293438ae67549638189f/533","[{""trait_type"":""Background"",""value"":""Black""},{""trait_type"":""Face"",""value"":""Octopus""},{""trait_type"":""Accessory"",""value"":""Goblin Ears""}]"
"535","00535","","","ipfs://QmXpXg2KDaqtFwFutCx11Lib4BJ86RPkUpkxCJJCDSc5SL/535","https://ipfs.io/ipfs/QmXpXg2KDaqtFwFutCx11Lib4BJ86RPkUpkxCJJCDSc5SL/535","ipfs://QmWNWmgdMtxpyofvTSVRFjzTugo71Q6WDy3Wq62pCeawUz/535","https://ipfs.io/ipfs/QmWNWmgdMtxpyofvTSVRFjzTugo71Q6WDy3Wq62pCeawUz/535","D:\github\ron-english-light-cult-0001-1000\data\generated\light-cult-image-match-powershell-only\run-20260514-150810\reference-images\Light-Cult-Crypto-Club-00535.png","527839286d727e78","https://opensea.io/assets/ethereum/0xbe85fbd182af91290be7293438ae67549638189f/535","[{""trait_type"":""Background"",""value"":""Pink""},{""trait_type"":""Face"",""value"":""Diaper Mask""},{""trait_type"":""Hat"",""value"":""Police - Body""},{""trait_type"":""Body"",""value"":""Red Guitar""}]"
"536","00536","","","ipfs://QmXpXg2KDaqtFwFutCx11Lib4BJ86RPkUpkxCJJCDSc5SL/536","https://ipfs.io/ipfs/QmXpXg2KDaqtFwFutCx11Lib4BJ86RPkUpkxCJJCDSc5SL/536","ipfs://QmWNWmgdMtxpyofvTSVRFjzTugo71Q6WDy3Wq62pCeawUz/536","https://ipfs.io/ipfs/QmWNWmgdMtxpyofvTSVRFjzTugo71Q6WDy3Wq62pCeawUz/536","D:\github\ron-english-light-cult-0001-1000\data\generated\light-cult-image-match-powershell-only\run-20260514-150810\reference-images\Light-Cult-Crypto-Club-00536.png","0607070f07070f07","https://opensea.io/assets/ethereum/0xbe85fbd182af91290be7293438ae67549638189f/536","[{""trait_type"":""Status"",""value"":""Rare""},{""trait_type"":""Collection"",""value"":""Football Player""},{""trait_type"":""Variant"",""value"":""FP - V31""}]"
"538","00538","","","ipfs://QmXpXg2KDaqtFwFutCx11Lib4BJ86RPkUpkxCJJCDSc5SL/538","https://ipfs.io/ipfs/QmXpXg2KDaqtFwFutCx11Lib4BJ86RPkUpkxCJJCDSc5SL/538","ipfs://QmWNWmgdMtxpyofvTSVRFjzTugo71Q6WDy3Wq62pCeawUz/538","https://ipfs.io/ipfs/QmWNWmgdMtxpyofvTSVRFjzTugo71Q6WDy3Wq62pCeawUz/538","D:\github\ron-english-light-cult-0001-1000\data\generated\light-cult-image-match-powershell-only\run-20260514-150810\reference-images\Light-Cult-Crypto-Club-00538.png","4607073113131307","https://opensea.io/assets/ethereum/0xbe85fbd182af91290be7293438ae67549638189f/538","[{""trait_type"":""Background"",""value"":""Red""},{""trait_type"":""Face"",""value"":""Smiley Face (Yellow)""}]"
"539","00539","","","ipfs://QmXpXg2KDaqtFwFutCx11Lib4BJ86RPkUpkxCJJCDSc5SL/539","https://ipfs.io/ipfs/QmXpXg2KDaqtFwFutCx11Lib4BJ86RPkUpkxCJJCDSc5SL/539","ipfs://QmWNWmgdMtxpyofvTSVRFjzTugo71Q6WDy3Wq62pCeawUz/539","https://ipfs.io/ipfs/QmWNWmgdMtxpyofvTSVRFjzTugo71Q6WDy3Wq62pCeawUz/539","D:\github\ron-english-light-cult-0001-1000\data\generated\light-cult-image-match-powershell-only\run-20260514-150810\reference-images\Light-Cult-Crypto-Club-00539.png","1731313030383131","https://opensea.io/assets/ethereum/0xbe85fbd182af91290be7293438ae67549638189f/539","[{""trait_type"":""Background"",""value"":""Rainbow""},{""trait_type"":""Face"",""value"":""Basic (Red)""},{""trait_type"":""Hat"",""value"":""Liberty Crown""},{""trait_type"":""Body"",""value"":""Tanktop Eye""}]"
"540","00540","","","ipfs://QmXpXg2KDaqtFwFutCx11Lib4BJ86RPkUpkxCJJCDSc5SL/540","https://ipfs.io/ipfs/QmXpXg2KDaqtFwFutCx11Lib4BJ86RPkUpkxCJJCDSc5SL/540","ipfs://QmWNWmgdMtxpyofvTSVRFjzTugo71Q6WDy3Wq62pCeawUz/540","https://ipfs.io/ipfs/QmWNWmgdMtxpyofvTSVRFjzTugo71Q6WDy3Wq62pCeawUz/540","D:\github\ron-english-light-cult-0001-1000\data\generated\light-cult-image-match-powershell-only\run-20260514-150810\reference-images\Light-Cult-Crypto-Club-00540.png","4652393139315850","https://opensea.io/assets/ethereum/0xbe85fbd182af91290be7293438ae67549638189f/540","[{""trait_type"":""Background"",""value"":""Yellow""},{""trait_type"":""Face"",""value"":""Basic (Red)""},{""trait_type"":""Accessory"",""value"":""Groucho Glasses""},{""trait_type"":""Body"",""value"":""Dino Body""}]"
"541","00541","","","ipfs://QmXpXg2KDaqtFwFutCx11Lib4BJ86RPkUpkxCJJCDSc5SL/541","https://ipfs.io/ipfs/QmXpXg2KDaqtFwFutCx11Lib4BJ86RPkUpkxCJJCDSc5SL/541","ipfs://QmWNWmgdMtxpyofvTSVRFjzTugo71Q6WDy3Wq62pCeawUz/541","https://ipfs.io/ipfs/QmWNWmgdMtxpyofvTSVRFjzTugo71Q6WDy3Wq62pCeawUz/541","D:\github\ron-english-light-cult-0001-1000\data\generated\light-cult-image-match-powershell-only\run-20260514-150810\reference-images\Light-Cult-Crypto-Club-00541.png","0e0f0707070f0f0f","https://opensea.io/assets/ethereum/0xbe85fbd182af91290be7293438ae67549638189f/541","[{""trait_type"":""Background"",""value"":""Mandala 4""},{""trait_type"":""Face"",""value"":""Basic (Pink)""},{""trait_type"":""Hat"",""value"":""Beanie Red""},{""trait_type"":""Body"",""value"":""Sweater Scarf""}]"
"543","00543","","","ipfs://QmXpXg2KDaqtFwFutCx11Lib4BJ86RPkUpkxCJJCDSc5SL/543","https://ipfs.io/ipfs/QmXpXg2KDaqtFwFutCx11Lib4BJ86RPkUpkxCJJCDSc5SL/543","ipfs://QmWNWmgdMtxpyofvTSVRFjzTugo71Q6WDy3Wq62pCeawUz/543","https://ipfs.io/ipfs/QmWNWmgdMtxpyofvTSVRFjzTugo71Q6WDy3Wq62pCeawUz/543","D:\github\ron-english-light-cult-0001-1000\data\generated\light-cult-image-match-powershell-only\run-20260514-150810\reference-images\Light-Cult-Crypto-Club-00543.png","46071b39311b1a13","https://opensea.io/assets/ethereum/0xbe85fbd182af91290be7293438ae67549638189f/543","[{""trait_type"":""Background"",""value"":""Light Blue""},{""trait_type"":""Face"",""value"":""Goldfish Bowl""},{""trait_type"":""Body"",""value"":""LightBulb M-16""}]"
"544","00544","","","ipfs://QmXpXg2KDaqtFwFutCx11Lib4BJ86RPkUpkxCJJCDSc5SL/544","https://ipfs.io/ipfs/QmXpXg2KDaqtFwFutCx11Lib4BJ86RPkUpkxCJJCDSc5SL/544","ipfs://QmWNWmgdMtxpyofvTSVRFjzTugo71Q6WDy3Wq62pCeawUz/544","https://ipfs.io/ipfs/QmWNWmgdMtxpyofvTSVRFjzTugo71Q6WDy3Wq62pCeawUz/544","D:\github\ron-english-light-cult-0001-1000\data\generated\light-cult-image-match-powershell-only\run-20260514-150810\reference-images\Light-Cult-Crypto-Club-00544.png","0e0f0f0f13130707","https://opensea.io/assets/ethereum/0xbe85fbd182af91290be7293438ae67549638189f/544","[{""trait_type"":""Status"",""value"":""Rare""},{""trait_type"":""Collection"",""value"":""The Simpsons""},{""trait_type"":""Variant"",""value"":""TS - V12""}]"
"546","00546","","","ipfs://QmXpXg2KDaqtFwFutCx11Lib4BJ86RPkUpkxCJJCDSc5SL/546","https://ipfs.io/ipfs/QmXpXg2KDaqtFwFutCx11Lib4BJ86RPkUpkxCJJCDSc5SL/546","ipfs://QmWNWmgdMtxpyofvTSVRFjzTugo71Q6WDy3Wq62pCeawUz/546","https://ipfs.io/ipfs/QmWNWmgdMtxpyofvTSVRFjzTugo71Q6WDy3Wq62pCeawUz/546","D:\github\ron-english-light-cult-0001-1000\data\generated\light-cult-image-match-powershell-only\run-20260514-150810\reference-images\Light-Cult-Crypto-Club-00546.png","060f1b0707253113","https://opensea.io/assets/ethereum/0xbe85fbd182af91290be7293438ae67549638189f/546","[{""trait_type"":""Background"",""value"":""Mandala 14""},{""trait_type"":""Face"",""value"":""Smiley Face (Pink)""},{""trait_type"":""Accessory"",""value"":""Winged Sunglasses""},{""trait_type"":""Hat"",""value"":""Pink Military""},{""trait_type"":""Body"",""value"":""Star Skull Body - Black""}]"
"547","00547","","","ipfs://QmXpXg2KDaqtFwFutCx11Lib4BJ86RPkUpkxCJJCDSc5SL/547","https://ipfs.io/ipfs/QmXpXg2KDaqtFwFutCx11Lib4BJ86RPkUpkxCJJCDSc5SL/547","ipfs://QmWNWmgdMtxpyofvTSVRFjzTugo71Q6WDy3Wq62pCeawUz/547","https://ipfs.io/ipfs/QmWNWmgdMtxpyofvTSVRFjzTugo71Q6WDy3Wq62pCeawUz/547","D:\github\ron-english-light-cult-0001-1000\data\generated\light-cult-image-match-powershell-only\run-20260514-150810\reference-images\Light-Cult-Crypto-Club-00547.png","00050d19090b1b17","https://opensea.io/assets/ethereum/0xbe85fbd182af91290be7293438ae67549638189f/547","[{""trait_type"":""Background"",""value"":""Mandala 8""},{""trait_type"":""Face"",""value"":""Basic (Red)""},{""trait_type"":""Hat"",""value"":""Beanie Grey""},{""trait_type"":""Body"",""value"":""Tanktop Bulb""}]"
"550","00550","","","ipfs://QmXpXg2KDaqtFwFutCx11Lib4BJ86RPkUpkxCJJCDSc5SL/550","https://ipfs.io/ipfs/QmXpXg2KDaqtFwFutCx11Lib4BJ86RPkUpkxCJJCDSc5SL/550","ipfs://QmWNWmgdMtxpyofvTSVRFjzTugo71Q6WDy3Wq62pCeawUz/550","https://ipfs.io/ipfs/QmWNWmgdMtxpyofvTSVRFjzTugo71Q6WDy3Wq62pCeawUz/550","D:\github\ron-english-light-cult-0001-1000\data\generated\light-cult-image-match-powershell-only\run-20260514-150810\reference-images\Light-Cult-Crypto-Club-00550.png","465e383939193868","https://opensea.io/assets/ethereum/0xbe85fbd182af91290be7293438ae67549638189f/550","[{""trait_type"":""Background"",""value"":""Yellow""},{""trait_type"":""Face"",""value"":""Bomb""},{""trait_type"":""Body"",""value"":""Sweater Scarf""}]"
"552","00552","","","ipfs://QmXpXg2KDaqtFwFutCx11Lib4BJ86RPkUpkxCJJCDSc5SL/552","https://ipfs.io/ipfs/QmXpXg2KDaqtFwFutCx11Lib4BJ86RPkUpkxCJJCDSc5SL/552","ipfs://QmWNWmgdMtxpyofvTSVRFjzTugo71Q6WDy3Wq62pCeawUz/552","https://ipfs.io/ipfs/QmWNWmgdMtxpyofvTSVRFjzTugo71Q6WDy3Wq62pCeawUz/552","D:\github\ron-english-light-cult-0001-1000\data\generated\light-cult-image-match-powershell-only\run-20260514-150810\reference-images\Light-Cult-Crypto-Club-00552.png","171b393130391307","https://opensea.io/assets/ethereum/0xbe85fbd182af91290be7293438ae67549638189f/552","[{""trait_type"":""Background"",""value"":""Rainbow""},{""trait_type"":""Face"",""value"":""Smiley Face (Red)""},{""trait_type"":""Hat"",""value"":""Helmet - Yellow""}]"
"554","00554","","","ipfs://QmXpXg2KDaqtFwFutCx11Lib4BJ86RPkUpkxCJJCDSc5SL/554","https://ipfs.io/ipfs/QmXpXg2KDaqtFwFutCx11Lib4BJ86RPkUpkxCJJCDSc5SL/554","ipfs://QmWNWmgdMtxpyofvTSVRFjzTugo71Q6WDy3Wq62pCeawUz/554","https://gateway.pinata.cloud/ipfs/QmWNWmgdMtxpyofvTSVRFjzTugo71Q6WDy3Wq62pCeawUz/554","D:\github\ron-english-light-cult-0001-1000\data\generated\light-cult-image-match-powershell-only\run-20260514-150810\reference-images\Light-Cult-Crypto-Club-00554.png","46566e2e3630706c","https://opensea.io/assets/ethereum/0xbe85fbd182af91290be7293438ae67549638189f/554","[{""trait_type"":""Background"",""value"":""Yellow""},{""trait_type"":""Face"",""value"":""Quack Bowl""},{""trait_type"":""Hat"",""value"":""Beanie Grey""},{""trait_type"":""Body"",""value"":""Tanktop Bulb""}]"
"555","00555","","","ipfs://QmXpXg2KDaqtFwFutCx11Lib4BJ86RPkUpkxCJJCDSc5SL/555","https://ipfs.io/ipfs/QmXpXg2KDaqtFwFutCx11Lib4BJ86RPkUpkxCJJCDSc5SL/555","ipfs://QmWNWmgdMtxpyofvTSVRFjzTugo71Q6WDy3Wq62pCeawUz/555","https://ipfs.io/ipfs/QmWNWmgdMtxpyofvTSVRFjzTugo71Q6WDy3Wq62pCeawUz/555","D:\github\ron-english-light-cult-0001-1000\data\generated\light-cult-image-match-powershell-only\run-20260514-150810\reference-images\Light-Cult-Crypto-Club-00555.png","0e0f0f13130f0707","https://opensea.io/assets/ethereum/0xbe85fbd182af91290be7293438ae67549638189f/555","[{""trait_type"":""Background"",""value"":""Mandala 20""},{""trait_type"":""Face"",""value"":""Ship n Bowl""},{""trait_type"":""Body"",""value"":""Light Bulb Rib""}]"
"556","00556","","","ipfs://QmXpXg2KDaqtFwFutCx11Lib4BJ86RPkUpkxCJJCDSc5SL/556","https://ipfs.io/ipfs/QmXpXg2KDaqtFwFutCx11Lib4BJ86RPkUpkxCJJCDSc5SL/556","ipfs://QmWNWmgdMtxpyofvTSVRFjzTugo71Q6WDy3Wq62pCeawUz/556","https://ipfs.io/ipfs/QmWNWmgdMtxpyofvTSVRFjzTugo71Q6WDy3Wq62pCeawUz/556","D:\github\ron-english-light-cult-0001-1000\data\generated\light-cult-image-match-powershell-only\run-20260514-150810\reference-images\Light-Cult-Crypto-Club-00556.png","5a5a303939327270","https://opensea.io/assets/ethereum/0xbe85fbd182af91290be7293438ae67549638189f/556","[{""trait_type"":""Background"",""value"":""Yellow""},{""trait_type"":""Face"",""value"":""Basic (Light Blue)""},{""trait_type"":""Accessory"",""value"":""Goggles""},{""trait_type"":""Hat"",""value"":""Carosoul Crown""},{""trait_type"":""Body"",""value"":""LightBulb Guitar""}]"
"557","00557","","","ipfs://QmXpXg2KDaqtFwFutCx11Lib4BJ86RPkUpkxCJJCDSc5SL/557","https://ipfs.io/ipfs/QmXpXg2KDaqtFwFutCx11Lib4BJ86RPkUpkxCJJCDSc5SL/557","ipfs://QmWNWmgdMtxpyofvTSVRFjzTugo71Q6WDy3Wq62pCeawUz/557","https://ipfs.io/ipfs/QmWNWmgdMtxpyofvTSVRFjzTugo71Q6WDy3Wq62pCeawUz/557","D:\github\ron-english-light-cult-0001-1000\data\generated\light-cult-image-match-powershell-only\run-20260514-150810\reference-images\Light-Cult-Crypto-Club-00557.png","5a787064705a5246","https://opensea.io/assets/ethereum/0xbe85fbd182af91290be7293438ae67549638189f/557","[{""trait_type"":""Background"",""value"":""Pink""},{""trait_type"":""Face"",""value"":""Smiley Face (Pink)""},{""trait_type"":""Accessory"",""value"":""Winged Sunglasses""},{""trait_type"":""Hat"",""value"":""Cowboy Hat""}]"
"558","00558","","","ipfs://QmXpXg2KDaqtFwFutCx11Lib4BJ86RPkUpkxCJJCDSc5SL/558","https://ipfs.io/ipfs/QmXpXg2KDaqtFwFutCx11Lib4BJ86RPkUpkxCJJCDSc5SL/558","ipfs://QmWNWmgdMtxpyofvTSVRFjzTugo71Q6WDy3Wq62pCeawUz/558","https://ipfs.io/ipfs/QmWNWmgdMtxpyofvTSVRFjzTugo71Q6WDy3Wq62pCeawUz/558","D:\github\ron-english-light-cult-0001-1000\data\generated\light-cult-image-match-powershell-only\run-20260514-150810\reference-images\Light-Cult-Crypto-Club-00558.png","0407070746040317","https://opensea.io/assets/ethereum/0xbe85fbd182af91290be7293438ae67549638189f/558","[{""trait_type"":""Background"",""value"":""Mandala 7""},{""trait_type"":""Face"",""value"":""StarSkull Pink Face""},{""trait_type"":""Accessory"",""value"":""Water Spout""},{""trait_type"":""Hat"",""value"":""Lightbulb Crown""},{""trait_type"":""Body"",""value"":""LightBulb Guitar""}]"
"559","00559","","","ipfs://QmXpXg2KDaqtFwFutCx11Lib4BJ86RPkUpkxCJJCDSc5SL/559","https://ipfs.io/ipfs/QmXpXg2KDaqtFwFutCx11Lib4BJ86RPkUpkxCJJCDSc5SL/559","ipfs://QmWNWmgdMtxpyofvTSVRFjzTugo71Q6WDy3Wq62pCeawUz/559","https://ipfs.io/ipfs/QmWNWmgdMtxpyofvTSVRFjzTugo71Q6WDy3Wq62pCeawUz/559","D:\github\ron-english-light-cult-0001-1000\data\generated\light-cult-image-match-powershell-only\run-20260514-150810\reference-images\Light-Cult-Crypto-Club-00559.png","460e3839391b3139","https://opensea.io/assets/ethereum/0xbe85fbd182af91290be7293438ae67549638189f/559","[{""trait_type"":""Background"",""value"":""Light Blue""},{""trait_type"":""Face"",""value"":""Bomb""},{""trait_type"":""Body"",""value"":""Overalls Brown""}]"
"561","00561","","","ipfs://QmXpXg2KDaqtFwFutCx11Lib4BJ86RPkUpkxCJJCDSc5SL/561","https://ipfs.io/ipfs/QmXpXg2KDaqtFwFutCx11Lib4BJ86RPkUpkxCJJCDSc5SL/561","ipfs://QmWNWmgdMtxpyofvTSVRFjzTugo71Q6WDy3Wq62pCeawUz/561","https://ipfs.io/ipfs/QmWNWmgdMtxpyofvTSVRFjzTugo71Q6WDy3Wq62pCeawUz/561","D:\github\ron-english-light-cult-0001-1000\data\generated\light-cult-image-match-powershell-only\run-20260514-150810\reference-images\Light-Cult-Crypto-Club-00561.png","0b030d191b0b070f","https://opensea.io/assets/ethereum/0xbe85fbd182af91290be7293438ae67549638189f/561","[{""trait_type"":""Background"",""value"":""Mandala 3""},{""trait_type"":""Face"",""value"":""Bomb""},{""trait_type"":""Body"",""value"":""Sweater Scarf""}]"
"562","00562","","","ipfs://QmXpXg2KDaqtFwFutCx11Lib4BJ86RPkUpkxCJJCDSc5SL/562","https://ipfs.io/ipfs/QmXpXg2KDaqtFwFutCx11Lib4BJ86RPkUpkxCJJCDSc5SL/562","ipfs://QmWNWmgdMtxpyofvTSVRFjzTugo71Q6WDy3Wq62pCeawUz/562","https://ipfs.io/ipfs/QmWNWmgdMtxpyofvTSVRFjzTugo71Q6WDy3Wq62pCeawUz/562","D:\github\ron-english-light-cult-0001-1000\data\generated\light-cult-image-match-powershell-only\run-20260514-150810\reference-images\Light-Cult-Crypto-Club-00562.png","06070f0707250f0f","https://opensea.io/assets/ethereum/0xbe85fbd182af91290be7293438ae67549638189f/562","[{""trait_type"":""Background"",""value"":""Mandala 22""},{""trait_type"":""Face"",""value"":""Smiley Face (Pink)""},{""trait_type"":""Accessory"",""value"":""Winged Sunglasses""},{""trait_type"":""Hat"",""value"":""Beanie Red""},{""trait_type"":""Body"",""value"":""Overalls Brown""}]"
"563","00563","","","ipfs://QmXpXg2KDaqtFwFutCx11Lib4BJ86RPkUpkxCJJCDSc5SL/563","https://ipfs.io/ipfs/QmXpXg2KDaqtFwFutCx11Lib4BJ86RPkUpkxCJJCDSc5SL/563","ipfs://QmWNWmgdMtxpyofvTSVRFjzTugo71Q6WDy3Wq62pCeawUz/563","https://ipfs.io/ipfs/QmWNWmgdMtxpyofvTSVRFjzTugo71Q6WDy3Wq62pCeawUz/563","D:\github\ron-english-light-cult-0001-1000\data\generated\light-cult-image-match-powershell-only\run-20260514-150810\reference-images\Light-Cult-Crypto-Club-00563.png","0e0f073113130f07","https://opensea.io/assets/ethereum/0xbe85fbd182af91290be7293438ae67549638189f/563","[{""trait_type"":""Background"",""value"":""Mandala 14""},{""trait_type"":""Face"",""value"":""Basic (Red)""},{""trait_type"":""Body"",""value"":""Mc Body""}]"
"564","00564","","","ipfs://QmXpXg2KDaqtFwFutCx11Lib4BJ86RPkUpkxCJJCDSc5SL/564","https://ipfs.io/ipfs/QmXpXg2KDaqtFwFutCx11Lib4BJ86RPkUpkxCJJCDSc5SL/564","ipfs://QmWNWmgdMtxpyofvTSVRFjzTugo71Q6WDy3Wq62pCeawUz/564","https://ipfs.io/ipfs/QmWNWmgdMtxpyofvTSVRFjzTugo71Q6WDy3Wq62pCeawUz/564","D:\github\ron-english-light-cult-0001-1000\data\generated\light-cult-image-match-powershell-only\run-20260514-150810\reference-images\Light-Cult-Crypto-Club-00564.png","040d0913090b1b17","https://opensea.io/assets/ethereum/0xbe85fbd182af91290be7293438ae67549638189f/564","[{""trait_type"":""Background"",""value"":""Mandala 3""},{""trait_type"":""Face"",""value"":""StarSkull Red Face""},{""trait_type"":""Accessory"",""value"":""Winged Sunglasses""},{""trait_type"":""Hat"",""value"":""Helmet - Yellow""},{""trait_type"":""Body"",""value"":""Tanktop Bulb""}]"
"566","00566","","","ipfs://QmXpXg2KDaqtFwFutCx11Lib4BJ86RPkUpkxCJJCDSc5SL/566","https://ipfs.io/ipfs/QmXpXg2KDaqtFwFutCx11Lib4BJ86RPkUpkxCJJCDSc5SL/566","ipfs://QmWNWmgdMtxpyofvTSVRFjzTugo71Q6WDy3Wq62pCeawUz/566","https://ipfs.io/ipfs/QmWNWmgdMtxpyofvTSVRFjzTugo71Q6WDy3Wq62pCeawUz/566","D:\github\ron-english-light-cult-0001-1000\data\generated\light-cult-image-match-powershell-only\run-20260514-150810\reference-images\Light-Cult-Crypto-Club-00566.png","040731071b1b0513","https://opensea.io/assets/ethereum/0xbe85fbd182af91290be7293438ae67549638189f/566","[{""trait_type"":""Background"",""value"":""Mandala 11""},{""trait_type"":""Face"",""value"":""Basic (Red)""},{""trait_type"":""Accessory"",""value"":""Groucho Glasses""},{""trait_type"":""Hat"",""value"":""Fez - Machete""}]"
"567","00567","","","ipfs://QmXpXg2KDaqtFwFutCx11Lib4BJ86RPkUpkxCJJCDSc5SL/567","https://ipfs.io/ipfs/QmXpXg2KDaqtFwFutCx11Lib4BJ86RPkUpkxCJJCDSc5SL/567","ipfs://QmWNWmgdMtxpyofvTSVRFjzTugo71Q6WDy3Wq62pCeawUz/567","https://ipfs.io/ipfs/QmWNWmgdMtxpyofvTSVRFjzTugo71Q6WDy3Wq62pCeawUz/567","D:\github\ron-english-light-cult-0001-1000\data\generated\light-cult-image-match-powershell-only\run-20260514-150810\reference-images\Light-Cult-Crypto-Club-00567.png","4607073133123930","https://opensea.io/assets/ethereum/0xbe85fbd182af91290be7293438ae67549638189f/567","[{""trait_type"":""Background"",""value"":""Light Blue""},{""trait_type"":""Face"",""value"":""Smiley Face (Pink)""},{""trait_type"":""Body"",""value"":""Tanktop""}]"
"568","00568","","","ipfs://QmXpXg2KDaqtFwFutCx11Lib4BJ86RPkUpkxCJJCDSc5SL/568","https://ipfs.io/ipfs/QmXpXg2KDaqtFwFutCx11Lib4BJ86RPkUpkxCJJCDSc5SL/568","ipfs://QmWNWmgdMtxpyofvTSVRFjzTugo71Q6WDy3Wq62pCeawUz/568","https://ipfs.io/ipfs/QmWNWmgdMtxpyofvTSVRFjzTugo71Q6WDy3Wq62pCeawUz/568","D:\github\ron-english-light-cult-0001-1000\data\generated\light-cult-image-match-powershell-only\run-20260514-150810\reference-images\Light-Cult-Crypto-Club-00568.png","46073131311b3a31","https://opensea.io/assets/ethereum/0xbe85fbd182af91290be7293438ae67549638189f/568","[{""trait_type"":""Background"",""value"":""Light Blue""},{""trait_type"":""Face"",""value"":""Smiley Face (Light Blue)""},{""trait_type"":""Body"",""value"":""M-16""}]"
"570","00570","","","ipfs://QmXpXg2KDaqtFwFutCx11Lib4BJ86RPkUpkxCJJCDSc5SL/570","https://ipfs.io/ipfs/QmXpXg2KDaqtFwFutCx11Lib4BJ86RPkUpkxCJJCDSc5SL/570","ipfs://QmWNWmgdMtxpyofvTSVRFjzTugo71Q6WDy3Wq62pCeawUz/570","https://ipfs.io/ipfs/QmWNWmgdMtxpyofvTSVRFjzTugo71Q6WDy3Wq62pCeawUz/570","D:\github\ron-english-light-cult-0001-1000\data\generated\light-cult-image-match-powershell-only\run-20260514-150810\reference-images\Light-Cult-Crypto-Club-00570.png","0404060e060e0c00","https://opensea.io/assets/ethereum/0xbe85fbd182af91290be7293438ae67549638189f/570","[{""trait_type"":""Background"",""value"":""Black""},{""trait_type"":""Face"",""value"":""Ice Cream Face""},{""trait_type"":""Hat"",""value"":""Fez - StarSkull""}]"
"571","00571","","","ipfs://QmXpXg2KDaqtFwFutCx11Lib4BJ86RPkUpkxCJJCDSc5SL/571","https://ipfs.io/ipfs/QmXpXg2KDaqtFwFutCx11Lib4BJ86RPkUpkxCJJCDSc5SL/571","ipfs://QmWNWmgdMtxpyofvTSVRFjzTugo71Q6WDy3Wq62pCeawUz/571","https://ipfs.io/ipfs/QmWNWmgdMtxpyofvTSVRFjzTugo71Q6WDy3Wq62pCeawUz/571","D:\github\ron-english-light-cult-0001-1000\data\generated\light-cult-image-match-powershell-only\run-20260514-150810\reference-images\Light-Cult-Crypto-Club-00571.png","071737746430310f","https://opensea.io/assets/ethereum/0xbe85fbd182af91290be7293438ae67549638189f/571","[{""trait_type"":""Background"",""value"":""Rainbow""},{""trait_type"":""Face"",""value"":""Smiley Face (Yellow)""},{""trait_type"":""Accessory"",""value"":""Goblin Ears""},{""trait_type"":""Hat"",""value"":""Beanie Grey""},{""trait_type"":""Body"",""value"":""Tanktop Bulb""}]"
"572","00572","","","ipfs://QmXpXg2KDaqtFwFutCx11Lib4BJ86RPkUpkxCJJCDSc5SL/572","https://ipfs.io/ipfs/QmXpXg2KDaqtFwFutCx11Lib4BJ86RPkUpkxCJJCDSc5SL/572","ipfs://QmWNWmgdMtxpyofvTSVRFjzTugo71Q6WDy3Wq62pCeawUz/572","https://ipfs.io/ipfs/QmWNWmgdMtxpyofvTSVRFjzTugo71Q6WDy3Wq62pCeawUz/572","D:\github\ron-english-light-cult-0001-1000\data\generated\light-cult-image-match-powershell-only\run-20260514-150810\reference-images\Light-Cult-Crypto-Club-00572.png","07073931385ac664","https://opensea.io/assets/ethereum/0xbe85fbd182af91290be7293438ae67549638189f/572","[{""trait_type"":""Background"",""value"":""Rainbow""},{""trait_type"":""Face"",""value"":""Loch Ness Bowl""},{""trait_type"":""Body"",""value"":""Star Skull Body - Red""}]"
"573","00573","","","ipfs://QmXpXg2KDaqtFwFutCx11Lib4BJ86RPkUpkxCJJCDSc5SL/573","https://ipfs.io/ipfs/QmXpXg2KDaqtFwFutCx11Lib4BJ86RPkUpkxCJJCDSc5SL/573","ipfs://QmWNWmgdMtxpyofvTSVRFjzTugo71Q6WDy3Wq62pCeawUz/573","https://ipfs.io/ipfs/QmWNWmgdMtxpyofvTSVRFjzTugo71Q6WDy3Wq62pCeawUz/573","D:\github\ron-english-light-cult-0001-1000\data\generated\light-cult-image-match-powershell-only\run-20260514-150810\reference-images\Light-Cult-Crypto-Club-00573.png","06070f07070f070f","https://opensea.io/assets/ethereum/0xbe85fbd182af91290be7293438ae67549638189f/573","[{""trait_type"":""Background"",""value"":""Mandala 10""},{""trait_type"":""Face"",""value"":""Basic (Yellow)""},{""trait_type"":""Accessory"",""value"":""Groucho Glasses""},{""trait_type"":""Hat"",""value"":""Fez - Heart Cage""}]"
"575","00575","","","ipfs://QmXpXg2KDaqtFwFutCx11Lib4BJ86RPkUpkxCJJCDSc5SL/575","https://ipfs.io/ipfs/QmXpXg2KDaqtFwFutCx11Lib4BJ86RPkUpkxCJJCDSc5SL/575","ipfs://QmWNWmgdMtxpyofvTSVRFjzTugo71Q6WDy3Wq62pCeawUz/575","https://ipfs.io/ipfs/QmWNWmgdMtxpyofvTSVRFjzTugo71Q6WDy3Wq62pCeawUz/575","D:\github\ron-english-light-cult-0001-1000\data\generated\light-cult-image-match-powershell-only\run-20260514-150810\reference-images\Light-Cult-Crypto-Club-00575.png","131339387830390f","https://opensea.io/assets/ethereum/0xbe85fbd182af91290be7293438ae67549638189f/575","[{""trait_type"":""Background"",""value"":""Rainbow""},{""trait_type"":""Face"",""value"":""Pink Fish Bowl""},{""trait_type"":""Hat"",""value"":""Helmet - Yellow""},{""trait_type"":""Body"",""value"":""Tanktop Bulb""}]"
"576","00576","","","ipfs://QmXpXg2KDaqtFwFutCx11Lib4BJ86RPkUpkxCJJCDSc5SL/576","https://ipfs.io/ipfs/QmXpXg2KDaqtFwFutCx11Lib4BJ86RPkUpkxCJJCDSc5SL/576","ipfs://QmWNWmgdMtxpyofvTSVRFjzTugo71Q6WDy3Wq62pCeawUz/576","https://ipfs.io/ipfs/QmWNWmgdMtxpyofvTSVRFjzTugo71Q6WDy3Wq62pCeawUz/576","D:\github\ron-english-light-cult-0001-1000\data\generated\light-cult-image-match-powershell-only\run-20260514-150810\reference-images\Light-Cult-Crypto-Club-00576.png","0406060606070f1f","https://opensea.io/assets/ethereum/0xbe85fbd182af91290be7293438ae67549638189f/576","[{""trait_type"":""Background"",""value"":""Black""},{""trait_type"":""Face"",""value"":""Smiley Face (Red)""},{""trait_type"":""Hat"",""value"":""Fez - StarSkull""},{""trait_type"":""Body"",""value"":""Brown Guitar""}]"
"577","00577","","","ipfs://QmXpXg2KDaqtFwFutCx11Lib4BJ86RPkUpkxCJJCDSc5SL/577","https://ipfs.io/ipfs/QmXpXg2KDaqtFwFutCx11Lib4BJ86RPkUpkxCJJCDSc5SL/577","ipfs://QmWNWmgdMtxpyofvTSVRFjzTugo71Q6WDy3Wq62pCeawUz/577","https://ipfs.io/ipfs/QmWNWmgdMtxpyofvTSVRFjzTugo71Q6WDy3Wq62pCeawUz/577","D:\github\ron-english-light-cult-0001-1000\data\generated\light-cult-image-match-powershell-only\run-20260514-150810\reference-images\Light-Cult-Crypto-Club-00577.png","060f07070f0f0f0f","https://opensea.io/assets/ethereum/0xbe85fbd182af91290be7293438ae67549638189f/577","[{""trait_type"":""Background"",""value"":""Mandala 15""},{""trait_type"":""Face"",""value"":""Stegasourous Photo""},{""trait_type"":""Hat"",""value"":""Pink Military""}]"
"579","00579","","","ipfs://QmXpXg2KDaqtFwFutCx11Lib4BJ86RPkUpkxCJJCDSc5SL/579","https://ipfs.io/ipfs/QmXpXg2KDaqtFwFutCx11Lib4BJ86RPkUpkxCJJCDSc5SL/579","ipfs://QmWNWmgdMtxpyofvTSVRFjzTugo71Q6WDy3Wq62pCeawUz/579","https://ipfs.io/ipfs/QmWNWmgdMtxpyofvTSVRFjzTugo71Q6WDy3Wq62pCeawUz/579","D:\github\ron-english-light-cult-0001-1000\data\generated\light-cult-image-match-powershell-only\run-20260514-150810\reference-images\Light-Cult-Crypto-Club-00579.png","07070f0f07078f66","https://opensea.io/assets/ethereum/0xbe85fbd182af91290be7293438ae67549638189f/579","[{""trait_type"":""Status"",""value"":""Rare""},{""trait_type"":""Collection"",""value"":""Incubator Bulb""},{""trait_type"":""Variant"",""value"":""IB - V5""}]"
"582","00582","","","ipfs://QmXpXg2KDaqtFwFutCx11Lib4BJ86RPkUpkxCJJCDSc5SL/582","https://ipfs.io/ipfs/QmXpXg2KDaqtFwFutCx11Lib4BJ86RPkUpkxCJJCDSc5SL/582","ipfs://QmWNWmgdMtxpyofvTSVRFjzTugo71Q6WDy3Wq62pCeawUz/582","https://ipfs.io/ipfs/QmWNWmgdMtxpyofvTSVRFjzTugo71Q6WDy3Wq62pCeawUz/582","D:\github\ron-english-light-cult-0001-1000\data\generated\light-cult-image-match-powershell-only\run-20260514-150810\reference-images\Light-Cult-Crypto-Club-00582.png","171b393130313139","https://opensea.io/assets/ethereum/0xbe85fbd182af91290be7293438ae67549638189f/582","[{""trait_type"":""Background"",""value"":""Rainbow""},{""trait_type"":""Face"",""value"":""Basic (Red)""},{""trait_type"":""Hat"",""value"":""Helmet - Yellow""},{""trait_type"":""Body"",""value"":""Overalls Brown""}]"
"584","00584","","","ipfs://QmXpXg2KDaqtFwFutCx11Lib4BJ86RPkUpkxCJJCDSc5SL/584","https://ipfs.io/ipfs/QmXpXg2KDaqtFwFutCx11Lib4BJ86RPkUpkxCJJCDSc5SL/584","ipfs://QmWNWmgdMtxpyofvTSVRFjzTugo71Q6WDy3Wq62pCeawUz/584","https://ipfs.io/ipfs/QmWNWmgdMtxpyofvTSVRFjzTugo71Q6WDy3Wq62pCeawUz/584","D:\github\ron-english-light-cult-0001-1000\data\generated\light-cult-image-match-powershell-only\run-20260514-150810\reference-images\Light-Cult-Crypto-Club-00584.png","5a1b311919131307","https://opensea.io/assets/ethereum/0xbe85fbd182af91290be7293438ae67549638189f/584","[{""trait_type"":""Background"",""value"":""Light Blue""},{""trait_type"":""Face"",""value"":""Basic (Pink)""},{""trait_type"":""Accessory"",""value"":""Goggles""},{""trait_type"":""Hat"",""value"":""Cowboy Hat""}]"
"585","00585","","","ipfs://QmXpXg2KDaqtFwFutCx11Lib4BJ86RPkUpkxCJJCDSc5SL/585","https://ipfs.io/ipfs/QmXpXg2KDaqtFwFutCx11Lib4BJ86RPkUpkxCJJCDSc5SL/585","ipfs://QmWNWmgdMtxpyofvTSVRFjzTugo71Q6WDy3Wq62pCeawUz/585","https://ipfs.io/ipfs/QmWNWmgdMtxpyofvTSVRFjzTugo71Q6WDy3Wq62pCeawUz/585","D:\github\ron-english-light-cult-0001-1000\data\generated\light-cult-image-match-powershell-only\run-20260514-150810\reference-images\Light-Cult-Crypto-Club-00585.png","0e0f0731070f0f07","https://opensea.io/assets/ethereum/0xbe85fbd182af91290be7293438ae67549638189f/585","[{""trait_type"":""Background"",""value"":""Mandala 23""},{""trait_type"":""Face"",""value"":""Slash Hat (Rabbbit)""}]"
"586","00586","","","ipfs://QmXpXg2KDaqtFwFutCx11Lib4BJ86RPkUpkxCJJCDSc5SL/586","https://ipfs.io/ipfs/QmXpXg2KDaqtFwFutCx11Lib4BJ86RPkUpkxCJJCDSc5SL/586","ipfs://QmWNWmgdMtxpyofvTSVRFjzTugo71Q6WDy3Wq62pCeawUz/586","https://ipfs.io/ipfs/QmWNWmgdMtxpyofvTSVRFjzTugo71Q6WDy3Wq62pCeawUz/586","D:\github\ron-english-light-cult-0001-1000\data\generated\light-cult-image-match-powershell-only\run-20260514-150810\reference-images\Light-Cult-Crypto-Club-00586.png","05054d070d0f1b17","https://opensea.io/assets/ethereum/0xbe85fbd182af91290be7293438ae67549638189f/586","[{""trait_type"":""Background"",""value"":""Black""},{""trait_type"":""Face"",""value"":""Smiley Face (Pink)""},{""trait_type"":""Accessory"",""value"":""Dragon Wings""},{""trait_type"":""Hat"",""value"":""Fez - Machete""},{""trait_type"":""Body"",""value"":""Tanktop Mermaid""}]"
"587","00587","","","ipfs://QmXpXg2KDaqtFwFutCx11Lib4BJ86RPkUpkxCJJCDSc5SL/587","https://ipfs.io/ipfs/QmXpXg2KDaqtFwFutCx11Lib4BJ86RPkUpkxCJJCDSc5SL/587","ipfs://QmWNWmgdMtxpyofvTSVRFjzTugo71Q6WDy3Wq62pCeawUz/587","https://ipfs.io/ipfs/QmWNWmgdMtxpyofvTSVRFjzTugo71Q6WDy3Wq62pCeawUz/587","D:\github\ron-english-light-cult-0001-1000\data\generated\light-cult-image-match-powershell-only\run-20260514-150810\reference-images\Light-Cult-Crypto-Club-00587.png","4613252d311b3a31","https://opensea.io/assets/ethereum/0xbe85fbd182af91290be7293438ae67549638189f/587","[{""trait_type"":""Background"",""value"":""Light Blue""},{""trait_type"":""Face"",""value"":""Ugly Ed""},{""trait_type"":""Hat"",""value"":""Beanie Grey""},{""trait_type"":""Body"",""value"":""M-16""}]"
"589","00589","","","ipfs://QmXpXg2KDaqtFwFutCx11Lib4BJ86RPkUpkxCJJCDSc5SL/589","https://ipfs.io/ipfs/QmXpXg2KDaqtFwFutCx11Lib4BJ86RPkUpkxCJJCDSc5SL/589","ipfs://QmWNWmgdMtxpyofvTSVRFjzTugo71Q6WDy3Wq62pCeawUz/589","https://ipfs.io/ipfs/QmWNWmgdMtxpyofvTSVRFjzTugo71Q6WDy3Wq62pCeawUz/589","D:\github\ron-english-light-cult-0001-1000\data\generated\light-cult-image-match-powershell-only\run-20260514-150810\reference-images\Light-Cult-Crypto-Club-00589.png","0e0f070b03130f07","https://opensea.io/assets/ethereum/0xbe85fbd182af91290be7293438ae67549638189f/589","[{""trait_type"":""Background"",""value"":""Mandala 5""},{""trait_type"":""Face"",""value"":""Brain""}]"
"590","00590","","","ipfs://QmXpXg2KDaqtFwFutCx11Lib4BJ86RPkUpkxCJJCDSc5SL/590","https://ipfs.io/ipfs/QmXpXg2KDaqtFwFutCx11Lib4BJ86RPkUpkxCJJCDSc5SL/590","ipfs://QmWNWmgdMtxpyofvTSVRFjzTugo71Q6WDy3Wq62pCeawUz/590","https://ipfs.io/ipfs/QmWNWmgdMtxpyofvTSVRFjzTugo71Q6WDy3Wq62pCeawUz/590","D:\github\ron-english-light-cult-0001-1000\data\generated\light-cult-image-match-powershell-only\run-20260514-150810\reference-images\Light-Cult-Crypto-Club-00590.png","4e1b193164243435","https://opensea.io/assets/ethereum/0xbe85fbd182af91290be7293438ae67549638189f/590","[{""trait_type"":""Status"",""value"":""Rare""},{""trait_type"":""Collection"",""value"":""Fat Tony""},{""trait_type"":""Variant"",""value"":""FT - V5""}]"
"591","00591","","","ipfs://QmXpXg2KDaqtFwFutCx11Lib4BJ86RPkUpkxCJJCDSc5SL/591","https://ipfs.io/ipfs/QmXpXg2KDaqtFwFutCx11Lib4BJ86RPkUpkxCJJCDSc5SL/591","ipfs://QmWNWmgdMtxpyofvTSVRFjzTugo71Q6WDy3Wq62pCeawUz/591","https://ipfs.io/ipfs/QmWNWmgdMtxpyofvTSVRFjzTugo71Q6WDy3Wq62pCeawUz/591","D:\github\ron-english-light-cult-0001-1000\data\generated\light-cult-image-match-powershell-only\run-20260514-150810\reference-images\Light-Cult-Crypto-Club-00591.png","707839252d1b5246","https://opensea.io/assets/ethereum/0xbe85fbd182af91290be7293438ae67549638189f/591","[{""trait_type"":""Background"",""value"":""Yellow""},{""trait_type"":""Face"",""value"":""White Mask""},{""trait_type"":""Hat"",""value"":""Pink Military""}]"
"592","00592","","","ipfs://QmXpXg2KDaqtFwFutCx11Lib4BJ86RPkUpkxCJJCDSc5SL/592","https://ipfs.io/ipfs/QmXpXg2KDaqtFwFutCx11Lib4BJ86RPkUpkxCJJCDSc5SL/592","ipfs://QmWNWmgdMtxpyofvTSVRFjzTugo71Q6WDy3Wq62pCeawUz/592","https://ipfs.io/ipfs/QmWNWmgdMtxpyofvTSVRFjzTugo71Q6WDy3Wq62pCeawUz/592","D:\github\ron-english-light-cult-0001-1000\data\generated\light-cult-image-match-powershell-only\run-20260514-150810\reference-images\Light-Cult-Crypto-Club-00592.png","04072d311307072d","https://opensea.io/assets/ethereum/0xbe85fbd182af91290be7293438ae67549638189f/592","[{""trait_type"":""Background"",""value"":""Mandala 16""},{""trait_type"":""Face"",""value"":""Basic (Red)""},{""trait_type"":""Accessory"",""value"":""Goblin Ears""},{""trait_type"":""Body"",""value"":""Star Skull Body - Light Blue""}]"
"593","00593","","","ipfs://QmXpXg2KDaqtFwFutCx11Lib4BJ86RPkUpkxCJJCDSc5SL/593","https://ipfs.io/ipfs/QmXpXg2KDaqtFwFutCx11Lib4BJ86RPkUpkxCJJCDSc5SL/593","ipfs://QmWNWmgdMtxpyofvTSVRFjzTugo71Q6WDy3Wq62pCeawUz/593","https://ipfs.io/ipfs/QmWNWmgdMtxpyofvTSVRFjzTugo71Q6WDy3Wq62pCeawUz/593","D:\github\ron-english-light-cult-0001-1000\data\generated\light-cult-image-match-powershell-only\run-20260514-150810\reference-images\Light-Cult-Crypto-Club-00593.png","0f0731386438310f","https://opensea.io/assets/ethereum/0xbe85fbd182af91290be7293438ae67549638189f/593","[{""trait_type"":""Background"",""value"":""Rainbow""},{""trait_type"":""Face"",""value"":""Ice Cream Face""},{""trait_type"":""Body"",""value"":""Tanktop Bulb""}]"
"594","00594","","","ipfs://QmXpXg2KDaqtFwFutCx11Lib4BJ86RPkUpkxCJJCDSc5SL/594","https://ipfs.io/ipfs/QmXpXg2KDaqtFwFutCx11Lib4BJ86RPkUpkxCJJCDSc5SL/594","ipfs://QmWNWmgdMtxpyofvTSVRFjzTugo71Q6WDy3Wq62pCeawUz/594","https://ipfs.io/ipfs/QmWNWmgdMtxpyofvTSVRFjzTugo71Q6WDy3Wq62pCeawUz/594","D:\github\ron-english-light-cult-0001-1000\data\generated\light-cult-image-match-powershell-only\run-20260514-150810\reference-images\Light-Cult-Crypto-Club-00594.png","060f1b13131b252f","https://opensea.io/assets/ethereum/0xbe85fbd182af91290be7293438ae67549638189f/594","[{""trait_type"":""Background"",""value"":""Mandala 5""},{""trait_type"":""Face"",""value"":""Basic (Red)""},{""trait_type"":""Accessory"",""value"":""Winged Sunglasses""},{""trait_type"":""Hat"",""value"":""Scrap ARD""},{""trait_type"":""Body"",""value"":""Star Skull Body - Yellow""}]"
"595","00595","","","ipfs://QmXpXg2KDaqtFwFutCx11Lib4BJ86RPkUpkxCJJCDSc5SL/595","https://ipfs.io/ipfs/QmXpXg2KDaqtFwFutCx11Lib4BJ86RPkUpkxCJJCDSc5SL/595","ipfs://QmWNWmgdMtxpyofvTSVRFjzTugo71Q6WDy3Wq62pCeawUz/595","https://ipfs.io/ipfs/QmWNWmgdMtxpyofvTSVRFjzTugo71Q6WDy3Wq62pCeawUz/595","D:\github\ron-english-light-cult-0001-1000\data\generated\light-cult-image-match-powershell-only\run-20260514-150810\reference-images\Light-Cult-Crypto-Club-00595.png","4646787831527844","https://opensea.io/assets/ethereum/0xbe85fbd182af91290be7293438ae67549638189f/595","[{""trait_type"":""Background"",""value"":""Pink""},{""trait_type"":""Face"",""value"":""Goldfish Bowl""},{""trait_type"":""Body"",""value"":""Snake Cage""}]"
"596","00596","","","ipfs://QmXpXg2KDaqtFwFutCx11Lib4BJ86RPkUpkxCJJCDSc5SL/596","https://ipfs.io/ipfs/QmXpXg2KDaqtFwFutCx11Lib4BJ86RPkUpkxCJJCDSc5SL/596","ipfs://QmWNWmgdMtxpyofvTSVRFjzTugo71Q6WDy3Wq62pCeawUz/596","https://ipfs.io/ipfs/QmWNWmgdMtxpyofvTSVRFjzTugo71Q6WDy3Wq62pCeawUz/596","D:\github\ron-english-light-cult-0001-1000\data\generated\light-cult-image-match-powershell-only\run-20260514-150810\reference-images\Light-Cult-Crypto-Club-00596.png","090319191b0b070f","https://opensea.io/assets/ethereum/0xbe85fbd182af91290be7293438ae67549638189f/596","[{""trait_type"":""Background"",""value"":""Mandala 7""},{""trait_type"":""Face"",""value"":""Bomb""},{""trait_type"":""Body"",""value"":""Red Guitar""}]"
"597","00597","","","ipfs://QmXpXg2KDaqtFwFutCx11Lib4BJ86RPkUpkxCJJCDSc5SL/597","https://ipfs.io/ipfs/QmXpXg2KDaqtFwFutCx11Lib4BJ86RPkUpkxCJJCDSc5SL/597","ipfs://QmWNWmgdMtxpyofvTSVRFjzTugo71Q6WDy3Wq62pCeawUz/597","https://ipfs.io/ipfs/QmWNWmgdMtxpyofvTSVRFjzTugo71Q6WDy3Wq62pCeawUz/597","D:\github\ron-english-light-cult-0001-1000\data\generated\light-cult-image-match-powershell-only\run-20260514-150810\reference-images\Light-Cult-Crypto-Club-00597.png","020109090d0b1b17","https://opensea.io/assets/ethereum/0xbe85fbd182af91290be7293438ae67549638189f/597","[{""trait_type"":""Background"",""value"":""Black""},{""trait_type"":""Face"",""value"":""Whale Bowl""},{""trait_type"":""Body"",""value"":""Tanktop Eye""}]"
"598","00598","","","ipfs://QmXpXg2KDaqtFwFutCx11Lib4BJ86RPkUpkxCJJCDSc5SL/598","https://ipfs.io/ipfs/QmXpXg2KDaqtFwFutCx11Lib4BJ86RPkUpkxCJJCDSc5SL/598","ipfs://QmWNWmgdMtxpyofvTSVRFjzTugo71Q6WDy3Wq62pCeawUz/598","https://ipfs.io/ipfs/QmWNWmgdMtxpyofvTSVRFjzTugo71Q6WDy3Wq62pCeawUz/598","D:\github\ron-english-light-cult-0001-1000\data\generated\light-cult-image-match-powershell-only\run-20260514-150810\reference-images\Light-Cult-Crypto-Club-00598.png","4607313131131307","https://opensea.io/assets/ethereum/0xbe85fbd182af91290be7293438ae67549638189f/598","[{""trait_type"":""Background"",""value"":""Red""},{""trait_type"":""Face"",""value"":""Basic (Red)""},{""trait_type"":""Accessory"",""value"":""Goblin Ears""}]"
"599","00599","","","ipfs://QmXpXg2KDaqtFwFutCx11Lib4BJ86RPkUpkxCJJCDSc5SL/599","https://ipfs.io/ipfs/QmXpXg2KDaqtFwFutCx11Lib4BJ86RPkUpkxCJJCDSc5SL/599","ipfs://QmWNWmgdMtxpyofvTSVRFjzTugo71Q6WDy3Wq62pCeawUz/599","https://ipfs.io/ipfs/QmWNWmgdMtxpyofvTSVRFjzTugo71Q6WDy3Wq62pCeawUz/599","D:\github\ron-english-light-cult-0001-1000\data\generated\light-cult-image-match-powershell-only\run-20260514-150810\reference-images\Light-Cult-Crypto-Club-00599.png","5a7270303030706c","https://opensea.io/assets/ethereum/0xbe85fbd182af91290be7293438ae67549638189f/599","[{""trait_type"":""Background"",""value"":""Pink""},{""trait_type"":""Face"",""value"":""Smiley Face (Light Blue)""},{""trait_type"":""Hat"",""value"":""Sombrero""},{""trait_type"":""Body"",""value"":""Tanktop Bulb""}]"
"600","00600","","","ipfs://QmXpXg2KDaqtFwFutCx11Lib4BJ86RPkUpkxCJJCDSc5SL/600","https://ipfs.io/ipfs/QmXpXg2KDaqtFwFutCx11Lib4BJ86RPkUpkxCJJCDSc5SL/600","ipfs://QmWNWmgdMtxpyofvTSVRFjzTugo71Q6WDy3Wq62pCeawUz/600","https://ipfs.io/ipfs/QmWNWmgdMtxpyofvTSVRFjzTugo71Q6WDy3Wq62pCeawUz/600","D:\github\ron-english-light-cult-0001-1000\data\generated\light-cult-image-match-powershell-only\run-20260514-150810\reference-images\Light-Cult-Crypto-Club-00600.png","46131919131b3b33","https://opensea.io/assets/ethereum/0xbe85fbd182af91290be7293438ae67549638189f/600","[{""trait_type"":""Background"",""value"":""Red""},{""trait_type"":""Face"",""value"":""Goldfish Bowl""},{""trait_type"":""Hat"",""value"":""Beanie Red""},{""trait_type"":""Body"",""value"":""M-16""}]"
"603","00603","","","ipfs://QmXpXg2KDaqtFwFutCx11Lib4BJ86RPkUpkxCJJCDSc5SL/603","https://ipfs.io/ipfs/QmXpXg2KDaqtFwFutCx11Lib4BJ86RPkUpkxCJJCDSc5SL/603","ipfs://QmWNWmgdMtxpyofvTSVRFjzTugo71Q6WDy3Wq62pCeawUz/603","https://ipfs.io/ipfs/QmWNWmgdMtxpyofvTSVRFjzTugo71Q6WDy3Wq62pCeawUz/603","D:\github\ron-english-light-cult-0001-1000\data\generated\light-cult-image-match-powershell-only\run-20260514-150810\reference-images\Light-Cult-Crypto-Club-00603.png","5a5a3131391a7e78","https://opensea.io/assets/ethereum/0xbe85fbd182af91290be7293438ae67549638189f/603","[{""trait_type"":""Background"",""value"":""Yellow""},{""trait_type"":""Face"",""value"":""Stegasourous Photo""},{""trait_type"":""Hat"",""value"":""Fez - Machete""},{""trait_type"":""Body"",""value"":""Red Guitar""}]"
"606","00606","","","ipfs://QmXpXg2KDaqtFwFutCx11Lib4BJ86RPkUpkxCJJCDSc5SL/606","https://ipfs.io/ipfs/QmXpXg2KDaqtFwFutCx11Lib4BJ86RPkUpkxCJJCDSc5SL/606","ipfs://QmWNWmgdMtxpyofvTSVRFjzTugo71Q6WDy3Wq62pCeawUz/606","https://ipfs.io/ipfs/QmWNWmgdMtxpyofvTSVRFjzTugo71Q6WDy3Wq62pCeawUz/606","D:\github\ron-english-light-cult-0001-1000\data\generated\light-cult-image-match-powershell-only\run-20260514-150810\reference-images\Light-Cult-Crypto-Club-00606.png","000406060e063b27","https://opensea.io/assets/ethereum/0xbe85fbd182af91290be7293438ae67549638189f/606","[{""trait_type"":""Background"",""value"":""Black""},{""trait_type"":""Face"",""value"":""Cracked Smile""},{""trait_type"":""Body"",""value"":""M-16""}]"
"607","00607","","","ipfs://QmXpXg2KDaqtFwFutCx11Lib4BJ86RPkUpkxCJJCDSc5SL/607","https://ipfs.io/ipfs/QmXpXg2KDaqtFwFutCx11Lib4BJ86RPkUpkxCJJCDSc5SL/607","ipfs://QmWNWmgdMtxpyofvTSVRFjzTugo71Q6WDy3Wq62pCeawUz/607","https://ipfs.io/ipfs/QmWNWmgdMtxpyofvTSVRFjzTugo71Q6WDy3Wq62pCeawUz/607","D:\github\ron-english-light-cult-0001-1000\data\generated\light-cult-image-match-powershell-only\run-20260514-150810\reference-images\Light-Cult-Crypto-Club-00607.png","461b3931391b1a13","https://opensea.io/assets/ethereum/0xbe85fbd182af91290be7293438ae67549638189f/607","[{""trait_type"":""Background"",""value"":""Light Blue""},{""trait_type"":""Face"",""value"":""Smiley Face (Red)""},{""trait_type"":""Accessory"",""value"":""Human Ears""},{""trait_type"":""Hat"",""value"":""Helmet - Purple""},{""trait_type"":""Body"",""value"":""LightBulb M-16""}]"
"608","00608","","","ipfs://QmXpXg2KDaqtFwFutCx11Lib4BJ86RPkUpkxCJJCDSc5SL/608","https://ipfs.io/ipfs/QmXpXg2KDaqtFwFutCx11Lib4BJ86RPkUpkxCJJCDSc5SL/608","ipfs://QmWNWmgdMtxpyofvTSVRFjzTugo71Q6WDy3Wq62pCeawUz/608","https://ipfs.io/ipfs/QmWNWmgdMtxpyofvTSVRFjzTugo71Q6WDy3Wq62pCeawUz/608","D:\github\ron-english-light-cult-0001-1000\data\generated\light-cult-image-match-powershell-only\run-20260514-150810\reference-images\Light-Cult-Crypto-Club-00608.png","461319191b1b1339","https://opensea.io/assets/ethereum/0xbe85fbd182af91290be7293438ae67549638189f/608","[{""trait_type"":""Background"",""value"":""Red""},{""trait_type"":""Face"",""value"":""Octopus Bowl""},{""trait_type"":""Hat"",""value"":""Beanie Red""},{""trait_type"":""Body"",""value"":""Overalls Brown""}]"
"610","00610","","","ipfs://QmXpXg2KDaqtFwFutCx11Lib4BJ86RPkUpkxCJJCDSc5SL/610","https://ipfs.io/ipfs/QmXpXg2KDaqtFwFutCx11Lib4BJ86RPkUpkxCJJCDSc5SL/610","ipfs://QmWNWmgdMtxpyofvTSVRFjzTugo71Q6WDy3Wq62pCeawUz/610","https://ipfs.io/ipfs/QmWNWmgdMtxpyofvTSVRFjzTugo71Q6WDy3Wq62pCeawUz/610","D:\github\ron-english-light-cult-0001-1000\data\generated\light-cult-image-match-powershell-only\run-20260514-150810\reference-images\Light-Cult-Crypto-Club-00610.png","07094b074f0b1b17","https://opensea.io/assets/ethereum/0xbe85fbd182af91290be7293438ae67549638189f/610","[{""trait_type"":""Background"",""value"":""Mandala 19""},{""trait_type"":""Face"",""value"":""Smiley Face (Yellow)""},{""trait_type"":""Hat"",""value"":""Police - Skull""},{""trait_type"":""Body"",""value"":""Tanktop Sand""}]"
"611","00611","","","ipfs://QmXpXg2KDaqtFwFutCx11Lib4BJ86RPkUpkxCJJCDSc5SL/611","https://ipfs.io/ipfs/QmXpXg2KDaqtFwFutCx11Lib4BJ86RPkUpkxCJJCDSc5SL/611","ipfs://QmWNWmgdMtxpyofvTSVRFjzTugo71Q6WDy3Wq62pCeawUz/611","https://ipfs.io/ipfs/QmWNWmgdMtxpyofvTSVRFjzTugo71Q6WDy3Wq62pCeawUz/611","D:\github\ron-english-light-cult-0001-1000\data\generated\light-cult-image-match-powershell-only\run-20260514-150810\reference-images\Light-Cult-Crypto-Club-00611.png","461b392d31131307","https://opensea.io/assets/ethereum/0xbe85fbd182af91290be7293438ae67549638189f/611","[{""trait_type"":""Background"",""value"":""Light Blue""},{""trait_type"":""Face"",""value"":""Ugly Ed""},{""trait_type"":""Hat"",""value"":""Helmet - Purple""}]"
"612","00612","","","ipfs://QmXpXg2KDaqtFwFutCx11Lib4BJ86RPkUpkxCJJCDSc5SL/612","https://ipfs.io/ipfs/QmXpXg2KDaqtFwFutCx11Lib4BJ86RPkUpkxCJJCDSc5SL/612","ipfs://QmWNWmgdMtxpyofvTSVRFjzTugo71Q6WDy3Wq62pCeawUz/612","https://ipfs.io/ipfs/QmWNWmgdMtxpyofvTSVRFjzTugo71Q6WDy3Wq62pCeawUz/612","D:\github\ron-english-light-cult-0001-1000\data\generated\light-cult-image-match-powershell-only\run-20260514-150810\reference-images\Light-Cult-Crypto-Club-00612.png","0e0f0f07070b1b13","https://opensea.io/assets/ethereum/0xbe85fbd182af91290be7293438ae67549638189f/612","[{""trait_type"":""Background"",""value"":""Mandala 7""},{""trait_type"":""Face"",""value"":""Smiley Face (Light Blue)""},{""trait_type"":""Accessory"",""value"":""Dragon Wings""},{""trait_type"":""Hat"",""value"":""Helmet - Yellow""},{""trait_type"":""Body"",""value"":""Tanktop""}]"
"613","00613","","","ipfs://QmXpXg2KDaqtFwFutCx11Lib4BJ86RPkUpkxCJJCDSc5SL/613","https://ipfs.io/ipfs/QmXpXg2KDaqtFwFutCx11Lib4BJ86RPkUpkxCJJCDSc5SL/613","ipfs://QmWNWmgdMtxpyofvTSVRFjzTugo71Q6WDy3Wq62pCeawUz/613","https://ipfs.io/ipfs/QmWNWmgdMtxpyofvTSVRFjzTugo71Q6WDy3Wq62pCeawUz/613","D:\github\ron-english-light-cult-0001-1000\data\generated\light-cult-image-match-powershell-only\run-20260514-150810\reference-images\Light-Cult-Crypto-Club-00613.png","06060717060c0c00","https://opensea.io/assets/ethereum/0xbe85fbd182af91290be7293438ae67549638189f/613","[{""trait_type"":""Background"",""value"":""Black""},{""trait_type"":""Face"",""value"":""Smiley Face (Light Blue)""},{""trait_type"":""Accessory"",""value"":""Winged Sunglasses""},{""trait_type"":""Hat"",""value"":""Nurse Hat""}]"
"614","00614","","","ipfs://QmXpXg2KDaqtFwFutCx11Lib4BJ86RPkUpkxCJJCDSc5SL/614","https://ipfs.io/ipfs/QmXpXg2KDaqtFwFutCx11Lib4BJ86RPkUpkxCJJCDSc5SL/614","ipfs://QmWNWmgdMtxpyofvTSVRFjzTugo71Q6WDy3Wq62pCeawUz/614","https://ipfs.io/ipfs/QmWNWmgdMtxpyofvTSVRFjzTugo71Q6WDy3Wq62pCeawUz/614","D:\github\ron-english-light-cult-0001-1000\data\generated\light-cult-image-match-powershell-only\run-20260514-150810\reference-images\Light-Cult-Crypto-Club-00614.png","06090d39090b1b17","https://opensea.io/assets/ethereum/0xbe85fbd182af91290be7293438ae67549638189f/614","[{""trait_type"":""Background"",""value"":""Mandala 2""},{""trait_type"":""Face"",""value"":""Slash Hat (Rabbbit)""},{""trait_type"":""Body"",""value"":""Tanktop Eye""}]"
"615","00615","","","ipfs://QmXpXg2KDaqtFwFutCx11Lib4BJ86RPkUpkxCJJCDSc5SL/615","https://ipfs.io/ipfs/QmXpXg2KDaqtFwFutCx11Lib4BJ86RPkUpkxCJJCDSc5SL/615","ipfs://QmWNWmgdMtxpyofvTSVRFjzTugo71Q6WDy3Wq62pCeawUz/615","https://ipfs.io/ipfs/QmWNWmgdMtxpyofvTSVRFjzTugo71Q6WDy3Wq62pCeawUz/615","D:\github\ron-english-light-cult-0001-1000\data\generated\light-cult-image-match-powershell-only\run-20260514-150810\reference-images\Light-Cult-Crypto-Club-00615.png","c60666f4c670706c","https://opensea.io/assets/ethereum/0xbe85fbd182af91290be7293438ae67549638189f/615","[{""trait_type"":""Background"",""value"":""Pink""},{""trait_type"":""Face"",""value"":""Basic (Yellow)""},{""trait_type"":""Accessory"",""value"":""Butterfly Wings""},{""trait_type"":""Hat"",""value"":""Nurse Hat""},{""trait_type"":""Body"",""value"":""Tanktop Bulb""}]"
"616","00616","","","ipfs://QmXpXg2KDaqtFwFutCx11Lib4BJ86RPkUpkxCJJCDSc5SL/616","https://ipfs.io/ipfs/QmXpXg2KDaqtFwFutCx11Lib4BJ86RPkUpkxCJJCDSc5SL/616","ipfs://QmWNWmgdMtxpyofvTSVRFjzTugo71Q6WDy3Wq62pCeawUz/616","https://ipfs.io/ipfs/QmWNWmgdMtxpyofvTSVRFjzTugo71Q6WDy3Wq62pCeawUz/616","D:\github\ron-english-light-cult-0001-1000\data\generated\light-cult-image-match-powershell-only\run-20260514-150810\reference-images\Light-Cult-Crypto-Club-00616.png","06090d170d0f1b17","https://opensea.io/assets/ethereum/0xbe85fbd182af91290be7293438ae67549638189f/616","[{""trait_type"":""Background"",""value"":""Mandala 3""},{""trait_type"":""Face"",""value"":""StarSkull Pink Face""},{""trait_type"":""Accessory"",""value"":""Ear Earrings""},{""trait_type"":""Body"",""value"":""Tanktop Eye""}]"
"617","00617","","","ipfs://QmXpXg2KDaqtFwFutCx11Lib4BJ86RPkUpkxCJJCDSc5SL/617","https://ipfs.io/ipfs/QmXpXg2KDaqtFwFutCx11Lib4BJ86RPkUpkxCJJCDSc5SL/617","ipfs://QmWNWmgdMtxpyofvTSVRFjzTugo71Q6WDy3Wq62pCeawUz/617","https://ipfs.io/ipfs/QmWNWmgdMtxpyofvTSVRFjzTugo71Q6WDy3Wq62pCeawUz/617","D:\github\ron-english-light-cult-0001-1000\data\generated\light-cult-image-match-powershell-only\run-20260514-150810\reference-images\Light-Cult-Crypto-Club-00617.png","0e0f070707070f07","https://opensea.io/assets/ethereum/0xbe85fbd182af91290be7293438ae67549638189f/617","[{""trait_type"":""Background"",""value"":""Mandala 4""},{""trait_type"":""Face"",""value"":""Smiley Face (Yellow)""}]"
"618","00618","","","ipfs://QmXpXg2KDaqtFwFutCx11Lib4BJ86RPkUpkxCJJCDSc5SL/618","https://ipfs.io/ipfs/QmXpXg2KDaqtFwFutCx11Lib4BJ86RPkUpkxCJJCDSc5SL/618","ipfs://QmWNWmgdMtxpyofvTSVRFjzTugo71Q6WDy3Wq62pCeawUz/618","https://ipfs.io/ipfs/QmWNWmgdMtxpyofvTSVRFjzTugo71Q6WDy3Wq62pCeawUz/618","D:\github\ron-english-light-cult-0001-1000\data\generated\light-cult-image-match-powershell-only\run-20260514-150810\reference-images\Light-Cult-Crypto-Club-00618.png","5a5a39f0787a7270","https://opensea.io/assets/ethereum/0xbe85fbd182af91290be7293438ae67549638189f/618","[{""trait_type"":""Background"",""value"":""Pink""},{""trait_type"":""Face"",""value"":""Brain""},{""trait_type"":""Accessory"",""value"":""Fairy Wings""},{""trait_type"":""Hat"",""value"":""Fez - Machete""},{""trait_type"":""Body"",""value"":""LightBulb Guitar""}]"
"619","00619","","","ipfs://QmXpXg2KDaqtFwFutCx11Lib4BJ86RPkUpkxCJJCDSc5SL/619","https://ipfs.io/ipfs/QmXpXg2KDaqtFwFutCx11Lib4BJ86RPkUpkxCJJCDSc5SL/619","ipfs://QmWNWmgdMtxpyofvTSVRFjzTugo71Q6WDy3Wq62pCeawUz/619","https://ipfs.io/ipfs/QmWNWmgdMtxpyofvTSVRFjzTugo71Q6WDy3Wq62pCeawUz/619","D:\github\ron-english-light-cult-0001-1000\data\generated\light-cult-image-match-powershell-only\run-20260514-150810\reference-images\Light-Cult-Crypto-Club-00619.png","040f0f07070e1b17","https://opensea.io/assets/ethereum/0xbe85fbd182af91290be7293438ae67549638189f/619","[{""trait_type"":""Background"",""value"":""Mandala 3""},{""trait_type"":""Face"",""value"":""Basic (Yellow)""},{""trait_type"":""Hat"",""value"":""Helmet - Purple""},{""trait_type"":""Body"",""value"":""LightBulb M-16""}]"
"620","00620","","","ipfs://QmXpXg2KDaqtFwFutCx11Lib4BJ86RPkUpkxCJJCDSc5SL/620","https://ipfs.io/ipfs/QmXpXg2KDaqtFwFutCx11Lib4BJ86RPkUpkxCJJCDSc5SL/620","ipfs://QmWNWmgdMtxpyofvTSVRFjzTugo71Q6WDy3Wq62pCeawUz/620","https://ipfs.io/ipfs/QmWNWmgdMtxpyofvTSVRFjzTugo71Q6WDy3Wq62pCeawUz/620","D:\github\ron-english-light-cult-0001-1000\data\generated\light-cult-image-match-powershell-only\run-20260514-150810\reference-images\Light-Cult-Crypto-Club-00620.png","5278707878127044","https://opensea.io/assets/ethereum/0xbe85fbd182af91290be7293438ae67549638189f/620","[{""trait_type"":""Background"",""value"":""Pink""},{""trait_type"":""Face"",""value"":""Smiley Face (Light Blue)""},{""trait_type"":""Accessory"",""value"":""Goggles""},{""trait_type"":""Hat"",""value"":""Helmet - Yellow""},{""trait_type"":""Body"",""value"":""Snake Cage""}]"
"621","00621","","","ipfs://QmXpXg2KDaqtFwFutCx11Lib4BJ86RPkUpkxCJJCDSc5SL/621","https://ipfs.io/ipfs/QmXpXg2KDaqtFwFutCx11Lib4BJ86RPkUpkxCJJCDSc5SL/621","ipfs://QmWNWmgdMtxpyofvTSVRFjzTugo71Q6WDy3Wq62pCeawUz/621","https://ipfs.io/ipfs/QmWNWmgdMtxpyofvTSVRFjzTugo71Q6WDy3Wq62pCeawUz/621","D:\github\ron-english-light-cult-0001-1000\data\generated\light-cult-image-match-powershell-only\run-20260514-150810\reference-images\Light-Cult-Crypto-Club-00621.png","0404060e0e040627","https://opensea.io/assets/ethereum/0xbe85fbd182af91290be7293438ae67549638189f/621","[{""trait_type"":""Background"",""value"":""Black""},{""trait_type"":""Face"",""value"":""StarSkull Red Face""},{""trait_type"":""Accessory"",""value"":""Goggles""},{""trait_type"":""Hat"",""value"":""Fez - Machete""},{""trait_type"":""Body"",""value"":""Snake Cage""}]"
"622","00622","","","ipfs://QmXpXg2KDaqtFwFutCx11Lib4BJ86RPkUpkxCJJCDSc5SL/622","https://ipfs.io/ipfs/QmXpXg2KDaqtFwFutCx11Lib4BJ86RPkUpkxCJJCDSc5SL/622","ipfs://QmWNWmgdMtxpyofvTSVRFjzTugo71Q6WDy3Wq62pCeawUz/622","https://ipfs.io/ipfs/QmWNWmgdMtxpyofvTSVRFjzTugo71Q6WDy3Wq62pCeawUz/622","D:\github\ron-english-light-cult-0001-1000\data\generated\light-cult-image-match-powershell-only\run-20260514-150810\reference-images\Light-Cult-Crypto-Club-00622.png","5a1b393131131307","https://opensea.io/assets/ethereum/0xbe85fbd182af91290be7293438ae67549638189f/622","[{""trait_type"":""Background"",""value"":""Light Blue""},{""trait_type"":""Face"",""value"":""Smiley Face (Light Blue)""},{""trait_type"":""Hat"",""value"":""Fez - Brain Bulb""}]"
"626","00626","","","ipfs://QmXpXg2KDaqtFwFutCx11Lib4BJ86RPkUpkxCJJCDSc5SL/626","https://ipfs.io/ipfs/QmXpXg2KDaqtFwFutCx11Lib4BJ86RPkUpkxCJJCDSc5SL/626","ipfs://QmWNWmgdMtxpyofvTSVRFjzTugo71Q6WDy3Wq62pCeawUz/626","https://ipfs.io/ipfs/QmWNWmgdMtxpyofvTSVRFjzTugo71Q6WDy3Wq62pCeawUz/626","D:\github\ron-english-light-cult-0001-1000\data\generated\light-cult-image-match-powershell-only\run-20260514-150810\reference-images\Light-Cult-Crypto-Club-00626.png","06070f0f070f0f0b","https://opensea.io/assets/ethereum/0xbe85fbd182af91290be7293438ae67549638189f/626","[{""trait_type"":""Background"",""value"":""Mandala 13""},{""trait_type"":""Face"",""value"":""Ugly Ed""},{""trait_type"":""Hat"",""value"":""Fez - Brain Bulb""},{""trait_type"":""Body"",""value"":""Overalls Red""}]"
"627","00627","","","ipfs://QmXpXg2KDaqtFwFutCx11Lib4BJ86RPkUpkxCJJCDSc5SL/627","https://ipfs.io/ipfs/QmXpXg2KDaqtFwFutCx11Lib4BJ86RPkUpkxCJJCDSc5SL/627","ipfs://QmWNWmgdMtxpyofvTSVRFjzTugo71Q6WDy3Wq62pCeawUz/627","https://ipfs.io/ipfs/QmWNWmgdMtxpyofvTSVRFjzTugo71Q6WDy3Wq62pCeawUz/627","D:\github\ron-english-light-cult-0001-1000\data\generated\light-cult-image-match-powershell-only\run-20260514-150810\reference-images\Light-Cult-Crypto-Club-00627.png","46131335071b1b13","https://opensea.io/assets/ethereum/0xbe85fbd182af91290be7293438ae67549638189f/627","[{""trait_type"":""Background"",""value"":""Red""},{""trait_type"":""Face"",""value"":""Basic (Yellow)""},{""trait_type"":""Hat"",""value"":""Scrap ARD""},{""trait_type"":""Body"",""value"":""LightBulb M-16""}]"
"628","00628","","","ipfs://QmXpXg2KDaqtFwFutCx11Lib4BJ86RPkUpkxCJJCDSc5SL/628","https://ipfs.io/ipfs/QmXpXg2KDaqtFwFutCx11Lib4BJ86RPkUpkxCJJCDSc5SL/628","ipfs://QmWNWmgdMtxpyofvTSVRFjzTugo71Q6WDy3Wq62pCeawUz/628","https://ipfs.io/ipfs/QmWNWmgdMtxpyofvTSVRFjzTugo71Q6WDy3Wq62pCeawUz/628","D:\github\ron-english-light-cult-0001-1000\data\generated\light-cult-image-match-powershell-only\run-20260514-150810\reference-images\Light-Cult-Crypto-Club-00628.png","071b353a6c303131","https://opensea.io/assets/ethereum/0xbe85fbd182af91290be7293438ae67549638189f/628","[{""trait_type"":""Background"",""value"":""Rainbow""},{""trait_type"":""Face"",""value"":""Basic (Yellow)""},{""trait_type"":""Accessory"",""value"":""Goggles""},{""trait_type"":""Hat"",""value"":""Carosoul Crown""},{""trait_type"":""Body"",""value"":""Tanktop Eye""}]"
"631","00631","","","ipfs://QmXpXg2KDaqtFwFutCx11Lib4BJ86RPkUpkxCJJCDSc5SL/631","https://ipfs.io/ipfs/QmXpXg2KDaqtFwFutCx11Lib4BJ86RPkUpkxCJJCDSc5SL/631","ipfs://QmWNWmgdMtxpyofvTSVRFjzTugo71Q6WDy3Wq62pCeawUz/631","https://ipfs.io/ipfs/QmWNWmgdMtxpyofvTSVRFjzTugo71Q6WDy3Wq62pCeawUz/631","D:\github\ron-english-light-cult-0001-1000\data\generated\light-cult-image-match-powershell-only\run-20260514-150810\reference-images\Light-Cult-Crypto-Club-00631.png","0007070f17070f0f","https://opensea.io/assets/ethereum/0xbe85fbd182af91290be7293438ae67549638189f/631","[{""trait_type"":""Background"",""value"":""Mandala 8""},{""trait_type"":""Face"",""value"":""Puppy""},{""trait_type"":""Body"",""value"":""Mc Body""}]"
"632","00632","","","ipfs://QmXpXg2KDaqtFwFutCx11Lib4BJ86RPkUpkxCJJCDSc5SL/632","https://ipfs.io/ipfs/QmXpXg2KDaqtFwFutCx11Lib4BJ86RPkUpkxCJJCDSc5SL/632","ipfs://QmWNWmgdMtxpyofvTSVRFjzTugo71Q6WDy3Wq62pCeawUz/632","https://ipfs.io/ipfs/QmWNWmgdMtxpyofvTSVRFjzTugo71Q6WDy3Wq62pCeawUz/632","D:\github\ron-english-light-cult-0001-1000\data\generated\light-cult-image-match-powershell-only\run-20260514-150810\reference-images\Light-Cult-Crypto-Club-00632.png","5a5a783039525246","https://opensea.io/assets/ethereum/0xbe85fbd182af91290be7293438ae67549638189f/632","[{""trait_type"":""Background"",""value"":""Pink""},{""trait_type"":""Face"",""value"":""Loch Ness Bowl""},{""trait_type"":""Hat"",""value"":""Fez - Heart Lady""}]"
"633","00633","","","ipfs://QmXpXg2KDaqtFwFutCx11Lib4BJ86RPkUpkxCJJCDSc5SL/633","https://ipfs.io/ipfs/QmXpXg2KDaqtFwFutCx11Lib4BJ86RPkUpkxCJJCDSc5SL/633","ipfs://QmWNWmgdMtxpyofvTSVRFjzTugo71Q6WDy3Wq62pCeawUz/633","https://ipfs.io/ipfs/QmWNWmgdMtxpyofvTSVRFjzTugo71Q6WDy3Wq62pCeawUz/633","D:\github\ron-english-light-cult-0001-1000\data\generated\light-cult-image-match-powershell-only\run-20260514-150810\reference-images\Light-Cult-Crypto-Club-00633.png","46523031395a5246","https://opensea.io/assets/ethereum/0xbe85fbd182af91290be7293438ae67549638189f/633","[{""trait_type"":""Background"",""value"":""Pink""},{""trait_type"":""Face"",""value"":""Basic (Red)""},{""trait_type"":""Hat"",""value"":""Beanie Grey""}]"
"634","00634","","","ipfs://QmXpXg2KDaqtFwFutCx11Lib4BJ86RPkUpkxCJJCDSc5SL/634","https://ipfs.io/ipfs/QmXpXg2KDaqtFwFutCx11Lib4BJ86RPkUpkxCJJCDSc5SL/634","ipfs://QmWNWmgdMtxpyofvTSVRFjzTugo71Q6WDy3Wq62pCeawUz/634","https://ipfs.io/ipfs/QmWNWmgdMtxpyofvTSVRFjzTugo71Q6WDy3Wq62pCeawUz/634","D:\github\ron-english-light-cult-0001-1000\data\generated\light-cult-image-match-powershell-only\run-20260514-150810\reference-images\Light-Cult-Crypto-Club-00634.png","0a094d25050b1b17","https://opensea.io/assets/ethereum/0xbe85fbd182af91290be7293438ae67549638189f/634","[{""trait_type"":""Background"",""value"":""Mandala 5""},{""trait_type"":""Face"",""value"":""Smiley Face (Pink)""},{""trait_type"":""Accessory"",""value"":""Fairy Wings""},{""trait_type"":""Body"",""value"":""Tanktop Bulb""}]"
"635","00635","","","ipfs://QmXpXg2KDaqtFwFutCx11Lib4BJ86RPkUpkxCJJCDSc5SL/635","https://ipfs.io/ipfs/QmXpXg2KDaqtFwFutCx11Lib4BJ86RPkUpkxCJJCDSc5SL/635","ipfs://QmWNWmgdMtxpyofvTSVRFjzTugo71Q6WDy3Wq62pCeawUz/635","https://ipfs.io/ipfs/QmWNWmgdMtxpyofvTSVRFjzTugo71Q6WDy3Wq62pCeawUz/635","D:\github\ron-english-light-cult-0001-1000\data\generated\light-cult-image-match-powershell-only\run-20260514-150810\reference-images\Light-Cult-Crypto-Club-00635.png","060f0b07464b1b13","https://opensea.io/assets/ethereum/0xbe85fbd182af91290be7293438ae67549638189f/635","[{""trait_type"":""Background"",""value"":""Mandala 19""},{""trait_type"":""Face"",""value"":""Smiley Face (Pink)""},{""trait_type"":""Accessory"",""value"":""Water Spout""},{""trait_type"":""Hat"",""value"":""Police - Brain""},{""trait_type"":""Body"",""value"":""Tanktop""}]"
"636","00636","","","ipfs://QmXpXg2KDaqtFwFutCx11Lib4BJ86RPkUpkxCJJCDSc5SL/636","https://ipfs.io/ipfs/QmXpXg2KDaqtFwFutCx11Lib4BJ86RPkUpkxCJJCDSc5SL/636","ipfs://QmWNWmgdMtxpyofvTSVRFjzTugo71Q6WDy3Wq62pCeawUz/636","https://ipfs.io/ipfs/QmWNWmgdMtxpyofvTSVRFjzTugo71Q6WDy3Wq62pCeawUz/636","D:\github\ron-english-light-cult-0001-1000\data\generated\light-cult-image-match-powershell-only\run-20260514-150810\reference-images\Light-Cult-Crypto-Club-00636.png","461b1931311b1307","https://opensea.io/assets/ethereum/0xbe85fbd182af91290be7293438ae67549638189f/636","[{""trait_type"":""Background"",""value"":""Red""},{""trait_type"":""Face"",""value"":""Smiley Face (Light Blue)""},{""trait_type"":""Hat"",""value"":""Pink Military""}]"
"639","00639","","","ipfs://QmXpXg2KDaqtFwFutCx11Lib4BJ86RPkUpkxCJJCDSc5SL/639","https://ipfs.io/ipfs/QmXpXg2KDaqtFwFutCx11Lib4BJ86RPkUpkxCJJCDSc5SL/639","ipfs://QmWNWmgdMtxpyofvTSVRFjzTugo71Q6WDy3Wq62pCeawUz/639","https://ipfs.io/ipfs/QmWNWmgdMtxpyofvTSVRFjzTugo71Q6WDy3Wq62pCeawUz/639","D:\github\ron-english-light-cult-0001-1000\data\generated\light-cult-image-match-powershell-only\run-20260514-150810\reference-images\Light-Cult-Crypto-Club-00639.png","52787070395a5246","https://opensea.io/assets/ethereum/0xbe85fbd182af91290be7293438ae67549638189f/639","[{""trait_type"":""Background"",""value"":""Pink""},{""trait_type"":""Face"",""value"":""Whale Bowl""},{""trait_type"":""Hat"",""value"":""Helmet - Purple""}]"
"640","00640","","","ipfs://QmXpXg2KDaqtFwFutCx11Lib4BJ86RPkUpkxCJJCDSc5SL/640","https://ipfs.io/ipfs/QmXpXg2KDaqtFwFutCx11Lib4BJ86RPkUpkxCJJCDSc5SL/640","ipfs://QmWNWmgdMtxpyofvTSVRFjzTugo71Q6WDy3Wq62pCeawUz/640","https://ipfs.io/ipfs/QmWNWmgdMtxpyofvTSVRFjzTugo71Q6WDy3Wq62pCeawUz/640","D:\github\ron-english-light-cult-0001-1000\data\generated\light-cult-image-match-powershell-only\run-20260514-150810\reference-images\Light-Cult-Crypto-Club-00640.png","46463031393a7270","https://opensea.io/assets/ethereum/0xbe85fbd182af91290be7293438ae67549638189f/640","[{""trait_type"":""Background"",""value"":""Yellow""},{""trait_type"":""Face"",""value"":""Basic (Pink)""},{""trait_type"":""Accessory"",""value"":""Groucho Glasses""},{""trait_type"":""Body"",""value"":""LightBulb Guitar""}]"
"641","00641","","","ipfs://QmXpXg2KDaqtFwFutCx11Lib4BJ86RPkUpkxCJJCDSc5SL/641","https://ipfs.io/ipfs/QmXpXg2KDaqtFwFutCx11Lib4BJ86RPkUpkxCJJCDSc5SL/641","ipfs://QmWNWmgdMtxpyofvTSVRFjzTugo71Q6WDy3Wq62pCeawUz/641","https://ipfs.io/ipfs/QmWNWmgdMtxpyofvTSVRFjzTugo71Q6WDy3Wq62pCeawUz/641","D:\github\ron-english-light-cult-0001-1000\data\generated\light-cult-image-match-powershell-only\run-20260514-150810\reference-images\Light-Cult-Crypto-Club-00641.png","0407070707070f07","https://opensea.io/assets/ethereum/0xbe85fbd182af91290be7293438ae67549638189f/641","[{""trait_type"":""Background"",""value"":""Mandala 7""},{""trait_type"":""Face"",""value"":""Basic (Yellow)""},{""trait_type"":""Accessory"",""value"":""Dragon Wings""},{""trait_type"":""Body"",""value"":""Dino Body""}]"
"643","00643","","","ipfs://QmXpXg2KDaqtFwFutCx11Lib4BJ86RPkUpkxCJJCDSc5SL/643","https://ipfs.io/ipfs/QmXpXg2KDaqtFwFutCx11Lib4BJ86RPkUpkxCJJCDSc5SL/643","ipfs://QmWNWmgdMtxpyofvTSVRFjzTugo71Q6WDy3Wq62pCeawUz/643","https://ipfs.io/ipfs/QmWNWmgdMtxpyofvTSVRFjzTugo71Q6WDy3Wq62pCeawUz/643","D:\github\ron-english-light-cult-0001-1000\data\generated\light-cult-image-match-powershell-only\run-20260514-150810\reference-images\Light-Cult-Crypto-Club-00643.png","46071331701b1307","https://opensea.io/assets/ethereum/0xbe85fbd182af91290be7293438ae67549638189f/643","[{""trait_type"":""Background"",""value"":""Red""},{""trait_type"":""Face"",""value"":""StarSkull Light Blue Face""},{""trait_type"":""Accessory"",""value"":""Water Spout""}]"
"644","00644","","","ipfs://QmXpXg2KDaqtFwFutCx11Lib4BJ86RPkUpkxCJJCDSc5SL/644","https://ipfs.io/ipfs/QmXpXg2KDaqtFwFutCx11Lib4BJ86RPkUpkxCJJCDSc5SL/644","ipfs://QmWNWmgdMtxpyofvTSVRFjzTugo71Q6WDy3Wq62pCeawUz/644","https://ipfs.io/ipfs/QmWNWmgdMtxpyofvTSVRFjzTugo71Q6WDy3Wq62pCeawUz/644","D:\github\ron-english-light-cult-0001-1000\data\generated\light-cult-image-match-powershell-only\run-20260514-150810\reference-images\Light-Cult-Crypto-Club-00644.png","444643c329183603","https://opensea.io/assets/ethereum/0xbe85fbd182af91290be7293438ae67549638189f/644","[{""trait_type"":""Status"",""value"":""Rare""},{""trait_type"":""Collection"",""value"":""2-Ton Sam""},{""trait_type"":""Variant"",""value"":""2T - V5""}]"
"646","00646","","","ipfs://QmXpXg2KDaqtFwFutCx11Lib4BJ86RPkUpkxCJJCDSc5SL/646","https://ipfs.io/ipfs/QmXpXg2KDaqtFwFutCx11Lib4BJ86RPkUpkxCJJCDSc5SL/646","ipfs://QmWNWmgdMtxpyofvTSVRFjzTugo71Q6WDy3Wq62pCeawUz/646","https://ipfs.io/ipfs/QmWNWmgdMtxpyofvTSVRFjzTugo71Q6WDy3Wq62pCeawUz/646","D:\github\ron-english-light-cult-0001-1000\data\generated\light-cult-image-match-powershell-only\run-20260514-150810\reference-images\Light-Cult-Crypto-Club-00646.png","4c06363032133930","https://opensea.io/assets/ethereum/0xbe85fbd182af91290be7293438ae67549638189f/646","[{""trait_type"":""Background"",""value"":""Light Blue""},{""trait_type"":""Face"",""value"":""StarSkull Light Blue Face""},{""trait_type"":""Hat"",""value"":""Beanie Grey""},{""trait_type"":""Body"",""value"":""Tanktop Tree""}]"
"648","00648","","","ipfs://QmXpXg2KDaqtFwFutCx11Lib4BJ86RPkUpkxCJJCDSc5SL/648","https://ipfs.io/ipfs/QmXpXg2KDaqtFwFutCx11Lib4BJ86RPkUpkxCJJCDSc5SL/648","ipfs://QmWNWmgdMtxpyofvTSVRFjzTugo71Q6WDy3Wq62pCeawUz/648","https://ipfs.io/ipfs/QmWNWmgdMtxpyofvTSVRFjzTugo71Q6WDy3Wq62pCeawUz/648","D:\github\ron-english-light-cult-0001-1000\data\generated\light-cult-image-match-powershell-only\run-20260514-150810\reference-images\Light-Cult-Crypto-Club-00648.png","0407130707070707","https://opensea.io/assets/ethereum/0xbe85fbd182af91290be7293438ae67549638189f/648","[{""trait_type"":""Status"",""value"":""Rare""},{""trait_type"":""Collection"",""value"":""SloeMoe""},{""trait_type"":""Variant"",""value"":""SM - V1""}]"
"649","00649","","","ipfs://QmXpXg2KDaqtFwFutCx11Lib4BJ86RPkUpkxCJJCDSc5SL/649","https://ipfs.io/ipfs/QmXpXg2KDaqtFwFutCx11Lib4BJ86RPkUpkxCJJCDSc5SL/649","ipfs://QmWNWmgdMtxpyofvTSVRFjzTugo71Q6WDy3Wq62pCeawUz/649","https://ipfs.io/ipfs/QmWNWmgdMtxpyofvTSVRFjzTugo71Q6WDy3Wq62pCeawUz/649","D:\github\ron-english-light-cult-0001-1000\data\generated\light-cult-image-match-powershell-only\run-20260514-150810\reference-images\Light-Cult-Crypto-Club-00649.png","060f0f0707070f07","https://opensea.io/assets/ethereum/0xbe85fbd182af91290be7293438ae67549638189f/649","[{""trait_type"":""Background"",""value"":""Mandala 3""},{""trait_type"":""Face"",""value"":""Basic (Pink)""},{""trait_type"":""Accessory"",""value"":""Winged Sunglasses""},{""trait_type"":""Hat"",""value"":""Police - Brain""}]"
"650","00650","","","ipfs://QmXpXg2KDaqtFwFutCx11Lib4BJ86RPkUpkxCJJCDSc5SL/650","https://ipfs.io/ipfs/QmXpXg2KDaqtFwFutCx11Lib4BJ86RPkUpkxCJJCDSc5SL/650","ipfs://QmWNWmgdMtxpyofvTSVRFjzTugo71Q6WDy3Wq62pCeawUz/650","https://ipfs.io/ipfs/QmWNWmgdMtxpyofvTSVRFjzTugo71Q6WDy3Wq62pCeawUz/650","D:\github\ron-english-light-cult-0001-1000\data\generated\light-cult-image-match-powershell-only\run-20260514-150810\reference-images\Light-Cult-Crypto-Club-00650.png","4639194646131339","https://opensea.io/assets/ethereum/0xbe85fbd182af91290be7293438ae67549638189f/650","[{""trait_type"":""Background"",""value"":""Red""},{""trait_type"":""Face"",""value"":""Basic (Light Blue)""},{""trait_type"":""Accessory"",""value"":""Dragon Wings""},{""trait_type"":""Hat"",""value"":""Police - Brain""},{""trait_type"":""Body"",""value"":""Overalls Brown""}]"
"651","00651","","","ipfs://QmXpXg2KDaqtFwFutCx11Lib4BJ86RPkUpkxCJJCDSc5SL/651","https://ipfs.io/ipfs/QmXpXg2KDaqtFwFutCx11Lib4BJ86RPkUpkxCJJCDSc5SL/651","ipfs://QmWNWmgdMtxpyofvTSVRFjzTugo71Q6WDy3Wq62pCeawUz/651","https://ipfs.io/ipfs/QmWNWmgdMtxpyofvTSVRFjzTugo71Q6WDy3Wq62pCeawUz/651","D:\github\ron-english-light-cult-0001-1000\data\generated\light-cult-image-match-powershell-only\run-20260514-150810\reference-images\Light-Cult-Crypto-Club-00651.png","0406060647676769","https://opensea.io/assets/ethereum/0xbe85fbd182af91290be7293438ae67549638189f/651","[{""trait_type"":""Status"",""value"":""Rare""},{""trait_type"":""Collection"",""value"":""Boxer""},{""trait_type"":""Variant"",""value"":""BR - V2""}]"
"652","00652","","","ipfs://QmXpXg2KDaqtFwFutCx11Lib4BJ86RPkUpkxCJJCDSc5SL/652","https://ipfs.io/ipfs/QmXpXg2KDaqtFwFutCx11Lib4BJ86RPkUpkxCJJCDSc5SL/652","ipfs://QmWNWmgdMtxpyofvTSVRFjzTugo71Q6WDy3Wq62pCeawUz/652","https://ipfs.io/ipfs/QmWNWmgdMtxpyofvTSVRFjzTugo71Q6WDy3Wq62pCeawUz/652","D:\github\ron-english-light-cult-0001-1000\data\generated\light-cult-image-match-powershell-only\run-20260514-150810\reference-images\Light-Cult-Crypto-Club-00652.png","040f0707060e1b17","https://opensea.io/assets/ethereum/0xbe85fbd182af91290be7293438ae67549638189f/652","[{""trait_type"":""Background"",""value"":""Mandala 9""},{""trait_type"":""Face"",""value"":""Basic (Yellow)""},{""trait_type"":""Hat"",""value"":""Helmet - Dino""},{""trait_type"":""Body"",""value"":""LightBulb M-16""}]"
"653","00653","","","ipfs://QmXpXg2KDaqtFwFutCx11Lib4BJ86RPkUpkxCJJCDSc5SL/653","https://ipfs.io/ipfs/QmXpXg2KDaqtFwFutCx11Lib4BJ86RPkUpkxCJJCDSc5SL/653","ipfs://QmWNWmgdMtxpyofvTSVRFjzTugo71Q6WDy3Wq62pCeawUz/653","https://ipfs.io/ipfs/QmWNWmgdMtxpyofvTSVRFjzTugo71Q6WDy3Wq62pCeawUz/653","D:\github\ron-english-light-cult-0001-1000\data\generated\light-cult-image-match-powershell-only\run-20260514-150810\reference-images\Light-Cult-Crypto-Club-00653.png","04070f0707073125","https://opensea.io/assets/ethereum/0xbe85fbd182af91290be7293438ae67549638189f/653","[{""trait_type"":""Background"",""value"":""Mandala 11""},{""trait_type"":""Face"",""value"":""Smiley Face (Pink)""},{""trait_type"":""Hat"",""value"":""Fez - Cathy Cowgirl""},{""trait_type"":""Body"",""value"":""Snake Cage""}]"
"654","00654","","","ipfs://QmXpXg2KDaqtFwFutCx11Lib4BJ86RPkUpkxCJJCDSc5SL/654","https://ipfs.io/ipfs/QmXpXg2KDaqtFwFutCx11Lib4BJ86RPkUpkxCJJCDSc5SL/654","ipfs://QmWNWmgdMtxpyofvTSVRFjzTugo71Q6WDy3Wq62pCeawUz/654","https://ipfs.io/ipfs/QmWNWmgdMtxpyofvTSVRFjzTugo71Q6WDy3Wq62pCeawUz/654","D:\github\ron-english-light-cult-0001-1000\data\generated\light-cult-image-match-powershell-only\run-20260514-150810\reference-images\Light-Cult-Crypto-Club-00654.png","00000c0e0e0e1f17","https://opensea.io/assets/ethereum/0xbe85fbd182af91290be7293438ae67549638189f/654","[{""trait_type"":""Background"",""value"":""Black""},{""trait_type"":""Face"",""value"":""Octopus Bowl""},{""trait_type"":""Body"",""value"":""LightBulb M-16""}]"
"655","00655","","","ipfs://QmXpXg2KDaqtFwFutCx11Lib4BJ86RPkUpkxCJJCDSc5SL/655","https://ipfs.io/ipfs/QmXpXg2KDaqtFwFutCx11Lib4BJ86RPkUpkxCJJCDSc5SL/655","ipfs://QmWNWmgdMtxpyofvTSVRFjzTugo71Q6WDy3Wq62pCeawUz/655","https://ipfs.io/ipfs/QmWNWmgdMtxpyofvTSVRFjzTugo71Q6WDy3Wq62pCeawUz/655","D:\github\ron-english-light-cult-0001-1000\data\generated\light-cult-image-match-powershell-only\run-20260514-150810\reference-images\Light-Cult-Crypto-Club-00655.png","06070f07070e1317","https://opensea.io/assets/ethereum/0xbe85fbd182af91290be7293438ae67549638189f/655","[{""trait_type"":""Background"",""value"":""Mandala 5""},{""trait_type"":""Face"",""value"":""Smiley Face (Yellow)""},{""trait_type"":""Accessory"",""value"":""Dragon Wings""},{""trait_type"":""Hat"",""value"":""Fez - Brain Bulb""},{""trait_type"":""Body"",""value"":""LightBulb Guitar""}]"
"656","00656","","","ipfs://QmXpXg2KDaqtFwFutCx11Lib4BJ86RPkUpkxCJJCDSc5SL/656","https://ipfs.io/ipfs/QmXpXg2KDaqtFwFutCx11Lib4BJ86RPkUpkxCJJCDSc5SL/656","ipfs://QmWNWmgdMtxpyofvTSVRFjzTugo71Q6WDy3Wq62pCeawUz/656","https://ipfs.io/ipfs/QmWNWmgdMtxpyofvTSVRFjzTugo71Q6WDy3Wq62pCeawUz/656","D:\github\ron-english-light-cult-0001-1000\data\generated\light-cult-image-match-powershell-only\run-20260514-150810\reference-images\Light-Cult-Crypto-Club-00656.png","0e0f070f0f253913","https://opensea.io/assets/ethereum/0xbe85fbd182af91290be7293438ae67549638189f/656","[{""trait_type"":""Background"",""value"":""Mandala 23""},{""trait_type"":""Face"",""value"":""Basic (Yellow)""},{""trait_type"":""Accessory"",""value"":""Goggles""},{""trait_type"":""Body"",""value"":""Star Skull Body - Black""}]"
"658","00658","","","ipfs://QmXpXg2KDaqtFwFutCx11Lib4BJ86RPkUpkxCJJCDSc5SL/658","https://ipfs.io/ipfs/QmXpXg2KDaqtFwFutCx11Lib4BJ86RPkUpkxCJJCDSc5SL/658","ipfs://QmWNWmgdMtxpyofvTSVRFjzTugo71Q6WDy3Wq62pCeawUz/658","https://ipfs.io/ipfs/QmWNWmgdMtxpyofvTSVRFjzTugo71Q6WDy3Wq62pCeawUz/658","D:\github\ron-english-light-cult-0001-1000\data\generated\light-cult-image-match-powershell-only\run-20260514-150810\reference-images\Light-Cult-Crypto-Club-00658.png","46073972701b1b13","https://opensea.io/assets/ethereum/0xbe85fbd182af91290be7293438ae67549638189f/658","[{""trait_type"":""Background"",""value"":""Red""},{""trait_type"":""Face"",""value"":""StarSkull Black/Metallic""},{""trait_type"":""Accessory"",""value"":""Dragon Wings""},{""trait_type"":""Body"",""value"":""LightBulb M-16""}]"
"659","00659","","","ipfs://QmXpXg2KDaqtFwFutCx11Lib4BJ86RPkUpkxCJJCDSc5SL/659","https://ipfs.io/ipfs/QmXpXg2KDaqtFwFutCx11Lib4BJ86RPkUpkxCJJCDSc5SL/659","ipfs://QmWNWmgdMtxpyofvTSVRFjzTugo71Q6WDy3Wq62pCeawUz/659","https://ipfs.io/ipfs/QmWNWmgdMtxpyofvTSVRFjzTugo71Q6WDy3Wq62pCeawUz/659","D:\github\ron-english-light-cult-0001-1000\data\generated\light-cult-image-match-powershell-only\run-20260514-150810\reference-images\Light-Cult-Crypto-Club-00659.png","0607070707070f0f","https://opensea.io/assets/ethereum/0xbe85fbd182af91290be7293438ae67549638189f/659","[{""trait_type"":""Background"",""value"":""Mandala 18""},{""trait_type"":""Face"",""value"":""Gun Mouth""},{""trait_type"":""Accessory"",""value"":""Groucho Glasses""},{""trait_type"":""Hat"",""value"":""Beanie Red""}]"
"661","00661","","","ipfs://QmXpXg2KDaqtFwFutCx11Lib4BJ86RPkUpkxCJJCDSc5SL/661","https://ipfs.io/ipfs/QmXpXg2KDaqtFwFutCx11Lib4BJ86RPkUpkxCJJCDSc5SL/661","ipfs://QmWNWmgdMtxpyofvTSVRFjzTugo71Q6WDy3Wq62pCeawUz/661","https://ipfs.io/ipfs/QmWNWmgdMtxpyofvTSVRFjzTugo71Q6WDy3Wq62pCeawUz/661","D:\github\ron-english-light-cult-0001-1000\data\generated\light-cult-image-match-powershell-only\run-20260514-150810\reference-images\Light-Cult-Crypto-Club-00661.png","04040e0e060e0c00","https://opensea.io/assets/ethereum/0xbe85fbd182af91290be7293438ae67549638189f/661","[{""trait_type"":""Background"",""value"":""Black""},{""trait_type"":""Face"",""value"":""Tweety""},{""trait_type"":""Hat"",""value"":""Fez - Brain Bulb""}]"
"663","00663","","","ipfs://QmXpXg2KDaqtFwFutCx11Lib4BJ86RPkUpkxCJJCDSc5SL/663","https://ipfs.io/ipfs/QmXpXg2KDaqtFwFutCx11Lib4BJ86RPkUpkxCJJCDSc5SL/663","ipfs://QmWNWmgdMtxpyofvTSVRFjzTugo71Q6WDy3Wq62pCeawUz/663","https://ipfs.io/ipfs/QmWNWmgdMtxpyofvTSVRFjzTugo71Q6WDy3Wq62pCeawUz/663","D:\github\ron-english-light-cult-0001-1000\data\generated\light-cult-image-match-powershell-only\run-20260514-150810\reference-images\Light-Cult-Crypto-Club-00663.png","46333b3931523152","https://opensea.io/assets/ethereum/0xbe85fbd182af91290be7293438ae67549638189f/663","[{""trait_type"":""Background"",""value"":""Light Blue""},{""trait_type"":""Face"",""value"":""Goldfish Bowl""},{""trait_type"":""Hat"",""value"":""Scrap ARD""},{""trait_type"":""Body"",""value"":""Star Skull Body - Black""}]"
"664","00664","","","ipfs://QmXpXg2KDaqtFwFutCx11Lib4BJ86RPkUpkxCJJCDSc5SL/664","https://ipfs.io/ipfs/QmXpXg2KDaqtFwFutCx11Lib4BJ86RPkUpkxCJJCDSc5SL/664","ipfs://QmWNWmgdMtxpyofvTSVRFjzTugo71Q6WDy3Wq62pCeawUz/664","https://ipfs.io/ipfs/QmWNWmgdMtxpyofvTSVRFjzTugo71Q6WDy3Wq62pCeawUz/664","D:\github\ron-english-light-cult-0001-1000\data\generated\light-cult-image-match-powershell-only\run-20260514-150810\reference-images\Light-Cult-Crypto-Club-00664.png","0e0f171b0f1b0f0f","https://opensea.io/assets/ethereum/0xbe85fbd182af91290be7293438ae67549638189f/664","[{""trait_type"":""Status"",""value"":""Rare""},{""trait_type"":""Collection"",""value"":""Womb Bulb""},{""trait_type"":""Variant"",""value"":""WB - V8""}]"
"665","00665","","","ipfs://QmXpXg2KDaqtFwFutCx11Lib4BJ86RPkUpkxCJJCDSc5SL/665","https://ipfs.io/ipfs/QmXpXg2KDaqtFwFutCx11Lib4BJ86RPkUpkxCJJCDSc5SL/665","ipfs://QmWNWmgdMtxpyofvTSVRFjzTugo71Q6WDy3Wq62pCeawUz/665","https://ipfs.io/ipfs/QmWNWmgdMtxpyofvTSVRFjzTugo71Q6WDy3Wq62pCeawUz/665","D:\github\ron-english-light-cult-0001-1000\data\generated\light-cult-image-match-powershell-only\run-20260514-150810\reference-images\Light-Cult-Crypto-Club-00665.png","4613251b0b131b1b","https://opensea.io/assets/ethereum/0xbe85fbd182af91290be7293438ae67549638189f/665","[{""trait_type"":""Background"",""value"":""Red""},{""trait_type"":""Face"",""value"":""Basic (Pink)""},{""trait_type"":""Accessory"",""value"":""Goggles""},{""trait_type"":""Hat"",""value"":""Beanie Red""},{""trait_type"":""Body"",""value"":""Brown Guitar""}]"
"667","00667","","","ipfs://QmXpXg2KDaqtFwFutCx11Lib4BJ86RPkUpkxCJJCDSc5SL/667","https://ipfs.io/ipfs/QmXpXg2KDaqtFwFutCx11Lib4BJ86RPkUpkxCJJCDSc5SL/667","ipfs://QmWNWmgdMtxpyofvTSVRFjzTugo71Q6WDy3Wq62pCeawUz/667","https://ipfs.io/ipfs/QmWNWmgdMtxpyofvTSVRFjzTugo71Q6WDy3Wq62pCeawUz/667","D:\github\ron-english-light-cult-0001-1000\data\generated\light-cult-image-match-powershell-only\run-20260514-150810\reference-images\Light-Cult-Crypto-Club-00667.png","06074e0f4e070607","https://opensea.io/assets/ethereum/0xbe85fbd182af91290be7293438ae67549638189f/667","[{""trait_type"":""Background"",""value"":""Mandala 19""},{""trait_type"":""Face"",""value"":""Whale Bowl""},{""trait_type"":""Hat"",""value"":""Helmet - Purple""},{""trait_type"":""Body"",""value"":""Light Bulb Rib""}]"
"668","00668","","","ipfs://QmXpXg2KDaqtFwFutCx11Lib4BJ86RPkUpkxCJJCDSc5SL/668","https://ipfs.io/ipfs/QmXpXg2KDaqtFwFutCx11Lib4BJ86RPkUpkxCJJCDSc5SL/668","ipfs://QmWNWmgdMtxpyofvTSVRFjzTugo71Q6WDy3Wq62pCeawUz/668","https://ipfs.io/ipfs/QmWNWmgdMtxpyofvTSVRFjzTugo71Q6WDy3Wq62pCeawUz/668","D:\github\ron-english-light-cult-0001-1000\data\generated\light-cult-image-match-powershell-only\run-20260514-150810\reference-images\Light-Cult-Crypto-Club-00668.png","643139313113252d","https://opensea.io/assets/ethereum/0xbe85fbd182af91290be7293438ae67549638189f/668","[{""trait_type"":""Background"",""value"":""Red""},{""trait_type"":""Face"",""value"":""StarSkull Black/Metallic""},{""trait_type"":""Accessory"",""value"":""Butterfly Wings""},{""trait_type"":""Body"",""value"":""Star Skull Body - Pink""}]"
"671","00671","","","ipfs://QmXpXg2KDaqtFwFutCx11Lib4BJ86RPkUpkxCJJCDSc5SL/671","https://ipfs.io/ipfs/QmXpXg2KDaqtFwFutCx11Lib4BJ86RPkUpkxCJJCDSc5SL/671","ipfs://QmWNWmgdMtxpyofvTSVRFjzTugo71Q6WDy3Wq62pCeawUz/671","https://ipfs.io/ipfs/QmWNWmgdMtxpyofvTSVRFjzTugo71Q6WDy3Wq62pCeawUz/671","D:\github\ron-english-light-cult-0001-1000\data\generated\light-cult-image-match-powershell-only\run-20260514-150810\reference-images\Light-Cult-Crypto-Club-00671.png","06070731130f3b37","https://opensea.io/assets/ethereum/0xbe85fbd182af91290be7293438ae67549638189f/671","[{""trait_type"":""Background"",""value"":""Mandala 10""},{""trait_type"":""Face"",""value"":""Smiley Face (Red)""},{""trait_type"":""Body"",""value"":""M-16""}]"
"672","00672","","","ipfs://QmXpXg2KDaqtFwFutCx11Lib4BJ86RPkUpkxCJJCDSc5SL/672","https://ipfs.io/ipfs/QmXpXg2KDaqtFwFutCx11Lib4BJ86RPkUpkxCJJCDSc5SL/672","ipfs://QmWNWmgdMtxpyofvTSVRFjzTugo71Q6WDy3Wq62pCeawUz/672","https://ipfs.io/ipfs/QmWNWmgdMtxpyofvTSVRFjzTugo71Q6WDy3Wq62pCeawUz/672","D:\github\ron-english-light-cult-0001-1000\data\generated\light-cult-image-match-powershell-only\run-20260514-150810\reference-images\Light-Cult-Crypto-Club-00672.png","4446767632307064","https://opensea.io/assets/ethereum/0xbe85fbd182af91290be7293438ae67549638189f/672","[{""trait_type"":""Background"",""value"":""Yellow""},{""trait_type"":""Face"",""value"":""Smiley Face (Light Blue)""},{""trait_type"":""Accessory"",""value"":""Winged Sunglasses""},{""trait_type"":""Body"",""value"":""Tanktop Mermaid""}]"
"673","00673","","","ipfs://QmXpXg2KDaqtFwFutCx11Lib4BJ86RPkUpkxCJJCDSc5SL/673","https://ipfs.io/ipfs/QmXpXg2KDaqtFwFutCx11Lib4BJ86RPkUpkxCJJCDSc5SL/673","ipfs://QmWNWmgdMtxpyofvTSVRFjzTugo71Q6WDy3Wq62pCeawUz/673","https://ipfs.io/ipfs/QmWNWmgdMtxpyofvTSVRFjzTugo71Q6WDy3Wq62pCeawUz/673","D:\github\ron-english-light-cult-0001-1000\data\generated\light-cult-image-match-powershell-only\run-20260514-150810\reference-images\Light-Cult-Crypto-Club-00673.png","060d0d310d0b1b17","https://opensea.io/assets/ethereum/0xbe85fbd182af91290be7293438ae67549638189f/673","[{""trait_type"":""Background"",""value"":""Mandala 3""},{""trait_type"":""Face"",""value"":""Brain""},{""trait_type"":""Accessory"",""value"":""Eyeball Earrings""},{""trait_type"":""Hat"",""value"":""Fez - Heart Cage""},{""trait_type"":""Body"",""value"":""Tanktop Bulb""}]"
"675","00675","","","ipfs://QmXpXg2KDaqtFwFutCx11Lib4BJ86RPkUpkxCJJCDSc5SL/675","https://ipfs.io/ipfs/QmXpXg2KDaqtFwFutCx11Lib4BJ86RPkUpkxCJJCDSc5SL/675","ipfs://QmWNWmgdMtxpyofvTSVRFjzTugo71Q6WDy3Wq62pCeawUz/675","https://ipfs.io/ipfs/QmWNWmgdMtxpyofvTSVRFjzTugo71Q6WDy3Wq62pCeawUz/675","D:\github\ron-english-light-cult-0001-1000\data\generated\light-cult-image-match-powershell-only\run-20260514-150810\reference-images\Light-Cult-Crypto-Club-00675.png","4607073113131b1b","https://opensea.io/assets/ethereum/0xbe85fbd182af91290be7293438ae67549638189f/675","[{""trait_type"":""Background"",""value"":""Red""},{""trait_type"":""Face"",""value"":""Smiley Face (Yellow)""},{""trait_type"":""Body"",""value"":""Brown Guitar""}]"
"676","00676","","","ipfs://QmXpXg2KDaqtFwFutCx11Lib4BJ86RPkUpkxCJJCDSc5SL/676","https://ipfs.io/ipfs/QmXpXg2KDaqtFwFutCx11Lib4BJ86RPkUpkxCJJCDSc5SL/676","ipfs://QmWNWmgdMtxpyofvTSVRFjzTugo71Q6WDy3Wq62pCeawUz/676","https://ipfs.io/ipfs/QmWNWmgdMtxpyofvTSVRFjzTugo71Q6WDy3Wq62pCeawUz/676","D:\github\ron-english-light-cult-0001-1000\data\generated\light-cult-image-match-powershell-only\run-20260514-150810\reference-images\Light-Cult-Crypto-Club-00676.png","462631313931531a","https://opensea.io/assets/ethereum/0xbe85fbd182af91290be7293438ae67549638189f/676","[{""trait_type"":""Status"",""value"":""Rare""},{""trait_type"":""Collection"",""value"":""Gasmask""},{""trait_type"":""Variant"",""value"":""GM - V9""}]"
"677","00677","","","ipfs://QmXpXg2KDaqtFwFutCx11Lib4BJ86RPkUpkxCJJCDSc5SL/677","https://ipfs.io/ipfs/QmXpXg2KDaqtFwFutCx11Lib4BJ86RPkUpkxCJJCDSc5SL/677","ipfs://QmWNWmgdMtxpyofvTSVRFjzTugo71Q6WDy3Wq62pCeawUz/677","https://ipfs.io/ipfs/QmWNWmgdMtxpyofvTSVRFjzTugo71Q6WDy3Wq62pCeawUz/677","D:\github\ron-english-light-cult-0001-1000\data\generated\light-cult-image-match-powershell-only\run-20260514-150810\reference-images\Light-Cult-Crypto-Club-00677.png","0c0f07070f070707","https://opensea.io/assets/ethereum/0xbe85fbd182af91290be7293438ae67549638189f/677","[{""trait_type"":""Status"",""value"":""Rare""},{""trait_type"":""Collection"",""value"":""The Simpsons""},{""trait_type"":""Variant"",""value"":""TS - V2""}]"
"678","00678","","","ipfs://QmXpXg2KDaqtFwFutCx11Lib4BJ86RPkUpkxCJJCDSc5SL/678","https://ipfs.io/ipfs/QmXpXg2KDaqtFwFutCx11Lib4BJ86RPkUpkxCJJCDSc5SL/678","ipfs://QmWNWmgdMtxpyofvTSVRFjzTugo71Q6WDy3Wq62pCeawUz/678","https://ipfs.io/ipfs/QmWNWmgdMtxpyofvTSVRFjzTugo71Q6WDy3Wq62pCeawUz/678","D:\github\ron-english-light-cult-0001-1000\data\generated\light-cult-image-match-powershell-only\run-20260514-150810\reference-images\Light-Cult-Crypto-Club-00678.png","040c0e0606040c00","https://opensea.io/assets/ethereum/0xbe85fbd182af91290be7293438ae67549638189f/678","[{""trait_type"":""Background"",""value"":""Black""},{""trait_type"":""Face"",""value"":""Blue Mask""},{""trait_type"":""Hat"",""value"":""Unicorn Crown""}]"
"680","00680","","","ipfs://QmXpXg2KDaqtFwFutCx11Lib4BJ86RPkUpkxCJJCDSc5SL/680","https://ipfs.io/ipfs/QmXpXg2KDaqtFwFutCx11Lib4BJ86RPkUpkxCJJCDSc5SL/680","ipfs://QmWNWmgdMtxpyofvTSVRFjzTugo71Q6WDy3Wq62pCeawUz/680","https://ipfs.io/ipfs/QmWNWmgdMtxpyofvTSVRFjzTugo71Q6WDy3Wq62pCeawUz/680","D:\github\ron-english-light-cult-0001-1000\data\generated\light-cult-image-match-powershell-only\run-20260514-150810\reference-images\Light-Cult-Crypto-Club-00680.png","0000060e0e040e0f","https://opensea.io/assets/ethereum/0xbe85fbd182af91290be7293438ae67549638189f/680","[{""trait_type"":""Background"",""value"":""Black""},{""trait_type"":""Face"",""value"":""Basic (Red)""},{""trait_type"":""Accessory"",""value"":""Goggles""},{""trait_type"":""Body"",""value"":""Overalls Red""}]"
"684","00684","","","ipfs://QmXpXg2KDaqtFwFutCx11Lib4BJ86RPkUpkxCJJCDSc5SL/684","https://ipfs.io/ipfs/QmXpXg2KDaqtFwFutCx11Lib4BJ86RPkUpkxCJJCDSc5SL/684","ipfs://QmWNWmgdMtxpyofvTSVRFjzTugo71Q6WDy3Wq62pCeawUz/684","https://ipfs.io/ipfs/QmWNWmgdMtxpyofvTSVRFjzTugo71Q6WDy3Wq62pCeawUz/684","D:\github\ron-english-light-cult-0001-1000\data\generated\light-cult-image-match-powershell-only\run-20260514-150810\reference-images\Light-Cult-Crypto-Club-00684.png","4c07161e1a1b1b17","https://opensea.io/assets/ethereum/0xbe85fbd182af91290be7293438ae67549638189f/684","[{""trait_type"":""Background"",""value"":""Red""},{""trait_type"":""Face"",""value"":""Octopus Bowl""},{""trait_type"":""Body"",""value"":""Tanktop Mermaid""}]"
"685","00685","","","ipfs://QmXpXg2KDaqtFwFutCx11Lib4BJ86RPkUpkxCJJCDSc5SL/685","https://ipfs.io/ipfs/QmXpXg2KDaqtFwFutCx11Lib4BJ86RPkUpkxCJJCDSc5SL/685","ipfs://QmWNWmgdMtxpyofvTSVRFjzTugo71Q6WDy3Wq62pCeawUz/685","https://ipfs.io/ipfs/QmWNWmgdMtxpyofvTSVRFjzTugo71Q6WDy3Wq62pCeawUz/685","D:\github\ron-english-light-cult-0001-1000\data\generated\light-cult-image-match-powershell-only\run-20260514-150810\reference-images\Light-Cult-Crypto-Club-00685.png","060f1b0f0f250f07","https://opensea.io/assets/ethereum/0xbe85fbd182af91290be7293438ae67549638189f/685","[{""trait_type"":""Background"",""value"":""Mandala 12""},{""trait_type"":""Face"",""value"":""Diaper Mask""},{""trait_type"":""Hat"",""value"":""Pink Military""}]"
"686","00686","","","ipfs://QmXpXg2KDaqtFwFutCx11Lib4BJ86RPkUpkxCJJCDSc5SL/686","https://ipfs.io/ipfs/QmXpXg2KDaqtFwFutCx11Lib4BJ86RPkUpkxCJJCDSc5SL/686","ipfs://QmWNWmgdMtxpyofvTSVRFjzTugo71Q6WDy3Wq62pCeawUz/686","https://ipfs.io/ipfs/QmWNWmgdMtxpyofvTSVRFjzTugo71Q6WDy3Wq62pCeawUz/686","D:\github\ron-english-light-cult-0001-1000\data\generated\light-cult-image-match-powershell-only\run-20260514-150810\reference-images\Light-Cult-Crypto-Club-00686.png","0e0f07070f070f07","https://opensea.io/assets/ethereum/0xbe85fbd182af91290be7293438ae67549638189f/686","[{""trait_type"":""Background"",""value"":""Mandala 23""},{""trait_type"":""Face"",""value"":""Cracked Smile""}]"
"687","00687","","","ipfs://QmXpXg2KDaqtFwFutCx11Lib4BJ86RPkUpkxCJJCDSc5SL/687","https://ipfs.io/ipfs/QmXpXg2KDaqtFwFutCx11Lib4BJ86RPkUpkxCJJCDSc5SL/687","ipfs://QmWNWmgdMtxpyofvTSVRFjzTugo71Q6WDy3Wq62pCeawUz/687","https://ipfs.io/ipfs/QmWNWmgdMtxpyofvTSVRFjzTugo71Q6WDy3Wq62pCeawUz/687","D:\github\ron-english-light-cult-0001-1000\data\generated\light-cult-image-match-powershell-only\run-20260514-150810\reference-images\Light-Cult-Crypto-Club-00687.png","5a787031315a5246","https://opensea.io/assets/ethereum/0xbe85fbd182af91290be7293438ae67549638189f/687","[{""trait_type"":""Background"",""value"":""Pink""},{""trait_type"":""Face"",""value"":""Basic (Light Blue)""},{""trait_type"":""Hat"",""value"":""Alien Sombrero""}]"
"688","00688","","","ipfs://QmXpXg2KDaqtFwFutCx11Lib4BJ86RPkUpkxCJJCDSc5SL/688","https://ipfs.io/ipfs/QmXpXg2KDaqtFwFutCx11Lib4BJ86RPkUpkxCJJCDSc5SL/688","ipfs://QmWNWmgdMtxpyofvTSVRFjzTugo71Q6WDy3Wq62pCeawUz/688","https://ipfs.io/ipfs/QmWNWmgdMtxpyofvTSVRFjzTugo71Q6WDy3Wq62pCeawUz/688","D:\github\ron-english-light-cult-0001-1000\data\generated\light-cult-image-match-powershell-only\run-20260514-150810\reference-images\Light-Cult-Crypto-Club-00688.png","060f07070f0f0f0f","https://opensea.io/assets/ethereum/0xbe85fbd182af91290be7293438ae67549638189f/688","[{""trait_type"":""Background"",""value"":""Mandala 2""},{""trait_type"":""Face"",""value"":""Stegasourous Photo""},{""trait_type"":""Body"",""value"":""Sweater Scarf""}]"
"689","00689","","","ipfs://QmXpXg2KDaqtFwFutCx11Lib4BJ86RPkUpkxCJJCDSc5SL/689","https://ipfs.io/ipfs/QmXpXg2KDaqtFwFutCx11Lib4BJ86RPkUpkxCJJCDSc5SL/689","ipfs://QmWNWmgdMtxpyofvTSVRFjzTugo71Q6WDy3Wq62pCeawUz/689","https://ipfs.io/ipfs/QmWNWmgdMtxpyofvTSVRFjzTugo71Q6WDy3Wq62pCeawUz/689","D:\github\ron-english-light-cult-0001-1000\data\generated\light-cult-image-match-powershell-only\run-20260514-150810\reference-images\Light-Cult-Crypto-Club-00689.png","0404060606040e0f","https://opensea.io/assets/ethereum/0xbe85fbd182af91290be7293438ae67549638189f/689","[{""trait_type"":""Background"",""value"":""Black""},{""trait_type"":""Face"",""value"":""Smiley Face (Yellow)""},{""trait_type"":""Hat"",""value"":""Carosoul Crown""},{""trait_type"":""Body"",""value"":""Overalls Brown""}]"
"690","00690","","","ipfs://QmXpXg2KDaqtFwFutCx11Lib4BJ86RPkUpkxCJJCDSc5SL/690","https://ipfs.io/ipfs/QmXpXg2KDaqtFwFutCx11Lib4BJ86RPkUpkxCJJCDSc5SL/690","ipfs://QmWNWmgdMtxpyofvTSVRFjzTugo71Q6WDy3Wq62pCeawUz/690","https://ipfs.io/ipfs/QmWNWmgdMtxpyofvTSVRFjzTugo71Q6WDy3Wq62pCeawUz/690","D:\github\ron-english-light-cult-0001-1000\data\generated\light-cult-image-match-powershell-only\run-20260514-150810\reference-images\Light-Cult-Crypto-Club-00690.png","5070303636307064","https://opensea.io/assets/ethereum/0xbe85fbd182af91290be7293438ae67549638189f/690","[{""trait_type"":""Background"",""value"":""Yellow""},{""trait_type"":""Face"",""value"":""Tweety Photo""},{""trait_type"":""Hat"",""value"":""Police - Brain""},{""trait_type"":""Body"",""value"":""Tanktop Mermaid""}]"
"692","00692","","","ipfs://QmXpXg2KDaqtFwFutCx11Lib4BJ86RPkUpkxCJJCDSc5SL/692","https://ipfs.io/ipfs/QmXpXg2KDaqtFwFutCx11Lib4BJ86RPkUpkxCJJCDSc5SL/692","ipfs://QmWNWmgdMtxpyofvTSVRFjzTugo71Q6WDy3Wq62pCeawUz/692","https://ipfs.io/ipfs/QmWNWmgdMtxpyofvTSVRFjzTugo71Q6WDy3Wq62pCeawUz/692","D:\github\ron-english-light-cult-0001-1000\data\generated\light-cult-image-match-powershell-only\run-20260514-150810\reference-images\Light-Cult-Crypto-Club-00692.png","01090f0f0d0f1b17","https://opensea.io/assets/ethereum/0xbe85fbd182af91290be7293438ae67549638189f/692","[{""trait_type"":""Background"",""value"":""Black""},{""trait_type"":""Face"",""value"":""Basic (Yellow)""},{""trait_type"":""Hat"",""value"":""Beanie Red""},{""trait_type"":""Body"",""value"":""Tanktop Tree""}]"
"693","00693","","","ipfs://QmXpXg2KDaqtFwFutCx11Lib4BJ86RPkUpkxCJJCDSc5SL/693","https://ipfs.io/ipfs/QmXpXg2KDaqtFwFutCx11Lib4BJ86RPkUpkxCJJCDSc5SL/693","ipfs://QmWNWmgdMtxpyofvTSVRFjzTugo71Q6WDy3Wq62pCeawUz/693","https://ipfs.io/ipfs/QmWNWmgdMtxpyofvTSVRFjzTugo71Q6WDy3Wq62pCeawUz/693","D:\github\ron-english-light-cult-0001-1000\data\generated\light-cult-image-match-powershell-only\run-20260514-150810\reference-images\Light-Cult-Crypto-Club-00693.png","0713313178391307","https://opensea.io/assets/ethereum/0xbe85fbd182af91290be7293438ae67549638189f/693","[{""trait_type"":""Background"",""value"":""Rainbow""},{""trait_type"":""Face"",""value"":""Stegasourous Photo""},{""trait_type"":""Hat"",""value"":""Unicorn Crown""}]"
"694","00694","","","ipfs://QmXpXg2KDaqtFwFutCx11Lib4BJ86RPkUpkxCJJCDSc5SL/694","https://ipfs.io/ipfs/QmXpXg2KDaqtFwFutCx11Lib4BJ86RPkUpkxCJJCDSc5SL/694","ipfs://QmWNWmgdMtxpyofvTSVRFjzTugo71Q6WDy3Wq62pCeawUz/694","https://ipfs.io/ipfs/QmWNWmgdMtxpyofvTSVRFjzTugo71Q6WDy3Wq62pCeawUz/694","D:\github\ron-english-light-cult-0001-1000\data\generated\light-cult-image-match-powershell-only\run-20260514-150810\reference-images\Light-Cult-Crypto-Club-00694.png","461331313131391b","https://opensea.io/assets/ethereum/0xbe85fbd182af91290be7293438ae67549638189f/694","[{""trait_type"":""Status"",""value"":""Rare""},{""trait_type"":""Collection"",""value"":""Santa Claus""},{""trait_type"":""Variant"",""value"":""SC - V2""}]"
"697","00697","","","ipfs://QmXpXg2KDaqtFwFutCx11Lib4BJ86RPkUpkxCJJCDSc5SL/697","https://ipfs.io/ipfs/QmXpXg2KDaqtFwFutCx11Lib4BJ86RPkUpkxCJJCDSc5SL/697","ipfs://QmWNWmgdMtxpyofvTSVRFjzTugo71Q6WDy3Wq62pCeawUz/697","https://ipfs.io/ipfs/QmWNWmgdMtxpyofvTSVRFjzTugo71Q6WDy3Wq62pCeawUz/697","D:\github\ron-english-light-cult-0001-1000\data\generated\light-cult-image-match-powershell-only\run-20260514-150810\reference-images\Light-Cult-Crypto-Club-00697.png","4a190d35171b1b17","https://opensea.io/assets/ethereum/0xbe85fbd182af91290be7293438ae67549638189f/697","[{""trait_type"":""Background"",""value"":""Red""},{""trait_type"":""Face"",""value"":""Smiley Face (Pink)""},{""trait_type"":""Hat"",""value"":""Fez - Cathy Cowgirl""},{""trait_type"":""Body"",""value"":""Tanktop Bulb""}]"
"699","00699","","","ipfs://QmXpXg2KDaqtFwFutCx11Lib4BJ86RPkUpkxCJJCDSc5SL/699","https://ipfs.io/ipfs/QmXpXg2KDaqtFwFutCx11Lib4BJ86RPkUpkxCJJCDSc5SL/699","ipfs://QmWNWmgdMtxpyofvTSVRFjzTugo71Q6WDy3Wq62pCeawUz/699","https://ipfs.io/ipfs/QmWNWmgdMtxpyofvTSVRFjzTugo71Q6WDy3Wq62pCeawUz/699","D:\github\ron-english-light-cult-0001-1000\data\generated\light-cult-image-match-powershell-only\run-20260514-150810\reference-images\Light-Cult-Crypto-Club-00699.png","42162e2e36313930","https://opensea.io/assets/ethereum/0xbe85fbd182af91290be7293438ae67549638189f/699","[{""trait_type"":""Background"",""value"":""Light Blue""},{""trait_type"":""Face"",""value"":""Quack Bowl""},{""trait_type"":""Hat"",""value"":""Helmet - Yellow""},{""trait_type"":""Body"",""value"":""Tanktop Tree""}]"
"700","00700","","","ipfs://QmXpXg2KDaqtFwFutCx11Lib4BJ86RPkUpkxCJJCDSc5SL/700","https://gateway.pinata.cloud/ipfs/QmXpXg2KDaqtFwFutCx11Lib4BJ86RPkUpkxCJJCDSc5SL/700","ipfs://QmWNWmgdMtxpyofvTSVRFjzTugo71Q6WDy3Wq62pCeawUz/700","https://ipfs.io/ipfs/QmWNWmgdMtxpyofvTSVRFjzTugo71Q6WDy3Wq62pCeawUz/700","D:\github\ron-english-light-cult-0001-1000\data\generated\light-cult-image-match-powershell-only\run-20260514-150810\reference-images\Light-Cult-Crypto-Club-00700.png","04070f070f070507","https://opensea.io/assets/ethereum/0xbe85fbd182af91290be7293438ae67549638189f/700","[{""trait_type"":""Background"",""value"":""Mandala 9""},{""trait_type"":""Face"",""value"":""Basic (Pink)""},{""trait_type"":""Hat"",""value"":""Fez - Double Donkey""}]"
"702","00702","","","ipfs://QmXpXg2KDaqtFwFutCx11Lib4BJ86RPkUpkxCJJCDSc5SL/702","https://ipfs.io/ipfs/QmXpXg2KDaqtFwFutCx11Lib4BJ86RPkUpkxCJJCDSc5SL/702","ipfs://QmWNWmgdMtxpyofvTSVRFjzTugo71Q6WDy3Wq62pCeawUz/702","https://ipfs.io/ipfs/QmWNWmgdMtxpyofvTSVRFjzTugo71Q6WDy3Wq62pCeawUz/702","D:\github\ron-english-light-cult-0001-1000\data\generated\light-cult-image-match-powershell-only\run-20260514-150810\reference-images\Light-Cult-Crypto-Club-00702.png","0e0f0f07070f3b27","https://opensea.io/assets/ethereum/0xbe85fbd182af91290be7293438ae67549638189f/702","[{""trait_type"":""Background"",""value"":""Mandala 4""},{""trait_type"":""Face"",""value"":""Smiley Face (Yellow)""},{""trait_type"":""Hat"",""value"":""Police - Skull""},{""trait_type"":""Body"",""value"":""M-16""}]"
"703","00703","","","ipfs://QmXpXg2KDaqtFwFutCx11Lib4BJ86RPkUpkxCJJCDSc5SL/703","https://ipfs.io/ipfs/QmXpXg2KDaqtFwFutCx11Lib4BJ86RPkUpkxCJJCDSc5SL/703","ipfs://QmWNWmgdMtxpyofvTSVRFjzTugo71Q6WDy3Wq62pCeawUz/703","https://ipfs.io/ipfs/QmWNWmgdMtxpyofvTSVRFjzTugo71Q6WDy3Wq62pCeawUz/703","D:\github\ron-english-light-cult-0001-1000\data\generated\light-cult-image-match-powershell-only\run-20260514-150810\reference-images\Light-Cult-Crypto-Club-00703.png","06090913050b1b17","https://opensea.io/assets/ethereum/0xbe85fbd182af91290be7293438ae67549638189f/703","[{""trait_type"":""Background"",""value"":""Mandala 10""},{""trait_type"":""Face"",""value"":""StarSkull Light Blue Face""},{""trait_type"":""Accessory"",""value"":""Winged Sunglasses""},{""trait_type"":""Hat"",""value"":""Beanie Red""},{""trait_type"":""Body"",""value"":""Tanktop Eye""}]"
"705","00705","","","ipfs://QmXpXg2KDaqtFwFutCx11Lib4BJ86RPkUpkxCJJCDSc5SL/705","https://ipfs.io/ipfs/QmXpXg2KDaqtFwFutCx11Lib4BJ86RPkUpkxCJJCDSc5SL/705","ipfs://QmWNWmgdMtxpyofvTSVRFjzTugo71Q6WDy3Wq62pCeawUz/705","https://ipfs.io/ipfs/QmWNWmgdMtxpyofvTSVRFjzTugo71Q6WDy3Wq62pCeawUz/705","D:\github\ron-english-light-cult-0001-1000\data\generated\light-cult-image-match-powershell-only\run-20260514-150810\reference-images\Light-Cult-Crypto-Club-00705.png","46523970715a5246","https://opensea.io/assets/ethereum/0xbe85fbd182af91290be7293438ae67549638189f/705","[{""trait_type"":""Background"",""value"":""Pink""},{""trait_type"":""Face"",""value"":""Basic (Red)""},{""trait_type"":""Accessory"",""value"":""Winged Sunglasses""}]"
"706","00706","","","ipfs://QmXpXg2KDaqtFwFutCx11Lib4BJ86RPkUpkxCJJCDSc5SL/706","https://ipfs.io/ipfs/QmXpXg2KDaqtFwFutCx11Lib4BJ86RPkUpkxCJJCDSc5SL/706","ipfs://QmWNWmgdMtxpyofvTSVRFjzTugo71Q6WDy3Wq62pCeawUz/706","https://ipfs.io/ipfs/QmWNWmgdMtxpyofvTSVRFjzTugo71Q6WDy3Wq62pCeawUz/706","D:\github\ron-english-light-cult-0001-1000\data\generated\light-cult-image-match-powershell-only\run-20260514-150810\reference-images\Light-Cult-Crypto-Club-00706.png","64073931131b1307","https://opensea.io/assets/ethereum/0xbe85fbd182af91290be7293438ae67549638189f/706","[{""trait_type"":""Background"",""value"":""Red""},{""trait_type"":""Face"",""value"":""StarSkull Red Face""},{""trait_type"":""Accessory"",""value"":""Winged Sunglasses""},{""trait_type"":""Hat"",""value"":""Nurse Hat""}]"
"707","00707","","","ipfs://QmXpXg2KDaqtFwFutCx11Lib4BJ86RPkUpkxCJJCDSc5SL/707","https://ipfs.io/ipfs/QmXpXg2KDaqtFwFutCx11Lib4BJ86RPkUpkxCJJCDSc5SL/707","ipfs://QmWNWmgdMtxpyofvTSVRFjzTugo71Q6WDy3Wq62pCeawUz/707","https://ipfs.io/ipfs/QmWNWmgdMtxpyofvTSVRFjzTugo71Q6WDy3Wq62pCeawUz/707","D:\github\ron-english-light-cult-0001-1000\data\generated\light-cult-image-match-powershell-only\run-20260514-150810\reference-images\Light-Cult-Crypto-Club-00707.png","1b3a383070383131","https://opensea.io/assets/ethereum/0xbe85fbd182af91290be7293438ae67549638189f/707","[{""trait_type"":""Background"",""value"":""Rainbow""},{""trait_type"":""Face"",""value"":""Smiley Face (Red)""},{""trait_type"":""Accessory"",""value"":""Butterfly Wings""},{""trait_type"":""Hat"",""value"":""Fez - Machete""},{""trait_type"":""Body"",""value"":""Tanktop Sand""}]"
"708","00708","","","ipfs://QmXpXg2KDaqtFwFutCx11Lib4BJ86RPkUpkxCJJCDSc5SL/708","https://ipfs.io/ipfs/QmXpXg2KDaqtFwFutCx11Lib4BJ86RPkUpkxCJJCDSc5SL/708","ipfs://QmWNWmgdMtxpyofvTSVRFjzTugo71Q6WDy3Wq62pCeawUz/708","https://ipfs.io/ipfs/QmWNWmgdMtxpyofvTSVRFjzTugo71Q6WDy3Wq62pCeawUz/708","D:\github\ron-english-light-cult-0001-1000\data\generated\light-cult-image-match-powershell-only\run-20260514-150810\reference-images\Light-Cult-Crypto-Club-00708.png","4652703039527078","https://opensea.io/assets/ethereum/0xbe85fbd182af91290be7293438ae67549638189f/708","[{""trait_type"":""Background"",""value"":""Pink""},{""trait_type"":""Face"",""value"":""Loch Ness Bowl""},{""trait_type"":""Body"",""value"":""MC Body (Necklace)""}]"
"710","00710","","","ipfs://QmXpXg2KDaqtFwFutCx11Lib4BJ86RPkUpkxCJJCDSc5SL/710","https://ipfs.io/ipfs/QmXpXg2KDaqtFwFutCx11Lib4BJ86RPkUpkxCJJCDSc5SL/710","ipfs://QmWNWmgdMtxpyofvTSVRFjzTugo71Q6WDy3Wq62pCeawUz/710","https://ipfs.io/ipfs/QmWNWmgdMtxpyofvTSVRFjzTugo71Q6WDy3Wq62pCeawUz/710","D:\github\ron-english-light-cult-0001-1000\data\generated\light-cult-image-match-powershell-only\run-20260514-150810\reference-images\Light-Cult-Crypto-Club-00710.png","060f0f07070f3b27","https://opensea.io/assets/ethereum/0xbe85fbd182af91290be7293438ae67549638189f/710","[{""trait_type"":""Background"",""value"":""Mandala 5""},{""trait_type"":""Face"",""value"":""Smiley Face (Yellow)""},{""trait_type"":""Accessory"",""value"":""Winged Sunglasses""},{""trait_type"":""Hat"",""value"":""Police - Brain""},{""trait_type"":""Body"",""value"":""M-16""}]"
"712","00712","","","ipfs://QmXpXg2KDaqtFwFutCx11Lib4BJ86RPkUpkxCJJCDSc5SL/712","https://ipfs.io/ipfs/QmXpXg2KDaqtFwFutCx11Lib4BJ86RPkUpkxCJJCDSc5SL/712","ipfs://QmWNWmgdMtxpyofvTSVRFjzTugo71Q6WDy3Wq62pCeawUz/712","https://ipfs.io/ipfs/QmWNWmgdMtxpyofvTSVRFjzTugo71Q6WDy3Wq62pCeawUz/712","D:\github\ron-english-light-cult-0001-1000\data\generated\light-cult-image-match-powershell-only\run-20260514-150810\reference-images\Light-Cult-Crypto-Club-00712.png","4652b9f070133178","https://opensea.io/assets/ethereum/0xbe85fbd182af91290be7293438ae67549638189f/712","[{""trait_type"":""Background"",""value"":""Yellow""},{""trait_type"":""Face"",""value"":""Basic (Red)""},{""trait_type"":""Accessory"",""value"":""Dragon Wings""},{""trait_type"":""Body"",""value"":""Overalls Brown""}]"
"713","00713","","","ipfs://QmXpXg2KDaqtFwFutCx11Lib4BJ86RPkUpkxCJJCDSc5SL/713","https://ipfs.io/ipfs/QmXpXg2KDaqtFwFutCx11Lib4BJ86RPkUpkxCJJCDSc5SL/713","ipfs://QmWNWmgdMtxpyofvTSVRFjzTugo71Q6WDy3Wq62pCeawUz/713","https://ipfs.io/ipfs/QmWNWmgdMtxpyofvTSVRFjzTugo71Q6WDy3Wq62pCeawUz/713","D:\github\ron-english-light-cult-0001-1000\data\generated\light-cult-image-match-powershell-only\run-20260514-150810\reference-images\Light-Cult-Crypto-Club-00713.png","4607073113131b1b","https://opensea.io/assets/ethereum/0xbe85fbd182af91290be7293438ae67549638189f/713","[{""trait_type"":""Background"",""value"":""Red""},{""trait_type"":""Face"",""value"":""Smiley Face (Pink)""},{""trait_type"":""Hat"",""value"":""Beanie Grey""},{""trait_type"":""Body"",""value"":""Brown Guitar""}]"
"714","00714","","","ipfs://QmXpXg2KDaqtFwFutCx11Lib4BJ86RPkUpkxCJJCDSc5SL/714","https://ipfs.io/ipfs/QmXpXg2KDaqtFwFutCx11Lib4BJ86RPkUpkxCJJCDSc5SL/714","ipfs://QmWNWmgdMtxpyofvTSVRFjzTugo71Q6WDy3Wq62pCeawUz/714","https://ipfs.io/ipfs/QmWNWmgdMtxpyofvTSVRFjzTugo71Q6WDy3Wq62pCeawUz/714","D:\github\ron-english-light-cult-0001-1000\data\generated\light-cult-image-match-powershell-only\run-20260514-150810\reference-images\Light-Cult-Crypto-Club-00714.png","0e0f0707070b1b13","https://opensea.io/assets/ethereum/0xbe85fbd182af91290be7293438ae67549638189f/714","[{""trait_type"":""Background"",""value"":""Mandala 3""},{""trait_type"":""Face"",""value"":""Brain Photo""},{""trait_type"":""Hat"",""value"":""Weed Crown""},{""trait_type"":""Body"",""value"":""Tanktop""}]"
"715","00715","","","ipfs://QmXpXg2KDaqtFwFutCx11Lib4BJ86RPkUpkxCJJCDSc5SL/715","https://ipfs.io/ipfs/QmXpXg2KDaqtFwFutCx11Lib4BJ86RPkUpkxCJJCDSc5SL/715","ipfs://QmWNWmgdMtxpyofvTSVRFjzTugo71Q6WDy3Wq62pCeawUz/715","https://ipfs.io/ipfs/QmWNWmgdMtxpyofvTSVRFjzTugo71Q6WDy3Wq62pCeawUz/715","D:\github\ron-english-light-cult-0001-1000\data\generated\light-cult-image-match-powershell-only\run-20260514-150810\reference-images\Light-Cult-Crypto-Club-00715.png","0b090507050b1b17","https://opensea.io/assets/ethereum/0xbe85fbd182af91290be7293438ae67549638189f/715","[{""trait_type"":""Background"",""value"":""Mandala 1""},{""trait_type"":""Face"",""value"":""Brain Photo""},{""trait_type"":""Body"",""value"":""Tanktop Tree""}]"
"716","00716","","","ipfs://QmXpXg2KDaqtFwFutCx11Lib4BJ86RPkUpkxCJJCDSc5SL/716","https://ipfs.io/ipfs/QmXpXg2KDaqtFwFutCx11Lib4BJ86RPkUpkxCJJCDSc5SL/716","ipfs://QmWNWmgdMtxpyofvTSVRFjzTugo71Q6WDy3Wq62pCeawUz/716","https://ipfs.io/ipfs/QmWNWmgdMtxpyofvTSVRFjzTugo71Q6WDy3Wq62pCeawUz/716","D:\github\ron-english-light-cult-0001-1000\data\generated\light-cult-image-match-powershell-only\run-20260514-150810\reference-images\Light-Cult-Crypto-Club-00716.png","5278703131133178","https://opensea.io/assets/ethereum/0xbe85fbd182af91290be7293438ae67549638189f/716","[{""trait_type"":""Background"",""value"":""Yellow""},{""trait_type"":""Face"",""value"":""Ship n Bowl""},{""trait_type"":""Hat"",""value"":""Helmet - Dino""},{""trait_type"":""Body"",""value"":""Overalls Red""}]"
"717","00717","","","ipfs://QmXpXg2KDaqtFwFutCx11Lib4BJ86RPkUpkxCJJCDSc5SL/717","https://ipfs.io/ipfs/QmXpXg2KDaqtFwFutCx11Lib4BJ86RPkUpkxCJJCDSc5SL/717","ipfs://QmWNWmgdMtxpyofvTSVRFjzTugo71Q6WDy3Wq62pCeawUz/717","https://ipfs.io/ipfs/QmWNWmgdMtxpyofvTSVRFjzTugo71Q6WDy3Wq62pCeawUz/717","D:\github\ron-english-light-cult-0001-1000\data\generated\light-cult-image-match-powershell-only\run-20260514-150810\reference-images\Light-Cult-Crypto-Club-00717.png","0e0f073125071f1f","https://opensea.io/assets/ethereum/0xbe85fbd182af91290be7293438ae67549638189f/717","[{""trait_type"":""Background"",""value"":""Mandala 14""},{""trait_type"":""Face"",""value"":""StarSkull Red Face""},{""trait_type"":""Accessory"",""value"":""Dragon Wings""},{""trait_type"":""Body"",""value"":""Brown Guitar""}]"
"719","00719","","","ipfs://QmXpXg2KDaqtFwFutCx11Lib4BJ86RPkUpkxCJJCDSc5SL/719","https://ipfs.io/ipfs/QmXpXg2KDaqtFwFutCx11Lib4BJ86RPkUpkxCJJCDSc5SL/719","ipfs://QmWNWmgdMtxpyofvTSVRFjzTugo71Q6WDy3Wq62pCeawUz/719","https://ipfs.io/ipfs/QmWNWmgdMtxpyofvTSVRFjzTugo71Q6WDy3Wq62pCeawUz/719","D:\github\ron-english-light-cult-0001-1000\data\generated\light-cult-image-match-powershell-only\run-20260514-150810\reference-images\Light-Cult-Crypto-Club-00719.png","06070f3131070f07","https://opensea.io/assets/ethereum/0xbe85fbd182af91290be7293438ae67549638189f/719","[{""trait_type"":""Background"",""value"":""Mandala 22""},{""trait_type"":""Face"",""value"":""Smiley Face (Red)""}]"
"721","00721","","","ipfs://QmXpXg2KDaqtFwFutCx11Lib4BJ86RPkUpkxCJJCDSc5SL/721","https://ipfs.io/ipfs/QmXpXg2KDaqtFwFutCx11Lib4BJ86RPkUpkxCJJCDSc5SL/721","ipfs://QmWNWmgdMtxpyofvTSVRFjzTugo71Q6WDy3Wq62pCeawUz/721","https://ipfs.io/ipfs/QmWNWmgdMtxpyofvTSVRFjzTugo71Q6WDy3Wq62pCeawUz/721","D:\github\ron-english-light-cult-0001-1000\data\generated\light-cult-image-match-powershell-only\run-20260514-150810\reference-images\Light-Cult-Crypto-Club-00721.png","0707393030317064","https://opensea.io/assets/ethereum/0xbe85fbd182af91290be7293438ae67549638189f/721","[{""trait_type"":""Background"",""value"":""Rainbow""},{""trait_type"":""Face"",""value"":""Basic (Red)""},{""trait_type"":""Accessory"",""value"":""Goblin Ears""},{""trait_type"":""Body"",""value"":""Snake Cage""}]"
"722","00722","","","ipfs://QmXpXg2KDaqtFwFutCx11Lib4BJ86RPkUpkxCJJCDSc5SL/722","https://ipfs.io/ipfs/QmXpXg2KDaqtFwFutCx11Lib4BJ86RPkUpkxCJJCDSc5SL/722","ipfs://QmWNWmgdMtxpyofvTSVRFjzTugo71Q6WDy3Wq62pCeawUz/722","https://ipfs.io/ipfs/QmWNWmgdMtxpyofvTSVRFjzTugo71Q6WDy3Wq62pCeawUz/722","D:\github\ron-english-light-cult-0001-1000\data\generated\light-cult-image-match-powershell-only\run-20260514-150810\reference-images\Light-Cult-Crypto-Club-00722.png","06090d0d0d0b1b17","https://opensea.io/assets/ethereum/0xbe85fbd182af91290be7293438ae67549638189f/722","[{""trait_type"":""Background"",""value"":""Mandala 2""},{""trait_type"":""Face"",""value"":""Smiley Face (Pink)""},{""trait_type"":""Body"",""value"":""Tanktop Eye""}]"
"723","00723","","","ipfs://QmXpXg2KDaqtFwFutCx11Lib4BJ86RPkUpkxCJJCDSc5SL/723","https://ipfs.io/ipfs/QmXpXg2KDaqtFwFutCx11Lib4BJ86RPkUpkxCJJCDSc5SL/723","ipfs://QmWNWmgdMtxpyofvTSVRFjzTugo71Q6WDy3Wq62pCeawUz/723","https://ipfs.io/ipfs/QmWNWmgdMtxpyofvTSVRFjzTugo71Q6WDy3Wq62pCeawUz/723","D:\github\ron-english-light-cult-0001-1000\data\generated\light-cult-image-match-powershell-only\run-20260514-150810\reference-images\Light-Cult-Crypto-Club-00723.png","04070f07070f0f0f","https://opensea.io/assets/ethereum/0xbe85fbd182af91290be7293438ae67549638189f/723","[{""trait_type"":""Background"",""value"":""Mandala 4""},{""trait_type"":""Face"",""value"":""Basic (Yellow)""},{""trait_type"":""Hat"",""value"":""Fez - Heart Lady""},{""trait_type"":""Body"",""value"":""Sweater Scarf""}]"
"724","00724","","","ipfs://QmXpXg2KDaqtFwFutCx11Lib4BJ86RPkUpkxCJJCDSc5SL/724","https://ipfs.io/ipfs/QmXpXg2KDaqtFwFutCx11Lib4BJ86RPkUpkxCJJCDSc5SL/724","ipfs://QmWNWmgdMtxpyofvTSVRFjzTugo71Q6WDy3Wq62pCeawUz/724","https://ipfs.io/ipfs/QmWNWmgdMtxpyofvTSVRFjzTugo71Q6WDy3Wq62pCeawUz/724","D:\github\ron-english-light-cult-0001-1000\data\generated\light-cult-image-match-powershell-only\run-20260514-150810\reference-images\Light-Cult-Crypto-Club-00724.png","010d0f190f070707","https://opensea.io/assets/ethereum/0xbe85fbd182af91290be7293438ae67549638189f/724","[{""trait_type"":""Status"",""value"":""Rare""},{""trait_type"":""Collection"",""value"":""Slot Bulb""},{""trait_type"":""Variant"",""value"":""SB - V4""}]"
"726","00726","","","ipfs://QmXpXg2KDaqtFwFutCx11Lib4BJ86RPkUpkxCJJCDSc5SL/726","https://ipfs.io/ipfs/QmXpXg2KDaqtFwFutCx11Lib4BJ86RPkUpkxCJJCDSc5SL/726","ipfs://QmWNWmgdMtxpyofvTSVRFjzTugo71Q6WDy3Wq62pCeawUz/726","https://ipfs.io/ipfs/QmWNWmgdMtxpyofvTSVRFjzTugo71Q6WDy3Wq62pCeawUz/726","D:\github\ron-english-light-cult-0001-1000\data\generated\light-cult-image-match-powershell-only\run-20260514-150810\reference-images\Light-Cult-Crypto-Club-00726.png","04070f0707070f07","https://opensea.io/assets/ethereum/0xbe85fbd182af91290be7293438ae67549638189f/726","[{""trait_type"":""Background"",""value"":""Mandala 3""},{""trait_type"":""Face"",""value"":""Smiley Face (Pink)""},{""trait_type"":""Hat"",""value"":""Fez - Machete""}]"
"729","00729","","","ipfs://QmXpXg2KDaqtFwFutCx11Lib4BJ86RPkUpkxCJJCDSc5SL/729","https://ipfs.io/ipfs/QmXpXg2KDaqtFwFutCx11Lib4BJ86RPkUpkxCJJCDSc5SL/729","ipfs://QmWNWmgdMtxpyofvTSVRFjzTugo71Q6WDy3Wq62pCeawUz/729","https://ipfs.io/ipfs/QmWNWmgdMtxpyofvTSVRFjzTugo71Q6WDy3Wq62pCeawUz/729","D:\github\ron-english-light-cult-0001-1000\data\generated\light-cult-image-match-powershell-only\run-20260514-150810\reference-images\Light-Cult-Crypto-Club-00729.png","040f070f0f050707","https://opensea.io/assets/ethereum/0xbe85fbd182af91290be7293438ae67549638189f/729","[{""trait_type"":""Background"",""value"":""Mandala 9""},{""trait_type"":""Face"",""value"":""StarSkull Black/Metallic""},{""trait_type"":""Accessory"",""value"":""Goggles""},{""trait_type"":""Body"",""value"":""Light Bulb Rib""}]"
"730","00730","","","ipfs://QmXpXg2KDaqtFwFutCx11Lib4BJ86RPkUpkxCJJCDSc5SL/730","https://ipfs.io/ipfs/QmXpXg2KDaqtFwFutCx11Lib4BJ86RPkUpkxCJJCDSc5SL/730","ipfs://QmWNWmgdMtxpyofvTSVRFjzTugo71Q6WDy3Wq62pCeawUz/730","https://ipfs.io/ipfs/QmWNWmgdMtxpyofvTSVRFjzTugo71Q6WDy3Wq62pCeawUz/730","D:\github\ron-english-light-cult-0001-1000\data\generated\light-cult-image-match-powershell-only\run-20260514-150810\reference-images\Light-Cult-Crypto-Club-00730.png","0f1a323030383917","https://opensea.io/assets/ethereum/0xbe85fbd182af91290be7293438ae67549638189f/730","[{""trait_type"":""Background"",""value"":""Rainbow""},{""trait_type"":""Face"",""value"":""Basic (Red)""},{""trait_type"":""Hat"",""value"":""Carosoul Crown""},{""trait_type"":""Body"",""value"":""Tanktop Mermaid""}]"
"731","00731","","","ipfs://QmXpXg2KDaqtFwFutCx11Lib4BJ86RPkUpkxCJJCDSc5SL/731","https://ipfs.io/ipfs/QmXpXg2KDaqtFwFutCx11Lib4BJ86RPkUpkxCJJCDSc5SL/731","ipfs://QmWNWmgdMtxpyofvTSVRFjzTugo71Q6WDy3Wq62pCeawUz/731","https://ipfs.io/ipfs/QmWNWmgdMtxpyofvTSVRFjzTugo71Q6WDy3Wq62pCeawUz/731","D:\github\ron-english-light-cult-0001-1000\data\generated\light-cult-image-match-powershell-only\run-20260514-150810\reference-images\Light-Cult-Crypto-Club-00731.png","0607070f0f07070f","https://opensea.io/assets/ethereum/0xbe85fbd182af91290be7293438ae67549638189f/731","[{""trait_type"":""Background"",""value"":""Mandala 2""},{""trait_type"":""Face"",""value"":""Diaper Mask""},{""trait_type"":""Hat"",""value"":""Carosoul Crown""}]"
"732","00732","","","ipfs://QmXpXg2KDaqtFwFutCx11Lib4BJ86RPkUpkxCJJCDSc5SL/732","https://ipfs.io/ipfs/QmXpXg2KDaqtFwFutCx11Lib4BJ86RPkUpkxCJJCDSc5SL/732","ipfs://QmWNWmgdMtxpyofvTSVRFjzTugo71Q6WDy3Wq62pCeawUz/732","https://ipfs.io/ipfs/QmWNWmgdMtxpyofvTSVRFjzTugo71Q6WDy3Wq62pCeawUz/732","D:\github\ron-english-light-cult-0001-1000\data\generated\light-cult-image-match-powershell-only\run-20260514-150810\reference-images\Light-Cult-Crypto-Club-00732.png","4e0f311e1b131b17","https://opensea.io/assets/ethereum/0xbe85fbd182af91290be7293438ae67549638189f/732","[{""trait_type"":""Background"",""value"":""Red""},{""trait_type"":""Face"",""value"":""Smiley Face (Red)""},{""trait_type"":""Accessory"",""value"":""Goggles""},{""trait_type"":""Body"",""value"":""Tanktop Sand""}]"
"737","00737","","","ipfs://QmXpXg2KDaqtFwFutCx11Lib4BJ86RPkUpkxCJJCDSc5SL/737","https://ipfs.io/ipfs/QmXpXg2KDaqtFwFutCx11Lib4BJ86RPkUpkxCJJCDSc5SL/737","ipfs://QmWNWmgdMtxpyofvTSVRFjzTugo71Q6WDy3Wq62pCeawUz/737","https://ipfs.io/ipfs/QmWNWmgdMtxpyofvTSVRFjzTugo71Q6WDy3Wq62pCeawUz/737","D:\github\ron-english-light-cult-0001-1000\data\generated\light-cult-image-match-powershell-only\run-20260514-150810\reference-images\Light-Cult-Crypto-Club-00737.png","5a1b393131323930","https://opensea.io/assets/ethereum/0xbe85fbd182af91290be7293438ae67549638189f/737","[{""trait_type"":""Background"",""value"":""Light Blue""},{""trait_type"":""Face"",""value"":""Brain""},{""trait_type"":""Hat"",""value"":""Fez - Heart Lady""},{""trait_type"":""Body"",""value"":""Tanktop""}]"
"738","00738","","","ipfs://QmXpXg2KDaqtFwFutCx11Lib4BJ86RPkUpkxCJJCDSc5SL/738","https://ipfs.io/ipfs/QmXpXg2KDaqtFwFutCx11Lib4BJ86RPkUpkxCJJCDSc5SL/738","ipfs://QmWNWmgdMtxpyofvTSVRFjzTugo71Q6WDy3Wq62pCeawUz/738","https://gateway.pinata.cloud/ipfs/QmWNWmgdMtxpyofvTSVRFjzTugo71Q6WDy3Wq62pCeawUz/738","D:\github\ron-english-light-cult-0001-1000\data\generated\light-cult-image-match-powershell-only\run-20260514-150810\reference-images\Light-Cult-Crypto-Club-00738.png","0e07070707070f0f","https://opensea.io/assets/ethereum/0xbe85fbd182af91290be7293438ae67549638189f/738","[{""trait_type"":""Background"",""value"":""Mandala 25""},{""trait_type"":""Face"",""value"":""Basic (Pink)""},{""trait_type"":""Body"",""value"":""Dino Body""}]"
"739","00739","","","ipfs://QmXpXg2KDaqtFwFutCx11Lib4BJ86RPkUpkxCJJCDSc5SL/739","https://ipfs.io/ipfs/QmXpXg2KDaqtFwFutCx11Lib4BJ86RPkUpkxCJJCDSc5SL/739","ipfs://QmWNWmgdMtxpyofvTSVRFjzTugo71Q6WDy3Wq62pCeawUz/739","https://ipfs.io/ipfs/QmWNWmgdMtxpyofvTSVRFjzTugo71Q6WDy3Wq62pCeawUz/739","D:\github\ron-english-light-cult-0001-1000\data\generated\light-cult-image-match-powershell-only\run-20260514-150810\reference-images\Light-Cult-Crypto-Club-00739.png","040f0f070f0f0507","https://opensea.io/assets/ethereum/0xbe85fbd182af91290be7293438ae67549638189f/739","[{""trait_type"":""Background"",""value"":""Mandala 20""},{""trait_type"":""Face"",""value"":""Gun Mouth""},{""trait_type"":""Hat"",""value"":""Helmet - Yellow""}]"
"740","00740","","","ipfs://QmXpXg2KDaqtFwFutCx11Lib4BJ86RPkUpkxCJJCDSc5SL/740","https://ipfs.io/ipfs/QmXpXg2KDaqtFwFutCx11Lib4BJ86RPkUpkxCJJCDSc5SL/740","ipfs://QmWNWmgdMtxpyofvTSVRFjzTugo71Q6WDy3Wq62pCeawUz/740","https://ipfs.io/ipfs/QmWNWmgdMtxpyofvTSVRFjzTugo71Q6WDy3Wq62pCeawUz/740","D:\github\ron-english-light-cult-0001-1000\data\generated\light-cult-image-match-powershell-only\run-20260514-150810\reference-images\Light-Cult-Crypto-Club-00740.png","0006060f040c0f1f","https://opensea.io/assets/ethereum/0xbe85fbd182af91290be7293438ae67549638189f/740","[{""trait_type"":""Background"",""value"":""Black""},{""trait_type"":""Face"",""value"":""Ice Cream Face""},{""trait_type"":""Hat"",""value"":""Beanie Red""},{""trait_type"":""Body"",""value"":""Woodstock Guitar""}]"
"741","00741","","","ipfs://QmXpXg2KDaqtFwFutCx11Lib4BJ86RPkUpkxCJJCDSc5SL/741","https://ipfs.io/ipfs/QmXpXg2KDaqtFwFutCx11Lib4BJ86RPkUpkxCJJCDSc5SL/741","ipfs://QmWNWmgdMtxpyofvTSVRFjzTugo71Q6WDy3Wq62pCeawUz/741","https://ipfs.io/ipfs/QmWNWmgdMtxpyofvTSVRFjzTugo71Q6WDy3Wq62pCeawUz/741","D:\github\ron-english-light-cult-0001-1000\data\generated\light-cult-image-match-powershell-only\run-20260514-150810\reference-images\Light-Cult-Crypto-Club-00741.png","444e303119327a70","https://opensea.io/assets/ethereum/0xbe85fbd182af91290be7293438ae67549638189f/741","[{""trait_type"":""Background"",""value"":""Yellow""},{""trait_type"":""Face"",""value"":""Blue Mask""},{""trait_type"":""Body"",""value"":""Brown Guitar""}]"
"743","00743","","","ipfs://QmXpXg2KDaqtFwFutCx11Lib4BJ86RPkUpkxCJJCDSc5SL/743","https://ipfs.io/ipfs/QmXpXg2KDaqtFwFutCx11Lib4BJ86RPkUpkxCJJCDSc5SL/743","ipfs://QmWNWmgdMtxpyofvTSVRFjzTugo71Q6WDy3Wq62pCeawUz/743","https://ipfs.io/ipfs/QmWNWmgdMtxpyofvTSVRFjzTugo71Q6WDy3Wq62pCeawUz/743","D:\github\ron-english-light-cult-0001-1000\data\generated\light-cult-image-match-powershell-only\run-20260514-150810\reference-images\Light-Cult-Crypto-Club-00743.png","46170d2d31133119","https://opensea.io/assets/ethereum/0xbe85fbd182af91290be7293438ae67549638189f/743","[{""trait_type"":""Background"",""value"":""Light Blue""},{""trait_type"":""Face"",""value"":""Quack Bowl""},{""trait_type"":""Body"",""value"":""MC Body (Necklace)""}]"
"744","00744","","","ipfs://QmXpXg2KDaqtFwFutCx11Lib4BJ86RPkUpkxCJJCDSc5SL/744","https://ipfs.io/ipfs/QmXpXg2KDaqtFwFutCx11Lib4BJ86RPkUpkxCJJCDSc5SL/744","ipfs://QmWNWmgdMtxpyofvTSVRFjzTugo71Q6WDy3Wq62pCeawUz/744","https://ipfs.io/ipfs/QmWNWmgdMtxpyofvTSVRFjzTugo71Q6WDy3Wq62pCeawUz/744","D:\github\ron-english-light-cult-0001-1000\data\generated\light-cult-image-match-powershell-only\run-20260514-150810\reference-images\Light-Cult-Crypto-Club-00744.png","0006060704040f1f","https://opensea.io/assets/ethereum/0xbe85fbd182af91290be7293438ae67549638189f/744","[{""trait_type"":""Background"",""value"":""Black""},{""trait_type"":""Face"",""value"":""Basic (Yellow)""},{""trait_type"":""Hat"",""value"":""Beanie Grey""},{""trait_type"":""Body"",""value"":""Woodstock Guitar""}]"
"745","00745","","","ipfs://QmXpXg2KDaqtFwFutCx11Lib4BJ86RPkUpkxCJJCDSc5SL/745","https://ipfs.io/ipfs/QmXpXg2KDaqtFwFutCx11Lib4BJ86RPkUpkxCJJCDSc5SL/745","ipfs://QmWNWmgdMtxpyofvTSVRFjzTugo71Q6WDy3Wq62pCeawUz/745","https://ipfs.io/ipfs/QmWNWmgdMtxpyofvTSVRFjzTugo71Q6WDy3Wq62pCeawUz/745","D:\github\ron-english-light-cult-0001-1000\data\generated\light-cult-image-match-powershell-only\run-20260514-150810\reference-images\Light-Cult-Crypto-Club-00745.png","0a0707131313070f","https://opensea.io/assets/ethereum/0xbe85fbd182af91290be7293438ae67549638189f/745","[{""trait_type"":""Background"",""value"":""Mandala 5""},{""trait_type"":""Face"",""value"":""Smiley Face (Light Blue)""},{""trait_type"":""Hat"",""value"":""Beanie Grey""},{""trait_type"":""Body"",""value"":""Overalls Brown""}]"
"747","00747","","","ipfs://QmXpXg2KDaqtFwFutCx11Lib4BJ86RPkUpkxCJJCDSc5SL/747","https://ipfs.io/ipfs/QmXpXg2KDaqtFwFutCx11Lib4BJ86RPkUpkxCJJCDSc5SL/747","ipfs://QmWNWmgdMtxpyofvTSVRFjzTugo71Q6WDy3Wq62pCeawUz/747","https://ipfs.io/ipfs/QmWNWmgdMtxpyofvTSVRFjzTugo71Q6WDy3Wq62pCeawUz/747","D:\github\ron-english-light-cult-0001-1000\data\generated\light-cult-image-match-powershell-only\run-20260514-150810\reference-images\Light-Cult-Crypto-Club-00747.png","5a1b393131131307","https://opensea.io/assets/ethereum/0xbe85fbd182af91290be7293438ae67549638189f/747","[{""trait_type"":""Background"",""value"":""Light Blue""},{""trait_type"":""Face"",""value"":""Smiley Face (Light Blue)""},{""trait_type"":""Hat"",""value"":""Fez - Heart Cage""}]"
"748","00748","","","ipfs://QmXpXg2KDaqtFwFutCx11Lib4BJ86RPkUpkxCJJCDSc5SL/748","https://ipfs.io/ipfs/QmXpXg2KDaqtFwFutCx11Lib4BJ86RPkUpkxCJJCDSc5SL/748","ipfs://QmWNWmgdMtxpyofvTSVRFjzTugo71Q6WDy3Wq62pCeawUz/748","https://ipfs.io/ipfs/QmWNWmgdMtxpyofvTSVRFjzTugo71Q6WDy3Wq62pCeawUz/748","D:\github\ron-english-light-cult-0001-1000\data\generated\light-cult-image-match-powershell-only\run-20260514-150810\reference-images\Light-Cult-Crypto-Club-00748.png","0607071313070f07","https://opensea.io/assets/ethereum/0xbe85fbd182af91290be7293438ae67549638189f/748","[{""trait_type"":""Background"",""value"":""Mandala 5""},{""trait_type"":""Face"",""value"":""StarSkull Light Blue Face""},{""trait_type"":""Accessory"",""value"":""Winged Sunglasses""},{""trait_type"":""Body"",""value"":""Dino Body""}]"
"749","00749","","","ipfs://QmXpXg2KDaqtFwFutCx11Lib4BJ86RPkUpkxCJJCDSc5SL/749","https://ipfs.io/ipfs/QmXpXg2KDaqtFwFutCx11Lib4BJ86RPkUpkxCJJCDSc5SL/749","ipfs://QmWNWmgdMtxpyofvTSVRFjzTugo71Q6WDy3Wq62pCeawUz/749","https://ipfs.io/ipfs/QmWNWmgdMtxpyofvTSVRFjzTugo71Q6WDy3Wq62pCeawUz/749","D:\github\ron-english-light-cult-0001-1000\data\generated\light-cult-image-match-powershell-only\run-20260514-150810\reference-images\Light-Cult-Crypto-Club-00749.png","4e66934476721818","https://opensea.io/assets/ethereum/0xbe85fbd182af91290be7293438ae67549638189f/749","[{""trait_type"":""Status"",""value"":""Rare""},{""trait_type"":""Collection"",""value"":""Mouse Mask Bigwheel""},{""trait_type"":""Variant"",""value"":""MMB - V8""}]"
"750","00750","","","ipfs://QmXpXg2KDaqtFwFutCx11Lib4BJ86RPkUpkxCJJCDSc5SL/750","https://ipfs.io/ipfs/QmXpXg2KDaqtFwFutCx11Lib4BJ86RPkUpkxCJJCDSc5SL/750","ipfs://QmWNWmgdMtxpyofvTSVRFjzTugo71Q6WDy3Wq62pCeawUz/750","https://ipfs.io/ipfs/QmWNWmgdMtxpyofvTSVRFjzTugo71Q6WDy3Wq62pCeawUz/750","D:\github\ron-english-light-cult-0001-1000\data\generated\light-cult-image-match-powershell-only\run-20260514-150810\reference-images\Light-Cult-Crypto-Club-00750.png","0006060606040e06","https://opensea.io/assets/ethereum/0xbe85fbd182af91290be7293438ae67549638189f/750","[{""trait_type"":""Background"",""value"":""Black""},{""trait_type"":""Face"",""value"":""Smiley Face (Light Blue)""},{""trait_type"":""Hat"",""value"":""Beanie Red""},{""trait_type"":""Body"",""value"":""MC Body (Necklace)""}]"
"752","00752","","","ipfs://QmXpXg2KDaqtFwFutCx11Lib4BJ86RPkUpkxCJJCDSc5SL/752","https://ipfs.io/ipfs/QmXpXg2KDaqtFwFutCx11Lib4BJ86RPkUpkxCJJCDSc5SL/752","ipfs://QmWNWmgdMtxpyofvTSVRFjzTugo71Q6WDy3Wq62pCeawUz/752","https://ipfs.io/ipfs/QmWNWmgdMtxpyofvTSVRFjzTugo71Q6WDy3Wq62pCeawUz/752","D:\github\ron-english-light-cult-0001-1000\data\generated\light-cult-image-match-powershell-only\run-20260514-150810\reference-images\Light-Cult-Crypto-Club-00752.png","0b090d29390b1b17","https://opensea.io/assets/ethereum/0xbe85fbd182af91290be7293438ae67549638189f/752","[{""trait_type"":""Background"",""value"":""Mandala 1""},{""trait_type"":""Face"",""value"":""Smiley Face (Red)""},{""trait_type"":""Body"",""value"":""Tanktop Tree""}]"
"753","00753","","","ipfs://QmXpXg2KDaqtFwFutCx11Lib4BJ86RPkUpkxCJJCDSc5SL/753","https://ipfs.io/ipfs/QmXpXg2KDaqtFwFutCx11Lib4BJ86RPkUpkxCJJCDSc5SL/753","ipfs://QmWNWmgdMtxpyofvTSVRFjzTugo71Q6WDy3Wq62pCeawUz/753","https://ipfs.io/ipfs/QmWNWmgdMtxpyofvTSVRFjzTugo71Q6WDy3Wq62pCeawUz/753","D:\github\ron-english-light-cult-0001-1000\data\generated\light-cult-image-match-powershell-only\run-20260514-150810\reference-images\Light-Cult-Crypto-Club-00753.png","070707070f050707","https://opensea.io/assets/ethereum/0xbe85fbd182af91290be7293438ae67549638189f/753","[{""trait_type"":""Background"",""value"":""Mandala 9""},{""trait_type"":""Face"",""value"":""Basic (Light Blue)""},{""trait_type"":""Accessory"",""value"":""Groucho Glasses""},{""trait_type"":""Hat"",""value"":""Liberty Crown""},{""trait_type"":""Body"",""value"":""Mc Body""}]"
"754","00754","","","ipfs://QmXpXg2KDaqtFwFutCx11Lib4BJ86RPkUpkxCJJCDSc5SL/754","https://ipfs.io/ipfs/QmXpXg2KDaqtFwFutCx11Lib4BJ86RPkUpkxCJJCDSc5SL/754","ipfs://QmWNWmgdMtxpyofvTSVRFjzTugo71Q6WDy3Wq62pCeawUz/754","https://ipfs.io/ipfs/QmWNWmgdMtxpyofvTSVRFjzTugo71Q6WDy3Wq62pCeawUz/754","D:\github\ron-english-light-cult-0001-1000\data\generated\light-cult-image-match-powershell-only\run-20260514-150810\reference-images\Light-Cult-Crypto-Club-00754.png","0e0707070f071f1f","https://opensea.io/assets/ethereum/0xbe85fbd182af91290be7293438ae67549638189f/754","[{""trait_type"":""Background"",""value"":""Mandala 10""},{""trait_type"":""Face"",""value"":""White Mask""},{""trait_type"":""Body"",""value"":""Brown Guitar""}]"
"755","00755","","","ipfs://QmXpXg2KDaqtFwFutCx11Lib4BJ86RPkUpkxCJJCDSc5SL/755","https://ipfs.io/ipfs/QmXpXg2KDaqtFwFutCx11Lib4BJ86RPkUpkxCJJCDSc5SL/755","ipfs://QmWNWmgdMtxpyofvTSVRFjzTugo71Q6WDy3Wq62pCeawUz/755","https://ipfs.io/ipfs/QmWNWmgdMtxpyofvTSVRFjzTugo71Q6WDy3Wq62pCeawUz/755","D:\github\ron-english-light-cult-0001-1000\data\generated\light-cult-image-match-powershell-only\run-20260514-150810\reference-images\Light-Cult-Crypto-Club-00755.png","4e1b1b0707070735","https://opensea.io/assets/ethereum/0xbe85fbd182af91290be7293438ae67549638189f/755","[{""trait_type"":""Status"",""value"":""Rare""},{""trait_type"":""Collection"",""value"":""Chicken Body""},{""trait_type"":""Variant"",""value"":""1O - V9""}]"
"756","00756","","","ipfs://QmXpXg2KDaqtFwFutCx11Lib4BJ86RPkUpkxCJJCDSc5SL/756","https://ipfs.io/ipfs/QmXpXg2KDaqtFwFutCx11Lib4BJ86RPkUpkxCJJCDSc5SL/756","ipfs://QmWNWmgdMtxpyofvTSVRFjzTugo71Q6WDy3Wq62pCeawUz/756","https://ipfs.io/ipfs/QmWNWmgdMtxpyofvTSVRFjzTugo71Q6WDy3Wq62pCeawUz/756","D:\github\ron-english-light-cult-0001-1000\data\generated\light-cult-image-match-powershell-only\run-20260514-150810\reference-images\Light-Cult-Crypto-Club-00756.png","5a1b0f2d03121317","https://opensea.io/assets/ethereum/0xbe85fbd182af91290be7293438ae67549638189f/756","[{""trait_type"":""Background"",""value"":""Red""},{""trait_type"":""Face"",""value"":""Ugly Ed""},{""trait_type"":""Hat"",""value"":""Fez - Heart Cage""},{""trait_type"":""Body"",""value"":""LightBulb Guitar""}]"
"757","00757","","","ipfs://QmXpXg2KDaqtFwFutCx11Lib4BJ86RPkUpkxCJJCDSc5SL/757","https://ipfs.io/ipfs/QmXpXg2KDaqtFwFutCx11Lib4BJ86RPkUpkxCJJCDSc5SL/757","ipfs://QmWNWmgdMtxpyofvTSVRFjzTugo71Q6WDy3Wq62pCeawUz/757","https://ipfs.io/ipfs/QmWNWmgdMtxpyofvTSVRFjzTugo71Q6WDy3Wq62pCeawUz/757","D:\github\ron-english-light-cult-0001-1000\data\generated\light-cult-image-match-powershell-only\run-20260514-150810\reference-images\Light-Cult-Crypto-Club-00757.png","5a78292c311b5246","https://opensea.io/assets/ethereum/0xbe85fbd182af91290be7293438ae67549638189f/757","[{""trait_type"":""Background"",""value"":""Yellow""},{""trait_type"":""Face"",""value"":""Quack Bowl""},{""trait_type"":""Hat"",""value"":""Cowboy Hat""}]"
"758","00758","","","ipfs://QmXpXg2KDaqtFwFutCx11Lib4BJ86RPkUpkxCJJCDSc5SL/758","https://ipfs.io/ipfs/QmXpXg2KDaqtFwFutCx11Lib4BJ86RPkUpkxCJJCDSc5SL/758","ipfs://QmWNWmgdMtxpyofvTSVRFjzTugo71Q6WDy3Wq62pCeawUz/758","https://ipfs.io/ipfs/QmWNWmgdMtxpyofvTSVRFjzTugo71Q6WDy3Wq62pCeawUz/758","D:\github\ron-english-light-cult-0001-1000\data\generated\light-cult-image-match-powershell-only\run-20260514-150810\reference-images\Light-Cult-Crypto-Club-00758.png","040607131707070f","https://opensea.io/assets/ethereum/0xbe85fbd182af91290be7293438ae67549638189f/758","[{""trait_type"":""Background"",""value"":""Mandala 8""},{""trait_type"":""Face"",""value"":""Basic (Red)""},{""trait_type"":""Hat"",""value"":""Fez - Heart Cage""},{""trait_type"":""Body"",""value"":""Red Guitar""}]"
"759","00759","","","ipfs://QmXpXg2KDaqtFwFutCx11Lib4BJ86RPkUpkxCJJCDSc5SL/759","https://ipfs.io/ipfs/QmXpXg2KDaqtFwFutCx11Lib4BJ86RPkUpkxCJJCDSc5SL/759","ipfs://QmWNWmgdMtxpyofvTSVRFjzTugo71Q6WDy3Wq62pCeawUz/759","https://ipfs.io/ipfs/QmWNWmgdMtxpyofvTSVRFjzTugo71Q6WDy3Wq62pCeawUz/759","D:\github\ron-english-light-cult-0001-1000\data\generated\light-cult-image-match-powershell-only\run-20260514-150810\reference-images\Light-Cult-Crypto-Club-00759.png","465a303139193868","https://opensea.io/assets/ethereum/0xbe85fbd182af91290be7293438ae67549638189f/759","[{""trait_type"":""Background"",""value"":""Yellow""},{""trait_type"":""Face"",""value"":""Whale Bowl""},{""trait_type"":""Hat"",""value"":""Beanie Red""},{""trait_type"":""Body"",""value"":""Sweater Scarf""}]"
"760","00760","","","ipfs://QmXpXg2KDaqtFwFutCx11Lib4BJ86RPkUpkxCJJCDSc5SL/760","https://ipfs.io/ipfs/QmXpXg2KDaqtFwFutCx11Lib4BJ86RPkUpkxCJJCDSc5SL/760","ipfs://QmWNWmgdMtxpyofvTSVRFjzTugo71Q6WDy3Wq62pCeawUz/760","https://ipfs.io/ipfs/QmWNWmgdMtxpyofvTSVRFjzTugo71Q6WDy3Wq62pCeawUz/760","D:\github\ron-english-light-cult-0001-1000\data\generated\light-cult-image-match-powershell-only\run-20260514-150810\reference-images\Light-Cult-Crypto-Club-00760.png","46073131311b1307","https://opensea.io/assets/ethereum/0xbe85fbd182af91290be7293438ae67549638189f/760","[{""trait_type"":""Background"",""value"":""Light Blue""},{""trait_type"":""Face"",""value"":""Basic (Light Blue)""},{""trait_type"":""Accessory"",""value"":""Eyeball Earrings""}]"
"762","00762","","","ipfs://QmXpXg2KDaqtFwFutCx11Lib4BJ86RPkUpkxCJJCDSc5SL/762","https://ipfs.io/ipfs/QmXpXg2KDaqtFwFutCx11Lib4BJ86RPkUpkxCJJCDSc5SL/762","ipfs://QmWNWmgdMtxpyofvTSVRFjzTugo71Q6WDy3Wq62pCeawUz/762","https://ipfs.io/ipfs/QmWNWmgdMtxpyofvTSVRFjzTugo71Q6WDy3Wq62pCeawUz/762","D:\github\ron-english-light-cult-0001-1000\data\generated\light-cult-image-match-powershell-only\run-20260514-150810\reference-images\Light-Cult-Crypto-Club-00762.png","5270644646074664","https://opensea.io/assets/ethereum/0xbe85fbd182af91290be7293438ae67549638189f/762","[{""trait_type"":""Status"",""value"":""Rare""},{""trait_type"":""Collection"",""value"":""Starfish""},{""trait_type"":""Variant"",""value"":""PK - 3""}]"
"763","00763","","","ipfs://QmXpXg2KDaqtFwFutCx11Lib4BJ86RPkUpkxCJJCDSc5SL/763","https://ipfs.io/ipfs/QmXpXg2KDaqtFwFutCx11Lib4BJ86RPkUpkxCJJCDSc5SL/763","ipfs://QmWNWmgdMtxpyofvTSVRFjzTugo71Q6WDy3Wq62pCeawUz/763","https://ipfs.io/ipfs/QmWNWmgdMtxpyofvTSVRFjzTugo71Q6WDy3Wq62pCeawUz/763","D:\github\ron-english-light-cult-0001-1000\data\generated\light-cult-image-match-powershell-only\run-20260514-150810\reference-images\Light-Cult-Crypto-Club-00763.png","000607070725312f","https://opensea.io/assets/ethereum/0xbe85fbd182af91290be7293438ae67549638189f/763","[{""trait_type"":""Background"",""value"":""Mandala 8""},{""trait_type"":""Face"",""value"":""Basic (Yellow)""},{""trait_type"":""Body"",""value"":""Star Skull Body - Yellow""}]"
"765","00765","","","ipfs://QmXpXg2KDaqtFwFutCx11Lib4BJ86RPkUpkxCJJCDSc5SL/765","https://ipfs.io/ipfs/QmXpXg2KDaqtFwFutCx11Lib4BJ86RPkUpkxCJJCDSc5SL/765","ipfs://QmWNWmgdMtxpyofvTSVRFjzTugo71Q6WDy3Wq62pCeawUz/765","https://ipfs.io/ipfs/QmWNWmgdMtxpyofvTSVRFjzTugo71Q6WDy3Wq62pCeawUz/765","D:\github\ron-english-light-cult-0001-1000\data\generated\light-cult-image-match-powershell-only\run-20260514-150810\reference-images\Light-Cult-Crypto-Club-00765.png","060f0f0f0f070f0f","https://opensea.io/assets/ethereum/0xbe85fbd182af91290be7293438ae67549638189f/765","[{""trait_type"":""Background"",""value"":""Mandala 21""},{""trait_type"":""Face"",""value"":""Brain""},{""trait_type"":""Accessory"",""value"":""Goggles""},{""trait_type"":""Hat"",""value"":""Police - Skull""},{""trait_type"":""Body"",""value"":""Sweater Scarf""}]"
"766","00766","","","ipfs://QmXpXg2KDaqtFwFutCx11Lib4BJ86RPkUpkxCJJCDSc5SL/766","https://ipfs.io/ipfs/QmXpXg2KDaqtFwFutCx11Lib4BJ86RPkUpkxCJJCDSc5SL/766","ipfs://QmWNWmgdMtxpyofvTSVRFjzTugo71Q6WDy3Wq62pCeawUz/766","https://ipfs.io/ipfs/QmWNWmgdMtxpyofvTSVRFjzTugo71Q6WDy3Wq62pCeawUz/766","D:\github\ron-english-light-cult-0001-1000\data\generated\light-cult-image-match-powershell-only\run-20260514-150810\reference-images\Light-Cult-Crypto-Club-00766.png","642d64251347071d","https://opensea.io/assets/ethereum/0xbe85fbd182af91290be7293438ae67549638189f/766","[{""trait_type"":""Background"",""value"":""Mandala 26""},{""trait_type"":""Face"",""value"":""StarSkull Yellow Face""},{""trait_type"":""Accessory"",""value"":""Fairy Wings""},{""trait_type"":""Body"",""value"":""Red Guitar""}]"
"767","00767","","","ipfs://QmXpXg2KDaqtFwFutCx11Lib4BJ86RPkUpkxCJJCDSc5SL/767","https://ipfs.io/ipfs/QmXpXg2KDaqtFwFutCx11Lib4BJ86RPkUpkxCJJCDSc5SL/767","ipfs://QmWNWmgdMtxpyofvTSVRFjzTugo71Q6WDy3Wq62pCeawUz/767","https://ipfs.io/ipfs/QmWNWmgdMtxpyofvTSVRFjzTugo71Q6WDy3Wq62pCeawUz/767","D:\github\ron-english-light-cult-0001-1000\data\generated\light-cult-image-match-powershell-only\run-20260514-150810\reference-images\Light-Cult-Crypto-Club-00767.png","0407070f0f07070f","https://opensea.io/assets/ethereum/0xbe85fbd182af91290be7293438ae67549638189f/767","[{""trait_type"":""Background"",""value"":""Mandala 16""},{""trait_type"":""Face"",""value"":""Diaper Mask""}]"
"768","00768","","","ipfs://QmXpXg2KDaqtFwFutCx11Lib4BJ86RPkUpkxCJJCDSc5SL/768","https://ipfs.io/ipfs/QmXpXg2KDaqtFwFutCx11Lib4BJ86RPkUpkxCJJCDSc5SL/768","ipfs://QmWNWmgdMtxpyofvTSVRFjzTugo71Q6WDy3Wq62pCeawUz/768","https://ipfs.io/ipfs/QmWNWmgdMtxpyofvTSVRFjzTugo71Q6WDy3Wq62pCeawUz/768","D:\github\ron-english-light-cult-0001-1000\data\generated\light-cult-image-match-powershell-only\run-20260514-150810\reference-images\Light-Cult-Crypto-Club-00768.png","060f0f0f070f070f","https://opensea.io/assets/ethereum/0xbe85fbd182af91290be7293438ae67549638189f/768","[{""trait_type"":""Background"",""value"":""Mandala 10""},{""trait_type"":""Face"",""value"":""Tweety""},{""trait_type"":""Accessory"",""value"":""Dragon Wings""},{""trait_type"":""Hat"",""value"":""Police - Skull""}]"
"770","00770","","","ipfs://QmXpXg2KDaqtFwFutCx11Lib4BJ86RPkUpkxCJJCDSc5SL/770","https://ipfs.io/ipfs/QmXpXg2KDaqtFwFutCx11Lib4BJ86RPkUpkxCJJCDSc5SL/770","ipfs://QmWNWmgdMtxpyofvTSVRFjzTugo71Q6WDy3Wq62pCeawUz/770","https://ipfs.io/ipfs/QmWNWmgdMtxpyofvTSVRFjzTugo71Q6WDy3Wq62pCeawUz/770","D:\github\ron-english-light-cult-0001-1000\data\generated\light-cult-image-match-powershell-only\run-20260514-150810\reference-images\Light-Cult-Crypto-Club-00770.png","4446583931135246","https://opensea.io/assets/ethereum/0xbe85fbd182af91290be7293438ae67549638189f/770","[{""trait_type"":""Background"",""value"":""Yellow""},{""trait_type"":""Face"",""value"":""Goldfish Bowl""}]"
"771","00771","","","ipfs://QmXpXg2KDaqtFwFutCx11Lib4BJ86RPkUpkxCJJCDSc5SL/771","https://ipfs.io/ipfs/QmXpXg2KDaqtFwFutCx11Lib4BJ86RPkUpkxCJJCDSc5SL/771","ipfs://QmWNWmgdMtxpyofvTSVRFjzTugo71Q6WDy3Wq62pCeawUz/771","https://ipfs.io/ipfs/QmWNWmgdMtxpyofvTSVRFjzTugo71Q6WDy3Wq62pCeawUz/771","D:\github\ron-english-light-cult-0001-1000\data\generated\light-cult-image-match-powershell-only\run-20260514-150810\reference-images\Light-Cult-Crypto-Club-00771.png","46170d2d31131307","https://opensea.io/assets/ethereum/0xbe85fbd182af91290be7293438ae67549638189f/771","[{""trait_type"":""Background"",""value"":""Light Blue""},{""trait_type"":""Face"",""value"":""Quack Bowl""}]"
"772","00772","","","ipfs://QmXpXg2KDaqtFwFutCx11Lib4BJ86RPkUpkxCJJCDSc5SL/772","https://ipfs.io/ipfs/QmXpXg2KDaqtFwFutCx11Lib4BJ86RPkUpkxCJJCDSc5SL/772","ipfs://QmWNWmgdMtxpyofvTSVRFjzTugo71Q6WDy3Wq62pCeawUz/772","https://ipfs.io/ipfs/QmWNWmgdMtxpyofvTSVRFjzTugo71Q6WDy3Wq62pCeawUz/772","D:\github\ron-english-light-cult-0001-1000\data\generated\light-cult-image-match-powershell-only\run-20260514-150810\reference-images\Light-Cult-Crypto-Club-00772.png","445250f031133178","https://opensea.io/assets/ethereum/0xbe85fbd182af91290be7293438ae67549638189f/772","[{""trait_type"":""Background"",""value"":""Yellow""},{""trait_type"":""Face"",""value"":""Smiley Face (Red)""},{""trait_type"":""Accessory"",""value"":""Water Spout""},{""trait_type"":""Body"",""value"":""Overalls Red""}]"
"773","00773","","","ipfs://QmXpXg2KDaqtFwFutCx11Lib4BJ86RPkUpkxCJJCDSc5SL/773","https://ipfs.io/ipfs/QmXpXg2KDaqtFwFutCx11Lib4BJ86RPkUpkxCJJCDSc5SL/773","ipfs://QmWNWmgdMtxpyofvTSVRFjzTugo71Q6WDy3Wq62pCeawUz/773","https://ipfs.io/ipfs/QmWNWmgdMtxpyofvTSVRFjzTugo71Q6WDy3Wq62pCeawUz/773","D:\github\ron-english-light-cult-0001-1000\data\generated\light-cult-image-match-powershell-only\run-20260514-150810\reference-images\Light-Cult-Crypto-Club-00773.png","06090919190b1b17","https://opensea.io/assets/ethereum/0xbe85fbd182af91290be7293438ae67549638189f/773","[{""trait_type"":""Background"",""value"":""Mandala 1""},{""trait_type"":""Face"",""value"":""Ship n Bowl""},{""trait_type"":""Hat"",""value"":""Police - Brain""},{""trait_type"":""Body"",""value"":""Tanktop Bulb""}]"
"774","00774","","","ipfs://QmXpXg2KDaqtFwFutCx11Lib4BJ86RPkUpkxCJJCDSc5SL/774","https://ipfs.io/ipfs/QmXpXg2KDaqtFwFutCx11Lib4BJ86RPkUpkxCJJCDSc5SL/774","ipfs://QmWNWmgdMtxpyofvTSVRFjzTugo71Q6WDy3Wq62pCeawUz/774","https://ipfs.io/ipfs/QmWNWmgdMtxpyofvTSVRFjzTugo71Q6WDy3Wq62pCeawUz/774","D:\github\ron-english-light-cult-0001-1000\data\generated\light-cult-image-match-powershell-only\run-20260514-150810\reference-images\Light-Cult-Crypto-Club-00774.png","72704c6c64707878","https://opensea.io/assets/ethereum/0xbe85fbd182af91290be7293438ae67549638189f/774","[{""trait_type"":""Status"",""value"":""Rare""},{""trait_type"":""Collection"",""value"":""Warhol""},{""trait_type"":""Variant"",""value"":""AW - V19""}]"
"775","00775","","","ipfs://QmXpXg2KDaqtFwFutCx11Lib4BJ86RPkUpkxCJJCDSc5SL/775","https://ipfs.io/ipfs/QmXpXg2KDaqtFwFutCx11Lib4BJ86RPkUpkxCJJCDSc5SL/775","ipfs://QmWNWmgdMtxpyofvTSVRFjzTugo71Q6WDy3Wq62pCeawUz/775","https://ipfs.io/ipfs/QmWNWmgdMtxpyofvTSVRFjzTugo71Q6WDy3Wq62pCeawUz/775","D:\github\ron-english-light-cult-0001-1000\data\generated\light-cult-image-match-powershell-only\run-20260514-150810\reference-images\Light-Cult-Crypto-Club-00775.png","5a783131395a5246","https://opensea.io/assets/ethereum/0xbe85fbd182af91290be7293438ae67549638189f/775","[{""trait_type"":""Background"",""value"":""Pink""},{""trait_type"":""Face"",""value"":""Basic (Red)""},{""trait_type"":""Accessory"",""value"":""Groucho Glasses""},{""trait_type"":""Hat"",""value"":""Sombrero""}]"
"776","00776","","","ipfs://QmXpXg2KDaqtFwFutCx11Lib4BJ86RPkUpkxCJJCDSc5SL/776","https://ipfs.io/ipfs/QmXpXg2KDaqtFwFutCx11Lib4BJ86RPkUpkxCJJCDSc5SL/776","ipfs://QmWNWmgdMtxpyofvTSVRFjzTugo71Q6WDy3Wq62pCeawUz/776","https://ipfs.io/ipfs/QmWNWmgdMtxpyofvTSVRFjzTugo71Q6WDy3Wq62pCeawUz/776","D:\github\ron-english-light-cult-0001-1000\data\generated\light-cult-image-match-powershell-only\run-20260514-150810\reference-images\Light-Cult-Crypto-Club-00776.png","4607073107131f19","https://opensea.io/assets/ethereum/0xbe85fbd182af91290be7293438ae67549638189f/776","[{""trait_type"":""Background"",""value"":""Red""},{""trait_type"":""Face"",""value"":""Basic (Pink)""},{""trait_type"":""Accessory"",""value"":""Petal Bulb Earrings""},{""trait_type"":""Body"",""value"":""Red Guitar""}]"
"778","00778","","","ipfs://QmXpXg2KDaqtFwFutCx11Lib4BJ86RPkUpkxCJJCDSc5SL/778","https://ipfs.io/ipfs/QmXpXg2KDaqtFwFutCx11Lib4BJ86RPkUpkxCJJCDSc5SL/778","ipfs://QmWNWmgdMtxpyofvTSVRFjzTugo71Q6WDy3Wq62pCeawUz/778","https://ipfs.io/ipfs/QmWNWmgdMtxpyofvTSVRFjzTugo71Q6WDy3Wq62pCeawUz/778","D:\github\ron-english-light-cult-0001-1000\data\generated\light-cult-image-match-powershell-only\run-20260514-150810\reference-images\Light-Cult-Crypto-Club-00778.png","040707070f040317","https://opensea.io/assets/ethereum/0xbe85fbd182af91290be7293438ae67549638189f/778","[{""trait_type"":""Background"",""value"":""Mandala 9""},{""trait_type"":""Face"",""value"":""Cracked Smile""},{""trait_type"":""Body"",""value"":""LightBulb Guitar""}]"
"779","00779","","","ipfs://QmXpXg2KDaqtFwFutCx11Lib4BJ86RPkUpkxCJJCDSc5SL/779","https://ipfs.io/ipfs/QmXpXg2KDaqtFwFutCx11Lib4BJ86RPkUpkxCJJCDSc5SL/779","ipfs://QmWNWmgdMtxpyofvTSVRFjzTugo71Q6WDy3Wq62pCeawUz/779","https://ipfs.io/ipfs/QmWNWmgdMtxpyofvTSVRFjzTugo71Q6WDy3Wq62pCeawUz/779","D:\github\ron-english-light-cult-0001-1000\data\generated\light-cult-image-match-powershell-only\run-20260514-150810\reference-images\Light-Cult-Crypto-Club-00779.png","46070731131b1b13","https://opensea.io/assets/ethereum/0xbe85fbd182af91290be7293438ae67549638189f/779","[{""trait_type"":""Background"",""value"":""Red""},{""trait_type"":""Face"",""value"":""Smiley Face (Yellow)""},{""trait_type"":""Body"",""value"":""LightBulb M-16""}]"
"780","00780","","","ipfs://QmXpXg2KDaqtFwFutCx11Lib4BJ86RPkUpkxCJJCDSc5SL/780","https://ipfs.io/ipfs/QmXpXg2KDaqtFwFutCx11Lib4BJ86RPkUpkxCJJCDSc5SL/780","ipfs://QmWNWmgdMtxpyofvTSVRFjzTugo71Q6WDy3Wq62pCeawUz/780","https://ipfs.io/ipfs/QmWNWmgdMtxpyofvTSVRFjzTugo71Q6WDy3Wq62pCeawUz/780","D:\github\ron-english-light-cult-0001-1000\data\generated\light-cult-image-match-powershell-only\run-20260514-150810\reference-images\Light-Cult-Crypto-Club-00780.png","1339393074383931","https://opensea.io/assets/ethereum/0xbe85fbd182af91290be7293438ae67549638189f/780","[{""trait_type"":""Background"",""value"":""Rainbow""},{""trait_type"":""Face"",""value"":""Smiley Face (Light Blue)""},{""trait_type"":""Hat"",""value"":""Police - Brain""},{""trait_type"":""Body"",""value"":""Tanktop Eye""}]"
"781","00781","","","ipfs://QmXpXg2KDaqtFwFutCx11Lib4BJ86RPkUpkxCJJCDSc5SL/781","https://ipfs.io/ipfs/QmXpXg2KDaqtFwFutCx11Lib4BJ86RPkUpkxCJJCDSc5SL/781","ipfs://QmWNWmgdMtxpyofvTSVRFjzTugo71Q6WDy3Wq62pCeawUz/781","https://ipfs.io/ipfs/QmWNWmgdMtxpyofvTSVRFjzTugo71Q6WDy3Wq62pCeawUz/781","D:\github\ron-english-light-cult-0001-1000\data\generated\light-cult-image-match-powershell-only\run-20260514-150810\reference-images\Light-Cult-Crypto-Club-00781.png","5239393133193968","https://opensea.io/assets/ethereum/0xbe85fbd182af91290be7293438ae67549638189f/781","[{""trait_type"":""Background"",""value"":""Light Blue""},{""trait_type"":""Face"",""value"":""Basic (Pink)""},{""trait_type"":""Hat"",""value"":""Police - Grin (Blue)""},{""trait_type"":""Body"",""value"":""Sweater Scarf""}]"
"782","00782","","","ipfs://QmXpXg2KDaqtFwFutCx11Lib4BJ86RPkUpkxCJJCDSc5SL/782","https://ipfs.io/ipfs/QmXpXg2KDaqtFwFutCx11Lib4BJ86RPkUpkxCJJCDSc5SL/782","ipfs://QmWNWmgdMtxpyofvTSVRFjzTugo71Q6WDy3Wq62pCeawUz/782","https://ipfs.io/ipfs/QmWNWmgdMtxpyofvTSVRFjzTugo71Q6WDy3Wq62pCeawUz/782","D:\github\ron-english-light-cult-0001-1000\data\generated\light-cult-image-match-powershell-only\run-20260514-150810\reference-images\Light-Cult-Crypto-Club-00782.png","031b392d6c391307","https://opensea.io/assets/ethereum/0xbe85fbd182af91290be7293438ae67549638189f/782","[{""trait_type"":""Background"",""value"":""Rainbow""},{""trait_type"":""Face"",""value"":""Ugly Ed""},{""trait_type"":""Hat"",""value"":""Helmet - Purple""}]"
"783","00783","","","ipfs://QmXpXg2KDaqtFwFutCx11Lib4BJ86RPkUpkxCJJCDSc5SL/783","https://ipfs.io/ipfs/QmXpXg2KDaqtFwFutCx11Lib4BJ86RPkUpkxCJJCDSc5SL/783","ipfs://QmWNWmgdMtxpyofvTSVRFjzTugo71Q6WDy3Wq62pCeawUz/783","https://ipfs.io/ipfs/QmWNWmgdMtxpyofvTSVRFjzTugo71Q6WDy3Wq62pCeawUz/783","D:\github\ron-english-light-cult-0001-1000\data\generated\light-cult-image-match-powershell-only\run-20260514-150810\reference-images\Light-Cult-Crypto-Club-00783.png","060f0f312f250f07","https://opensea.io/assets/ethereum/0xbe85fbd182af91290be7293438ae67549638189f/783","[{""trait_type"":""Background"",""value"":""Mandala 12""},{""trait_type"":""Face"",""value"":""Basic (Red)""},{""trait_type"":""Accessory"",""value"":""Dragon Wings""},{""trait_type"":""Hat"",""value"":""Helmet - Yellow""}]"
"784","00784","","","ipfs://QmXpXg2KDaqtFwFutCx11Lib4BJ86RPkUpkxCJJCDSc5SL/784","https://ipfs.io/ipfs/QmXpXg2KDaqtFwFutCx11Lib4BJ86RPkUpkxCJJCDSc5SL/784","ipfs://QmWNWmgdMtxpyofvTSVRFjzTugo71Q6WDy3Wq62pCeawUz/784","https://ipfs.io/ipfs/QmWNWmgdMtxpyofvTSVRFjzTugo71Q6WDy3Wq62pCeawUz/784","D:\github\ron-english-light-cult-0001-1000\data\generated\light-cult-image-match-powershell-only\run-20260514-150810\reference-images\Light-Cult-Crypto-Club-00784.png","642d0f09190b1b17","https://opensea.io/assets/ethereum/0xbe85fbd182af91290be7293438ae67549638189f/784","[{""trait_type"":""Background"",""value"":""Mandala 26""},{""trait_type"":""Face"",""value"":""Puppy""},{""trait_type"":""Hat"",""value"":""Sombrero""},{""trait_type"":""Body"",""value"":""Tanktop Bulb""}]"
"785","00785","","","ipfs://QmXpXg2KDaqtFwFutCx11Lib4BJ86RPkUpkxCJJCDSc5SL/785","https://ipfs.io/ipfs/QmXpXg2KDaqtFwFutCx11Lib4BJ86RPkUpkxCJJCDSc5SL/785","ipfs://QmWNWmgdMtxpyofvTSVRFjzTugo71Q6WDy3Wq62pCeawUz/785","https://ipfs.io/ipfs/QmWNWmgdMtxpyofvTSVRFjzTugo71Q6WDy3Wq62pCeawUz/785","D:\github\ron-english-light-cult-0001-1000\data\generated\light-cult-image-match-powershell-only\run-20260514-150810\reference-images\Light-Cult-Crypto-Club-00785.png","0e0f0f07070f070f","https://opensea.io/assets/ethereum/0xbe85fbd182af91290be7293438ae67549638189f/785","[{""trait_type"":""Background"",""value"":""Mandala 10""},{""trait_type"":""Face"",""value"":""Smiley Face (Light Blue)""},{""trait_type"":""Hat"",""value"":""Helmet - Green""}]"
"786","00786","","","ipfs://QmXpXg2KDaqtFwFutCx11Lib4BJ86RPkUpkxCJJCDSc5SL/786","https://ipfs.io/ipfs/QmXpXg2KDaqtFwFutCx11Lib4BJ86RPkUpkxCJJCDSc5SL/786","ipfs://QmWNWmgdMtxpyofvTSVRFjzTugo71Q6WDy3Wq62pCeawUz/786","https://ipfs.io/ipfs/QmWNWmgdMtxpyofvTSVRFjzTugo71Q6WDy3Wq62pCeawUz/786","D:\github\ron-english-light-cult-0001-1000\data\generated\light-cult-image-match-powershell-only\run-20260514-150810\reference-images\Light-Cult-Crypto-Club-00786.png","4e1b393131121a71","https://opensea.io/assets/ethereum/0xbe85fbd182af91290be7293438ae67549638189f/786","[{""trait_type"":""Background"",""value"":""Light Blue""},{""trait_type"":""Face"",""value"":""Basic (Light Blue)""},{""trait_type"":""Accessory"",""value"":""Goblin Ears""},{""trait_type"":""Hat"",""value"":""Carosoul Crown""},{""trait_type"":""Body"",""value"":""Brown Guitar""}]"
"787","00787","","","ipfs://QmXpXg2KDaqtFwFutCx11Lib4BJ86RPkUpkxCJJCDSc5SL/787","https://ipfs.io/ipfs/QmXpXg2KDaqtFwFutCx11Lib4BJ86RPkUpkxCJJCDSc5SL/787","ipfs://QmWNWmgdMtxpyofvTSVRFjzTugo71Q6WDy3Wq62pCeawUz/787","https://ipfs.io/ipfs/QmWNWmgdMtxpyofvTSVRFjzTugo71Q6WDy3Wq62pCeawUz/787","D:\github\ron-english-light-cult-0001-1000\data\generated\light-cult-image-match-powershell-only\run-20260514-150810\reference-images\Light-Cult-Crypto-Club-00787.png","05074b1a27656747","https://opensea.io/assets/ethereum/0xbe85fbd182af91290be7293438ae67549638189f/787","[{""trait_type"":""Status"",""value"":""Rare""},{""trait_type"":""Collection"",""value"":""Bulb Duck""},{""trait_type"":""Variant"",""value"":""BD - V13""}]"
"788","00788","","","ipfs://QmXpXg2KDaqtFwFutCx11Lib4BJ86RPkUpkxCJJCDSc5SL/788","https://ipfs.io/ipfs/QmXpXg2KDaqtFwFutCx11Lib4BJ86RPkUpkxCJJCDSc5SL/788","ipfs://QmWNWmgdMtxpyofvTSVRFjzTugo71Q6WDy3Wq62pCeawUz/788","https://ipfs.io/ipfs/QmWNWmgdMtxpyofvTSVRFjzTugo71Q6WDy3Wq62pCeawUz/788","D:\github\ron-english-light-cult-0001-1000\data\generated\light-cult-image-match-powershell-only\run-20260514-150810\reference-images\Light-Cult-Crypto-Club-00788.png","0e0f0b1b071b1b07","https://opensea.io/assets/ethereum/0xbe85fbd182af91290be7293438ae67549638189f/788","[{""trait_type"":""Status"",""value"":""Rare""},{""trait_type"":""Collection"",""value"":""The Simpsons""},{""trait_type"":""Variant"",""value"":""TS - V10""}]"
"789","00789","","","ipfs://QmXpXg2KDaqtFwFutCx11Lib4BJ86RPkUpkxCJJCDSc5SL/789","https://ipfs.io/ipfs/QmXpXg2KDaqtFwFutCx11Lib4BJ86RPkUpkxCJJCDSc5SL/789","ipfs://QmWNWmgdMtxpyofvTSVRFjzTugo71Q6WDy3Wq62pCeawUz/789","https://ipfs.io/ipfs/QmWNWmgdMtxpyofvTSVRFjzTugo71Q6WDy3Wq62pCeawUz/789","D:\github\ron-english-light-cult-0001-1000\data\generated\light-cult-image-match-powershell-only\run-20260514-150810\reference-images\Light-Cult-Crypto-Club-00789.png","0707317074391307","https://opensea.io/assets/ethereum/0xbe85fbd182af91290be7293438ae67549638189f/789","[{""trait_type"":""Background"",""value"":""Rainbow""},{""trait_type"":""Face"",""value"":""Basic (Light Blue)""},{""trait_type"":""Accessory"",""value"":""Winged Sunglasses""}]"
"792","00792","","","ipfs://QmXpXg2KDaqtFwFutCx11Lib4BJ86RPkUpkxCJJCDSc5SL/792","https://ipfs.io/ipfs/QmXpXg2KDaqtFwFutCx11Lib4BJ86RPkUpkxCJJCDSc5SL/792","ipfs://QmWNWmgdMtxpyofvTSVRFjzTugo71Q6WDy3Wq62pCeawUz/792","https://ipfs.io/ipfs/QmWNWmgdMtxpyofvTSVRFjzTugo71Q6WDy3Wq62pCeawUz/792","D:\github\ron-english-light-cult-0001-1000\data\generated\light-cult-image-match-powershell-only\run-20260514-150810\reference-images\Light-Cult-Crypto-Club-00792.png","4c566e6e36307070","https://opensea.io/assets/ethereum/0xbe85fbd182af91290be7293438ae67549638189f/792","[{""trait_type"":""Background"",""value"":""Pink""},{""trait_type"":""Face"",""value"":""Quack Bowl""},{""trait_type"":""Body"",""value"":""Tanktop Tree""}]"
"793","00793","","","ipfs://QmXpXg2KDaqtFwFutCx11Lib4BJ86RPkUpkxCJJCDSc5SL/793","https://ipfs.io/ipfs/QmXpXg2KDaqtFwFutCx11Lib4BJ86RPkUpkxCJJCDSc5SL/793","ipfs://QmWNWmgdMtxpyofvTSVRFjzTugo71Q6WDy3Wq62pCeawUz/793","https://ipfs.io/ipfs/QmWNWmgdMtxpyofvTSVRFjzTugo71Q6WDy3Wq62pCeawUz/793","D:\github\ron-english-light-cult-0001-1000\data\generated\light-cult-image-match-powershell-only\run-20260514-150810\reference-images\Light-Cult-Crypto-Club-00793.png","46070f0d131b1307","https://opensea.io/assets/ethereum/0xbe85fbd182af91290be7293438ae67549638189f/793","[{""trait_type"":""Background"",""value"":""Red""},{""trait_type"":""Face"",""value"":""Pink Fish Bowl""}]"
"794","00794","","","ipfs://QmXpXg2KDaqtFwFutCx11Lib4BJ86RPkUpkxCJJCDSc5SL/794","https://ipfs.io/ipfs/QmXpXg2KDaqtFwFutCx11Lib4BJ86RPkUpkxCJJCDSc5SL/794","ipfs://QmWNWmgdMtxpyofvTSVRFjzTugo71Q6WDy3Wq62pCeawUz/794","https://ipfs.io/ipfs/QmWNWmgdMtxpyofvTSVRFjzTugo71Q6WDy3Wq62pCeawUz/794","D:\github\ron-english-light-cult-0001-1000\data\generated\light-cult-image-match-powershell-only\run-20260514-150810\reference-images\Light-Cult-Crypto-Club-00794.png","5a1a1c303a123907","https://opensea.io/assets/ethereum/0xbe85fbd182af91290be7293438ae67549638189f/794","[{""trait_type"":""Background"",""value"":""Light Blue""},{""trait_type"":""Face"",""value"":""Loch Ness Bowl""},{""trait_type"":""Hat"",""value"":""Fez - Brain Bulb""},{""trait_type"":""Body"",""value"":""Tanktop Bulb""}]"
"795","00795","","","ipfs://QmXpXg2KDaqtFwFutCx11Lib4BJ86RPkUpkxCJJCDSc5SL/795","https://ipfs.io/ipfs/QmXpXg2KDaqtFwFutCx11Lib4BJ86RPkUpkxCJJCDSc5SL/795","ipfs://QmWNWmgdMtxpyofvTSVRFjzTugo71Q6WDy3Wq62pCeawUz/795","https://ipfs.io/ipfs/QmWNWmgdMtxpyofvTSVRFjzTugo71Q6WDy3Wq62pCeawUz/795","D:\github\ron-english-light-cult-0001-1000\data\generated\light-cult-image-match-powershell-only\run-20260514-150810\reference-images\Light-Cult-Crypto-Club-00795.png","070731256c303233","https://opensea.io/assets/ethereum/0xbe85fbd182af91290be7293438ae67549638189f/795","[{""trait_type"":""Background"",""value"":""Rainbow""},{""trait_type"":""Face"",""value"":""White Mask""},{""trait_type"":""Body"",""value"":""LightBulb Guitar""}]"
"796","00796","","","ipfs://QmXpXg2KDaqtFwFutCx11Lib4BJ86RPkUpkxCJJCDSc5SL/796","https://ipfs.io/ipfs/QmXpXg2KDaqtFwFutCx11Lib4BJ86RPkUpkxCJJCDSc5SL/796","ipfs://QmWNWmgdMtxpyofvTSVRFjzTugo71Q6WDy3Wq62pCeawUz/796","https://ipfs.io/ipfs/QmWNWmgdMtxpyofvTSVRFjzTugo71Q6WDy3Wq62pCeawUz/796","D:\github\ron-english-light-cult-0001-1000\data\generated\light-cult-image-match-powershell-only\run-20260514-150810\reference-images\Light-Cult-Crypto-Club-00796.png","06070f0f070f0703","https://opensea.io/assets/ethereum/0xbe85fbd182af91290be7293438ae67549638189f/796","[{""trait_type"":""Background"",""value"":""Mandala 2""},{""trait_type"":""Face"",""value"":""Quack Bowl""},{""trait_type"":""Hat"",""value"":""Beanie Red""}]"
"797","00797","","","ipfs://QmXpXg2KDaqtFwFutCx11Lib4BJ86RPkUpkxCJJCDSc5SL/797","https://ipfs.io/ipfs/QmXpXg2KDaqtFwFutCx11Lib4BJ86RPkUpkxCJJCDSc5SL/797","ipfs://QmWNWmgdMtxpyofvTSVRFjzTugo71Q6WDy3Wq62pCeawUz/797","https://ipfs.io/ipfs/QmWNWmgdMtxpyofvTSVRFjzTugo71Q6WDy3Wq62pCeawUz/797","D:\github\ron-english-light-cult-0001-1000\data\generated\light-cult-image-match-powershell-only\run-20260514-150810\reference-images\Light-Cult-Crypto-Club-00797.png","060f0f0725071f1f","https://opensea.io/assets/ethereum/0xbe85fbd182af91290be7293438ae67549638189f/797","[{""trait_type"":""Background"",""value"":""Mandala 17""},{""trait_type"":""Face"",""value"":""Smiley Face (Light Blue)""},{""trait_type"":""Hat"",""value"":""Scrap ARD""},{""trait_type"":""Body"",""value"":""Brown Guitar""}]"
"798","00798","","","ipfs://QmXpXg2KDaqtFwFutCx11Lib4BJ86RPkUpkxCJJCDSc5SL/798","https://ipfs.io/ipfs/QmXpXg2KDaqtFwFutCx11Lib4BJ86RPkUpkxCJJCDSc5SL/798","ipfs://QmWNWmgdMtxpyofvTSVRFjzTugo71Q6WDy3Wq62pCeawUz/798","https://ipfs.io/ipfs/QmWNWmgdMtxpyofvTSVRFjzTugo71Q6WDy3Wq62pCeawUz/798","D:\github\ron-english-light-cult-0001-1000\data\generated\light-cult-image-match-powershell-only\run-20260514-150810\reference-images\Light-Cult-Crypto-Club-00798.png","060707070f070507","https://opensea.io/assets/ethereum/0xbe85fbd182af91290be7293438ae67549638189f/798","[{""trait_type"":""Background"",""value"":""Mandala 9""},{""trait_type"":""Face"",""value"":""Smiley Face (Light Blue)""},{""trait_type"":""Hat"",""value"":""Nurse Hat""}]"
"800","00800","","","ipfs://QmXpXg2KDaqtFwFutCx11Lib4BJ86RPkUpkxCJJCDSc5SL/800","https://ipfs.io/ipfs/QmXpXg2KDaqtFwFutCx11Lib4BJ86RPkUpkxCJJCDSc5SL/800","ipfs://QmWNWmgdMtxpyofvTSVRFjzTugo71Q6WDy3Wq62pCeawUz/800","https://ipfs.io/ipfs/QmWNWmgdMtxpyofvTSVRFjzTugo71Q6WDy3Wq62pCeawUz/800","D:\github\ron-english-light-cult-0001-1000\data\generated\light-cult-image-match-powershell-only\run-20260514-150810\reference-images\Light-Cult-Crypto-Club-00800.png","461b392511133119","https://opensea.io/assets/ethereum/0xbe85fbd182af91290be7293438ae67549638189f/800","[{""trait_type"":""Background"",""value"":""Light Blue""},{""trait_type"":""Face"",""value"":""Smiley Face (Yellow)""},{""trait_type"":""Accessory"",""value"":""Winged Sunglasses""},{""trait_type"":""Hat"",""value"":""Helmet - Yellow""},{""trait_type"":""Body"",""value"":""MC Body (Necklace)""}]"
"801","00801","","","ipfs://QmXpXg2KDaqtFwFutCx11Lib4BJ86RPkUpkxCJJCDSc5SL/801","https://ipfs.io/ipfs/QmXpXg2KDaqtFwFutCx11Lib4BJ86RPkUpkxCJJCDSc5SL/801","ipfs://QmWNWmgdMtxpyofvTSVRFjzTugo71Q6WDy3Wq62pCeawUz/801","https://ipfs.io/ipfs/QmWNWmgdMtxpyofvTSVRFjzTugo71Q6WDy3Wq62pCeawUz/801","D:\github\ron-english-light-cult-0001-1000\data\generated\light-cult-image-match-powershell-only\run-20260514-150810\reference-images\Light-Cult-Crypto-Club-00801.png","1339393174391307","https://opensea.io/assets/ethereum/0xbe85fbd182af91290be7293438ae67549638189f/801","[{""trait_type"":""Background"",""value"":""Rainbow""},{""trait_type"":""Face"",""value"":""Basic (Light Blue)""},{""trait_type"":""Accessory"",""value"":""Ear Earrings""},{""trait_type"":""Hat"",""value"":""Police - Grin (Blue)""}]"
"802","00802","","","ipfs://QmXpXg2KDaqtFwFutCx11Lib4BJ86RPkUpkxCJJCDSc5SL/802","https://ipfs.io/ipfs/QmXpXg2KDaqtFwFutCx11Lib4BJ86RPkUpkxCJJCDSc5SL/802","ipfs://QmWNWmgdMtxpyofvTSVRFjzTugo71Q6WDy3Wq62pCeawUz/802","https://ipfs.io/ipfs/QmWNWmgdMtxpyofvTSVRFjzTugo71Q6WDy3Wq62pCeawUz/802","D:\github\ron-english-light-cult-0001-1000\data\generated\light-cult-image-match-powershell-only\run-20260514-150810\reference-images\Light-Cult-Crypto-Club-00802.png","5a190d35171b1933","https://opensea.io/assets/ethereum/0xbe85fbd182af91290be7293438ae67549638189f/802","[{""trait_type"":""Background"",""value"":""Red""},{""trait_type"":""Face"",""value"":""Smiley Face (Yellow)""},{""trait_type"":""Hat"",""value"":""Fez - Heart Cage""},{""trait_type"":""Body"",""value"":""Tanktop Eye""}]"
"803","00803","","","ipfs://QmXpXg2KDaqtFwFutCx11Lib4BJ86RPkUpkxCJJCDSc5SL/803","https://ipfs.io/ipfs/QmXpXg2KDaqtFwFutCx11Lib4BJ86RPkUpkxCJJCDSc5SL/803","ipfs://QmWNWmgdMtxpyofvTSVRFjzTugo71Q6WDy3Wq62pCeawUz/803","https://ipfs.io/ipfs/QmWNWmgdMtxpyofvTSVRFjzTugo71Q6WDy3Wq62pCeawUz/803","D:\github\ron-english-light-cult-0001-1000\data\generated\light-cult-image-match-powershell-only\run-20260514-150810\reference-images\Light-Cult-Crypto-Club-00803.png","4607133931131339","https://opensea.io/assets/ethereum/0xbe85fbd182af91290be7293438ae67549638189f/803","[{""trait_type"":""Background"",""value"":""Red""},{""trait_type"":""Face"",""value"":""Brain""},{""trait_type"":""Accessory"",""value"":""Broken Bulb Earrings""},{""trait_type"":""Body"",""value"":""Overalls Red""}]"
"804","00804","","","ipfs://QmXpXg2KDaqtFwFutCx11Lib4BJ86RPkUpkxCJJCDSc5SL/804","https://ipfs.io/ipfs/QmXpXg2KDaqtFwFutCx11Lib4BJ86RPkUpkxCJJCDSc5SL/804","ipfs://QmWNWmgdMtxpyofvTSVRFjzTugo71Q6WDy3Wq62pCeawUz/804","https://ipfs.io/ipfs/QmWNWmgdMtxpyofvTSVRFjzTugo71Q6WDy3Wq62pCeawUz/804","D:\github\ron-english-light-cult-0001-1000\data\generated\light-cult-image-match-powershell-only\run-20260514-150810\reference-images\Light-Cult-Crypto-Club-00804.png","04070f070725390f","https://opensea.io/assets/ethereum/0xbe85fbd182af91290be7293438ae67549638189f/804","[{""trait_type"":""Background"",""value"":""Mandala 4""},{""trait_type"":""Face"",""value"":""White Mask""},{""trait_type"":""Hat"",""value"":""Fez - Heart Cage""},{""trait_type"":""Body"",""value"":""Star Skull Body - Yellow""}]"
"805","00805","","","ipfs://QmXpXg2KDaqtFwFutCx11Lib4BJ86RPkUpkxCJJCDSc5SL/805","https://ipfs.io/ipfs/QmXpXg2KDaqtFwFutCx11Lib4BJ86RPkUpkxCJJCDSc5SL/805","ipfs://QmWNWmgdMtxpyofvTSVRFjzTugo71Q6WDy3Wq62pCeawUz/805","https://ipfs.io/ipfs/QmWNWmgdMtxpyofvTSVRFjzTugo71Q6WDy3Wq62pCeawUz/805","D:\github\ron-english-light-cult-0001-1000\data\generated\light-cult-image-match-powershell-only\run-20260514-150810\reference-images\Light-Cult-Crypto-Club-00805.png","1e0f0f0b0f0f0f07","https://opensea.io/assets/ethereum/0xbe85fbd182af91290be7293438ae67549638189f/805","[{""trait_type"":""Status"",""value"":""Rare""},{""trait_type"":""Collection"",""value"":""Clown""},{""trait_type"":""Variant"",""value"":""CL - V6""}]"
"806","00806","","","ipfs://QmXpXg2KDaqtFwFutCx11Lib4BJ86RPkUpkxCJJCDSc5SL/806","https://ipfs.io/ipfs/QmXpXg2KDaqtFwFutCx11Lib4BJ86RPkUpkxCJJCDSc5SL/806","ipfs://QmWNWmgdMtxpyofvTSVRFjzTugo71Q6WDy3Wq62pCeawUz/806","https://ipfs.io/ipfs/QmWNWmgdMtxpyofvTSVRFjzTugo71Q6WDy3Wq62pCeawUz/806","D:\github\ron-english-light-cult-0001-1000\data\generated\light-cult-image-match-powershell-only\run-20260514-150810\reference-images\Light-Cult-Crypto-Club-00806.png","060909090d0b1b17","https://opensea.io/assets/ethereum/0xbe85fbd182af91290be7293438ae67549638189f/806","[{""trait_type"":""Background"",""value"":""Mandala 21""},{""trait_type"":""Face"",""value"":""Smiley Face (Light Blue)""},{""trait_type"":""Hat"",""value"":""Police - Skull""},{""trait_type"":""Body"",""value"":""Tanktop Eye""}]"
"807","00807","","","ipfs://QmXpXg2KDaqtFwFutCx11Lib4BJ86RPkUpkxCJJCDSc5SL/807","https://ipfs.io/ipfs/QmXpXg2KDaqtFwFutCx11Lib4BJ86RPkUpkxCJJCDSc5SL/807","ipfs://QmWNWmgdMtxpyofvTSVRFjzTugo71Q6WDy3Wq62pCeawUz/807","https://ipfs.io/ipfs/QmWNWmgdMtxpyofvTSVRFjzTugo71Q6WDy3Wq62pCeawUz/807","D:\github\ron-english-light-cult-0001-1000\data\generated\light-cult-image-match-powershell-only\run-20260514-150810\reference-images\Light-Cult-Crypto-Club-00807.png","040f0f1313070f07","https://opensea.io/assets/ethereum/0xbe85fbd182af91290be7293438ae67549638189f/807","[{""trait_type"":""Background"",""value"":""Mandala 15""},{""trait_type"":""Face"",""value"":""Smiley Face (Red)""},{""trait_type"":""Hat"",""value"":""Helmet - Yellow""}]"
"808","00808","","","ipfs://QmXpXg2KDaqtFwFutCx11Lib4BJ86RPkUpkxCJJCDSc5SL/808","https://ipfs.io/ipfs/QmXpXg2KDaqtFwFutCx11Lib4BJ86RPkUpkxCJJCDSc5SL/808","ipfs://QmWNWmgdMtxpyofvTSVRFjzTugo71Q6WDy3Wq62pCeawUz/808","https://ipfs.io/ipfs/QmWNWmgdMtxpyofvTSVRFjzTugo71Q6WDy3Wq62pCeawUz/808","D:\github\ron-english-light-cult-0001-1000\data\generated\light-cult-image-match-powershell-only\run-20260514-150810\reference-images\Light-Cult-Crypto-Club-00808.png","060f0707070f0f07","https://opensea.io/assets/ethereum/0xbe85fbd182af91290be7293438ae67549638189f/808","[{""trait_type"":""Background"",""value"":""Mandala 6""},{""trait_type"":""Face"",""value"":""Smiley Face (Pink)""}]"
"809","00809","","","ipfs://QmXpXg2KDaqtFwFutCx11Lib4BJ86RPkUpkxCJJCDSc5SL/809","https://ipfs.io/ipfs/QmXpXg2KDaqtFwFutCx11Lib4BJ86RPkUpkxCJJCDSc5SL/809","ipfs://QmWNWmgdMtxpyofvTSVRFjzTugo71Q6WDy3Wq62pCeawUz/809","https://ipfs.io/ipfs/QmWNWmgdMtxpyofvTSVRFjzTugo71Q6WDy3Wq62pCeawUz/809","D:\github\ron-english-light-cult-0001-1000\data\generated\light-cult-image-match-powershell-only\run-20260514-150810\reference-images\Light-Cult-Crypto-Club-00809.png","070b0931111b1b17","https://opensea.io/assets/ethereum/0xbe85fbd182af91290be7293438ae67549638189f/809","[{""trait_type"":""Background"",""value"":""Mandala 21""},{""trait_type"":""Face"",""value"":""Basic (Red)""},{""trait_type"":""Accessory"",""value"":""Petal Bulb Earrings""},{""trait_type"":""Hat"",""value"":""Liberty Crown""},{""trait_type"":""Body"",""value"":""Tanktop Sand""}]"
"810","00810","","","ipfs://QmXpXg2KDaqtFwFutCx11Lib4BJ86RPkUpkxCJJCDSc5SL/810","https://ipfs.io/ipfs/QmXpXg2KDaqtFwFutCx11Lib4BJ86RPkUpkxCJJCDSc5SL/810","ipfs://QmWNWmgdMtxpyofvTSVRFjzTugo71Q6WDy3Wq62pCeawUz/810","https://ipfs.io/ipfs/QmWNWmgdMtxpyofvTSVRFjzTugo71Q6WDy3Wq62pCeawUz/810","D:\github\ron-english-light-cult-0001-1000\data\generated\light-cult-image-match-powershell-only\run-20260514-150810\reference-images\Light-Cult-Crypto-Club-00810.png","46070f39311b3b33","https://opensea.io/assets/ethereum/0xbe85fbd182af91290be7293438ae67549638189f/810","[{""trait_type"":""Background"",""value"":""Red""},{""trait_type"":""Face"",""value"":""Puppy""},{""trait_type"":""Body"",""value"":""M-16""}]"
"811","00811","","","ipfs://QmXpXg2KDaqtFwFutCx11Lib4BJ86RPkUpkxCJJCDSc5SL/811","https://ipfs.io/ipfs/QmXpXg2KDaqtFwFutCx11Lib4BJ86RPkUpkxCJJCDSc5SL/811","ipfs://QmWNWmgdMtxpyofvTSVRFjzTugo71Q6WDy3Wq62pCeawUz/811","https://ipfs.io/ipfs/QmWNWmgdMtxpyofvTSVRFjzTugo71Q6WDy3Wq62pCeawUz/811","D:\github\ron-english-light-cult-0001-1000\data\generated\light-cult-image-match-powershell-only\run-20260514-150810\reference-images\Light-Cult-Crypto-Club-00811.png","460c3930381a310f","https://opensea.io/assets/ethereum/0xbe85fbd182af91290be7293438ae67549638189f/811","[{""trait_type"":""Background"",""value"":""Light Blue""},{""trait_type"":""Face"",""value"":""Bomb""},{""trait_type"":""Body"",""value"":""Tanktop Bulb""}]"
"812","00812","","","ipfs://QmXpXg2KDaqtFwFutCx11Lib4BJ86RPkUpkxCJJCDSc5SL/812","https://ipfs.io/ipfs/QmXpXg2KDaqtFwFutCx11Lib4BJ86RPkUpkxCJJCDSc5SL/812","ipfs://QmWNWmgdMtxpyofvTSVRFjzTugo71Q6WDy3Wq62pCeawUz/812","https://ipfs.io/ipfs/QmWNWmgdMtxpyofvTSVRFjzTugo71Q6WDy3Wq62pCeawUz/812","D:\github\ron-english-light-cult-0001-1000\data\generated\light-cult-image-match-powershell-only\run-20260514-150810\reference-images\Light-Cult-Crypto-Club-00812.png","0407073107071f1f","https://opensea.io/assets/ethereum/0xbe85fbd182af91290be7293438ae67549638189f/812","[{""trait_type"":""Background"",""value"":""Mandala 7""},{""trait_type"":""Face"",""value"":""Basic (Yellow)""},{""trait_type"":""Accessory"",""value"":""Goblin Ears""},{""trait_type"":""Body"",""value"":""Brown Guitar""}]"
"813","00813","","","ipfs://QmXpXg2KDaqtFwFutCx11Lib4BJ86RPkUpkxCJJCDSc5SL/813","https://ipfs.io/ipfs/QmXpXg2KDaqtFwFutCx11Lib4BJ86RPkUpkxCJJCDSc5SL/813","ipfs://QmWNWmgdMtxpyofvTSVRFjzTugo71Q6WDy3Wq62pCeawUz/813","https://ipfs.io/ipfs/QmWNWmgdMtxpyofvTSVRFjzTugo71Q6WDy3Wq62pCeawUz/813","D:\github\ron-english-light-cult-0001-1000\data\generated\light-cult-image-match-powershell-only\run-20260514-150810\reference-images\Light-Cult-Crypto-Club-00813.png","b96c4e4c466a7270","https://opensea.io/assets/ethereum/0xbe85fbd182af91290be7293438ae67549638189f/813","[{""trait_type"":""Status"",""value"":""Rare""},{""trait_type"":""Collection"",""value"":""Mick Jagger""},{""trait_type"":""Variant"",""value"":""MJ - V3""}]"
"814","00814","","","ipfs://QmXpXg2KDaqtFwFutCx11Lib4BJ86RPkUpkxCJJCDSc5SL/814","https://ipfs.io/ipfs/QmXpXg2KDaqtFwFutCx11Lib4BJ86RPkUpkxCJJCDSc5SL/814","ipfs://QmWNWmgdMtxpyofvTSVRFjzTugo71Q6WDy3Wq62pCeawUz/814","https://ipfs.io/ipfs/QmWNWmgdMtxpyofvTSVRFjzTugo71Q6WDy3Wq62pCeawUz/814","D:\github\ron-english-light-cult-0001-1000\data\generated\light-cult-image-match-powershell-only\run-20260514-150810\reference-images\Light-Cult-Crypto-Club-00814.png","04060f070f070f0f","https://opensea.io/assets/ethereum/0xbe85fbd182af91290be7293438ae67549638189f/814","[{""trait_type"":""Background"",""value"":""Mandala 8""},{""trait_type"":""Face"",""value"":""Smiley Face (Yellow)""},{""trait_type"":""Hat"",""value"":""Unicorn Crown""}]"
"816","00816","","","ipfs://QmXpXg2KDaqtFwFutCx11Lib4BJ86RPkUpkxCJJCDSc5SL/816","https://ipfs.io/ipfs/QmXpXg2KDaqtFwFutCx11Lib4BJ86RPkUpkxCJJCDSc5SL/816","ipfs://QmWNWmgdMtxpyofvTSVRFjzTugo71Q6WDy3Wq62pCeawUz/816","https://ipfs.io/ipfs/QmWNWmgdMtxpyofvTSVRFjzTugo71Q6WDy3Wq62pCeawUz/816","D:\github\ron-english-light-cult-0001-1000\data\generated\light-cult-image-match-powershell-only\run-20260514-150810\reference-images\Light-Cult-Crypto-Club-00816.png","523938303012390f","https://opensea.io/assets/ethereum/0xbe85fbd182af91290be7293438ae67549638189f/816","[{""trait_type"":""Background"",""value"":""Light Blue""},{""trait_type"":""Face"",""value"":""Puppy""},{""trait_type"":""Hat"",""value"":""Police - Brain""},{""trait_type"":""Body"",""value"":""Tanktop Bulb""}]"
"817","00817","","","ipfs://QmXpXg2KDaqtFwFutCx11Lib4BJ86RPkUpkxCJJCDSc5SL/817","https://ipfs.io/ipfs/QmXpXg2KDaqtFwFutCx11Lib4BJ86RPkUpkxCJJCDSc5SL/817","ipfs://QmWNWmgdMtxpyofvTSVRFjzTugo71Q6WDy3Wq62pCeawUz/817","https://ipfs.io/ipfs/QmWNWmgdMtxpyofvTSVRFjzTugo71Q6WDy3Wq62pCeawUz/817","D:\github\ron-english-light-cult-0001-1000\data\generated\light-cult-image-match-powershell-only\run-20260514-150810\reference-images\Light-Cult-Crypto-Club-00817.png","5070647078125246","https://opensea.io/assets/ethereum/0xbe85fbd182af91290be7293438ae67549638189f/817","[{""trait_type"":""Background"",""value"":""Yellow""},{""trait_type"":""Face"",""value"":""Smiley Face (Light Blue)""},{""trait_type"":""Accessory"",""value"":""Ear Earrings""},{""trait_type"":""Hat"",""value"":""Liberty Crown""}]"
"818","00818","","","ipfs://QmXpXg2KDaqtFwFutCx11Lib4BJ86RPkUpkxCJJCDSc5SL/818","https://ipfs.io/ipfs/QmXpXg2KDaqtFwFutCx11Lib4BJ86RPkUpkxCJJCDSc5SL/818","ipfs://QmWNWmgdMtxpyofvTSVRFjzTugo71Q6WDy3Wq62pCeawUz/818","https://ipfs.io/ipfs/QmWNWmgdMtxpyofvTSVRFjzTugo71Q6WDy3Wq62pCeawUz/818","D:\github\ron-english-light-cult-0001-1000\data\generated\light-cult-image-match-powershell-only\run-20260514-150810\reference-images\Light-Cult-Crypto-Club-00818.png","060f0931070b1b13","https://opensea.io/assets/ethereum/0xbe85fbd182af91290be7293438ae67549638189f/818","[{""trait_type"":""Background"",""value"":""Mandala 21""},{""trait_type"":""Face"",""value"":""Basic (Light Blue)""},{""trait_type"":""Accessory"",""value"":""Goblin Ears""},{""trait_type"":""Hat"",""value"":""Police - Brain""},{""trait_type"":""Body"",""value"":""Tanktop""}]"
"820","00820","","","ipfs://QmXpXg2KDaqtFwFutCx11Lib4BJ86RPkUpkxCJJCDSc5SL/820","https://ipfs.io/ipfs/QmXpXg2KDaqtFwFutCx11Lib4BJ86RPkUpkxCJJCDSc5SL/820","ipfs://QmWNWmgdMtxpyofvTSVRFjzTugo71Q6WDy3Wq62pCeawUz/820","https://ipfs.io/ipfs/QmWNWmgdMtxpyofvTSVRFjzTugo71Q6WDy3Wq62pCeawUz/820","D:\github\ron-english-light-cult-0001-1000\data\generated\light-cult-image-match-powershell-only\run-20260514-150810\reference-images\Light-Cult-Crypto-Club-00820.png","5a64647425074e46","https://opensea.io/assets/ethereum/0xbe85fbd182af91290be7293438ae67549638189f/820","[{""trait_type"":""Status"",""value"":""Rare""},{""trait_type"":""Collection"",""value"":""Baboon Monkey Bulb""},{""trait_type"":""Variant"",""value"":""BM - V1""}]"
"821","00821","","","ipfs://QmXpXg2KDaqtFwFutCx11Lib4BJ86RPkUpkxCJJCDSc5SL/821","https://ipfs.io/ipfs/QmXpXg2KDaqtFwFutCx11Lib4BJ86RPkUpkxCJJCDSc5SL/821","ipfs://QmWNWmgdMtxpyofvTSVRFjzTugo71Q6WDy3Wq62pCeawUz/821","https://ipfs.io/ipfs/QmWNWmgdMtxpyofvTSVRFjzTugo71Q6WDy3Wq62pCeawUz/821","D:\github\ron-english-light-cult-0001-1000\data\generated\light-cult-image-match-powershell-only\run-20260514-150810\reference-images\Light-Cult-Crypto-Club-00821.png","0c0f070707040717","https://opensea.io/assets/ethereum/0xbe85fbd182af91290be7293438ae67549638189f/821","[{""trait_type"":""Background"",""value"":""Camo""},{""trait_type"":""Face"",""value"":""Smiley Face (Light Blue)""},{""trait_type"":""Hat"",""value"":""Helmet - Purple""},{""trait_type"":""Body"",""value"":""LightBulb Guitar""}]"
"822","00822","","","ipfs://QmXpXg2KDaqtFwFutCx11Lib4BJ86RPkUpkxCJJCDSc5SL/822","https://ipfs.io/ipfs/QmXpXg2KDaqtFwFutCx11Lib4BJ86RPkUpkxCJJCDSc5SL/822","ipfs://QmWNWmgdMtxpyofvTSVRFjzTugo71Q6WDy3Wq62pCeawUz/822","https://ipfs.io/ipfs/QmWNWmgdMtxpyofvTSVRFjzTugo71Q6WDy3Wq62pCeawUz/822","D:\github\ron-english-light-cult-0001-1000\data\generated\light-cult-image-match-powershell-only\run-20260514-150810\reference-images\Light-Cult-Crypto-Club-00822.png","060d0d090d0b1b17","https://opensea.io/assets/ethereum/0xbe85fbd182af91290be7293438ae67549638189f/822","[{""trait_type"":""Background"",""value"":""Mandala 20""},{""trait_type"":""Face"",""value"":""Basic (Light Blue)""},{""trait_type"":""Accessory"",""value"":""Dragon Wings""},{""trait_type"":""Hat"",""value"":""Fez - Brain Bulb""},{""trait_type"":""Body"",""value"":""Tanktop Bulb""}]"
"823","00823","","","ipfs://QmXpXg2KDaqtFwFutCx11Lib4BJ86RPkUpkxCJJCDSc5SL/823","https://ipfs.io/ipfs/QmXpXg2KDaqtFwFutCx11Lib4BJ86RPkUpkxCJJCDSc5SL/823","ipfs://QmWNWmgdMtxpyofvTSVRFjzTugo71Q6WDy3Wq62pCeawUz/823","https://ipfs.io/ipfs/QmWNWmgdMtxpyofvTSVRFjzTugo71Q6WDy3Wq62pCeawUz/823","D:\github\ron-english-light-cult-0001-1000\data\generated\light-cult-image-match-powershell-only\run-20260514-150810\reference-images\Light-Cult-Crypto-Club-00823.png","0406070707071725","https://opensea.io/assets/ethereum/0xbe85fbd182af91290be7293438ae67549638189f/823","[{""trait_type"":""Background"",""value"":""Mandala 8""},{""trait_type"":""Face"",""value"":""Basic (Light Blue)""},{""trait_type"":""Body"",""value"":""Snake Cage""}]"
"826","00826","","","ipfs://QmXpXg2KDaqtFwFutCx11Lib4BJ86RPkUpkxCJJCDSc5SL/826","https://ipfs.io/ipfs/QmXpXg2KDaqtFwFutCx11Lib4BJ86RPkUpkxCJJCDSc5SL/826","ipfs://QmWNWmgdMtxpyofvTSVRFjzTugo71Q6WDy3Wq62pCeawUz/826","https://ipfs.io/ipfs/QmWNWmgdMtxpyofvTSVRFjzTugo71Q6WDy3Wq62pCeawUz/826","D:\github\ron-english-light-cult-0001-1000\data\generated\light-cult-image-match-powershell-only\run-20260514-150810\reference-images\Light-Cult-Crypto-Club-00826.png","04060606060e3b27","https://opensea.io/assets/ethereum/0xbe85fbd182af91290be7293438ae67549638189f/826","[{""trait_type"":""Background"",""value"":""Black""},{""trait_type"":""Face"",""value"":""Smiley Face (Red)""},{""trait_type"":""Hat"",""value"":""Cowboy Hat""},{""trait_type"":""Body"",""value"":""M-16""}]"
"827","00827","","","ipfs://QmXpXg2KDaqtFwFutCx11Lib4BJ86RPkUpkxCJJCDSc5SL/827","https://ipfs.io/ipfs/QmXpXg2KDaqtFwFutCx11Lib4BJ86RPkUpkxCJJCDSc5SL/827","ipfs://QmWNWmgdMtxpyofvTSVRFjzTugo71Q6WDy3Wq62pCeawUz/827","https://ipfs.io/ipfs/QmWNWmgdMtxpyofvTSVRFjzTugo71Q6WDy3Wq62pCeawUz/827","D:\github\ron-english-light-cult-0001-1000\data\generated\light-cult-image-match-powershell-only\run-20260514-150810\reference-images\Light-Cult-Crypto-Club-00827.png","1339397070303e39","https://opensea.io/assets/ethereum/0xbe85fbd182af91290be7293438ae67549638189f/827","[{""trait_type"":""Background"",""value"":""Rainbow""},{""trait_type"":""Face"",""value"":""Basic (Light Blue)""},{""trait_type"":""Accessory"",""value"":""Winged Sunglasses""},{""trait_type"":""Hat"",""value"":""Police - Skull""},{""trait_type"":""Body"",""value"":""Red Guitar""}]"
"829","00829","","","ipfs://QmXpXg2KDaqtFwFutCx11Lib4BJ86RPkUpkxCJJCDSc5SL/829","https://ipfs.io/ipfs/QmXpXg2KDaqtFwFutCx11Lib4BJ86RPkUpkxCJJCDSc5SL/829","ipfs://QmWNWmgdMtxpyofvTSVRFjzTugo71Q6WDy3Wq62pCeawUz/829","https://ipfs.io/ipfs/QmWNWmgdMtxpyofvTSVRFjzTugo71Q6WDy3Wq62pCeawUz/829","D:\github\ron-english-light-cult-0001-1000\data\generated\light-cult-image-match-powershell-only\run-20260514-150810\reference-images\Light-Cult-Crypto-Club-00829.png","09190f0f0f0b1b17","https://opensea.io/assets/ethereum/0xbe85fbd182af91290be7293438ae67549638189f/829","[{""trait_type"":""Background"",""value"":""Mandala 11""},{""trait_type"":""Face"",""value"":""Basic (Yellow)""},{""trait_type"":""Accessory"",""value"":""Goggles""},{""trait_type"":""Body"",""value"":""Tanktop Mermaid""}]"
"830","00830","","","ipfs://QmXpXg2KDaqtFwFutCx11Lib4BJ86RPkUpkxCJJCDSc5SL/830","https://ipfs.io/ipfs/QmXpXg2KDaqtFwFutCx11Lib4BJ86RPkUpkxCJJCDSc5SL/830","ipfs://QmWNWmgdMtxpyofvTSVRFjzTugo71Q6WDy3Wq62pCeawUz/830","https://ipfs.io/ipfs/QmWNWmgdMtxpyofvTSVRFjzTugo71Q6WDy3Wq62pCeawUz/830","D:\github\ron-english-light-cult-0001-1000\data\generated\light-cult-image-match-powershell-only\run-20260514-150810\reference-images\Light-Cult-Crypto-Club-00830.png","6452313939327e70","https://opensea.io/assets/ethereum/0xbe85fbd182af91290be7293438ae67549638189f/830","[{""trait_type"":""Background"",""value"":""Yellow""},{""trait_type"":""Face"",""value"":""Basic (Red)""},{""trait_type"":""Accessory"",""value"":""Goggles""},{""trait_type"":""Hat"",""value"":""Nurse Hat""},{""trait_type"":""Body"",""value"":""Brown Guitar""}]"
"831","00831","","","ipfs://QmXpXg2KDaqtFwFutCx11Lib4BJ86RPkUpkxCJJCDSc5SL/831","https://ipfs.io/ipfs/QmXpXg2KDaqtFwFutCx11Lib4BJ86RPkUpkxCJJCDSc5SL/831","ipfs://QmWNWmgdMtxpyofvTSVRFjzTugo71Q6WDy3Wq62pCeawUz/831","https://ipfs.io/ipfs/QmWNWmgdMtxpyofvTSVRFjzTugo71Q6WDy3Wq62pCeawUz/831","D:\github\ron-english-light-cult-0001-1000\data\generated\light-cult-image-match-powershell-only\run-20260514-150810\reference-images\Light-Cult-Crypto-Club-00831.png","35070f0f270707a6","https://opensea.io/assets/ethereum/0xbe85fbd182af91290be7293438ae67549638189f/831","[{""trait_type"":""Status"",""value"":""Rare""},{""trait_type"":""Collection"",""value"":""Incubator Bulb""},{""trait_type"":""Variant"",""value"":""IB - V8""}]"
"833","00833","","","ipfs://QmXpXg2KDaqtFwFutCx11Lib4BJ86RPkUpkxCJJCDSc5SL/833","https://ipfs.io/ipfs/QmXpXg2KDaqtFwFutCx11Lib4BJ86RPkUpkxCJJCDSc5SL/833","ipfs://QmWNWmgdMtxpyofvTSVRFjzTugo71Q6WDy3Wq62pCeawUz/833","https://ipfs.io/ipfs/QmWNWmgdMtxpyofvTSVRFjzTugo71Q6WDy3Wq62pCeawUz/833","D:\github\ron-english-light-cult-0001-1000\data\generated\light-cult-image-match-powershell-only\run-20260514-150810\reference-images\Light-Cult-Crypto-Club-00833.png","464a703039727e78","https://opensea.io/assets/ethereum/0xbe85fbd182af91290be7293438ae67549638189f/833","[{""trait_type"":""Background"",""value"":""Pink""},{""trait_type"":""Face"",""value"":""Whale Bowl""},{""trait_type"":""Body"",""value"":""Red Guitar""}]"
"834","00834","","","ipfs://QmXpXg2KDaqtFwFutCx11Lib4BJ86RPkUpkxCJJCDSc5SL/834","https://ipfs.io/ipfs/QmXpXg2KDaqtFwFutCx11Lib4BJ86RPkUpkxCJJCDSc5SL/834","ipfs://QmWNWmgdMtxpyofvTSVRFjzTugo71Q6WDy3Wq62pCeawUz/834","https://ipfs.io/ipfs/QmWNWmgdMtxpyofvTSVRFjzTugo71Q6WDy3Wq62pCeawUz/834","D:\github\ron-english-light-cult-0001-1000\data\generated\light-cult-image-match-powershell-only\run-20260514-150810\reference-images\Light-Cult-Crypto-Club-00834.png","525252f4311b5246","https://opensea.io/assets/ethereum/0xbe85fbd182af91290be7293438ae67549638189f/834","[{""trait_type"":""Background"",""value"":""Yellow""},{""trait_type"":""Face"",""value"":""Smiley Face (Pink)""},{""trait_type"":""Accessory"",""value"":""Water Spout""},{""trait_type"":""Hat"",""value"":""Cone""}]"
"835","00835","","","ipfs://QmXpXg2KDaqtFwFutCx11Lib4BJ86RPkUpkxCJJCDSc5SL/835","https://ipfs.io/ipfs/QmXpXg2KDaqtFwFutCx11Lib4BJ86RPkUpkxCJJCDSc5SL/835","ipfs://QmWNWmgdMtxpyofvTSVRFjzTugo71Q6WDy3Wq62pCeawUz/835","https://ipfs.io/ipfs/QmWNWmgdMtxpyofvTSVRFjzTugo71Q6WDy3Wq62pCeawUz/835","D:\github\ron-english-light-cult-0001-1000\data\generated\light-cult-image-match-powershell-only\run-20260514-150810\reference-images\Light-Cult-Crypto-Club-00835.png","5239393113331913","https://opensea.io/assets/ethereum/0xbe85fbd182af91290be7293438ae67549638189f/835","[{""trait_type"":""Background"",""value"":""Light Blue""},{""trait_type"":""Face"",""value"":""Blue Mask""},{""trait_type"":""Hat"",""value"":""Pink Military""},{""trait_type"":""Body"",""value"":""Dino Body""}]"
"836","00836","","","ipfs://QmXpXg2KDaqtFwFutCx11Lib4BJ86RPkUpkxCJJCDSc5SL/836","https://ipfs.io/ipfs/QmXpXg2KDaqtFwFutCx11Lib4BJ86RPkUpkxCJJCDSc5SL/836","ipfs://QmWNWmgdMtxpyofvTSVRFjzTugo71Q6WDy3Wq62pCeawUz/836","https://ipfs.io/ipfs/QmWNWmgdMtxpyofvTSVRFjzTugo71Q6WDy3Wq62pCeawUz/836","D:\github\ron-english-light-cult-0001-1000\data\generated\light-cult-image-match-powershell-only\run-20260514-150810\reference-images\Light-Cult-Crypto-Club-00836.png","4652303131135246","https://opensea.io/assets/ethereum/0xbe85fbd182af91290be7293438ae67549638189f/836","[{""trait_type"":""Background"",""value"":""Yellow""},{""trait_type"":""Face"",""value"":""Basic (Light Blue)""},{""trait_type"":""Hat"",""value"":""Beanie Grey""}]"
"839","00839","","","ipfs://QmXpXg2KDaqtFwFutCx11Lib4BJ86RPkUpkxCJJCDSc5SL/839","https://ipfs.io/ipfs/QmXpXg2KDaqtFwFutCx11Lib4BJ86RPkUpkxCJJCDSc5SL/839","ipfs://QmWNWmgdMtxpyofvTSVRFjzTugo71Q6WDy3Wq62pCeawUz/839","https://ipfs.io/ipfs/QmWNWmgdMtxpyofvTSVRFjzTugo71Q6WDy3Wq62pCeawUz/839","D:\github\ron-english-light-cult-0001-1000\data\generated\light-cult-image-match-powershell-only\run-20260514-150810\reference-images\Light-Cult-Crypto-Club-00839.png","465e3839395a5246","https://opensea.io/assets/ethereum/0xbe85fbd182af91290be7293438ae67549638189f/839","[{""trait_type"":""Background"",""value"":""Pink""},{""trait_type"":""Face"",""value"":""Bomb""}]"
"840","00840","","","ipfs://QmXpXg2KDaqtFwFutCx11Lib4BJ86RPkUpkxCJJCDSc5SL/840","https://ipfs.io/ipfs/QmXpXg2KDaqtFwFutCx11Lib4BJ86RPkUpkxCJJCDSc5SL/840","ipfs://QmWNWmgdMtxpyofvTSVRFjzTugo71Q6WDy3Wq62pCeawUz/840","https://ipfs.io/ipfs/QmWNWmgdMtxpyofvTSVRFjzTugo71Q6WDy3Wq62pCeawUz/840","D:\github\ron-english-light-cult-0001-1000\data\generated\light-cult-image-match-powershell-only\run-20260514-150810\reference-images\Light-Cult-Crypto-Club-00840.png","0707313164391307","https://opensea.io/assets/ethereum/0xbe85fbd182af91290be7293438ae67549638189f/840","[{""trait_type"":""Background"",""value"":""Rainbow""},{""trait_type"":""Face"",""value"":""Basic (Yellow)""},{""trait_type"":""Accessory"",""value"":""Human Ears""}]"
"843","00843","","","ipfs://QmXpXg2KDaqtFwFutCx11Lib4BJ86RPkUpkxCJJCDSc5SL/843","https://ipfs.io/ipfs/QmXpXg2KDaqtFwFutCx11Lib4BJ86RPkUpkxCJJCDSc5SL/843","ipfs://QmWNWmgdMtxpyofvTSVRFjzTugo71Q6WDy3Wq62pCeawUz/843","https://ipfs.io/ipfs/QmWNWmgdMtxpyofvTSVRFjzTugo71Q6WDy3Wq62pCeawUz/843","D:\github\ron-english-light-cult-0001-1000\data\generated\light-cult-image-match-powershell-only\run-20260514-150810\reference-images\Light-Cult-Crypto-Club-00843.png","46527070391b7a70","https://opensea.io/assets/ethereum/0xbe85fbd182af91290be7293438ae67549638189f/843","[{""trait_type"":""Background"",""value"":""Yellow""},{""trait_type"":""Face"",""value"":""Smiley Face (Red)""},{""trait_type"":""Accessory"",""value"":""Goblin Ears""},{""trait_type"":""Hat"",""value"":""Beanie Grey""},{""trait_type"":""Body"",""value"":""LightBulb M-16""}]"
"844","00844","","","ipfs://QmXpXg2KDaqtFwFutCx11Lib4BJ86RPkUpkxCJJCDSc5SL/844","https://ipfs.io/ipfs/QmXpXg2KDaqtFwFutCx11Lib4BJ86RPkUpkxCJJCDSc5SL/844","ipfs://QmWNWmgdMtxpyofvTSVRFjzTugo71Q6WDy3Wq62pCeawUz/844","https://ipfs.io/ipfs/QmWNWmgdMtxpyofvTSVRFjzTugo71Q6WDy3Wq62pCeawUz/844","D:\github\ron-english-light-cult-0001-1000\data\generated\light-cult-image-match-powershell-only\run-20260514-150810\reference-images\Light-Cult-Crypto-Club-00844.png","040f0f07070f0f07","https://opensea.io/assets/ethereum/0xbe85fbd182af91290be7293438ae67549638189f/844","[{""trait_type"":""Background"",""value"":""Mandala 3""},{""trait_type"":""Face"",""value"":""Smiley Face (Yellow)""},{""trait_type"":""Accessory"",""value"":""Winged Sunglasses""},{""trait_type"":""Hat"",""value"":""Helmet - Yellow""}]"
"845","00845","","","ipfs://QmXpXg2KDaqtFwFutCx11Lib4BJ86RPkUpkxCJJCDSc5SL/845","https://ipfs.io/ipfs/QmXpXg2KDaqtFwFutCx11Lib4BJ86RPkUpkxCJJCDSc5SL/845","ipfs://QmWNWmgdMtxpyofvTSVRFjzTugo71Q6WDy3Wq62pCeawUz/845","https://ipfs.io/ipfs/QmWNWmgdMtxpyofvTSVRFjzTugo71Q6WDy3Wq62pCeawUz/845","D:\github\ron-english-light-cult-0001-1000\data\generated\light-cult-image-match-powershell-only\run-20260514-150810\reference-images\Light-Cult-Crypto-Club-00845.png","0f0707cc6c30390f","https://opensea.io/assets/ethereum/0xbe85fbd182af91290be7293438ae67549638189f/845","[{""trait_type"":""Background"",""value"":""Rainbow""},{""trait_type"":""Face"",""value"":""Basic (Yellow)""},{""trait_type"":""Accessory"",""value"":""Dragon Wings""},{""trait_type"":""Body"",""value"":""Tanktop Bulb""}]"
"846","00846","","","ipfs://QmXpXg2KDaqtFwFutCx11Lib4BJ86RPkUpkxCJJCDSc5SL/846","https://ipfs.io/ipfs/QmXpXg2KDaqtFwFutCx11Lib4BJ86RPkUpkxCJJCDSc5SL/846","ipfs://QmWNWmgdMtxpyofvTSVRFjzTugo71Q6WDy3Wq62pCeawUz/846","https://ipfs.io/ipfs/QmWNWmgdMtxpyofvTSVRFjzTugo71Q6WDy3Wq62pCeawUz/846","D:\github\ron-english-light-cult-0001-1000\data\generated\light-cult-image-match-powershell-only\run-20260514-150810\reference-images\Light-Cult-Crypto-Club-00846.png","04070f0707070f07","https://opensea.io/assets/ethereum/0xbe85fbd182af91290be7293438ae67549638189f/846","[{""trait_type"":""Background"",""value"":""Mandala 6""},{""trait_type"":""Face"",""value"":""Basic (Pink)""},{""trait_type"":""Hat"",""value"":""Fez - Brain Bulb""}]"
"848","00848","","","ipfs://QmXpXg2KDaqtFwFutCx11Lib4BJ86RPkUpkxCJJCDSc5SL/848","https://ipfs.io/ipfs/QmXpXg2KDaqtFwFutCx11Lib4BJ86RPkUpkxCJJCDSc5SL/848","ipfs://QmWNWmgdMtxpyofvTSVRFjzTugo71Q6WDy3Wq62pCeawUz/848","https://ipfs.io/ipfs/QmWNWmgdMtxpyofvTSVRFjzTugo71Q6WDy3Wq62pCeawUz/848","D:\github\ron-english-light-cult-0001-1000\data\generated\light-cult-image-match-powershell-only\run-20260514-150810\reference-images\Light-Cult-Crypto-Club-00848.png","4e5676343670706c","https://opensea.io/assets/ethereum/0xbe85fbd182af91290be7293438ae67549638189f/848","[{""trait_type"":""Background"",""value"":""Pink""},{""trait_type"":""Face"",""value"":""Smiley Face (Pink)""},{""trait_type"":""Hat"",""value"":""Beanie Grey""},{""trait_type"":""Body"",""value"":""Tanktop Bulb""}]"
"849","00849","","","ipfs://QmXpXg2KDaqtFwFutCx11Lib4BJ86RPkUpkxCJJCDSc5SL/849","https://ipfs.io/ipfs/QmXpXg2KDaqtFwFutCx11Lib4BJ86RPkUpkxCJJCDSc5SL/849","ipfs://QmWNWmgdMtxpyofvTSVRFjzTugo71Q6WDy3Wq62pCeawUz/849","https://ipfs.io/ipfs/QmWNWmgdMtxpyofvTSVRFjzTugo71Q6WDy3Wq62pCeawUz/849","D:\github\ron-english-light-cult-0001-1000\data\generated\light-cult-image-match-powershell-only\run-20260514-150810\reference-images\Light-Cult-Crypto-Club-00849.png","0e0f07074607070b","https://opensea.io/assets/ethereum/0xbe85fbd182af91290be7293438ae67549638189f/849","[{""trait_type"":""Background"",""value"":""Mandala 14""},{""trait_type"":""Face"",""value"":""Basic (Pink)""},{""trait_type"":""Accessory"",""value"":""Water Spout""},{""trait_type"":""Body"",""value"":""Overalls Red""}]"
"850","00850","","","ipfs://QmXpXg2KDaqtFwFutCx11Lib4BJ86RPkUpkxCJJCDSc5SL/850","https://ipfs.io/ipfs/QmXpXg2KDaqtFwFutCx11Lib4BJ86RPkUpkxCJJCDSc5SL/850","ipfs://QmWNWmgdMtxpyofvTSVRFjzTugo71Q6WDy3Wq62pCeawUz/850","https://ipfs.io/ipfs/QmWNWmgdMtxpyofvTSVRFjzTugo71Q6WDy3Wq62pCeawUz/850","D:\github\ron-english-light-cult-0001-1000\data\generated\light-cult-image-match-powershell-only\run-20260514-150810\reference-images\Light-Cult-Crypto-Club-00850.png","06070f0707070f0f","https://opensea.io/assets/ethereum/0xbe85fbd182af91290be7293438ae67549638189f/850","[{""trait_type"":""Background"",""value"":""Mandala 15""},{""trait_type"":""Face"",""value"":""StarSkull Yellow Face""},{""trait_type"":""Hat"",""value"":""Fez - StarSkull""},{""trait_type"":""Body"",""value"":""Sweater Scarf""}]"
"852","00852","","","ipfs://QmXpXg2KDaqtFwFutCx11Lib4BJ86RPkUpkxCJJCDSc5SL/852","https://ipfs.io/ipfs/QmXpXg2KDaqtFwFutCx11Lib4BJ86RPkUpkxCJJCDSc5SL/852","ipfs://QmWNWmgdMtxpyofvTSVRFjzTugo71Q6WDy3Wq62pCeawUz/852","https://ipfs.io/ipfs/QmWNWmgdMtxpyofvTSVRFjzTugo71Q6WDy3Wq62pCeawUz/852","D:\github\ron-english-light-cult-0001-1000\data\generated\light-cult-image-match-powershell-only\run-20260514-150810\reference-images\Light-Cult-Crypto-Club-00852.png","1a07462507070707","https://opensea.io/assets/ethereum/0xbe85fbd182af91290be7293438ae67549638189f/852","[{""trait_type"":""Background"",""value"":""Mandala 1""},{""trait_type"":""Face"",""value"":""Smiley Face (Pink)""},{""trait_type"":""Accessory"",""value"":""Fairy Wings""}]"
"853","00853","","","ipfs://QmXpXg2KDaqtFwFutCx11Lib4BJ86RPkUpkxCJJCDSc5SL/853","https://ipfs.io/ipfs/QmXpXg2KDaqtFwFutCx11Lib4BJ86RPkUpkxCJJCDSc5SL/853","ipfs://QmWNWmgdMtxpyofvTSVRFjzTugo71Q6WDy3Wq62pCeawUz/853","https://ipfs.io/ipfs/QmWNWmgdMtxpyofvTSVRFjzTugo71Q6WDy3Wq62pCeawUz/853","D:\github\ron-english-light-cult-0001-1000\data\generated\light-cult-image-match-powershell-only\run-20260514-150810\reference-images\Light-Cult-Crypto-Club-00853.png","4656303030307070","https://opensea.io/assets/ethereum/0xbe85fbd182af91290be7293438ae67549638189f/853","[{""trait_type"":""Background"",""value"":""Pink""},{""trait_type"":""Face"",""value"":""Slash Hat (Rabbbit)""},{""trait_type"":""Body"",""value"":""Tanktop Tree""}]"
"854","00854","","","ipfs://QmXpXg2KDaqtFwFutCx11Lib4BJ86RPkUpkxCJJCDSc5SL/854","https://ipfs.io/ipfs/QmXpXg2KDaqtFwFutCx11Lib4BJ86RPkUpkxCJJCDSc5SL/854","ipfs://QmWNWmgdMtxpyofvTSVRFjzTugo71Q6WDy3Wq62pCeawUz/854","https://ipfs.io/ipfs/QmWNWmgdMtxpyofvTSVRFjzTugo71Q6WDy3Wq62pCeawUz/854","D:\github\ron-english-light-cult-0001-1000\data\generated\light-cult-image-match-powershell-only\run-20260514-150810\reference-images\Light-Cult-Crypto-Club-00854.png","0e0f07311307071f","https://opensea.io/assets/ethereum/0xbe85fbd182af91290be7293438ae67549638189f/854","[{""trait_type"":""Background"",""value"":""Mandala 23""},{""trait_type"":""Face"",""value"":""Smiley Face (Red)""},{""trait_type"":""Accessory"",""value"":""Human Ears""},{""trait_type"":""Body"",""value"":""Red Guitar""}]"
"855","00855","","","ipfs://QmXpXg2KDaqtFwFutCx11Lib4BJ86RPkUpkxCJJCDSc5SL/855","https://ipfs.io/ipfs/QmXpXg2KDaqtFwFutCx11Lib4BJ86RPkUpkxCJJCDSc5SL/855","ipfs://QmWNWmgdMtxpyofvTSVRFjzTugo71Q6WDy3Wq62pCeawUz/855","https://ipfs.io/ipfs/QmWNWmgdMtxpyofvTSVRFjzTugo71Q6WDy3Wq62pCeawUz/855","D:\github\ron-english-light-cult-0001-1000\data\generated\light-cult-image-match-powershell-only\run-20260514-150810\reference-images\Light-Cult-Crypto-Club-00855.png","04070f130707070f","https://opensea.io/assets/ethereum/0xbe85fbd182af91290be7293438ae67549638189f/855","[{""trait_type"":""Background"",""value"":""Mandala 16""},{""trait_type"":""Face"",""value"":""Smiley Face (Yellow)""},{""trait_type"":""Accessory"",""value"":""Eyeball Earrings""}]"
"856","00856","","","ipfs://QmXpXg2KDaqtFwFutCx11Lib4BJ86RPkUpkxCJJCDSc5SL/856","https://ipfs.io/ipfs/QmXpXg2KDaqtFwFutCx11Lib4BJ86RPkUpkxCJJCDSc5SL/856","ipfs://QmWNWmgdMtxpyofvTSVRFjzTugo71Q6WDy3Wq62pCeawUz/856","https://ipfs.io/ipfs/QmWNWmgdMtxpyofvTSVRFjzTugo71Q6WDy3Wq62pCeawUz/856","D:\github\ron-english-light-cult-0001-1000\data\generated\light-cult-image-match-powershell-only\run-20260514-150810\reference-images\Light-Cult-Crypto-Club-00856.png","0313313178391307","https://opensea.io/assets/ethereum/0xbe85fbd182af91290be7293438ae67549638189f/856","[{""trait_type"":""Background"",""value"":""Rainbow""},{""trait_type"":""Face"",""value"":""Loch Ness Bowl""},{""trait_type"":""Hat"",""value"":""Cone""}]"
"857","00857","","","ipfs://QmXpXg2KDaqtFwFutCx11Lib4BJ86RPkUpkxCJJCDSc5SL/857","https://ipfs.io/ipfs/QmXpXg2KDaqtFwFutCx11Lib4BJ86RPkUpkxCJJCDSc5SL/857","ipfs://QmWNWmgdMtxpyofvTSVRFjzTugo71Q6WDy3Wq62pCeawUz/857","https://ipfs.io/ipfs/QmWNWmgdMtxpyofvTSVRFjzTugo71Q6WDy3Wq62pCeawUz/857","D:\github\ron-english-light-cult-0001-1000\data\generated\light-cult-image-match-powershell-only\run-20260514-150810\reference-images\Light-Cult-Crypto-Club-00857.png","46070f0d131b1307","https://opensea.io/assets/ethereum/0xbe85fbd182af91290be7293438ae67549638189f/857","[{""trait_type"":""Background"",""value"":""Red""},{""trait_type"":""Face"",""value"":""Pink Fish Bowl""},{""trait_type"":""Hat"",""value"":""Helmet - Purple""}]"
"859","00859","","","ipfs://QmXpXg2KDaqtFwFutCx11Lib4BJ86RPkUpkxCJJCDSc5SL/859","https://ipfs.io/ipfs/QmXpXg2KDaqtFwFutCx11Lib4BJ86RPkUpkxCJJCDSc5SL/859","ipfs://QmWNWmgdMtxpyofvTSVRFjzTugo71Q6WDy3Wq62pCeawUz/859","https://ipfs.io/ipfs/QmWNWmgdMtxpyofvTSVRFjzTugo71Q6WDy3Wq62pCeawUz/859","D:\github\ron-english-light-cult-0001-1000\data\generated\light-cult-image-match-powershell-only\run-20260514-150810\reference-images\Light-Cult-Crypto-Club-00859.png","5a1b312d2f303930","https://opensea.io/assets/ethereum/0xbe85fbd182af91290be7293438ae67549638189f/859","[{""trait_type"":""Background"",""value"":""Light Blue""},{""trait_type"":""Face"",""value"":""Diaper Mask""},{""trait_type"":""Hat"",""value"":""Cowboy Hat""},{""trait_type"":""Body"",""value"":""Tanktop""}]"
"863","00863","","","ipfs://QmXpXg2KDaqtFwFutCx11Lib4BJ86RPkUpkxCJJCDSc5SL/863","https://ipfs.io/ipfs/QmXpXg2KDaqtFwFutCx11Lib4BJ86RPkUpkxCJJCDSc5SL/863","ipfs://QmWNWmgdMtxpyofvTSVRFjzTugo71Q6WDy3Wq62pCeawUz/863","https://ipfs.io/ipfs/QmWNWmgdMtxpyofvTSVRFjzTugo71Q6WDy3Wq62pCeawUz/863","D:\github\ron-english-light-cult-0001-1000\data\generated\light-cult-image-match-powershell-only\run-20260514-150810\reference-images\Light-Cult-Crypto-Club-00863.png","060f0f0f07130f07","https://opensea.io/assets/ethereum/0xbe85fbd182af91290be7293438ae67549638189f/863","[{""trait_type"":""Background"",""value"":""Mandala 7""},{""trait_type"":""Face"",""value"":""Jesus Bowl""},{""trait_type"":""Hat"",""value"":""Police - Brain""}]"
"864","00864","","","ipfs://QmXpXg2KDaqtFwFutCx11Lib4BJ86RPkUpkxCJJCDSc5SL/864","https://ipfs.io/ipfs/QmXpXg2KDaqtFwFutCx11Lib4BJ86RPkUpkxCJJCDSc5SL/864","ipfs://QmWNWmgdMtxpyofvTSVRFjzTugo71Q6WDy3Wq62pCeawUz/864","https://ipfs.io/ipfs/QmWNWmgdMtxpyofvTSVRFjzTugo71Q6WDy3Wq62pCeawUz/864","D:\github\ron-english-light-cult-0001-1000\data\generated\light-cult-image-match-powershell-only\run-20260514-150810\reference-images\Light-Cult-Crypto-Club-00864.png","46464646078f8793","https://opensea.io/assets/ethereum/0xbe85fbd182af91290be7293438ae67549638189f/864","[{""trait_type"":""Status"",""value"":""Rare""},{""trait_type"":""Collection"",""value"":""Marilyn""},{""trait_type"":""Variant"",""value"":""MM - V3""}]"
"866","00866","","","ipfs://QmXpXg2KDaqtFwFutCx11Lib4BJ86RPkUpkxCJJCDSc5SL/866","https://ipfs.io/ipfs/QmXpXg2KDaqtFwFutCx11Lib4BJ86RPkUpkxCJJCDSc5SL/866","ipfs://QmWNWmgdMtxpyofvTSVRFjzTugo71Q6WDy3Wq62pCeawUz/866","https://ipfs.io/ipfs/QmWNWmgdMtxpyofvTSVRFjzTugo71Q6WDy3Wq62pCeawUz/866","D:\github\ron-english-light-cult-0001-1000\data\generated\light-cult-image-match-powershell-only\run-20260514-150810\reference-images\Light-Cult-Crypto-Club-00866.png","c24664f0da123078","https://opensea.io/assets/ethereum/0xbe85fbd182af91290be7293438ae67549638189f/866","[{""trait_type"":""Background"",""value"":""Yellow""},{""trait_type"":""Face"",""value"":""Smiley Face (Yellow)""},{""trait_type"":""Accessory"",""value"":""Butterfly Wings""},{""trait_type"":""Body"",""value"":""MC Body (Necklace)""}]"
"868","00868","","","ipfs://QmXpXg2KDaqtFwFutCx11Lib4BJ86RPkUpkxCJJCDSc5SL/868","https://ipfs.io/ipfs/QmXpXg2KDaqtFwFutCx11Lib4BJ86RPkUpkxCJJCDSc5SL/868","ipfs://QmWNWmgdMtxpyofvTSVRFjzTugo71Q6WDy3Wq62pCeawUz/868","https://ipfs.io/ipfs/QmWNWmgdMtxpyofvTSVRFjzTugo71Q6WDy3Wq62pCeawUz/868","D:\github\ron-english-light-cult-0001-1000\data\generated\light-cult-image-match-powershell-only\run-20260514-150810\reference-images\Light-Cult-Crypto-Club-00868.png","0e0f0707070f0f07","https://opensea.io/assets/ethereum/0xbe85fbd182af91290be7293438ae67549638189f/868","[{""trait_type"":""Background"",""value"":""Mandala 23""},{""trait_type"":""Face"",""value"":""Basic (Yellow)""},{""trait_type"":""Accessory"",""value"":""Winged Sunglasses""}]"
"869","00869","","","ipfs://QmXpXg2KDaqtFwFutCx11Lib4BJ86RPkUpkxCJJCDSc5SL/869","https://ipfs.io/ipfs/QmXpXg2KDaqtFwFutCx11Lib4BJ86RPkUpkxCJJCDSc5SL/869","ipfs://QmWNWmgdMtxpyofvTSVRFjzTugo71Q6WDy3Wq62pCeawUz/869","https://ipfs.io/ipfs/QmWNWmgdMtxpyofvTSVRFjzTugo71Q6WDy3Wq62pCeawUz/869","D:\github\ron-english-light-cult-0001-1000\data\generated\light-cult-image-match-powershell-only\run-20260514-150810\reference-images\Light-Cult-Crypto-Club-00869.png","5270292931311958","https://opensea.io/assets/ethereum/0xbe85fbd182af91290be7293438ae67549638189f/869","[{""trait_type"":""Status"",""value"":""Rare""},{""trait_type"":""Collection"",""value"":""Sex Doll""},{""trait_type"":""Variant"",""value"":""BY - V4""}]"
"871","00871","","","ipfs://QmXpXg2KDaqtFwFutCx11Lib4BJ86RPkUpkxCJJCDSc5SL/871","https://ipfs.io/ipfs/QmXpXg2KDaqtFwFutCx11Lib4BJ86RPkUpkxCJJCDSc5SL/871","ipfs://QmWNWmgdMtxpyofvTSVRFjzTugo71Q6WDy3Wq62pCeawUz/871","https://ipfs.io/ipfs/QmWNWmgdMtxpyofvTSVRFjzTugo71Q6WDy3Wq62pCeawUz/871","D:\github\ron-english-light-cult-0001-1000\data\generated\light-cult-image-match-powershell-only\run-20260514-150810\reference-images\Light-Cult-Crypto-Club-00871.png","461b0f2d07131339","https://opensea.io/assets/ethereum/0xbe85fbd182af91290be7293438ae67549638189f/871","[{""trait_type"":""Background"",""value"":""Red""},{""trait_type"":""Face"",""value"":""Ugly Ed""},{""trait_type"":""Hat"",""value"":""Fez - Brain Bulb""},{""trait_type"":""Body"",""value"":""Overalls Brown""}]"
"872","00872","","","ipfs://QmXpXg2KDaqtFwFutCx11Lib4BJ86RPkUpkxCJJCDSc5SL/872","https://ipfs.io/ipfs/QmXpXg2KDaqtFwFutCx11Lib4BJ86RPkUpkxCJJCDSc5SL/872","ipfs://QmWNWmgdMtxpyofvTSVRFjzTugo71Q6WDy3Wq62pCeawUz/872","https://ipfs.io/ipfs/QmWNWmgdMtxpyofvTSVRFjzTugo71Q6WDy3Wq62pCeawUz/872","D:\github\ron-english-light-cult-0001-1000\data\generated\light-cult-image-match-powershell-only\run-20260514-150810\reference-images\Light-Cult-Crypto-Club-00872.png","4607073107131139","https://opensea.io/assets/ethereum/0xbe85fbd182af91290be7293438ae67549638189f/872","[{""trait_type"":""Background"",""value"":""Red""},{""trait_type"":""Face"",""value"":""Basic (Yellow)""},{""trait_type"":""Body"",""value"":""Overalls Red""}]"
"873","00873","","","ipfs://QmXpXg2KDaqtFwFutCx11Lib4BJ86RPkUpkxCJJCDSc5SL/873","https://ipfs.io/ipfs/QmXpXg2KDaqtFwFutCx11Lib4BJ86RPkUpkxCJJCDSc5SL/873","ipfs://QmWNWmgdMtxpyofvTSVRFjzTugo71Q6WDy3Wq62pCeawUz/873","https://ipfs.io/ipfs/QmWNWmgdMtxpyofvTSVRFjzTugo71Q6WDy3Wq62pCeawUz/873","D:\github\ron-english-light-cult-0001-1000\data\generated\light-cult-image-match-powershell-only\run-20260514-150810\reference-images\Light-Cult-Crypto-Club-00873.png","0607070f070f0f07","https://opensea.io/assets/ethereum/0xbe85fbd182af91290be7293438ae67549638189f/873","[{""trait_type"":""Background"",""value"":""Mandala 12""},{""trait_type"":""Face"",""value"":""Tweety""}]"
"874","00874","","","ipfs://QmXpXg2KDaqtFwFutCx11Lib4BJ86RPkUpkxCJJCDSc5SL/874","https://ipfs.io/ipfs/QmXpXg2KDaqtFwFutCx11Lib4BJ86RPkUpkxCJJCDSc5SL/874","ipfs://QmWNWmgdMtxpyofvTSVRFjzTugo71Q6WDy3Wq62pCeawUz/874","https://ipfs.io/ipfs/QmWNWmgdMtxpyofvTSVRFjzTugo71Q6WDy3Wq62pCeawUz/874","D:\github\ron-english-light-cult-0001-1000\data\generated\light-cult-image-match-powershell-only\run-20260514-150810\reference-images\Light-Cult-Crypto-Club-00874.png","0e0f07070b0f0f0f","https://opensea.io/assets/ethereum/0xbe85fbd182af91290be7293438ae67549638189f/874","[{""trait_type"":""Background"",""value"":""Mandala 13""},{""trait_type"":""Face"",""value"":""Stegasourous Photo""},{""trait_type"":""Hat"",""value"":""Beanie Red""},{""trait_type"":""Body"",""value"":""Overalls Brown""}]"
"875","00875","","","ipfs://QmXpXg2KDaqtFwFutCx11Lib4BJ86RPkUpkxCJJCDSc5SL/875","https://ipfs.io/ipfs/QmXpXg2KDaqtFwFutCx11Lib4BJ86RPkUpkxCJJCDSc5SL/875","ipfs://QmWNWmgdMtxpyofvTSVRFjzTugo71Q6WDy3Wq62pCeawUz/875","https://ipfs.io/ipfs/QmWNWmgdMtxpyofvTSVRFjzTugo71Q6WDy3Wq62pCeawUz/875","D:\github\ron-english-light-cult-0001-1000\data\generated\light-cult-image-match-powershell-only\run-20260514-150810\reference-images\Light-Cult-Crypto-Club-00875.png","060f0f0707070f07","https://opensea.io/assets/ethereum/0xbe85fbd182af91290be7293438ae67549638189f/875","[{""trait_type"":""Background"",""value"":""Mandala 15""},{""trait_type"":""Face"",""value"":""Basic (Light Blue)""},{""trait_type"":""Hat"",""value"":""Scrap ARD""}]"
"876","00876","","","ipfs://QmXpXg2KDaqtFwFutCx11Lib4BJ86RPkUpkxCJJCDSc5SL/876","https://ipfs.io/ipfs/QmXpXg2KDaqtFwFutCx11Lib4BJ86RPkUpkxCJJCDSc5SL/876","ipfs://QmWNWmgdMtxpyofvTSVRFjzTugo71Q6WDy3Wq62pCeawUz/876","https://ipfs.io/ipfs/QmWNWmgdMtxpyofvTSVRFjzTugo71Q6WDy3Wq62pCeawUz/876","D:\github\ron-english-light-cult-0001-1000\data\generated\light-cult-image-match-powershell-only\run-20260514-150810\reference-images\Light-Cult-Crypto-Club-00876.png","4c56303632307064","https://opensea.io/assets/ethereum/0xbe85fbd182af91290be7293438ae67549638189f/876","[{""trait_type"":""Background"",""value"":""Yellow""},{""trait_type"":""Face"",""value"":""Basic (Red)""},{""trait_type"":""Accessory"",""value"":""Groucho Glasses""},{""trait_type"":""Hat"",""value"":""Beanie Red""},{""trait_type"":""Body"",""value"":""Tanktop Mermaid""}]"
"878","00878","","","ipfs://QmXpXg2KDaqtFwFutCx11Lib4BJ86RPkUpkxCJJCDSc5SL/878","https://ipfs.io/ipfs/QmXpXg2KDaqtFwFutCx11Lib4BJ86RPkUpkxCJJCDSc5SL/878","ipfs://QmWNWmgdMtxpyofvTSVRFjzTugo71Q6WDy3Wq62pCeawUz/878","https://ipfs.io/ipfs/QmWNWmgdMtxpyofvTSVRFjzTugo71Q6WDy3Wq62pCeawUz/878","D:\github\ron-english-light-cult-0001-1000\data\generated\light-cult-image-match-powershell-only\run-20260514-150810\reference-images\Light-Cult-Crypto-Club-00878.png","0e090d090d0b1b17","https://opensea.io/assets/ethereum/0xbe85fbd182af91290be7293438ae67549638189f/878","[{""trait_type"":""Background"",""value"":""Mandala 25""},{""trait_type"":""Face"",""value"":""Basic (Light Blue)""},{""trait_type"":""Body"",""value"":""Tanktop Eye""}]"
"879","00879","","","ipfs://QmXpXg2KDaqtFwFutCx11Lib4BJ86RPkUpkxCJJCDSc5SL/879","https://ipfs.io/ipfs/QmXpXg2KDaqtFwFutCx11Lib4BJ86RPkUpkxCJJCDSc5SL/879","ipfs://QmWNWmgdMtxpyofvTSVRFjzTugo71Q6WDy3Wq62pCeawUz/879","https://ipfs.io/ipfs/QmWNWmgdMtxpyofvTSVRFjzTugo71Q6WDy3Wq62pCeawUz/879","D:\github\ron-english-light-cult-0001-1000\data\generated\light-cult-image-match-powershell-only\run-20260514-150810\reference-images\Light-Cult-Crypto-Club-00879.png","5278392d31135246","https://opensea.io/assets/ethereum/0xbe85fbd182af91290be7293438ae67549638189f/879","[{""trait_type"":""Background"",""value"":""Yellow""},{""trait_type"":""Face"",""value"":""Ugly Ed""},{""trait_type"":""Hat"",""value"":""Police - Brain""}]"
"880","00880","","","ipfs://QmXpXg2KDaqtFwFutCx11Lib4BJ86RPkUpkxCJJCDSc5SL/880","https://ipfs.io/ipfs/QmXpXg2KDaqtFwFutCx11Lib4BJ86RPkUpkxCJJCDSc5SL/880","ipfs://QmWNWmgdMtxpyofvTSVRFjzTugo71Q6WDy3Wq62pCeawUz/880","https://ipfs.io/ipfs/QmWNWmgdMtxpyofvTSVRFjzTugo71Q6WDy3Wq62pCeawUz/880","D:\github\ron-english-light-cult-0001-1000\data\generated\light-cult-image-match-powershell-only\run-20260514-150810\reference-images\Light-Cult-Crypto-Club-00880.png","4652313139523178","https://opensea.io/assets/ethereum/0xbe85fbd182af91290be7293438ae67549638189f/880","[{""trait_type"":""Background"",""value"":""Pink""},{""trait_type"":""Face"",""value"":""Basic (Red)""},{""trait_type"":""Body"",""value"":""Overalls Brown""}]"
"881","00881","","","ipfs://QmXpXg2KDaqtFwFutCx11Lib4BJ86RPkUpkxCJJCDSc5SL/881","https://ipfs.io/ipfs/QmXpXg2KDaqtFwFutCx11Lib4BJ86RPkUpkxCJJCDSc5SL/881","ipfs://QmWNWmgdMtxpyofvTSVRFjzTugo71Q6WDy3Wq62pCeawUz/881","https://ipfs.io/ipfs/QmWNWmgdMtxpyofvTSVRFjzTugo71Q6WDy3Wq62pCeawUz/881","D:\github\ron-english-light-cult-0001-1000\data\generated\light-cult-image-match-powershell-only\run-20260514-150810\reference-images\Light-Cult-Crypto-Club-00881.png","461b3931311b1307","https://opensea.io/assets/ethereum/0xbe85fbd182af91290be7293438ae67549638189f/881","[{""trait_type"":""Background"",""value"":""Light Blue""},{""trait_type"":""Face"",""value"":""Basic (Light Blue)""},{""trait_type"":""Hat"",""value"":""Helmet - Yellow""}]"
"882","00882","","","ipfs://QmXpXg2KDaqtFwFutCx11Lib4BJ86RPkUpkxCJJCDSc5SL/882","https://ipfs.io/ipfs/QmXpXg2KDaqtFwFutCx11Lib4BJ86RPkUpkxCJJCDSc5SL/882","ipfs://QmWNWmgdMtxpyofvTSVRFjzTugo71Q6WDy3Wq62pCeawUz/882","https://ipfs.io/ipfs/QmWNWmgdMtxpyofvTSVRFjzTugo71Q6WDy3Wq62pCeawUz/882","D:\github\ron-english-light-cult-0001-1000\data\generated\light-cult-image-match-powershell-only\run-20260514-150810\reference-images\Light-Cult-Crypto-Club-00882.png","46523131395a5246","https://opensea.io/assets/ethereum/0xbe85fbd182af91290be7293438ae67549638189f/882","[{""trait_type"":""Background"",""value"":""Pink""},{""trait_type"":""Face"",""value"":""Smiley Face (Red)""}]"
"883","00883","","","ipfs://QmXpXg2KDaqtFwFutCx11Lib4BJ86RPkUpkxCJJCDSc5SL/883","https://ipfs.io/ipfs/QmXpXg2KDaqtFwFutCx11Lib4BJ86RPkUpkxCJJCDSc5SL/883","ipfs://QmWNWmgdMtxpyofvTSVRFjzTugo71Q6WDy3Wq62pCeawUz/883","https://ipfs.io/ipfs/QmWNWmgdMtxpyofvTSVRFjzTugo71Q6WDy3Wq62pCeawUz/883","D:\github\ron-english-light-cult-0001-1000\data\generated\light-cult-image-match-powershell-only\run-20260514-150810\reference-images\Light-Cult-Crypto-Club-00883.png","405866d0f8d8c761","https://opensea.io/assets/ethereum/0xbe85fbd182af91290be7293438ae67549638189f/883","[{""trait_type"":""Status"",""value"":""Rare""},{""trait_type"":""Collection"",""value"":""Bulb Car""},{""trait_type"":""Variant"",""value"":""BC - V1""}]"
"885","00885","","","ipfs://QmXpXg2KDaqtFwFutCx11Lib4BJ86RPkUpkxCJJCDSc5SL/885","https://ipfs.io/ipfs/QmXpXg2KDaqtFwFutCx11Lib4BJ86RPkUpkxCJJCDSc5SL/885","ipfs://QmWNWmgdMtxpyofvTSVRFjzTugo71Q6WDy3Wq62pCeawUz/885","https://ipfs.io/ipfs/QmWNWmgdMtxpyofvTSVRFjzTugo71Q6WDy3Wq62pCeawUz/885","D:\github\ron-english-light-cult-0001-1000\data\generated\light-cult-image-match-powershell-only\run-20260514-150810\reference-images\Light-Cult-Crypto-Club-00885.png","06050909090b1b17","https://opensea.io/assets/ethereum/0xbe85fbd182af91290be7293438ae67549638189f/885","[{""trait_type"":""Background"",""value"":""Black""},{""trait_type"":""Face"",""value"":""Octopus Bowl""},{""trait_type"":""Hat"",""value"":""Carosoul Crown""},{""trait_type"":""Body"",""value"":""Tanktop Bulb""}]"
"887","00887","","","ipfs://QmXpXg2KDaqtFwFutCx11Lib4BJ86RPkUpkxCJJCDSc5SL/887","https://ipfs.io/ipfs/QmXpXg2KDaqtFwFutCx11Lib4BJ86RPkUpkxCJJCDSc5SL/887","ipfs://QmWNWmgdMtxpyofvTSVRFjzTugo71Q6WDy3Wq62pCeawUz/887","https://ipfs.io/ipfs/QmWNWmgdMtxpyofvTSVRFjzTugo71Q6WDy3Wq62pCeawUz/887","D:\github\ron-english-light-cult-0001-1000\data\generated\light-cult-image-match-powershell-only\run-20260514-150810\reference-images\Light-Cult-Crypto-Club-00887.png","040f0f1b07070f0f","https://opensea.io/assets/ethereum/0xbe85fbd182af91290be7293438ae67549638189f/887","[{""trait_type"":""Background"",""value"":""Mandala 9""},{""trait_type"":""Face"",""value"":""Ship n Bowl""},{""trait_type"":""Body"",""value"":""Sweater Scarf""}]"
"888","00888","","","ipfs://QmXpXg2KDaqtFwFutCx11Lib4BJ86RPkUpkxCJJCDSc5SL/888","https://ipfs.io/ipfs/QmXpXg2KDaqtFwFutCx11Lib4BJ86RPkUpkxCJJCDSc5SL/888","ipfs://QmWNWmgdMtxpyofvTSVRFjzTugo71Q6WDy3Wq62pCeawUz/888","https://ipfs.io/ipfs/QmWNWmgdMtxpyofvTSVRFjzTugo71Q6WDy3Wq62pCeawUz/888","D:\github\ron-english-light-cult-0001-1000\data\generated\light-cult-image-match-powershell-only\run-20260514-150810\reference-images\Light-Cult-Crypto-Club-00888.png","040c0e0704040f1f","https://opensea.io/assets/ethereum/0xbe85fbd182af91290be7293438ae67549638189f/888","[{""trait_type"":""Background"",""value"":""Black""},{""trait_type"":""Face"",""value"":""Basic (Pink)""},{""trait_type"":""Accessory"",""value"":""Winged Sunglasses""},{""trait_type"":""Hat"",""value"":""Cone""},{""trait_type"":""Body"",""value"":""Woodstock Guitar""}]"
"889","00889","","","ipfs://QmXpXg2KDaqtFwFutCx11Lib4BJ86RPkUpkxCJJCDSc5SL/889","https://ipfs.io/ipfs/QmXpXg2KDaqtFwFutCx11Lib4BJ86RPkUpkxCJJCDSc5SL/889","ipfs://QmWNWmgdMtxpyofvTSVRFjzTugo71Q6WDy3Wq62pCeawUz/889","https://ipfs.io/ipfs/QmWNWmgdMtxpyofvTSVRFjzTugo71Q6WDy3Wq62pCeawUz/889","D:\github\ron-english-light-cult-0001-1000\data\generated\light-cult-image-match-powershell-only\run-20260514-150810\reference-images\Light-Cult-Crypto-Club-00889.png","46133131391b1307","https://opensea.io/assets/ethereum/0xbe85fbd182af91290be7293438ae67549638189f/889","[{""trait_type"":""Background"",""value"":""Light Blue""},{""trait_type"":""Face"",""value"":""Basic (Red)""},{""trait_type"":""Hat"",""value"":""Beanie Red""}]"
"893","00893","","","ipfs://QmXpXg2KDaqtFwFutCx11Lib4BJ86RPkUpkxCJJCDSc5SL/893","https://ipfs.io/ipfs/QmXpXg2KDaqtFwFutCx11Lib4BJ86RPkUpkxCJJCDSc5SL/893","ipfs://QmWNWmgdMtxpyofvTSVRFjzTugo71Q6WDy3Wq62pCeawUz/893","https://ipfs.io/ipfs/QmWNWmgdMtxpyofvTSVRFjzTugo71Q6WDy3Wq62pCeawUz/893","D:\github\ron-english-light-cult-0001-1000\data\generated\light-cult-image-match-powershell-only\run-20260514-150810\reference-images\Light-Cult-Crypto-Club-00893.png","0c0e0e0e0e0c0400","https://opensea.io/assets/ethereum/0xbe85fbd182af91290be7293438ae67549638189f/893","[{""trait_type"":""Status"",""value"":""Rare""},{""trait_type"":""Collection"",""value"":""Steve Aoki""},{""trait_type"":""Variant"",""value"":""SA - V1""}]"
"895","00895","","","ipfs://QmXpXg2KDaqtFwFutCx11Lib4BJ86RPkUpkxCJJCDSc5SL/895","https://ipfs.io/ipfs/QmXpXg2KDaqtFwFutCx11Lib4BJ86RPkUpkxCJJCDSc5SL/895","ipfs://QmWNWmgdMtxpyofvTSVRFjzTugo71Q6WDy3Wq62pCeawUz/895","https://ipfs.io/ipfs/QmWNWmgdMtxpyofvTSVRFjzTugo71Q6WDy3Wq62pCeawUz/895","D:\github\ron-english-light-cult-0001-1000\data\generated\light-cult-image-match-powershell-only\run-20260514-150810\reference-images\Light-Cult-Crypto-Club-00895.png","0406070707070f0f","https://opensea.io/assets/ethereum/0xbe85fbd182af91290be7293438ae67549638189f/895","[{""trait_type"":""Background"",""value"":""Mandala 8""},{""trait_type"":""Face"",""value"":""Smiley Face (Light Blue)""},{""trait_type"":""Hat"",""value"":""Helmet - Yellow""}]"
"896","00896","","","ipfs://QmXpXg2KDaqtFwFutCx11Lib4BJ86RPkUpkxCJJCDSc5SL/896","https://ipfs.io/ipfs/QmXpXg2KDaqtFwFutCx11Lib4BJ86RPkUpkxCJJCDSc5SL/896","ipfs://QmWNWmgdMtxpyofvTSVRFjzTugo71Q6WDy3Wq62pCeawUz/896","https://ipfs.io/ipfs/QmWNWmgdMtxpyofvTSVRFjzTugo71Q6WDy3Wq62pCeawUz/896","D:\github\ron-english-light-cult-0001-1000\data\generated\light-cult-image-match-powershell-only\run-20260514-150810\reference-images\Light-Cult-Crypto-Club-00896.png","52393131395ac664","https://opensea.io/assets/ethereum/0xbe85fbd182af91290be7293438ae67549638189f/896","[{""trait_type"":""Background"",""value"":""Light Blue""},{""trait_type"":""Face"",""value"":""Stegasourous Photo""},{""trait_type"":""Hat"",""value"":""Police - Grin (Blue)""},{""trait_type"":""Body"",""value"":""Star Skull Body - Red""}]"
"897","00897","","","ipfs://QmXpXg2KDaqtFwFutCx11Lib4BJ86RPkUpkxCJJCDSc5SL/897","https://ipfs.io/ipfs/QmXpXg2KDaqtFwFutCx11Lib4BJ86RPkUpkxCJJCDSc5SL/897","ipfs://QmWNWmgdMtxpyofvTSVRFjzTugo71Q6WDy3Wq62pCeawUz/897","https://ipfs.io/ipfs/QmWNWmgdMtxpyofvTSVRFjzTugo71Q6WDy3Wq62pCeawUz/897","D:\github\ron-english-light-cult-0001-1000\data\generated\light-cult-image-match-powershell-only\run-20260514-150810\reference-images\Light-Cult-Crypto-Club-00897.png","4613152d311213d3","https://opensea.io/assets/ethereum/0xbe85fbd182af91290be7293438ae67549638189f/897","[{""trait_type"":""Status"",""value"":""Rare""},{""trait_type"":""Collection"",""value"":""Photo Realistic Bulbs""},{""trait_type"":""Variant"",""value"":""PR - V21""}]"
"898","00898","","","ipfs://QmXpXg2KDaqtFwFutCx11Lib4BJ86RPkUpkxCJJCDSc5SL/898","https://ipfs.io/ipfs/QmXpXg2KDaqtFwFutCx11Lib4BJ86RPkUpkxCJJCDSc5SL/898","ipfs://QmWNWmgdMtxpyofvTSVRFjzTugo71Q6WDy3Wq62pCeawUz/898","https://ipfs.io/ipfs/QmWNWmgdMtxpyofvTSVRFjzTugo71Q6WDy3Wq62pCeawUz/898","D:\github\ron-english-light-cult-0001-1000\data\generated\light-cult-image-match-powershell-only\run-20260514-150810\reference-images\Light-Cult-Crypto-Club-00898.png","04060f12070b1b17","https://opensea.io/assets/ethereum/0xbe85fbd182af91290be7293438ae67549638189f/898","[{""trait_type"":""Background"",""value"":""Black""},{""trait_type"":""Face"",""value"":""Smiley Face (Red)""},{""trait_type"":""Accessory"",""value"":""Winged Sunglasses""},{""trait_type"":""Hat"",""value"":""Helmet - Yellow""},{""trait_type"":""Body"",""value"":""Tanktop""}]"
"899","00899","","","ipfs://QmXpXg2KDaqtFwFutCx11Lib4BJ86RPkUpkxCJJCDSc5SL/899","https://ipfs.io/ipfs/QmXpXg2KDaqtFwFutCx11Lib4BJ86RPkUpkxCJJCDSc5SL/899","ipfs://QmWNWmgdMtxpyofvTSVRFjzTugo71Q6WDy3Wq62pCeawUz/899","https://ipfs.io/ipfs/QmWNWmgdMtxpyofvTSVRFjzTugo71Q6WDy3Wq62pCeawUz/899","D:\github\ron-english-light-cult-0001-1000\data\generated\light-cult-image-match-powershell-only\run-20260514-150810\reference-images\Light-Cult-Crypto-Club-00899.png","06070f0f0f070f07","https://opensea.io/assets/ethereum/0xbe85fbd182af91290be7293438ae67549638189f/899","[{""trait_type"":""Background"",""value"":""Mandala 15""},{""trait_type"":""Face"",""value"":""Loch Ness Bowl""},{""trait_type"":""Body"",""value"":""MC Body (Necklace)""}]"
"901","00901","","","ipfs://QmXpXg2KDaqtFwFutCx11Lib4BJ86RPkUpkxCJJCDSc5SL/901","https://ipfs.io/ipfs/QmXpXg2KDaqtFwFutCx11Lib4BJ86RPkUpkxCJJCDSc5SL/901","ipfs://QmWNWmgdMtxpyofvTSVRFjzTugo71Q6WDy3Wq62pCeawUz/901","https://ipfs.io/ipfs/QmWNWmgdMtxpyofvTSVRFjzTugo71Q6WDy3Wq62pCeawUz/901","D:\github\ron-english-light-cult-0001-1000\data\generated\light-cult-image-match-powershell-only\run-20260514-150810\reference-images\Light-Cult-Crypto-Club-00901.png","0c0f0f07460e0f0f","https://opensea.io/assets/ethereum/0xbe85fbd182af91290be7293438ae67549638189f/901","[{""trait_type"":""Background"",""value"":""Mandala 4""},{""trait_type"":""Face"",""value"":""Basic (Pink)""},{""trait_type"":""Accessory"",""value"":""Water Spout""},{""trait_type"":""Hat"",""value"":""Helmet - Purple""},{""trait_type"":""Body"",""value"":""Sweater Scarf""}]"
"902","00902","","","ipfs://QmXpXg2KDaqtFwFutCx11Lib4BJ86RPkUpkxCJJCDSc5SL/902","https://ipfs.io/ipfs/QmXpXg2KDaqtFwFutCx11Lib4BJ86RPkUpkxCJJCDSc5SL/902","ipfs://QmWNWmgdMtxpyofvTSVRFjzTugo71Q6WDy3Wq62pCeawUz/902","https://ipfs.io/ipfs/QmWNWmgdMtxpyofvTSVRFjzTugo71Q6WDy3Wq62pCeawUz/902","D:\github\ron-english-light-cult-0001-1000\data\generated\light-cult-image-match-powershell-only\run-20260514-150810\reference-images\Light-Cult-Crypto-Club-00902.png","0c0f0f0707070f0f","https://opensea.io/assets/ethereum/0xbe85fbd182af91290be7293438ae67549638189f/902","[{""trait_type"":""Background"",""value"":""Mandala 4""},{""trait_type"":""Face"",""value"":""Smiley Face (Yellow)""},{""trait_type"":""Hat"",""value"":""Helmet - Green""},{""trait_type"":""Body"",""value"":""Overalls Brown""}]"
"903","00903","","","ipfs://QmXpXg2KDaqtFwFutCx11Lib4BJ86RPkUpkxCJJCDSc5SL/903","https://ipfs.io/ipfs/QmXpXg2KDaqtFwFutCx11Lib4BJ86RPkUpkxCJJCDSc5SL/903","ipfs://QmWNWmgdMtxpyofvTSVRFjzTugo71Q6WDy3Wq62pCeawUz/903","https://ipfs.io/ipfs/QmWNWmgdMtxpyofvTSVRFjzTugo71Q6WDy3Wq62pCeawUz/903","D:\github\ron-english-light-cult-0001-1000\data\generated\light-cult-image-match-powershell-only\run-20260514-150810\reference-images\Light-Cult-Crypto-Club-00903.png","6647c46c4431130f","https://opensea.io/assets/ethereum/0xbe85fbd182af91290be7293438ae67549638189f/903","[{""trait_type"":""Status"",""value"":""Rare""},{""trait_type"":""Collection"",""value"":""Power Pop Girls""},{""trait_type"":""Variant"",""value"":""PG - V4""}]"
"904","00904","","","ipfs://QmXpXg2KDaqtFwFutCx11Lib4BJ86RPkUpkxCJJCDSc5SL/904","https://ipfs.io/ipfs/QmXpXg2KDaqtFwFutCx11Lib4BJ86RPkUpkxCJJCDSc5SL/904","ipfs://QmWNWmgdMtxpyofvTSVRFjzTugo71Q6WDy3Wq62pCeawUz/904","https://ipfs.io/ipfs/QmWNWmgdMtxpyofvTSVRFjzTugo71Q6WDy3Wq62pCeawUz/904","D:\github\ron-english-light-cult-0001-1000\data\generated\light-cult-image-match-powershell-only\run-20260514-150810\reference-images\Light-Cult-Crypto-Club-00904.png","060d0919211b1b17","https://opensea.io/assets/ethereum/0xbe85fbd182af91290be7293438ae67549638189f/904","[{""trait_type"":""Background"",""value"":""Mandala 17""},{""trait_type"":""Face"",""value"":""Ship n Bowl""},{""trait_type"":""Hat"",""value"":""Fez - Heart Cage""},{""trait_type"":""Body"",""value"":""Tanktop Bulb""}]"
"905","00905","","","ipfs://QmXpXg2KDaqtFwFutCx11Lib4BJ86RPkUpkxCJJCDSc5SL/905","https://ipfs.io/ipfs/QmXpXg2KDaqtFwFutCx11Lib4BJ86RPkUpkxCJJCDSc5SL/905","ipfs://QmWNWmgdMtxpyofvTSVRFjzTugo71Q6WDy3Wq62pCeawUz/905","https://ipfs.io/ipfs/QmWNWmgdMtxpyofvTSVRFjzTugo71Q6WDy3Wq62pCeawUz/905","D:\github\ron-english-light-cult-0001-1000\data\generated\light-cult-image-match-powershell-only\run-20260514-150810\reference-images\Light-Cult-Crypto-Club-00905.png","060f133113130f0f","https://opensea.io/assets/ethereum/0xbe85fbd182af91290be7293438ae67549638189f/905","[{""trait_type"":""Background"",""value"":""Mandala 6""},{""trait_type"":""Face"",""value"":""Basic (Red)""},{""trait_type"":""Accessory"",""value"":""Ear Earrings""},{""trait_type"":""Body"",""value"":""Overalls Brown""}]"
"906","00906","","","ipfs://QmXpXg2KDaqtFwFutCx11Lib4BJ86RPkUpkxCJJCDSc5SL/906","https://ipfs.io/ipfs/QmXpXg2KDaqtFwFutCx11Lib4BJ86RPkUpkxCJJCDSc5SL/906","ipfs://QmWNWmgdMtxpyofvTSVRFjzTugo71Q6WDy3Wq62pCeawUz/906","https://ipfs.io/ipfs/QmWNWmgdMtxpyofvTSVRFjzTugo71Q6WDy3Wq62pCeawUz/906","D:\github\ron-english-light-cult-0001-1000\data\generated\light-cult-image-match-powershell-only\run-20260514-150810\reference-images\Light-Cult-Crypto-Club-00906.png","0004071307070e00","https://opensea.io/assets/ethereum/0xbe85fbd182af91290be7293438ae67549638189f/906","[{""trait_type"":""Background"",""value"":""Black""},{""trait_type"":""Face"",""value"":""Gun Mouth""},{""trait_type"":""Accessory"",""value"":""Ear Earrings""},{""trait_type"":""Hat"",""value"":""Beanie Red""}]"
"907","00907","","","ipfs://QmXpXg2KDaqtFwFutCx11Lib4BJ86RPkUpkxCJJCDSc5SL/907","https://ipfs.io/ipfs/QmXpXg2KDaqtFwFutCx11Lib4BJ86RPkUpkxCJJCDSc5SL/907","ipfs://QmWNWmgdMtxpyofvTSVRFjzTugo71Q6WDy3Wq62pCeawUz/907","https://ipfs.io/ipfs/QmWNWmgdMtxpyofvTSVRFjzTugo71Q6WDy3Wq62pCeawUz/907","D:\github\ron-english-light-cult-0001-1000\data\generated\light-cult-image-match-powershell-only\run-20260514-150810\reference-images\Light-Cult-Crypto-Club-00907.png","460f0724071b1b17","https://opensea.io/assets/ethereum/0xbe85fbd182af91290be7293438ae67549638189f/907","[{""trait_type"":""Background"",""value"":""Red""},{""trait_type"":""Face"",""value"":""Ugly Ed""},{""trait_type"":""Body"",""value"":""Tanktop Sand""}]"
"908","00908","","","ipfs://QmXpXg2KDaqtFwFutCx11Lib4BJ86RPkUpkxCJJCDSc5SL/908","https://ipfs.io/ipfs/QmXpXg2KDaqtFwFutCx11Lib4BJ86RPkUpkxCJJCDSc5SL/908","ipfs://QmWNWmgdMtxpyofvTSVRFjzTugo71Q6WDy3Wq62pCeawUz/908","https://ipfs.io/ipfs/QmWNWmgdMtxpyofvTSVRFjzTugo71Q6WDy3Wq62pCeawUz/908","D:\github\ron-english-light-cult-0001-1000\data\generated\light-cult-image-match-powershell-only\run-20260514-150810\reference-images\Light-Cult-Crypto-Club-00908.png","5a5a783139387846","https://opensea.io/assets/ethereum/0xbe85fbd182af91290be7293438ae67549638189f/908","[{""trait_type"":""Background"",""value"":""Pink""},{""trait_type"":""Face"",""value"":""Octopus""},{""trait_type"":""Hat"",""value"":""Fez - Heart Cage""}]"
"909","00909","","","ipfs://QmXpXg2KDaqtFwFutCx11Lib4BJ86RPkUpkxCJJCDSc5SL/909","https://ipfs.io/ipfs/QmXpXg2KDaqtFwFutCx11Lib4BJ86RPkUpkxCJJCDSc5SL/909","ipfs://QmWNWmgdMtxpyofvTSVRFjzTugo71Q6WDy3Wq62pCeawUz/909","https://ipfs.io/ipfs/QmWNWmgdMtxpyofvTSVRFjzTugo71Q6WDy3Wq62pCeawUz/909","D:\github\ron-english-light-cult-0001-1000\data\generated\light-cult-image-match-powershell-only\run-20260514-150810\reference-images\Light-Cult-Crypto-Club-00909.png","06071b1307250d0f","https://opensea.io/assets/ethereum/0xbe85fbd182af91290be7293438ae67549638189f/909","[{""trait_type"":""Background"",""value"":""Mandala 12""},{""trait_type"":""Face"",""value"":""Ship n Bowl""},{""trait_type"":""Body"",""value"":""Sweater Scarf""}]"
"910","00910","","","ipfs://QmXpXg2KDaqtFwFutCx11Lib4BJ86RPkUpkxCJJCDSc5SL/910","https://ipfs.io/ipfs/QmXpXg2KDaqtFwFutCx11Lib4BJ86RPkUpkxCJJCDSc5SL/910","ipfs://QmWNWmgdMtxpyofvTSVRFjzTugo71Q6WDy3Wq62pCeawUz/910","https://ipfs.io/ipfs/QmWNWmgdMtxpyofvTSVRFjzTugo71Q6WDy3Wq62pCeawUz/910","D:\github\ron-english-light-cult-0001-1000\data\generated\light-cult-image-match-powershell-only\run-20260514-150810\reference-images\Light-Cult-Crypto-Club-00910.png","04070e070f0b1b13","https://opensea.io/assets/ethereum/0xbe85fbd182af91290be7293438ae67549638189f/910","[{""trait_type"":""Background"",""value"":""Mandala 8""},{""trait_type"":""Face"",""value"":""Smiley Face (Yellow)""},{""trait_type"":""Accessory"",""value"":""Dragon Wings""},{""trait_type"":""Hat"",""value"":""Fez - Machete""},{""trait_type"":""Body"",""value"":""Tanktop""}]"
"911","00911","","","ipfs://QmXpXg2KDaqtFwFutCx11Lib4BJ86RPkUpkxCJJCDSc5SL/911","https://ipfs.io/ipfs/QmXpXg2KDaqtFwFutCx11Lib4BJ86RPkUpkxCJJCDSc5SL/911","ipfs://QmWNWmgdMtxpyofvTSVRFjzTugo71Q6WDy3Wq62pCeawUz/911","https://ipfs.io/ipfs/QmWNWmgdMtxpyofvTSVRFjzTugo71Q6WDy3Wq62pCeawUz/911","D:\github\ron-english-light-cult-0001-1000\data\generated\light-cult-image-match-powershell-only\run-20260514-150810\reference-images\Light-Cult-Crypto-Club-00911.png","0407070707070f07","https://opensea.io/assets/ethereum/0xbe85fbd182af91290be7293438ae67549638189f/911","[{""trait_type"":""Background"",""value"":""Mandala 7""},{""trait_type"":""Face"",""value"":""Smiley Face (Light Blue)""},{""trait_type"":""Accessory"",""value"":""Groucho Glasses""}]"
"912","00912","","","ipfs://QmXpXg2KDaqtFwFutCx11Lib4BJ86RPkUpkxCJJCDSc5SL/912","https://ipfs.io/ipfs/QmXpXg2KDaqtFwFutCx11Lib4BJ86RPkUpkxCJJCDSc5SL/912","ipfs://QmWNWmgdMtxpyofvTSVRFjzTugo71Q6WDy3Wq62pCeawUz/912","https://ipfs.io/ipfs/QmWNWmgdMtxpyofvTSVRFjzTugo71Q6WDy3Wq62pCeawUz/912","D:\github\ron-english-light-cult-0001-1000\data\generated\light-cult-image-match-powershell-only\run-20260514-150810\reference-images\Light-Cult-Crypto-Club-00912.png","4652303931727a70","https://opensea.io/assets/ethereum/0xbe85fbd182af91290be7293438ae67549638189f/912","[{""trait_type"":""Background"",""value"":""Pink""},{""trait_type"":""Face"",""value"":""Brain""},{""trait_type"":""Body"",""value"":""Brown Guitar""}]"
"913","00913","","","ipfs://QmXpXg2KDaqtFwFutCx11Lib4BJ86RPkUpkxCJJCDSc5SL/913","https://ipfs.io/ipfs/QmXpXg2KDaqtFwFutCx11Lib4BJ86RPkUpkxCJJCDSc5SL/913","ipfs://QmWNWmgdMtxpyofvTSVRFjzTugo71Q6WDy3Wq62pCeawUz/913","https://ipfs.io/ipfs/QmWNWmgdMtxpyofvTSVRFjzTugo71Q6WDy3Wq62pCeawUz/913","D:\github\ron-english-light-cult-0001-1000\data\generated\light-cult-image-match-powershell-only\run-20260514-150810\reference-images\Light-Cult-Crypto-Club-00913.png","070731706431311b","https://opensea.io/assets/ethereum/0xbe85fbd182af91290be7293438ae67549638189f/913","[{""trait_type"":""Background"",""value"":""Rainbow""},{""trait_type"":""Face"",""value"":""Basic (Yellow)""},{""trait_type"":""Accessory"",""value"":""Goblin Ears""},{""trait_type"":""Body"",""value"":""Mc Body""}]"
"914","00914","","","ipfs://QmXpXg2KDaqtFwFutCx11Lib4BJ86RPkUpkxCJJCDSc5SL/914","https://ipfs.io/ipfs/QmXpXg2KDaqtFwFutCx11Lib4BJ86RPkUpkxCJJCDSc5SL/914","ipfs://QmWNWmgdMtxpyofvTSVRFjzTugo71Q6WDy3Wq62pCeawUz/914","https://ipfs.io/ipfs/QmWNWmgdMtxpyofvTSVRFjzTugo71Q6WDy3Wq62pCeawUz/914","D:\github\ron-english-light-cult-0001-1000\data\generated\light-cult-image-match-powershell-only\run-20260514-150810\reference-images\Light-Cult-Crypto-Club-00914.png","06070f0707073b27","https://opensea.io/assets/ethereum/0xbe85fbd182af91290be7293438ae67549638189f/914","[{""trait_type"":""Background"",""value"":""Mandala 22""},{""trait_type"":""Face"",""value"":""Basic (Light Blue)""},{""trait_type"":""Accessory"",""value"":""Dragon Wings""},{""trait_type"":""Body"",""value"":""M-16""}]"
"915","00915","","","ipfs://QmXpXg2KDaqtFwFutCx11Lib4BJ86RPkUpkxCJJCDSc5SL/915","https://ipfs.io/ipfs/QmXpXg2KDaqtFwFutCx11Lib4BJ86RPkUpkxCJJCDSc5SL/915","ipfs://QmWNWmgdMtxpyofvTSVRFjzTugo71Q6WDy3Wq62pCeawUz/915","https://ipfs.io/ipfs/QmWNWmgdMtxpyofvTSVRFjzTugo71Q6WDy3Wq62pCeawUz/915","D:\github\ron-english-light-cult-0001-1000\data\generated\light-cult-image-match-powershell-only\run-20260514-150810\reference-images\Light-Cult-Crypto-Club-00915.png","6406313139133139","https://opensea.io/assets/ethereum/0xbe85fbd182af91290be7293438ae67549638189f/915","[{""trait_type"":""Background"",""value"":""Light Blue""},{""trait_type"":""Face"",""value"":""Basic (Red)""},{""trait_type"":""Hat"",""value"":""Nurse Hat""},{""trait_type"":""Body"",""value"":""Overalls Red""}]"
"916","00916","","","ipfs://QmXpXg2KDaqtFwFutCx11Lib4BJ86RPkUpkxCJJCDSc5SL/916","https://ipfs.io/ipfs/QmXpXg2KDaqtFwFutCx11Lib4BJ86RPkUpkxCJJCDSc5SL/916","ipfs://QmWNWmgdMtxpyofvTSVRFjzTugo71Q6WDy3Wq62pCeawUz/916","https://ipfs.io/ipfs/QmWNWmgdMtxpyofvTSVRFjzTugo71Q6WDy3Wq62pCeawUz/916","D:\github\ron-english-light-cult-0001-1000\data\generated\light-cult-image-match-powershell-only\run-20260514-150810\reference-images\Light-Cult-Crypto-Club-00916.png","060f1b31131b0f0f","https://opensea.io/assets/ethereum/0xbe85fbd182af91290be7293438ae67549638189f/916","[{""trait_type"":""Background"",""value"":""Mandala 7""},{""trait_type"":""Face"",""value"":""StarSkull Red Face""},{""trait_type"":""Hat"",""value"":""Police - Brain""},{""trait_type"":""Body"",""value"":""Sweater Scarf""}]"
"917","00917","","","ipfs://QmXpXg2KDaqtFwFutCx11Lib4BJ86RPkUpkxCJJCDSc5SL/917","https://ipfs.io/ipfs/QmXpXg2KDaqtFwFutCx11Lib4BJ86RPkUpkxCJJCDSc5SL/917","ipfs://QmWNWmgdMtxpyofvTSVRFjzTugo71Q6WDy3Wq62pCeawUz/917","https://ipfs.io/ipfs/QmWNWmgdMtxpyofvTSVRFjzTugo71Q6WDy3Wq62pCeawUz/917","D:\github\ron-english-light-cult-0001-1000\data\generated\light-cult-image-match-powershell-only\run-20260514-150810\reference-images\Light-Cult-Crypto-Club-00917.png","5a5a786470705252","https://opensea.io/assets/ethereum/0xbe85fbd182af91290be7293438ae67549638189f/917","[{""trait_type"":""Background"",""value"":""Pink""},{""trait_type"":""Face"",""value"":""Tweety""},{""trait_type"":""Accessory"",""value"":""Winged Sunglasses""},{""trait_type"":""Hat"",""value"":""Carosoul Crown""}]"
"922","00922","","","ipfs://QmXpXg2KDaqtFwFutCx11Lib4BJ86RPkUpkxCJJCDSc5SL/922","https://ipfs.io/ipfs/QmXpXg2KDaqtFwFutCx11Lib4BJ86RPkUpkxCJJCDSc5SL/922","ipfs://QmWNWmgdMtxpyofvTSVRFjzTugo71Q6WDy3Wq62pCeawUz/922","https://ipfs.io/ipfs/QmWNWmgdMtxpyofvTSVRFjzTugo71Q6WDy3Wq62pCeawUz/922","D:\github\ron-english-light-cult-0001-1000\data\generated\light-cult-image-match-powershell-only\run-20260514-150810\reference-images\Light-Cult-Crypto-Club-00922.png","0107074f06446c4a","https://opensea.io/assets/ethereum/0xbe85fbd182af91290be7293438ae67549638189f/922","[{""trait_type"":""Status"",""value"":""Rare""},{""trait_type"":""Collection"",""value"":""Abbey Road""},{""trait_type"":""Variant"",""value"":""AR - V8""}]"
"924","00924","","","ipfs://QmXpXg2KDaqtFwFutCx11Lib4BJ86RPkUpkxCJJCDSc5SL/924","https://ipfs.io/ipfs/QmXpXg2KDaqtFwFutCx11Lib4BJ86RPkUpkxCJJCDSc5SL/924","ipfs://QmWNWmgdMtxpyofvTSVRFjzTugo71Q6WDy3Wq62pCeawUz/924","https://ipfs.io/ipfs/QmWNWmgdMtxpyofvTSVRFjzTugo71Q6WDy3Wq62pCeawUz/924","D:\github\ron-english-light-cult-0001-1000\data\generated\light-cult-image-match-powershell-only\run-20260514-150810\reference-images\Light-Cult-Crypto-Club-00924.png","06070f0f071b0707","https://opensea.io/assets/ethereum/0xbe85fbd182af91290be7293438ae67549638189f/924","[{""trait_type"":""Background"",""value"":""Mandala 10""},{""trait_type"":""Face"",""value"":""Loch Ness Bowl""},{""trait_type"":""Hat"",""value"":""Fez - Brain Bulb""},{""trait_type"":""Body"",""value"":""Light Bulb Rib""}]"
"925","00925","","","ipfs://QmXpXg2KDaqtFwFutCx11Lib4BJ86RPkUpkxCJJCDSc5SL/925","https://ipfs.io/ipfs/QmXpXg2KDaqtFwFutCx11Lib4BJ86RPkUpkxCJJCDSc5SL/925","ipfs://QmWNWmgdMtxpyofvTSVRFjzTugo71Q6WDy3Wq62pCeawUz/925","https://ipfs.io/ipfs/QmWNWmgdMtxpyofvTSVRFjzTugo71Q6WDy3Wq62pCeawUz/925","D:\github\ron-english-light-cult-0001-1000\data\generated\light-cult-image-match-powershell-only\run-20260514-150810\reference-images\Light-Cult-Crypto-Club-00925.png","462b070f170f1346","https://opensea.io/assets/ethereum/0xbe85fbd182af91290be7293438ae67549638189f/925","[{""trait_type"":""Status"",""value"":""Rare""},{""trait_type"":""Collection"",""value"":""Abe Lincoln""},{""trait_type"":""Variant"",""value"":""AL - V2""}]"
"926","00926","","","ipfs://QmXpXg2KDaqtFwFutCx11Lib4BJ86RPkUpkxCJJCDSc5SL/926","https://ipfs.io/ipfs/QmXpXg2KDaqtFwFutCx11Lib4BJ86RPkUpkxCJJCDSc5SL/926","ipfs://QmWNWmgdMtxpyofvTSVRFjzTugo71Q6WDy3Wq62pCeawUz/926","https://ipfs.io/ipfs/QmWNWmgdMtxpyofvTSVRFjzTugo71Q6WDy3Wq62pCeawUz/926","D:\github\ron-english-light-cult-0001-1000\data\generated\light-cult-image-match-powershell-only\run-20260514-150810\reference-images\Light-Cult-Crypto-Club-00926.png","0e0f070707071f1f","https://opensea.io/assets/ethereum/0xbe85fbd182af91290be7293438ae67549638189f/926","[{""trait_type"":""Background"",""value"":""Mandala 4""},{""trait_type"":""Face"",""value"":""Basic (Yellow)""},{""trait_type"":""Body"",""value"":""Brown Guitar""}]"
"927","00927","","","ipfs://QmXpXg2KDaqtFwFutCx11Lib4BJ86RPkUpkxCJJCDSc5SL/927","https://ipfs.io/ipfs/QmXpXg2KDaqtFwFutCx11Lib4BJ86RPkUpkxCJJCDSc5SL/927","ipfs://QmWNWmgdMtxpyofvTSVRFjzTugo71Q6WDy3Wq62pCeawUz/927","https://ipfs.io/ipfs/QmWNWmgdMtxpyofvTSVRFjzTugo71Q6WDy3Wq62pCeawUz/927","D:\github\ron-english-light-cult-0001-1000\data\generated\light-cult-image-match-powershell-only\run-20260514-150810\reference-images\Light-Cult-Crypto-Club-00927.png","0607070f07070f0f","https://opensea.io/assets/ethereum/0xbe85fbd182af91290be7293438ae67549638189f/927","[{""trait_type"":""Status"",""value"":""Rare""},{""trait_type"":""Collection"",""value"":""Football Player""},{""trait_type"":""Variant"",""value"":""FP - V25""}]"
"928","00928","","","ipfs://QmXpXg2KDaqtFwFutCx11Lib4BJ86RPkUpkxCJJCDSc5SL/928","https://ipfs.io/ipfs/QmXpXg2KDaqtFwFutCx11Lib4BJ86RPkUpkxCJJCDSc5SL/928","ipfs://QmWNWmgdMtxpyofvTSVRFjzTugo71Q6WDy3Wq62pCeawUz/928","https://ipfs.io/ipfs/QmWNWmgdMtxpyofvTSVRFjzTugo71Q6WDy3Wq62pCeawUz/928","D:\github\ron-english-light-cult-0001-1000\data\generated\light-cult-image-match-powershell-only\run-20260514-150810\reference-images\Light-Cult-Crypto-Club-00928.png","06070f0f07040317","https://opensea.io/assets/ethereum/0xbe85fbd182af91290be7293438ae67549638189f/928","[{""trait_type"":""Background"",""value"":""Mandala 21""},{""trait_type"":""Face"",""value"":""Ugly Ed""},{""trait_type"":""Body"",""value"":""LightBulb Guitar""}]"
"929","00929","","","ipfs://QmXpXg2KDaqtFwFutCx11Lib4BJ86RPkUpkxCJJCDSc5SL/929","https://ipfs.io/ipfs/QmXpXg2KDaqtFwFutCx11Lib4BJ86RPkUpkxCJJCDSc5SL/929","ipfs://QmWNWmgdMtxpyofvTSVRFjzTugo71Q6WDy3Wq62pCeawUz/929","https://ipfs.io/ipfs/QmWNWmgdMtxpyofvTSVRFjzTugo71Q6WDy3Wq62pCeawUz/929","D:\github\ron-english-light-cult-0001-1000\data\generated\light-cult-image-match-powershell-only\run-20260514-150810\reference-images\Light-Cult-Crypto-Club-00929.png","06070713070f070f","https://opensea.io/assets/ethereum/0xbe85fbd182af91290be7293438ae67549638189f/929","[{""trait_type"":""Background"",""value"":""Mandala 10""},{""trait_type"":""Face"",""value"":""Smiley Face (Pink)""},{""trait_type"":""Accessory"",""value"":""Eyeball Earrings""},{""trait_type"":""Hat"",""value"":""Cowboy Hat""}]"
"933","00933","","","ipfs://QmXpXg2KDaqtFwFutCx11Lib4BJ86RPkUpkxCJJCDSc5SL/933","https://ipfs.io/ipfs/QmXpXg2KDaqtFwFutCx11Lib4BJ86RPkUpkxCJJCDSc5SL/933","ipfs://QmWNWmgdMtxpyofvTSVRFjzTugo71Q6WDy3Wq62pCeawUz/933","https://ipfs.io/ipfs/QmWNWmgdMtxpyofvTSVRFjzTugo71Q6WDy3Wq62pCeawUz/933","D:\github\ron-english-light-cult-0001-1000\data\generated\light-cult-image-match-powershell-only\run-20260514-150810\reference-images\Light-Cult-Crypto-Club-00933.png","06070f0707070703","https://opensea.io/assets/ethereum/0xbe85fbd182af91290be7293438ae67549638189f/933","[{""trait_type"":""Background"",""value"":""Mandala 2""},{""trait_type"":""Face"",""value"":""Tweety""},{""trait_type"":""Accessory"",""value"":""Winged Sunglasses""}]"
"934","00934","","","ipfs://QmXpXg2KDaqtFwFutCx11Lib4BJ86RPkUpkxCJJCDSc5SL/934","https://ipfs.io/ipfs/QmXpXg2KDaqtFwFutCx11Lib4BJ86RPkUpkxCJJCDSc5SL/934","ipfs://QmWNWmgdMtxpyofvTSVRFjzTugo71Q6WDy3Wq62pCeawUz/934","https://ipfs.io/ipfs/QmWNWmgdMtxpyofvTSVRFjzTugo71Q6WDy3Wq62pCeawUz/934","D:\github\ron-english-light-cult-0001-1000\data\generated\light-cult-image-match-powershell-only\run-20260514-150810\reference-images\Light-Cult-Crypto-Club-00934.png","040f0f31311b0f07","https://opensea.io/assets/ethereum/0xbe85fbd182af91290be7293438ae67549638189f/934","[{""trait_type"":""Background"",""value"":""Mandala 6""},{""trait_type"":""Face"",""value"":""Smiley Face (Red)""},{""trait_type"":""Hat"",""value"":""Unicorn Crown""}]"
"936","00936","","","ipfs://QmXpXg2KDaqtFwFutCx11Lib4BJ86RPkUpkxCJJCDSc5SL/936","https://ipfs.io/ipfs/QmXpXg2KDaqtFwFutCx11Lib4BJ86RPkUpkxCJJCDSc5SL/936","ipfs://QmWNWmgdMtxpyofvTSVRFjzTugo71Q6WDy3Wq62pCeawUz/936","https://ipfs.io/ipfs/QmWNWmgdMtxpyofvTSVRFjzTugo71Q6WDy3Wq62pCeawUz/936","D:\github\ron-english-light-cult-0001-1000\data\generated\light-cult-image-match-powershell-only\run-20260514-150810\reference-images\Light-Cult-Crypto-Club-00936.png","0607070707070f07","https://opensea.io/assets/ethereum/0xbe85fbd182af91290be7293438ae67549638189f/936","[{""trait_type"":""Background"",""value"":""Mandala 15""},{""trait_type"":""Face"",""value"":""Smiley Face (Pink)""}]"
"937","00937","","","ipfs://QmXpXg2KDaqtFwFutCx11Lib4BJ86RPkUpkxCJJCDSc5SL/937","https://ipfs.io/ipfs/QmXpXg2KDaqtFwFutCx11Lib4BJ86RPkUpkxCJJCDSc5SL/937","ipfs://QmWNWmgdMtxpyofvTSVRFjzTugo71Q6WDy3Wq62pCeawUz/937","https://ipfs.io/ipfs/QmWNWmgdMtxpyofvTSVRFjzTugo71Q6WDy3Wq62pCeawUz/937","D:\github\ron-english-light-cult-0001-1000\data\generated\light-cult-image-match-powershell-only\run-20260514-150810\reference-images\Light-Cult-Crypto-Club-00937.png","0e0f070707070f07","https://opensea.io/assets/ethereum/0xbe85fbd182af91290be7293438ae67549638189f/937","[{""trait_type"":""Background"",""value"":""Mandala 4""},{""trait_type"":""Face"",""value"":""StarSkull Light Blue Face""}]"
"938","00938","","","ipfs://QmXpXg2KDaqtFwFutCx11Lib4BJ86RPkUpkxCJJCDSc5SL/938","https://ipfs.io/ipfs/QmXpXg2KDaqtFwFutCx11Lib4BJ86RPkUpkxCJJCDSc5SL/938","ipfs://QmWNWmgdMtxpyofvTSVRFjzTugo71Q6WDy3Wq62pCeawUz/938","https://ipfs.io/ipfs/QmWNWmgdMtxpyofvTSVRFjzTugo71Q6WDy3Wq62pCeawUz/938","D:\github\ron-english-light-cult-0001-1000\data\generated\light-cult-image-match-powershell-only\run-20260514-150810\reference-images\Light-Cult-Crypto-Club-00938.png","4e0d2506071b1b17","https://opensea.io/assets/ethereum/0xbe85fbd182af91290be7293438ae67549638189f/938","[{""trait_type"":""Background"",""value"":""Red""},{""trait_type"":""Face"",""value"":""Cracked Smile""},{""trait_type"":""Body"",""value"":""Tanktop Sand""}]"
"939","00939","","","ipfs://QmXpXg2KDaqtFwFutCx11Lib4BJ86RPkUpkxCJJCDSc5SL/939","https://ipfs.io/ipfs/QmXpXg2KDaqtFwFutCx11Lib4BJ86RPkUpkxCJJCDSc5SL/939","ipfs://QmWNWmgdMtxpyofvTSVRFjzTugo71Q6WDy3Wq62pCeawUz/939","https://ipfs.io/ipfs/QmWNWmgdMtxpyofvTSVRFjzTugo71Q6WDy3Wq62pCeawUz/939","D:\github\ron-english-light-cult-0001-1000\data\generated\light-cult-image-match-powershell-only\run-20260514-150810\reference-images\Light-Cult-Crypto-Club-00939.png","46130f3931131307","https://opensea.io/assets/ethereum/0xbe85fbd182af91290be7293438ae67549638189f/939","[{""trait_type"":""Background"",""value"":""Light Blue""},{""trait_type"":""Face"",""value"":""Puppy""},{""trait_type"":""Hat"",""value"":""Beanie Grey""},{""trait_type"":""Body"",""value"":""Light Bulb Rib""}]"
"940","00940","","","ipfs://QmXpXg2KDaqtFwFutCx11Lib4BJ86RPkUpkxCJJCDSc5SL/940","https://ipfs.io/ipfs/QmXpXg2KDaqtFwFutCx11Lib4BJ86RPkUpkxCJJCDSc5SL/940","ipfs://QmWNWmgdMtxpyofvTSVRFjzTugo71Q6WDy3Wq62pCeawUz/940","https://ipfs.io/ipfs/QmWNWmgdMtxpyofvTSVRFjzTugo71Q6WDy3Wq62pCeawUz/940","D:\github\ron-english-light-cult-0001-1000\data\generated\light-cult-image-match-powershell-only\run-20260514-150810\reference-images\Light-Cult-Crypto-Club-00940.png","0407070707070f07","https://opensea.io/assets/ethereum/0xbe85fbd182af91290be7293438ae67549638189f/940","[{""trait_type"":""Background"",""value"":""Mandala 7""},{""trait_type"":""Face"",""value"":""Basic (Light Blue)""}]"
"941","00941","","","ipfs://QmXpXg2KDaqtFwFutCx11Lib4BJ86RPkUpkxCJJCDSc5SL/941","https://ipfs.io/ipfs/QmXpXg2KDaqtFwFutCx11Lib4BJ86RPkUpkxCJJCDSc5SL/941","ipfs://QmWNWmgdMtxpyofvTSVRFjzTugo71Q6WDy3Wq62pCeawUz/941","https://ipfs.io/ipfs/QmWNWmgdMtxpyofvTSVRFjzTugo71Q6WDy3Wq62pCeawUz/941","D:\github\ron-english-light-cult-0001-1000\data\generated\light-cult-image-match-powershell-only\run-20260514-150810\reference-images\Light-Cult-Crypto-Club-00941.png","0a0707130707070f","https://opensea.io/assets/ethereum/0xbe85fbd182af91290be7293438ae67549638189f/941","[{""trait_type"":""Background"",""value"":""Mandala 5""},{""trait_type"":""Face"",""value"":""Basic (Light Blue)""},{""trait_type"":""Hat"",""value"":""Beanie Grey""},{""trait_type"":""Body"",""value"":""Overalls Brown""}]"
"942","00942","","","ipfs://QmXpXg2KDaqtFwFutCx11Lib4BJ86RPkUpkxCJJCDSc5SL/942","https://ipfs.io/ipfs/QmXpXg2KDaqtFwFutCx11Lib4BJ86RPkUpkxCJJCDSc5SL/942","ipfs://QmWNWmgdMtxpyofvTSVRFjzTugo71Q6WDy3Wq62pCeawUz/942","https://ipfs.io/ipfs/QmWNWmgdMtxpyofvTSVRFjzTugo71Q6WDy3Wq62pCeawUz/942","D:\github\ron-english-light-cult-0001-1000\data\generated\light-cult-image-match-powershell-only\run-20260514-150810\reference-images\Light-Cult-Crypto-Club-00942.png","0e0f4e2507070f07","https://opensea.io/assets/ethereum/0xbe85fbd182af91290be7293438ae67549638189f/942","[{""trait_type"":""Background"",""value"":""Mandala 4""},{""trait_type"":""Face"",""value"":""Smiley Face (Yellow)""},{""trait_type"":""Accessory"",""value"":""Fairy Wings""},{""trait_type"":""Hat"",""value"":""Police - Grin (Blue)""}]"
"943","00943","","","ipfs://QmXpXg2KDaqtFwFutCx11Lib4BJ86RPkUpkxCJJCDSc5SL/943","https://ipfs.io/ipfs/QmXpXg2KDaqtFwFutCx11Lib4BJ86RPkUpkxCJJCDSc5SL/943","ipfs://QmWNWmgdMtxpyofvTSVRFjzTugo71Q6WDy3Wq62pCeawUz/943","https://ipfs.io/ipfs/QmWNWmgdMtxpyofvTSVRFjzTugo71Q6WDy3Wq62pCeawUz/943","D:\github\ron-english-light-cult-0001-1000\data\generated\light-cult-image-match-powershell-only\run-20260514-150810\reference-images\Light-Cult-Crypto-Club-00943.png","0c0f07070f070707","https://opensea.io/assets/ethereum/0xbe85fbd182af91290be7293438ae67549638189f/943","[{""trait_type"":""Background"",""value"":""Mandala 1""},{""trait_type"":""Face"",""value"":""Smiley Face (Pink)""},{""trait_type"":""Hat"",""value"":""Helmet - Yellow""}]"
"945","00945","","","ipfs://QmXpXg2KDaqtFwFutCx11Lib4BJ86RPkUpkxCJJCDSc5SL/945","https://ipfs.io/ipfs/QmXpXg2KDaqtFwFutCx11Lib4BJ86RPkUpkxCJJCDSc5SL/945","ipfs://QmWNWmgdMtxpyofvTSVRFjzTugo71Q6WDy3Wq62pCeawUz/945","https://ipfs.io/ipfs/QmWNWmgdMtxpyofvTSVRFjzTugo71Q6WDy3Wq62pCeawUz/945","D:\github\ron-english-light-cult-0001-1000\data\generated\light-cult-image-match-powershell-only\run-20260514-150810\reference-images\Light-Cult-Crypto-Club-00945.png","0313313164313139","https://opensea.io/assets/ethereum/0xbe85fbd182af91290be7293438ae67549638189f/945","[{""trait_type"":""Background"",""value"":""Rainbow""},{""trait_type"":""Face"",""value"":""Smiley Face (Pink)""},{""trait_type"":""Hat"",""value"":""Helmet - Purple""},{""trait_type"":""Body"",""value"":""Overalls Red""}]"
"947","00947","","","ipfs://QmXpXg2KDaqtFwFutCx11Lib4BJ86RPkUpkxCJJCDSc5SL/947","https://ipfs.io/ipfs/QmXpXg2KDaqtFwFutCx11Lib4BJ86RPkUpkxCJJCDSc5SL/947","ipfs://QmWNWmgdMtxpyofvTSVRFjzTugo71Q6WDy3Wq62pCeawUz/947","https://ipfs.io/ipfs/QmWNWmgdMtxpyofvTSVRFjzTugo71Q6WDy3Wq62pCeawUz/947","D:\github\ron-english-light-cult-0001-1000\data\generated\light-cult-image-match-powershell-only\run-20260514-150810\reference-images\Light-Cult-Crypto-Club-00947.png","0e0f0707050f1f1f","https://opensea.io/assets/ethereum/0xbe85fbd182af91290be7293438ae67549638189f/947","[{""trait_type"":""Background"",""value"":""Mandala 5""},{""trait_type"":""Face"",""value"":""Basic (Pink)""},{""trait_type"":""Body"",""value"":""Woodstock Guitar""}]"
"948","00948","","","ipfs://QmXpXg2KDaqtFwFutCx11Lib4BJ86RPkUpkxCJJCDSc5SL/948","https://ipfs.io/ipfs/QmXpXg2KDaqtFwFutCx11Lib4BJ86RPkUpkxCJJCDSc5SL/948","ipfs://QmWNWmgdMtxpyofvTSVRFjzTugo71Q6WDy3Wq62pCeawUz/948","https://ipfs.io/ipfs/QmWNWmgdMtxpyofvTSVRFjzTugo71Q6WDy3Wq62pCeawUz/948","D:\github\ron-english-light-cult-0001-1000\data\generated\light-cult-image-match-powershell-only\run-20260514-150810\reference-images\Light-Cult-Crypto-Club-00948.png","444630313152c66c","https://opensea.io/assets/ethereum/0xbe85fbd182af91290be7293438ae67549638189f/948","[{""trait_type"":""Background"",""value"":""Yellow""},{""trait_type"":""Face"",""value"":""Smiley Face (Light Blue)""},{""trait_type"":""Body"",""value"":""Star Skull Body - Pink""}]"
"949","00949","","","ipfs://QmXpXg2KDaqtFwFutCx11Lib4BJ86RPkUpkxCJJCDSc5SL/949","https://ipfs.io/ipfs/QmXpXg2KDaqtFwFutCx11Lib4BJ86RPkUpkxCJJCDSc5SL/949","ipfs://QmWNWmgdMtxpyofvTSVRFjzTugo71Q6WDy3Wq62pCeawUz/949","https://ipfs.io/ipfs/QmWNWmgdMtxpyofvTSVRFjzTugo71Q6WDy3Wq62pCeawUz/949","D:\github\ron-english-light-cult-0001-1000\data\generated\light-cult-image-match-powershell-only\run-20260514-150810\reference-images\Light-Cult-Crypto-Club-00949.png","d2ce8bb79d9e92da","https://opensea.io/assets/ethereum/0xbe85fbd182af91290be7293438ae67549638189f/949","[{""trait_type"":""Status"",""value"":""Rare""},{""trait_type"":""Collection"",""value"":""Clown Lips""},{""trait_type"":""Variant"",""value"":""CW - V4""}]"
"950","00950","","","ipfs://QmXpXg2KDaqtFwFutCx11Lib4BJ86RPkUpkxCJJCDSc5SL/950","https://ipfs.io/ipfs/QmXpXg2KDaqtFwFutCx11Lib4BJ86RPkUpkxCJJCDSc5SL/950","ipfs://QmWNWmgdMtxpyofvTSVRFjzTugo71Q6WDy3Wq62pCeawUz/950","https://ipfs.io/ipfs/QmWNWmgdMtxpyofvTSVRFjzTugo71Q6WDy3Wq62pCeawUz/950","D:\github\ron-english-light-cult-0001-1000\data\generated\light-cult-image-match-powershell-only\run-20260514-150810\reference-images\Light-Cult-Crypto-Club-00950.png","52787031311b5246","https://opensea.io/assets/ethereum/0xbe85fbd182af91290be7293438ae67549638189f/950","[{""trait_type"":""Background"",""value"":""Yellow""},{""trait_type"":""Face"",""value"":""Basic (Yellow)""},{""trait_type"":""Hat"",""value"":""Helmet - Purple""}]"
"951","00951","","","ipfs://QmXpXg2KDaqtFwFutCx11Lib4BJ86RPkUpkxCJJCDSc5SL/951","https://ipfs.io/ipfs/QmXpXg2KDaqtFwFutCx11Lib4BJ86RPkUpkxCJJCDSc5SL/951","ipfs://QmWNWmgdMtxpyofvTSVRFjzTugo71Q6WDy3Wq62pCeawUz/951","https://ipfs.io/ipfs/QmWNWmgdMtxpyofvTSVRFjzTugo71Q6WDy3Wq62pCeawUz/951","D:\github\ron-english-light-cult-0001-1000\data\generated\light-cult-image-match-powershell-only\run-20260514-150810\reference-images\Light-Cult-Crypto-Club-00951.png","060f0b0707070f07","https://opensea.io/assets/ethereum/0xbe85fbd182af91290be7293438ae67549638189f/951","[{""trait_type"":""Background"",""value"":""Mandala 4""},{""trait_type"":""Face"",""value"":""Smiley Face (Yellow)""},{""trait_type"":""Accessory"",""value"":""Dragon Wings""},{""trait_type"":""Hat"",""value"":""Pink Military""}]"
"953","00953","","","ipfs://QmXpXg2KDaqtFwFutCx11Lib4BJ86RPkUpkxCJJCDSc5SL/953","https://ipfs.io/ipfs/QmXpXg2KDaqtFwFutCx11Lib4BJ86RPkUpkxCJJCDSc5SL/953","ipfs://QmWNWmgdMtxpyofvTSVRFjzTugo71Q6WDy3Wq62pCeawUz/953","https://ipfs.io/ipfs/QmWNWmgdMtxpyofvTSVRFjzTugo71Q6WDy3Wq62pCeawUz/953","D:\github\ron-english-light-cult-0001-1000\data\generated\light-cult-image-match-powershell-only\run-20260514-150810\reference-images\Light-Cult-Crypto-Club-00953.png","050f0f17050b1b17","https://opensea.io/assets/ethereum/0xbe85fbd182af91290be7293438ae67549638189f/953","[{""trait_type"":""Background"",""value"":""Mandala 8""},{""trait_type"":""Face"",""value"":""Smiley Face (Yellow)""},{""trait_type"":""Accessory"",""value"":""Eyeball Earrings""},{""trait_type"":""Hat"",""value"":""Helmet - Green""},{""trait_type"":""Body"",""value"":""Tanktop Tree""}]"
"956","00956","","","ipfs://QmXpXg2KDaqtFwFutCx11Lib4BJ86RPkUpkxCJJCDSc5SL/956","https://ipfs.io/ipfs/QmXpXg2KDaqtFwFutCx11Lib4BJ86RPkUpkxCJJCDSc5SL/956","ipfs://QmWNWmgdMtxpyofvTSVRFjzTugo71Q6WDy3Wq62pCeawUz/956","https://ipfs.io/ipfs/QmWNWmgdMtxpyofvTSVRFjzTugo71Q6WDy3Wq62pCeawUz/956","D:\github\ron-english-light-cult-0001-1000\data\generated\light-cult-image-match-powershell-only\run-20260514-150810\reference-images\Light-Cult-Crypto-Club-00956.png","06070707070f1b17","https://opensea.io/assets/ethereum/0xbe85fbd182af91290be7293438ae67549638189f/956","[{""trait_type"":""Background"",""value"":""Mandala 7""},{""trait_type"":""Face"",""value"":""Smiley Face (Light Blue)""},{""trait_type"":""Hat"",""value"":""Sombrero""},{""trait_type"":""Body"",""value"":""LightBulb M-16""}]"
"957","00957","","","ipfs://QmXpXg2KDaqtFwFutCx11Lib4BJ86RPkUpkxCJJCDSc5SL/957","https://ipfs.io/ipfs/QmXpXg2KDaqtFwFutCx11Lib4BJ86RPkUpkxCJJCDSc5SL/957","ipfs://QmWNWmgdMtxpyofvTSVRFjzTugo71Q6WDy3Wq62pCeawUz/957","https://ipfs.io/ipfs/QmWNWmgdMtxpyofvTSVRFjzTugo71Q6WDy3Wq62pCeawUz/957","D:\github\ron-english-light-cult-0001-1000\data\generated\light-cult-image-match-powershell-only\run-20260514-150810\reference-images\Light-Cult-Crypto-Club-00957.png","0f030d191b1b0f0f","https://opensea.io/assets/ethereum/0xbe85fbd182af91290be7293438ae67549638189f/957","[{""trait_type"":""Background"",""value"":""Mandala 2""},{""trait_type"":""Face"",""value"":""Bomb""},{""trait_type"":""Body"",""value"":""Sweater Scarf""}]"
"959","00959","","","ipfs://QmXpXg2KDaqtFwFutCx11Lib4BJ86RPkUpkxCJJCDSc5SL/959","https://ipfs.io/ipfs/QmXpXg2KDaqtFwFutCx11Lib4BJ86RPkUpkxCJJCDSc5SL/959","ipfs://QmWNWmgdMtxpyofvTSVRFjzTugo71Q6WDy3Wq62pCeawUz/959","https://ipfs.io/ipfs/QmWNWmgdMtxpyofvTSVRFjzTugo71Q6WDy3Wq62pCeawUz/959","D:\github\ron-english-light-cult-0001-1000\data\generated\light-cult-image-match-powershell-only\run-20260514-150810\reference-images\Light-Cult-Crypto-Club-00959.png","0f090f0f0f0b1b17","https://opensea.io/assets/ethereum/0xbe85fbd182af91290be7293438ae67549638189f/959","[{""trait_type"":""Background"",""value"":""Mandala 2""},{""trait_type"":""Face"",""value"":""Basic (Pink)""},{""trait_type"":""Body"",""value"":""Tanktop Tree""}]"
"961","00961","","","ipfs://QmXpXg2KDaqtFwFutCx11Lib4BJ86RPkUpkxCJJCDSc5SL/961","https://ipfs.io/ipfs/QmXpXg2KDaqtFwFutCx11Lib4BJ86RPkUpkxCJJCDSc5SL/961","ipfs://QmWNWmgdMtxpyofvTSVRFjzTugo71Q6WDy3Wq62pCeawUz/961","https://ipfs.io/ipfs/QmWNWmgdMtxpyofvTSVRFjzTugo71Q6WDy3Wq62pCeawUz/961","D:\github\ron-english-light-cult-0001-1000\data\generated\light-cult-image-match-powershell-only\run-20260514-150810\reference-images\Light-Cult-Crypto-Club-00961.png","4e1b192564242435","https://opensea.io/assets/ethereum/0xbe85fbd182af91290be7293438ae67549638189f/961","[{""trait_type"":""Status"",""value"":""Rare""},{""trait_type"":""Collection"",""value"":""Fat Tony""},{""trait_type"":""Variant"",""value"":""FT - V1""}]"
"963","00963","","","ipfs://QmXpXg2KDaqtFwFutCx11Lib4BJ86RPkUpkxCJJCDSc5SL/963","https://ipfs.io/ipfs/QmXpXg2KDaqtFwFutCx11Lib4BJ86RPkUpkxCJJCDSc5SL/963","ipfs://QmWNWmgdMtxpyofvTSVRFjzTugo71Q6WDy3Wq62pCeawUz/963","https://ipfs.io/ipfs/QmWNWmgdMtxpyofvTSVRFjzTugo71Q6WDy3Wq62pCeawUz/963","D:\github\ron-english-light-cult-0001-1000\data\generated\light-cult-image-match-powershell-only\run-20260514-150810\reference-images\Light-Cult-Crypto-Club-00963.png","24640d894b83256c","https://opensea.io/assets/ethereum/0xbe85fbd182af91290be7293438ae67549638189f/963","[{""trait_type"":""Status"",""value"":""Rare""},{""trait_type"":""Collection"",""value"":""Marilyn Dress""},{""trait_type"":""Variant"",""value"":""MD - V9""}]"
"964","00964","","","ipfs://QmXpXg2KDaqtFwFutCx11Lib4BJ86RPkUpkxCJJCDSc5SL/964","https://ipfs.io/ipfs/QmXpXg2KDaqtFwFutCx11Lib4BJ86RPkUpkxCJJCDSc5SL/964","ipfs://QmWNWmgdMtxpyofvTSVRFjzTugo71Q6WDy3Wq62pCeawUz/964","https://ipfs.io/ipfs/QmWNWmgdMtxpyofvTSVRFjzTugo71Q6WDy3Wq62pCeawUz/964","D:\github\ron-english-light-cult-0001-1000\data\generated\light-cult-image-match-powershell-only\run-20260514-150810\reference-images\Light-Cult-Crypto-Club-00964.png","0747531939396567","https://opensea.io/assets/ethereum/0xbe85fbd182af91290be7293438ae67549638189f/964","[{""trait_type"":""Status"",""value"":""Rare""},{""trait_type"":""Collection"",""value"":""Tricks Rabbit""},{""trait_type"":""Variant"",""value"":""TR - V3""}]"
"966","00966","","","ipfs://QmXpXg2KDaqtFwFutCx11Lib4BJ86RPkUpkxCJJCDSc5SL/966","https://ipfs.io/ipfs/QmXpXg2KDaqtFwFutCx11Lib4BJ86RPkUpkxCJJCDSc5SL/966","ipfs://QmWNWmgdMtxpyofvTSVRFjzTugo71Q6WDy3Wq62pCeawUz/966","https://ipfs.io/ipfs/QmWNWmgdMtxpyofvTSVRFjzTugo71Q6WDy3Wq62pCeawUz/966","D:\github\ron-english-light-cult-0001-1000\data\generated\light-cult-image-match-powershell-only\run-20260514-150810\reference-images\Light-Cult-Crypto-Club-00966.png","060707070f070f0f","https://opensea.io/assets/ethereum/0xbe85fbd182af91290be7293438ae67549638189f/966","[{""trait_type"":""Background"",""value"":""Mandala 1""},{""trait_type"":""Face"",""value"":""StarSkull Light Blue Face""},{""trait_type"":""Hat"",""value"":""Fez - Machete""},{""trait_type"":""Body"",""value"":""Dino Body""}]"
"967","00967","","","ipfs://QmXpXg2KDaqtFwFutCx11Lib4BJ86RPkUpkxCJJCDSc5SL/967","https://ipfs.io/ipfs/QmXpXg2KDaqtFwFutCx11Lib4BJ86RPkUpkxCJJCDSc5SL/967","ipfs://QmWNWmgdMtxpyofvTSVRFjzTugo71Q6WDy3Wq62pCeawUz/967","https://ipfs.io/ipfs/QmWNWmgdMtxpyofvTSVRFjzTugo71Q6WDy3Wq62pCeawUz/967","D:\github\ron-english-light-cult-0001-1000\data\generated\light-cult-image-match-powershell-only\run-20260514-150810\reference-images\Light-Cult-Crypto-Club-00967.png","4607073107524e2d","https://opensea.io/assets/ethereum/0xbe85fbd182af91290be7293438ae67549638189f/967","[{""trait_type"":""Background"",""value"":""Red""},{""trait_type"":""Face"",""value"":""Basic (Yellow)""},{""trait_type"":""Body"",""value"":""Star Skull Body - Light Blue""}]"
"968","00968","","","ipfs://QmXpXg2KDaqtFwFutCx11Lib4BJ86RPkUpkxCJJCDSc5SL/968","https://ipfs.io/ipfs/QmXpXg2KDaqtFwFutCx11Lib4BJ86RPkUpkxCJJCDSc5SL/968","ipfs://QmWNWmgdMtxpyofvTSVRFjzTugo71Q6WDy3Wq62pCeawUz/968","https://ipfs.io/ipfs/QmWNWmgdMtxpyofvTSVRFjzTugo71Q6WDy3Wq62pCeawUz/968","D:\github\ron-english-light-cult-0001-1000\data\generated\light-cult-image-match-powershell-only\run-20260514-150810\reference-images\Light-Cult-Crypto-Club-00968.png","5a38313931131307","https://opensea.io/assets/ethereum/0xbe85fbd182af91290be7293438ae67549638189f/968","[{""trait_type"":""Background"",""value"":""Light Blue""},{""trait_type"":""Face"",""value"":""Brain""},{""trait_type"":""Hat"",""value"":""Sombrero""},{""trait_type"":""Body"",""value"":""Light Bulb Rib""}]"
"972","00972","","","ipfs://QmXpXg2KDaqtFwFutCx11Lib4BJ86RPkUpkxCJJCDSc5SL/972","https://ipfs.io/ipfs/QmXpXg2KDaqtFwFutCx11Lib4BJ86RPkUpkxCJJCDSc5SL/972","ipfs://QmWNWmgdMtxpyofvTSVRFjzTugo71Q6WDy3Wq62pCeawUz/972","https://ipfs.io/ipfs/QmWNWmgdMtxpyofvTSVRFjzTugo71Q6WDy3Wq62pCeawUz/972","D:\github\ron-english-light-cult-0001-1000\data\generated\light-cult-image-match-powershell-only\run-20260514-150810\reference-images\Light-Cult-Crypto-Club-00972.png","060f1b0746041317","https://opensea.io/assets/ethereum/0xbe85fbd182af91290be7293438ae67549638189f/972","[{""trait_type"":""Background"",""value"":""Mandala 6""},{""trait_type"":""Face"",""value"":""StarSkull Yellow Face""},{""trait_type"":""Accessory"",""value"":""Water Spout""},{""trait_type"":""Hat"",""value"":""Police - Skull""},{""trait_type"":""Body"",""value"":""LightBulb Guitar""}]"
"973","00973","","","ipfs://QmXpXg2KDaqtFwFutCx11Lib4BJ86RPkUpkxCJJCDSc5SL/973","https://ipfs.io/ipfs/QmXpXg2KDaqtFwFutCx11Lib4BJ86RPkUpkxCJJCDSc5SL/973","ipfs://QmWNWmgdMtxpyofvTSVRFjzTugo71Q6WDy3Wq62pCeawUz/973","https://ipfs.io/ipfs/QmWNWmgdMtxpyofvTSVRFjzTugo71Q6WDy3Wq62pCeawUz/973","D:\github\ron-english-light-cult-0001-1000\data\generated\light-cult-image-match-powershell-only\run-20260514-150810\reference-images\Light-Cult-Crypto-Club-00973.png","3161313838597125","https://opensea.io/assets/ethereum/0xbe85fbd182af91290be7293438ae67549638189f/973","[{""trait_type"":""Status"",""value"":""Rare""},{""trait_type"":""Collection"",""value"":""Freddy Lightstone""},{""trait_type"":""Variant"",""value"":""FF - V8""}]"
"974","00974","","","ipfs://QmXpXg2KDaqtFwFutCx11Lib4BJ86RPkUpkxCJJCDSc5SL/974","https://ipfs.io/ipfs/QmXpXg2KDaqtFwFutCx11Lib4BJ86RPkUpkxCJJCDSc5SL/974","ipfs://QmWNWmgdMtxpyofvTSVRFjzTugo71Q6WDy3Wq62pCeawUz/974","https://ipfs.io/ipfs/QmWNWmgdMtxpyofvTSVRFjzTugo71Q6WDy3Wq62pCeawUz/974","D:\github\ron-english-light-cult-0001-1000\data\generated\light-cult-image-match-powershell-only\run-20260514-150810\reference-images\Light-Cult-Crypto-Club-00974.png","52783931391b7070","https://opensea.io/assets/ethereum/0xbe85fbd182af91290be7293438ae67549638189f/974","[{""trait_type"":""Background"",""value"":""Yellow""},{""trait_type"":""Face"",""value"":""StarSkull Light Blue Face""},{""trait_type"":""Hat"",""value"":""Police - Brain""},{""trait_type"":""Body"",""value"":""Light Bulb Rib""}]"
"976","00976","","","ipfs://QmXpXg2KDaqtFwFutCx11Lib4BJ86RPkUpkxCJJCDSc5SL/976","https://ipfs.io/ipfs/QmXpXg2KDaqtFwFutCx11Lib4BJ86RPkUpkxCJJCDSc5SL/976","ipfs://QmWNWmgdMtxpyofvTSVRFjzTugo71Q6WDy3Wq62pCeawUz/976","https://ipfs.io/ipfs/QmWNWmgdMtxpyofvTSVRFjzTugo71Q6WDy3Wq62pCeawUz/976","D:\github\ron-english-light-cult-0001-1000\data\generated\light-cult-image-match-powershell-only\run-20260514-150810\reference-images\Light-Cult-Crypto-Club-00976.png","171b393164391307","https://opensea.io/assets/ethereum/0xbe85fbd182af91290be7293438ae67549638189f/976","[{""trait_type"":""Background"",""value"":""Rainbow""},{""trait_type"":""Face"",""value"":""StarSkull Pink Face""},{""trait_type"":""Hat"",""value"":""Helmet - Yellow""}]"
"978","00978","","","ipfs://QmXpXg2KDaqtFwFutCx11Lib4BJ86RPkUpkxCJJCDSc5SL/978","https://ipfs.io/ipfs/QmXpXg2KDaqtFwFutCx11Lib4BJ86RPkUpkxCJJCDSc5SL/978","ipfs://QmWNWmgdMtxpyofvTSVRFjzTugo71Q6WDy3Wq62pCeawUz/978","https://ipfs.io/ipfs/QmWNWmgdMtxpyofvTSVRFjzTugo71Q6WDy3Wq62pCeawUz/978","D:\github\ron-english-light-cult-0001-1000\data\generated\light-cult-image-match-powershell-only\run-20260514-150810\reference-images\Light-Cult-Crypto-Club-00978.png","6439313125070f07","https://opensea.io/assets/ethereum/0xbe85fbd182af91290be7293438ae67549638189f/978","[{""trait_type"":""Background"",""value"":""Mandala 6""},{""trait_type"":""Face"",""value"":""Smiley Face (Light Blue)""},{""trait_type"":""Accessory"",""value"":""Butterfly Wings""},{""trait_type"":""Hat"",""value"":""Beanie Red""}]"
"979","00979","","","ipfs://QmXpXg2KDaqtFwFutCx11Lib4BJ86RPkUpkxCJJCDSc5SL/979","https://ipfs.io/ipfs/QmXpXg2KDaqtFwFutCx11Lib4BJ86RPkUpkxCJJCDSc5SL/979","ipfs://QmWNWmgdMtxpyofvTSVRFjzTugo71Q6WDy3Wq62pCeawUz/979","https://ipfs.io/ipfs/QmWNWmgdMtxpyofvTSVRFjzTugo71Q6WDy3Wq62pCeawUz/979","D:\github\ron-english-light-cult-0001-1000\data\generated\light-cult-image-match-powershell-only\run-20260514-150810\reference-images\Light-Cult-Crypto-Club-00979.png","7078397431193868","https://opensea.io/assets/ethereum/0xbe85fbd182af91290be7293438ae67549638189f/979","[{""trait_type"":""Background"",""value"":""Yellow""},{""trait_type"":""Face"",""value"":""Basic (Pink)""},{""trait_type"":""Accessory"",""value"":""Winged Sunglasses""},{""trait_type"":""Hat"",""value"":""Pink Military""},{""trait_type"":""Body"",""value"":""Sweater Scarf""}]"
"980","00980","","","ipfs://QmXpXg2KDaqtFwFutCx11Lib4BJ86RPkUpkxCJJCDSc5SL/980","https://ipfs.io/ipfs/QmXpXg2KDaqtFwFutCx11Lib4BJ86RPkUpkxCJJCDSc5SL/980","ipfs://QmWNWmgdMtxpyofvTSVRFjzTugo71Q6WDy3Wq62pCeawUz/980","https://ipfs.io/ipfs/QmWNWmgdMtxpyofvTSVRFjzTugo71Q6WDy3Wq62pCeawUz/980","D:\github\ron-english-light-cult-0001-1000\data\generated\light-cult-image-match-powershell-only\run-20260514-150810\reference-images\Light-Cult-Crypto-Club-00980.png","0c06060606040e0f","https://opensea.io/assets/ethereum/0xbe85fbd182af91290be7293438ae67549638189f/980","[{""trait_type"":""Background"",""value"":""Black""},{""trait_type"":""Face"",""value"":""Smiley Face (Red)""},{""trait_type"":""Hat"",""value"":""Alien Sombrero""},{""trait_type"":""Body"",""value"":""Overalls Red""}]"
"981","00981","","","ipfs://QmXpXg2KDaqtFwFutCx11Lib4BJ86RPkUpkxCJJCDSc5SL/981","https://ipfs.io/ipfs/QmXpXg2KDaqtFwFutCx11Lib4BJ86RPkUpkxCJJCDSc5SL/981","ipfs://QmWNWmgdMtxpyofvTSVRFjzTugo71Q6WDy3Wq62pCeawUz/981","https://ipfs.io/ipfs/QmWNWmgdMtxpyofvTSVRFjzTugo71Q6WDy3Wq62pCeawUz/981","D:\github\ron-english-light-cult-0001-1000\data\generated\light-cult-image-match-powershell-only\run-20260514-150810\reference-images\Light-Cult-Crypto-Club-00981.png","0f06362464383931","https://opensea.io/assets/ethereum/0xbe85fbd182af91290be7293438ae67549638189f/981","[{""trait_type"":""Background"",""value"":""Rainbow""},{""trait_type"":""Face"",""value"":""Ugly Ed""},{""trait_type"":""Body"",""value"":""Tanktop Tree""}]"
"983","00983","","","ipfs://QmXpXg2KDaqtFwFutCx11Lib4BJ86RPkUpkxCJJCDSc5SL/983","https://ipfs.io/ipfs/QmXpXg2KDaqtFwFutCx11Lib4BJ86RPkUpkxCJJCDSc5SL/983","ipfs://QmWNWmgdMtxpyofvTSVRFjzTugo71Q6WDy3Wq62pCeawUz/983","https://ipfs.io/ipfs/QmWNWmgdMtxpyofvTSVRFjzTugo71Q6WDy3Wq62pCeawUz/983","D:\github\ron-english-light-cult-0001-1000\data\generated\light-cult-image-match-powershell-only\run-20260514-150810\reference-images\Light-Cult-Crypto-Club-00983.png","5212313131313919","https://opensea.io/assets/ethereum/0xbe85fbd182af91290be7293438ae67549638189f/983","[{""trait_type"":""Status"",""value"":""Rare""},{""trait_type"":""Collection"",""value"":""Santa Claus""},{""trait_type"":""Variant"",""value"":""SC - V6""}]"
"985","00985","","","ipfs://QmXpXg2KDaqtFwFutCx11Lib4BJ86RPkUpkxCJJCDSc5SL/985","https://ipfs.io/ipfs/QmXpXg2KDaqtFwFutCx11Lib4BJ86RPkUpkxCJJCDSc5SL/985","ipfs://QmWNWmgdMtxpyofvTSVRFjzTugo71Q6WDy3Wq62pCeawUz/985","https://ipfs.io/ipfs/QmWNWmgdMtxpyofvTSVRFjzTugo71Q6WDy3Wq62pCeawUz/985","D:\github\ron-english-light-cult-0001-1000\data\generated\light-cult-image-match-powershell-only\run-20260514-150810\reference-images\Light-Cult-Crypto-Club-00985.png","1a07070f0f071f1f","https://opensea.io/assets/ethereum/0xbe85fbd182af91290be7293438ae67549638189f/985","[{""trait_type"":""Background"",""value"":""Mandala 1""},{""trait_type"":""Face"",""value"":""Ugly Ed""},{""trait_type"":""Body"",""value"":""Brown Guitar""}]"
"986","00986","","","ipfs://QmXpXg2KDaqtFwFutCx11Lib4BJ86RPkUpkxCJJCDSc5SL/986","https://ipfs.io/ipfs/QmXpXg2KDaqtFwFutCx11Lib4BJ86RPkUpkxCJJCDSc5SL/986","ipfs://QmWNWmgdMtxpyofvTSVRFjzTugo71Q6WDy3Wq62pCeawUz/986","https://ipfs.io/ipfs/QmWNWmgdMtxpyofvTSVRFjzTugo71Q6WDy3Wq62pCeawUz/986","D:\github\ron-english-light-cult-0001-1000\data\generated\light-cult-image-match-powershell-only\run-20260514-150810\reference-images\Light-Cult-Crypto-Club-00986.png","0407253146460f0f","https://opensea.io/assets/ethereum/0xbe85fbd182af91290be7293438ae67549638189f/986","[{""trait_type"":""Background"",""value"":""Mandala 24""},{""trait_type"":""Face"",""value"":""Basic (Red)""},{""trait_type"":""Accessory"",""value"":""Water Spout""},{""trait_type"":""Body"",""value"":""Overalls Red""}]"
"987","00987","","","ipfs://QmXpXg2KDaqtFwFutCx11Lib4BJ86RPkUpkxCJJCDSc5SL/987","https://ipfs.io/ipfs/QmXpXg2KDaqtFwFutCx11Lib4BJ86RPkUpkxCJJCDSc5SL/987","ipfs://QmWNWmgdMtxpyofvTSVRFjzTugo71Q6WDy3Wq62pCeawUz/987","https://ipfs.io/ipfs/QmWNWmgdMtxpyofvTSVRFjzTugo71Q6WDy3Wq62pCeawUz/987","D:\github\ron-english-light-cult-0001-1000\data\generated\light-cult-image-match-powershell-only\run-20260514-150810\reference-images\Light-Cult-Crypto-Club-00987.png","46463031311a7270","https://opensea.io/assets/ethereum/0xbe85fbd182af91290be7293438ae67549638189f/987","[{""trait_type"":""Background"",""value"":""Yellow""},{""trait_type"":""Face"",""value"":""Smiley Face (Light Blue)""},{""trait_type"":""Body"",""value"":""LightBulb Guitar""}]"
"988","00988","","","ipfs://QmXpXg2KDaqtFwFutCx11Lib4BJ86RPkUpkxCJJCDSc5SL/988","https://ipfs.io/ipfs/QmXpXg2KDaqtFwFutCx11Lib4BJ86RPkUpkxCJJCDSc5SL/988","ipfs://QmWNWmgdMtxpyofvTSVRFjzTugo71Q6WDy3Wq62pCeawUz/988","https://ipfs.io/ipfs/QmWNWmgdMtxpyofvTSVRFjzTugo71Q6WDy3Wq62pCeawUz/988","D:\github\ron-english-light-cult-0001-1000\data\generated\light-cult-image-match-powershell-only\run-20260514-150810\reference-images\Light-Cult-Crypto-Club-00988.png","4607072513131339","https://opensea.io/assets/ethereum/0xbe85fbd182af91290be7293438ae67549638189f/988","[{""trait_type"":""Background"",""value"":""Red""},{""trait_type"":""Face"",""value"":""Smiley Face (Yellow)""},{""trait_type"":""Accessory"",""value"":""Winged Sunglasses""},{""trait_type"":""Body"",""value"":""Overalls Brown""}]"
"990","00990","","","ipfs://QmXpXg2KDaqtFwFutCx11Lib4BJ86RPkUpkxCJJCDSc5SL/990","https://ipfs.io/ipfs/QmXpXg2KDaqtFwFutCx11Lib4BJ86RPkUpkxCJJCDSc5SL/990","ipfs://QmWNWmgdMtxpyofvTSVRFjzTugo71Q6WDy3Wq62pCeawUz/990","https://ipfs.io/ipfs/QmWNWmgdMtxpyofvTSVRFjzTugo71Q6WDy3Wq62pCeawUz/990","D:\github\ron-english-light-cult-0001-1000\data\generated\light-cult-image-match-powershell-only\run-20260514-150810\reference-images\Light-Cult-Crypto-Club-00990.png","4652313131127a70","https://opensea.io/assets/ethereum/0xbe85fbd182af91290be7293438ae67549638189f/990","[{""trait_type"":""Background"",""value"":""Yellow""},{""trait_type"":""Face"",""value"":""Basic (Light Blue)""},{""trait_type"":""Hat"",""value"":""Beanie Red""},{""trait_type"":""Body"",""value"":""Brown Guitar""}]"
"991","00991","","","ipfs://QmXpXg2KDaqtFwFutCx11Lib4BJ86RPkUpkxCJJCDSc5SL/991","https://ipfs.io/ipfs/QmXpXg2KDaqtFwFutCx11Lib4BJ86RPkUpkxCJJCDSc5SL/991","ipfs://QmWNWmgdMtxpyofvTSVRFjzTugo71Q6WDy3Wq62pCeawUz/991","https://ipfs.io/ipfs/QmWNWmgdMtxpyofvTSVRFjzTugo71Q6WDy3Wq62pCeawUz/991","D:\github\ron-english-light-cult-0001-1000\data\generated\light-cult-image-match-powershell-only\run-20260514-150810\reference-images\Light-Cult-Crypto-Club-00991.png","1b1b393170391307","https://opensea.io/assets/ethereum/0xbe85fbd182af91290be7293438ae67549638189f/991","[{""trait_type"":""Background"",""value"":""Rainbow""},{""trait_type"":""Face"",""value"":""Ship n Bowl""},{""trait_type"":""Hat"",""value"":""Fez - Machete""}]"
"992","00992","","","ipfs://QmXpXg2KDaqtFwFutCx11Lib4BJ86RPkUpkxCJJCDSc5SL/992","https://ipfs.io/ipfs/QmXpXg2KDaqtFwFutCx11Lib4BJ86RPkUpkxCJJCDSc5SL/992","ipfs://QmWNWmgdMtxpyofvTSVRFjzTugo71Q6WDy3Wq62pCeawUz/992","https://ipfs.io/ipfs/QmWNWmgdMtxpyofvTSVRFjzTugo71Q6WDy3Wq62pCeawUz/992","D:\github\ron-english-light-cult-0001-1000\data\generated\light-cult-image-match-powershell-only\run-20260514-150810\reference-images\Light-Cult-Crypto-Club-00992.png","4613073113131307","https://opensea.io/assets/ethereum/0xbe85fbd182af91290be7293438ae67549638189f/992","[{""trait_type"":""Background"",""value"":""Red""},{""trait_type"":""Face"",""value"":""Smiley Face (Pink)""},{""trait_type"":""Hat"",""value"":""Unicorn Crown""}]"
"993","00993","","","ipfs://QmXpXg2KDaqtFwFutCx11Lib4BJ86RPkUpkxCJJCDSc5SL/993","https://ipfs.io/ipfs/QmXpXg2KDaqtFwFutCx11Lib4BJ86RPkUpkxCJJCDSc5SL/993","ipfs://QmWNWmgdMtxpyofvTSVRFjzTugo71Q6WDy3Wq62pCeawUz/993","https://ipfs.io/ipfs/QmWNWmgdMtxpyofvTSVRFjzTugo71Q6WDy3Wq62pCeawUz/993","D:\github\ron-english-light-cult-0001-1000\data\generated\light-cult-image-match-powershell-only\run-20260514-150810\reference-images\Light-Cult-Crypto-Club-00993.png","04070f07070f0f0f","https://opensea.io/assets/ethereum/0xbe85fbd182af91290be7293438ae67549638189f/993","[{""trait_type"":""Background"",""value"":""Mandala 7""},{""trait_type"":""Face"",""value"":""Basic (Pink)""},{""trait_type"":""Hat"",""value"":""Fez - StarSkull""},{""trait_type"":""Body"",""value"":""Sweater Scarf""}]"
"994","00994","","","ipfs://QmXpXg2KDaqtFwFutCx11Lib4BJ86RPkUpkxCJJCDSc5SL/994","https://ipfs.io/ipfs/QmXpXg2KDaqtFwFutCx11Lib4BJ86RPkUpkxCJJCDSc5SL/994","ipfs://QmWNWmgdMtxpyofvTSVRFjzTugo71Q6WDy3Wq62pCeawUz/994","https://ipfs.io/ipfs/QmWNWmgdMtxpyofvTSVRFjzTugo71Q6WDy3Wq62pCeawUz/994","D:\github\ron-english-light-cult-0001-1000\data\generated\light-cult-image-match-powershell-only\run-20260514-150810\reference-images\Light-Cult-Crypto-Club-00994.png","0c0f0f070f070707","https://opensea.io/assets/ethereum/0xbe85fbd182af91290be7293438ae67549638189f/994","[{""trait_type"":""Background"",""value"":""Mandala 1""},{""trait_type"":""Face"",""value"":""Basic (Light Blue)""},{""trait_type"":""Hat"",""value"":""Helmet - Purple""}]"
"995","00995","","","ipfs://QmXpXg2KDaqtFwFutCx11Lib4BJ86RPkUpkxCJJCDSc5SL/995","https://ipfs.io/ipfs/QmXpXg2KDaqtFwFutCx11Lib4BJ86RPkUpkxCJJCDSc5SL/995","ipfs://QmWNWmgdMtxpyofvTSVRFjzTugo71Q6WDy3Wq62pCeawUz/995","https://ipfs.io/ipfs/QmWNWmgdMtxpyofvTSVRFjzTugo71Q6WDy3Wq62pCeawUz/995","D:\github\ron-english-light-cult-0001-1000\data\generated\light-cult-image-match-powershell-only\run-20260514-150810\reference-images\Light-Cult-Crypto-Club-00995.png","000446070706070f","https://opensea.io/assets/ethereum/0xbe85fbd182af91290be7293438ae67549638189f/995","[{""trait_type"":""Background"",""value"":""Black""},{""trait_type"":""Face"",""value"":""Basic (Yellow)""},{""trait_type"":""Accessory"",""value"":""Dragon Wings""},{""trait_type"":""Body"",""value"":""Red Guitar""}]"
"996","00996","","","ipfs://QmXpXg2KDaqtFwFutCx11Lib4BJ86RPkUpkxCJJCDSc5SL/996","https://ipfs.io/ipfs/QmXpXg2KDaqtFwFutCx11Lib4BJ86RPkUpkxCJJCDSc5SL/996","ipfs://QmWNWmgdMtxpyofvTSVRFjzTugo71Q6WDy3Wq62pCeawUz/996","https://ipfs.io/ipfs/QmWNWmgdMtxpyofvTSVRFjzTugo71Q6WDy3Wq62pCeawUz/996","D:\github\ron-english-light-cult-0001-1000\data\generated\light-cult-image-match-powershell-only\run-20260514-150810\reference-images\Light-Cult-Crypto-Club-00996.png","70703931311b5246","https://opensea.io/assets/ethereum/0xbe85fbd182af91290be7293438ae67549638189f/996","[{""trait_type"":""Background"",""value"":""Yellow""},{""trait_type"":""Face"",""value"":""StarSkull Yellow Face""},{""trait_type"":""Hat"",""value"":""Pink Military""}]"
"997","00997","","","ipfs://QmXpXg2KDaqtFwFutCx11Lib4BJ86RPkUpkxCJJCDSc5SL/997","https://ipfs.io/ipfs/QmXpXg2KDaqtFwFutCx11Lib4BJ86RPkUpkxCJJCDSc5SL/997","ipfs://QmWNWmgdMtxpyofvTSVRFjzTugo71Q6WDy3Wq62pCeawUz/997","https://ipfs.io/ipfs/QmWNWmgdMtxpyofvTSVRFjzTugo71Q6WDy3Wq62pCeawUz/997","D:\github\ron-english-light-cult-0001-1000\data\generated\light-cult-image-match-powershell-only\run-20260514-150810\reference-images\Light-Cult-Crypto-Club-00997.png","031b3931305a466c","https://opensea.io/assets/ethereum/0xbe85fbd182af91290be7293438ae67549638189f/997","[{""trait_type"":""Background"",""value"":""Rainbow""},{""trait_type"":""Face"",""value"":""Basic (Red)""},{""trait_type"":""Hat"",""value"":""Helmet - Purple""},{""trait_type"":""Body"",""value"":""Star Skull Body - Light Blue""}]"
"998","00998","","","ipfs://QmXpXg2KDaqtFwFutCx11Lib4BJ86RPkUpkxCJJCDSc5SL/998","https://ipfs.io/ipfs/QmXpXg2KDaqtFwFutCx11Lib4BJ86RPkUpkxCJJCDSc5SL/998","ipfs://QmWNWmgdMtxpyofvTSVRFjzTugo71Q6WDy3Wq62pCeawUz/998","https://ipfs.io/ipfs/QmWNWmgdMtxpyofvTSVRFjzTugo71Q6WDy3Wq62pCeawUz/998","D:\github\ron-english-light-cult-0001-1000\data\generated\light-cult-image-match-powershell-only\run-20260514-150810\reference-images\Light-Cult-Crypto-Club-00998.png","0407070f0f0b1b17","https://opensea.io/assets/ethereum/0xbe85fbd182af91290be7293438ae67549638189f/998","[{""trait_type"":""Background"",""value"":""Mandala 5""},{""trait_type"":""Face"",""value"":""StarSkull Pink Face""},{""trait_type"":""Accessory"",""value"":""Goggles""},{""trait_type"":""Hat"",""value"":""Sombrero""},{""trait_type"":""Body"",""value"":""Tanktop Earphone""}]"
"1000","01000","","","ipfs://QmXpXg2KDaqtFwFutCx11Lib4BJ86RPkUpkxCJJCDSc5SL/1000","https://ipfs.io/ipfs/QmXpXg2KDaqtFwFutCx11Lib4BJ86RPkUpkxCJJCDSc5SL/1000","ipfs://QmWNWmgdMtxpyofvTSVRFjzTugo71Q6WDy3Wq62pCeawUz/1000","https://ipfs.io/ipfs/QmWNWmgdMtxpyofvTSVRFjzTugo71Q6WDy3Wq62pCeawUz/1000","D:\github\ron-english-light-cult-0001-1000\data\generated\light-cult-image-match-powershell-only\run-20260514-150810\reference-images\Light-Cult-Crypto-Club-01000.png","0607253113070f1f","https://opensea.io/assets/ethereum/0xbe85fbd182af91290be7293438ae67549638189f/1000","[{""trait_type"":""Background"",""value"":""Mandala 12""},{""trait_type"":""Face"",""value"":""Basic (Red)""},{""trait_type"":""Accessory"",""value"":""Goblin Ears""},{""trait_type"":""Hat"",""value"":""Fez - Brain Bulb""},{""trait_type"":""Body"",""value"":""Red Guitar""}]"
