"TokenNumber","TokenPadded","Title","WorkID","Range","SourceImagePath","SourceBytes","ImagePath","ImageFileName","DestinationImagePath","ItemPage","PublicPageURL","OpenSeaItemURL","Status","Note"
"1","0001","Light Cult Crypto Club #0001","RE-001811","0001-0100","D:\github\ron-english-nfts\light-cult-crypto-club\images\LCCC-0001.png","28379","images/0001-0100/LCCC-0001.png","LCCC-0001.png","D:\github\ron-english-light-cult-0001-1000\images\0001-0100\LCCC-0001.png","items/lccc-0001.html","https://ronenglish-archive.github.io/ron-english-light-cult-0001-1000/items/lccc-0001.html","https://opensea.io/item/ethereum/0xbe85fbd182af91290be7293438ae67549638189f/1","OK",""
"2","0002","Light Cult Crypto Club #0002","RE-001812","0001-0100","D:\github\ron-english-nfts\light-cult-crypto-club\images\LCCC-0002.png","32230","images/0001-0100/LCCC-0002.png","LCCC-0002.png","D:\github\ron-english-light-cult-0001-1000\images\0001-0100\LCCC-0002.png","items/lccc-0002.html","https://ronenglish-archive.github.io/ron-english-light-cult-0001-1000/items/lccc-0002.html","https://opensea.io/item/ethereum/0xbe85fbd182af91290be7293438ae67549638189f/2","OK",""
"3","0003","Light Cult Crypto Club #0003","RE-001813","0001-0100","","","","","","items/lccc-0003.html","https://ronenglish-archive.github.io/ron-english-light-cult-0001-1000/items/lccc-0003.html","https://opensea.io/item/ethereum/0xbe85fbd182af91290be7293438ae67549638189f/3","MISSING SOURCE IMAGE","No source image found for token #0003"
"4","0004","Light Cult Crypto Club #0004","RE-001814","0001-0100","D:\github\ron-english-nfts\light-cult-crypto-club\images\LCCC-0004.png","9099","images/0001-0100/LCCC-0004.png","LCCC-0004.png","D:\github\ron-english-light-cult-0001-1000\images\0001-0100\LCCC-0004.png","items/lccc-0004.html","https://ronenglish-archive.github.io/ron-english-light-cult-0001-1000/items/lccc-0004.html","https://opensea.io/item/ethereum/0xbe85fbd182af91290be7293438ae67549638189f/4","OK",""
"5","0005","Light Cult Crypto Club #0005","RE-001815","0001-0100","D:\github\ron-english-nfts\light-cult-crypto-club\images\LCCC-0005.png","25383","images/0001-0100/LCCC-0005.png","LCCC-0005.png","D:\github\ron-english-light-cult-0001-1000\images\0001-0100\LCCC-0005.png","items/lccc-0005.html","https://ronenglish-archive.github.io/ron-english-light-cult-0001-1000/items/lccc-0005.html","https://opensea.io/item/ethereum/0xbe85fbd182af91290be7293438ae67549638189f/5","OK",""
"6","0006","Light Cult Crypto Club #0006","RE-001816","0001-0100","D:\github\ron-english-nfts\light-cult-crypto-club\images\LCCC-0006.png","32955","images/0001-0100/LCCC-0006.png","LCCC-0006.png","D:\github\ron-english-light-cult-0001-1000\images\0001-0100\LCCC-0006.png","items/lccc-0006.html","https://ronenglish-archive.github.io/ron-english-light-cult-0001-1000/items/lccc-0006.html","https://opensea.io/item/ethereum/0xbe85fbd182af91290be7293438ae67549638189f/6","OK",""
"7","0007","Light Cult Crypto Club #0007","RE-001817","0001-0100","D:\github\ron-english-nfts\light-cult-crypto-club\images\LCCC-0007.png","32342","images/0001-0100/LCCC-0007.png","LCCC-0007.png","D:\github\ron-english-light-cult-0001-1000\images\0001-0100\LCCC-0007.png","items/lccc-0007.html","https://ronenglish-archive.github.io/ron-english-light-cult-0001-1000/items/lccc-0007.html","https://opensea.io/item/ethereum/0xbe85fbd182af91290be7293438ae67549638189f/7","OK",""
"8","0008","Light Cult Crypto Club #0008","RE-001818","0001-0100","D:\github\ron-english-nfts\light-cult-crypto-club\images\LCCC-0008.png","27981","images/0001-0100/LCCC-0008.png","LCCC-0008.png","D:\github\ron-english-light-cult-0001-1000\images\0001-0100\LCCC-0008.png","items/lccc-0008.html","https://ronenglish-archive.github.io/ron-english-light-cult-0001-1000/items/lccc-0008.html","https://opensea.io/item/ethereum/0xbe85fbd182af91290be7293438ae67549638189f/8","OK",""
"9","0009","Light Cult Crypto Club #0009","RE-001819","0001-0100","D:\github\ron-english-nfts\light-cult-crypto-club\images\LCCC-0009.png","5976","images/0001-0100/LCCC-0009.png","LCCC-0009.png","D:\github\ron-english-light-cult-0001-1000\images\0001-0100\LCCC-0009.png","items/lccc-0009.html","https://ronenglish-archive.github.io/ron-english-light-cult-0001-1000/items/lccc-0009.html","https://opensea.io/item/ethereum/0xbe85fbd182af91290be7293438ae67549638189f/9","OK",""
"10","0010","Light Cult Crypto Club #0010","RE-001820","0001-0100","D:\github\ron-english-nfts\light-cult-crypto-club\images\LCCC-0010.png","13055","images/0001-0100/LCCC-0010.png","LCCC-0010.png","D:\github\ron-english-light-cult-0001-1000\images\0001-0100\LCCC-0010.png","items/lccc-0010.html","https://ronenglish-archive.github.io/ron-english-light-cult-0001-1000/items/lccc-0010.html","https://opensea.io/item/ethereum/0xbe85fbd182af91290be7293438ae67549638189f/10","OK",""
"11","0011","Light Cult Crypto Club #0011","RE-001821","0001-0100","D:\github\ron-english-nfts\light-cult-crypto-club\images\LCCC-0011.png","16875","images/0001-0100/LCCC-0011.png","LCCC-0011.png","D:\github\ron-english-light-cult-0001-1000\images\0001-0100\LCCC-0011.png","items/lccc-0011.html","https://ronenglish-archive.github.io/ron-english-light-cult-0001-1000/items/lccc-0011.html","https://opensea.io/item/ethereum/0xbe85fbd182af91290be7293438ae67549638189f/11","OK",""
"12","0012","Light Cult Crypto Club #0012","RE-001822","0001-0100","","","","","","items/lccc-0012.html","https://ronenglish-archive.github.io/ron-english-light-cult-0001-1000/items/lccc-0012.html","https://opensea.io/item/ethereum/0xbe85fbd182af91290be7293438ae67549638189f/12","MISSING SOURCE IMAGE","No source image found for token #0012"
"13","0013","Light Cult Crypto Club #0013","RE-001823","0001-0100","D:\github\ron-english-nfts\light-cult-crypto-club\images\LCCC-0013.png","12114","images/0001-0100/LCCC-0013.png","LCCC-0013.png","D:\github\ron-english-light-cult-0001-1000\images\0001-0100\LCCC-0013.png","items/lccc-0013.html","https://ronenglish-archive.github.io/ron-english-light-cult-0001-1000/items/lccc-0013.html","https://opensea.io/item/ethereum/0xbe85fbd182af91290be7293438ae67549638189f/13","OK",""
"14","0014","Light Cult Crypto Club #0014","RE-001824","0001-0100","","","","","","items/lccc-0014.html","https://ronenglish-archive.github.io/ron-english-light-cult-0001-1000/items/lccc-0014.html","https://opensea.io/item/ethereum/0xbe85fbd182af91290be7293438ae67549638189f/14","MISSING SOURCE IMAGE","No source image found for token #0014"
"15","0015","Light Cult Crypto Club #0015","RE-001825","0001-0100","D:\github\ron-english-nfts\light-cult-crypto-club\images\LCCC-0015.png","8475","images/0001-0100/LCCC-0015.png","LCCC-0015.png","D:\github\ron-english-light-cult-0001-1000\images\0001-0100\LCCC-0015.png","items/lccc-0015.html","https://ronenglish-archive.github.io/ron-english-light-cult-0001-1000/items/lccc-0015.html","https://opensea.io/item/ethereum/0xbe85fbd182af91290be7293438ae67549638189f/15","OK",""
"16","0016","Light Cult Crypto Club #0016","RE-001826","0001-0100","D:\github\ron-english-nfts\light-cult-crypto-club\images\LCCC-0016.png","11176","images/0001-0100/LCCC-0016.png","LCCC-0016.png","D:\github\ron-english-light-cult-0001-1000\images\0001-0100\LCCC-0016.png","items/lccc-0016.html","https://ronenglish-archive.github.io/ron-english-light-cult-0001-1000/items/lccc-0016.html","https://opensea.io/item/ethereum/0xbe85fbd182af91290be7293438ae67549638189f/16","OK",""
"17","0017","Light Cult Crypto Club #0017","RE-001827","0001-0100","D:\github\ron-english-nfts\light-cult-crypto-club\images\LCCC-0017.png","5181","images/0001-0100/LCCC-0017.png","LCCC-0017.png","D:\github\ron-english-light-cult-0001-1000\images\0001-0100\LCCC-0017.png","items/lccc-0017.html","https://ronenglish-archive.github.io/ron-english-light-cult-0001-1000/items/lccc-0017.html","https://opensea.io/item/ethereum/0xbe85fbd182af91290be7293438ae67549638189f/17","OK",""
"18","0018","Light Cult Crypto Club #0018","RE-001828","0001-0100","D:\github\ron-english-nfts\light-cult-crypto-club\images\LCCC-0018.png","44842","images/0001-0100/LCCC-0018.png","LCCC-0018.png","D:\github\ron-english-light-cult-0001-1000\images\0001-0100\LCCC-0018.png","items/lccc-0018.html","https://ronenglish-archive.github.io/ron-english-light-cult-0001-1000/items/lccc-0018.html","https://opensea.io/item/ethereum/0xbe85fbd182af91290be7293438ae67549638189f/18","OK",""
"19","0019","Light Cult Crypto Club #0019","RE-001829","0001-0100","","","","","","items/lccc-0019.html","https://ronenglish-archive.github.io/ron-english-light-cult-0001-1000/items/lccc-0019.html","https://opensea.io/item/ethereum/0xbe85fbd182af91290be7293438ae67549638189f/19","MISSING SOURCE IMAGE","No source image found for token #0019"
"20","0020","Light Cult Crypto Club #0020","RE-001830","0001-0100","D:\github\ron-english-nfts\light-cult-crypto-club\images\LCCC-0020.png","8429","images/0001-0100/LCCC-0020.png","LCCC-0020.png","D:\github\ron-english-light-cult-0001-1000\images\0001-0100\LCCC-0020.png","items/lccc-0020.html","https://ronenglish-archive.github.io/ron-english-light-cult-0001-1000/items/lccc-0020.html","https://opensea.io/item/ethereum/0xbe85fbd182af91290be7293438ae67549638189f/20","OK",""
"21","0021","Light Cult Crypto Club #0021","RE-001831","0001-0100","D:\github\ron-english-nfts\light-cult-crypto-club\images\LCCC-0021.png","8378","images/0001-0100/LCCC-0021.png","LCCC-0021.png","D:\github\ron-english-light-cult-0001-1000\images\0001-0100\LCCC-0021.png","items/lccc-0021.html","https://ronenglish-archive.github.io/ron-english-light-cult-0001-1000/items/lccc-0021.html","https://opensea.io/item/ethereum/0xbe85fbd182af91290be7293438ae67549638189f/21","OK",""
"22","0022","Light Cult Crypto Club #0022","RE-001832","0001-0100","D:\github\ron-english-nfts\light-cult-crypto-club\images\LCCC-0022.png","6668","images/0001-0100/LCCC-0022.png","LCCC-0022.png","D:\github\ron-english-light-cult-0001-1000\images\0001-0100\LCCC-0022.png","items/lccc-0022.html","https://ronenglish-archive.github.io/ron-english-light-cult-0001-1000/items/lccc-0022.html","https://opensea.io/item/ethereum/0xbe85fbd182af91290be7293438ae67549638189f/22","OK",""
"23","0023","Light Cult Crypto Club #0023","RE-001833","0001-0100","D:\github\ron-english-nfts\light-cult-crypto-club\images\LCCC-0023.png","23419","images/0001-0100/LCCC-0023.png","LCCC-0023.png","D:\github\ron-english-light-cult-0001-1000\images\0001-0100\LCCC-0023.png","items/lccc-0023.html","https://ronenglish-archive.github.io/ron-english-light-cult-0001-1000/items/lccc-0023.html","https://opensea.io/item/ethereum/0xbe85fbd182af91290be7293438ae67549638189f/23","OK",""
"24","0024","Light Cult Crypto Club #0024","RE-001834","0001-0100","D:\github\ron-english-nfts\light-cult-crypto-club\images\LCCC-0024.png","17841","images/0001-0100/LCCC-0024.png","LCCC-0024.png","D:\github\ron-english-light-cult-0001-1000\images\0001-0100\LCCC-0024.png","items/lccc-0024.html","https://ronenglish-archive.github.io/ron-english-light-cult-0001-1000/items/lccc-0024.html","https://opensea.io/item/ethereum/0xbe85fbd182af91290be7293438ae67549638189f/24","OK",""
"25","0025","Light Cult Crypto Club #0025","RE-001835","0001-0100","D:\github\ron-english-nfts\light-cult-crypto-club\images\LCCC-0025.png","10910","images/0001-0100/LCCC-0025.png","LCCC-0025.png","D:\github\ron-english-light-cult-0001-1000\images\0001-0100\LCCC-0025.png","items/lccc-0025.html","https://ronenglish-archive.github.io/ron-english-light-cult-0001-1000/items/lccc-0025.html","https://opensea.io/item/ethereum/0xbe85fbd182af91290be7293438ae67549638189f/25","OK",""
"26","0026","Light Cult Crypto Club #0026","RE-001836","0001-0100","D:\github\ron-english-nfts\light-cult-crypto-club\images\LCCC-0026.png","5284","images/0001-0100/LCCC-0026.png","LCCC-0026.png","D:\github\ron-english-light-cult-0001-1000\images\0001-0100\LCCC-0026.png","items/lccc-0026.html","https://ronenglish-archive.github.io/ron-english-light-cult-0001-1000/items/lccc-0026.html","https://opensea.io/item/ethereum/0xbe85fbd182af91290be7293438ae67549638189f/26","OK",""
"27","0027","Light Cult Crypto Club #0027","RE-001837","0001-0100","D:\github\ron-english-nfts\light-cult-crypto-club\images\LCCC-0027.png","26259","images/0001-0100/LCCC-0027.png","LCCC-0027.png","D:\github\ron-english-light-cult-0001-1000\images\0001-0100\LCCC-0027.png","items/lccc-0027.html","https://ronenglish-archive.github.io/ron-english-light-cult-0001-1000/items/lccc-0027.html","https://opensea.io/item/ethereum/0xbe85fbd182af91290be7293438ae67549638189f/27","OK",""
"28","0028","Light Cult Crypto Club #0028","RE-001838","0001-0100","D:\github\ron-english-nfts\light-cult-crypto-club\images\LCCC-0028.png","28687","images/0001-0100/LCCC-0028.png","LCCC-0028.png","D:\github\ron-english-light-cult-0001-1000\images\0001-0100\LCCC-0028.png","items/lccc-0028.html","https://ronenglish-archive.github.io/ron-english-light-cult-0001-1000/items/lccc-0028.html","https://opensea.io/item/ethereum/0xbe85fbd182af91290be7293438ae67549638189f/28","OK",""
"29","0029","Light Cult Crypto Club #0029","RE-001839","0001-0100","D:\github\ron-english-nfts\light-cult-crypto-club\images\LCCC-0029.png","14157","images/0001-0100/LCCC-0029.png","LCCC-0029.png","D:\github\ron-english-light-cult-0001-1000\images\0001-0100\LCCC-0029.png","items/lccc-0029.html","https://ronenglish-archive.github.io/ron-english-light-cult-0001-1000/items/lccc-0029.html","https://opensea.io/item/ethereum/0xbe85fbd182af91290be7293438ae67549638189f/29","OK",""
"30","0030","Light Cult Crypto Club #0030","RE-001840","0001-0100","D:\github\ron-english-nfts\light-cult-crypto-club\images\LCCC-0030.png","5623","images/0001-0100/LCCC-0030.png","LCCC-0030.png","D:\github\ron-english-light-cult-0001-1000\images\0001-0100\LCCC-0030.png","items/lccc-0030.html","https://ronenglish-archive.github.io/ron-english-light-cult-0001-1000/items/lccc-0030.html","https://opensea.io/item/ethereum/0xbe85fbd182af91290be7293438ae67549638189f/30","OK",""
"31","0031","Light Cult Crypto Club #0031","RE-001841","0001-0100","D:\github\ron-english-nfts\light-cult-crypto-club\images\LCCC-0031.png","33057","images/0001-0100/LCCC-0031.png","LCCC-0031.png","D:\github\ron-english-light-cult-0001-1000\images\0001-0100\LCCC-0031.png","items/lccc-0031.html","https://ronenglish-archive.github.io/ron-english-light-cult-0001-1000/items/lccc-0031.html","https://opensea.io/item/ethereum/0xbe85fbd182af91290be7293438ae67549638189f/31","OK",""
"32","0032","Light Cult Crypto Club #0032","RE-001842","0001-0100","D:\github\ron-english-nfts\light-cult-crypto-club\images\LCCC-0032.png","28099","images/0001-0100/LCCC-0032.png","LCCC-0032.png","D:\github\ron-english-light-cult-0001-1000\images\0001-0100\LCCC-0032.png","items/lccc-0032.html","https://ronenglish-archive.github.io/ron-english-light-cult-0001-1000/items/lccc-0032.html","https://opensea.io/item/ethereum/0xbe85fbd182af91290be7293438ae67549638189f/32","OK",""
"33","0033","Light Cult Crypto Club #0033","RE-001843","0001-0100","D:\github\ron-english-nfts\light-cult-crypto-club\images\LCCC-0033.png","10828","images/0001-0100/LCCC-0033.png","LCCC-0033.png","D:\github\ron-english-light-cult-0001-1000\images\0001-0100\LCCC-0033.png","items/lccc-0033.html","https://ronenglish-archive.github.io/ron-english-light-cult-0001-1000/items/lccc-0033.html","https://opensea.io/item/ethereum/0xbe85fbd182af91290be7293438ae67549638189f/33","OK",""
"34","0034","Light Cult Crypto Club #0034","RE-001844","0001-0100","D:\github\ron-english-nfts\light-cult-crypto-club\images\LCCC-0034.png","7280","images/0001-0100/LCCC-0034.png","LCCC-0034.png","D:\github\ron-english-light-cult-0001-1000\images\0001-0100\LCCC-0034.png","items/lccc-0034.html","https://ronenglish-archive.github.io/ron-english-light-cult-0001-1000/items/lccc-0034.html","https://opensea.io/item/ethereum/0xbe85fbd182af91290be7293438ae67549638189f/34","OK",""
"35","0035","Light Cult Crypto Club #0035","RE-001845","0001-0100","","","","","","items/lccc-0035.html","https://ronenglish-archive.github.io/ron-english-light-cult-0001-1000/items/lccc-0035.html","https://opensea.io/item/ethereum/0xbe85fbd182af91290be7293438ae67549638189f/35","MISSING SOURCE IMAGE","No source image found for token #0035"
"36","0036","Light Cult Crypto Club #0036","RE-001846","0001-0100","","","","","","items/lccc-0036.html","https://ronenglish-archive.github.io/ron-english-light-cult-0001-1000/items/lccc-0036.html","https://opensea.io/item/ethereum/0xbe85fbd182af91290be7293438ae67549638189f/36","MISSING SOURCE IMAGE","No source image found for token #0036"
"37","0037","Light Cult Crypto Club #0037","RE-001847","0001-0100","D:\github\ron-english-nfts\light-cult-crypto-club\images\LCCC-0037.png","33891","images/0001-0100/LCCC-0037.png","LCCC-0037.png","D:\github\ron-english-light-cult-0001-1000\images\0001-0100\LCCC-0037.png","items/lccc-0037.html","https://ronenglish-archive.github.io/ron-english-light-cult-0001-1000/items/lccc-0037.html","https://opensea.io/item/ethereum/0xbe85fbd182af91290be7293438ae67549638189f/37","OK",""
"38","0038","Light Cult Crypto Club #0038","RE-001848","0001-0100","D:\github\ron-english-nfts\light-cult-crypto-club\images\LCCC-0038.png","25895","images/0001-0100/LCCC-0038.png","LCCC-0038.png","D:\github\ron-english-light-cult-0001-1000\images\0001-0100\LCCC-0038.png","items/lccc-0038.html","https://ronenglish-archive.github.io/ron-english-light-cult-0001-1000/items/lccc-0038.html","https://opensea.io/item/ethereum/0xbe85fbd182af91290be7293438ae67549638189f/38","OK",""
"39","0039","Light Cult Crypto Club #0039","RE-001849","0001-0100","D:\github\ron-english-nfts\light-cult-crypto-club\images\LCCC-0039.png","6481","images/0001-0100/LCCC-0039.png","LCCC-0039.png","D:\github\ron-english-light-cult-0001-1000\images\0001-0100\LCCC-0039.png","items/lccc-0039.html","https://ronenglish-archive.github.io/ron-english-light-cult-0001-1000/items/lccc-0039.html","https://opensea.io/item/ethereum/0xbe85fbd182af91290be7293438ae67549638189f/39","OK",""
"40","0040","Light Cult Crypto Club #0040","RE-001850","0001-0100","D:\github\ron-english-nfts\light-cult-crypto-club\images\LCCC-0040.png","25464","images/0001-0100/LCCC-0040.png","LCCC-0040.png","D:\github\ron-english-light-cult-0001-1000\images\0001-0100\LCCC-0040.png","items/lccc-0040.html","https://ronenglish-archive.github.io/ron-english-light-cult-0001-1000/items/lccc-0040.html","https://opensea.io/item/ethereum/0xbe85fbd182af91290be7293438ae67549638189f/40","OK",""
"41","0041","Light Cult Crypto Club #0041","RE-001851","0001-0100","","","","","","items/lccc-0041.html","https://ronenglish-archive.github.io/ron-english-light-cult-0001-1000/items/lccc-0041.html","https://opensea.io/item/ethereum/0xbe85fbd182af91290be7293438ae67549638189f/41","MISSING SOURCE IMAGE","No source image found for token #0041"
"42","0042","Light Cult Crypto Club #0042","RE-001852","0001-0100","D:\github\ron-english-nfts\light-cult-crypto-club\images\LCCC-0042.png","7176","images/0001-0100/LCCC-0042.png","LCCC-0042.png","D:\github\ron-english-light-cult-0001-1000\images\0001-0100\LCCC-0042.png","items/lccc-0042.html","https://ronenglish-archive.github.io/ron-english-light-cult-0001-1000/items/lccc-0042.html","https://opensea.io/item/ethereum/0xbe85fbd182af91290be7293438ae67549638189f/42","OK",""
"43","0043","Light Cult Crypto Club #0043","RE-001853","0001-0100","D:\github\ron-english-nfts\light-cult-crypto-club\images\LCCC-0043.png","16963","images/0001-0100/LCCC-0043.png","LCCC-0043.png","D:\github\ron-english-light-cult-0001-1000\images\0001-0100\LCCC-0043.png","items/lccc-0043.html","https://ronenglish-archive.github.io/ron-english-light-cult-0001-1000/items/lccc-0043.html","https://opensea.io/item/ethereum/0xbe85fbd182af91290be7293438ae67549638189f/43","OK",""
"44","0044","Light Cult Crypto Club #0044","RE-001854","0001-0100","D:\github\ron-english-nfts\light-cult-crypto-club\images\LCCC-0044.png","8396","images/0001-0100/LCCC-0044.png","LCCC-0044.png","D:\github\ron-english-light-cult-0001-1000\images\0001-0100\LCCC-0044.png","items/lccc-0044.html","https://ronenglish-archive.github.io/ron-english-light-cult-0001-1000/items/lccc-0044.html","https://opensea.io/item/ethereum/0xbe85fbd182af91290be7293438ae67549638189f/44","OK",""
"45","0045","Light Cult Crypto Club #0045","RE-001855","0001-0100","D:\github\ron-english-nfts\light-cult-crypto-club\images\LCCC-0045.png","16158","images/0001-0100/LCCC-0045.png","LCCC-0045.png","D:\github\ron-english-light-cult-0001-1000\images\0001-0100\LCCC-0045.png","items/lccc-0045.html","https://ronenglish-archive.github.io/ron-english-light-cult-0001-1000/items/lccc-0045.html","https://opensea.io/item/ethereum/0xbe85fbd182af91290be7293438ae67549638189f/45","OK",""
"46","0046","Light Cult Crypto Club #0046","RE-001856","0001-0100","D:\github\ron-english-nfts\light-cult-crypto-club\images\LCCC-0046.png","31837","images/0001-0100/LCCC-0046.png","LCCC-0046.png","D:\github\ron-english-light-cult-0001-1000\images\0001-0100\LCCC-0046.png","items/lccc-0046.html","https://ronenglish-archive.github.io/ron-english-light-cult-0001-1000/items/lccc-0046.html","https://opensea.io/item/ethereum/0xbe85fbd182af91290be7293438ae67549638189f/46","OK",""
"47","0047","Light Cult Crypto Club #0047","RE-001857","0001-0100","D:\github\ron-english-nfts\light-cult-crypto-club\images\LCCC-0047.png","8026","images/0001-0100/LCCC-0047.png","LCCC-0047.png","D:\github\ron-english-light-cult-0001-1000\images\0001-0100\LCCC-0047.png","items/lccc-0047.html","https://ronenglish-archive.github.io/ron-english-light-cult-0001-1000/items/lccc-0047.html","https://opensea.io/item/ethereum/0xbe85fbd182af91290be7293438ae67549638189f/47","OK",""
"48","0048","Light Cult Crypto Club #0048","RE-001858","0001-0100","D:\github\ron-english-nfts\light-cult-crypto-club\images\LCCC-0048.png","14321","images/0001-0100/LCCC-0048.png","LCCC-0048.png","D:\github\ron-english-light-cult-0001-1000\images\0001-0100\LCCC-0048.png","items/lccc-0048.html","https://ronenglish-archive.github.io/ron-english-light-cult-0001-1000/items/lccc-0048.html","https://opensea.io/item/ethereum/0xbe85fbd182af91290be7293438ae67549638189f/48","OK",""
"49","0049","Light Cult Crypto Club #0049","RE-001859","0001-0100","D:\github\ron-english-nfts\light-cult-crypto-club\images\LCCC-0049.png","17131","images/0001-0100/LCCC-0049.png","LCCC-0049.png","D:\github\ron-english-light-cult-0001-1000\images\0001-0100\LCCC-0049.png","items/lccc-0049.html","https://ronenglish-archive.github.io/ron-english-light-cult-0001-1000/items/lccc-0049.html","https://opensea.io/item/ethereum/0xbe85fbd182af91290be7293438ae67549638189f/49","OK",""
"50","0050","Light Cult Crypto Club #0050","RE-001860","0001-0100","D:\github\ron-english-nfts\light-cult-crypto-club\images\LCCC-0050.png","46105","images/0001-0100/LCCC-0050.png","LCCC-0050.png","D:\github\ron-english-light-cult-0001-1000\images\0001-0100\LCCC-0050.png","items/lccc-0050.html","https://ronenglish-archive.github.io/ron-english-light-cult-0001-1000/items/lccc-0050.html","https://opensea.io/item/ethereum/0xbe85fbd182af91290be7293438ae67549638189f/50","OK",""
"51","0051","Light Cult Crypto Club #0051","RE-001861","0001-0100","","","","","","items/lccc-0051.html","https://ronenglish-archive.github.io/ron-english-light-cult-0001-1000/items/lccc-0051.html","https://opensea.io/item/ethereum/0xbe85fbd182af91290be7293438ae67549638189f/51","MISSING SOURCE IMAGE","No source image found for token #0051"
"52","0052","Light Cult Crypto Club #0052","RE-001862","0001-0100","","","","","","items/lccc-0052.html","https://ronenglish-archive.github.io/ron-english-light-cult-0001-1000/items/lccc-0052.html","https://opensea.io/item/ethereum/0xbe85fbd182af91290be7293438ae67549638189f/52","MISSING SOURCE IMAGE","No source image found for token #0052"
"53","0053","Light Cult Crypto Club #0053","RE-001863","0001-0100","D:\github\ron-english-nfts\light-cult-crypto-club\images\LCCC-0053.png","5693","images/0001-0100/LCCC-0053.png","LCCC-0053.png","D:\github\ron-english-light-cult-0001-1000\images\0001-0100\LCCC-0053.png","items/lccc-0053.html","https://ronenglish-archive.github.io/ron-english-light-cult-0001-1000/items/lccc-0053.html","https://opensea.io/item/ethereum/0xbe85fbd182af91290be7293438ae67549638189f/53","OK",""
"54","0054","Light Cult Crypto Club #0054","RE-001864","0001-0100","D:\github\ron-english-nfts\light-cult-crypto-club\images\LCCC-0054.png","27819","images/0001-0100/LCCC-0054.png","LCCC-0054.png","D:\github\ron-english-light-cult-0001-1000\images\0001-0100\LCCC-0054.png","items/lccc-0054.html","https://ronenglish-archive.github.io/ron-english-light-cult-0001-1000/items/lccc-0054.html","https://opensea.io/item/ethereum/0xbe85fbd182af91290be7293438ae67549638189f/54","OK",""
"55","0055","Light Cult Crypto Club #0055","RE-001865","0001-0100","D:\github\ron-english-nfts\light-cult-crypto-club\images\LCCC-0055.png","16148","images/0001-0100/LCCC-0055.png","LCCC-0055.png","D:\github\ron-english-light-cult-0001-1000\images\0001-0100\LCCC-0055.png","items/lccc-0055.html","https://ronenglish-archive.github.io/ron-english-light-cult-0001-1000/items/lccc-0055.html","https://opensea.io/item/ethereum/0xbe85fbd182af91290be7293438ae67549638189f/55","OK",""
"56","0056","Light Cult Crypto Club #0056","RE-001866","0001-0100","D:\github\ron-english-nfts\light-cult-crypto-club\images\LCCC-0056.png","17514","images/0001-0100/LCCC-0056.png","LCCC-0056.png","D:\github\ron-english-light-cult-0001-1000\images\0001-0100\LCCC-0056.png","items/lccc-0056.html","https://ronenglish-archive.github.io/ron-english-light-cult-0001-1000/items/lccc-0056.html","https://opensea.io/item/ethereum/0xbe85fbd182af91290be7293438ae67549638189f/56","OK",""
"57","0057","Light Cult Crypto Club #0057","RE-001867","0001-0100","D:\github\ron-english-nfts\light-cult-crypto-club\images\LCCC-0057.png","10094","images/0001-0100/LCCC-0057.png","LCCC-0057.png","D:\github\ron-english-light-cult-0001-1000\images\0001-0100\LCCC-0057.png","items/lccc-0057.html","https://ronenglish-archive.github.io/ron-english-light-cult-0001-1000/items/lccc-0057.html","https://opensea.io/item/ethereum/0xbe85fbd182af91290be7293438ae67549638189f/57","OK",""
"58","0058","Light Cult Crypto Club #0058","RE-001868","0001-0100","D:\github\ron-english-nfts\light-cult-crypto-club\images\LCCC-0058.png","21364","images/0001-0100/LCCC-0058.png","LCCC-0058.png","D:\github\ron-english-light-cult-0001-1000\images\0001-0100\LCCC-0058.png","items/lccc-0058.html","https://ronenglish-archive.github.io/ron-english-light-cult-0001-1000/items/lccc-0058.html","https://opensea.io/item/ethereum/0xbe85fbd182af91290be7293438ae67549638189f/58","OK",""
"59","0059","Light Cult Crypto Club #0059","RE-001869","0001-0100","D:\github\ron-english-nfts\light-cult-crypto-club\images\LCCC-0059.png","18085","images/0001-0100/LCCC-0059.png","LCCC-0059.png","D:\github\ron-english-light-cult-0001-1000\images\0001-0100\LCCC-0059.png","items/lccc-0059.html","https://ronenglish-archive.github.io/ron-english-light-cult-0001-1000/items/lccc-0059.html","https://opensea.io/item/ethereum/0xbe85fbd182af91290be7293438ae67549638189f/59","OK",""
"60","0060","Light Cult Crypto Club #0060","RE-001870","0001-0100","D:\github\ron-english-nfts\light-cult-crypto-club\images\LCCC-0060.png","28557","images/0001-0100/LCCC-0060.png","LCCC-0060.png","D:\github\ron-english-light-cult-0001-1000\images\0001-0100\LCCC-0060.png","items/lccc-0060.html","https://ronenglish-archive.github.io/ron-english-light-cult-0001-1000/items/lccc-0060.html","https://opensea.io/item/ethereum/0xbe85fbd182af91290be7293438ae67549638189f/60","OK",""
"61","0061","Light Cult Crypto Club #0061","RE-001871","0001-0100","D:\github\ron-english-nfts\light-cult-crypto-club\images\LCCC-0061.png","15003","images/0001-0100/LCCC-0061.png","LCCC-0061.png","D:\github\ron-english-light-cult-0001-1000\images\0001-0100\LCCC-0061.png","items/lccc-0061.html","https://ronenglish-archive.github.io/ron-english-light-cult-0001-1000/items/lccc-0061.html","https://opensea.io/item/ethereum/0xbe85fbd182af91290be7293438ae67549638189f/61","OK",""
"62","0062","Light Cult Crypto Club #0062","RE-001872","0001-0100","D:\github\ron-english-nfts\light-cult-crypto-club\images\LCCC-0062.png","26044","images/0001-0100/LCCC-0062.png","LCCC-0062.png","D:\github\ron-english-light-cult-0001-1000\images\0001-0100\LCCC-0062.png","items/lccc-0062.html","https://ronenglish-archive.github.io/ron-english-light-cult-0001-1000/items/lccc-0062.html","https://opensea.io/item/ethereum/0xbe85fbd182af91290be7293438ae67549638189f/62","OK",""
"63","0063","Light Cult Crypto Club #0063","RE-001873","0001-0100","D:\github\ron-english-nfts\light-cult-crypto-club\images\LCCC-0063.png","34058","images/0001-0100/LCCC-0063.png","LCCC-0063.png","D:\github\ron-english-light-cult-0001-1000\images\0001-0100\LCCC-0063.png","items/lccc-0063.html","https://ronenglish-archive.github.io/ron-english-light-cult-0001-1000/items/lccc-0063.html","https://opensea.io/item/ethereum/0xbe85fbd182af91290be7293438ae67549638189f/63","OK",""
"64","0064","Light Cult Crypto Club #0064","RE-001874","0001-0100","D:\github\ron-english-nfts\light-cult-crypto-club\images\LCCC-0064.png","15743","images/0001-0100/LCCC-0064.png","LCCC-0064.png","D:\github\ron-english-light-cult-0001-1000\images\0001-0100\LCCC-0064.png","items/lccc-0064.html","https://ronenglish-archive.github.io/ron-english-light-cult-0001-1000/items/lccc-0064.html","https://opensea.io/item/ethereum/0xbe85fbd182af91290be7293438ae67549638189f/64","OK",""
"65","0065","Light Cult Crypto Club #0065","RE-001875","0001-0100","D:\github\ron-english-nfts\light-cult-crypto-club\images\LCCC-0065.png","25937","images/0001-0100/LCCC-0065.png","LCCC-0065.png","D:\github\ron-english-light-cult-0001-1000\images\0001-0100\LCCC-0065.png","items/lccc-0065.html","https://ronenglish-archive.github.io/ron-english-light-cult-0001-1000/items/lccc-0065.html","https://opensea.io/item/ethereum/0xbe85fbd182af91290be7293438ae67549638189f/65","OK",""
"66","0066","Light Cult Crypto Club #0066","RE-001876","0001-0100","D:\github\ron-english-nfts\light-cult-crypto-club\images\LCCC-0066.png","44889","images/0001-0100/LCCC-0066.png","LCCC-0066.png","D:\github\ron-english-light-cult-0001-1000\images\0001-0100\LCCC-0066.png","items/lccc-0066.html","https://ronenglish-archive.github.io/ron-english-light-cult-0001-1000/items/lccc-0066.html","https://opensea.io/item/ethereum/0xbe85fbd182af91290be7293438ae67549638189f/66","OK",""
"67","0067","Light Cult Crypto Club #0067","RE-001877","0001-0100","D:\github\ron-english-nfts\light-cult-crypto-club\images\LCCC-0067.png","22219","images/0001-0100/LCCC-0067.png","LCCC-0067.png","D:\github\ron-english-light-cult-0001-1000\images\0001-0100\LCCC-0067.png","items/lccc-0067.html","https://ronenglish-archive.github.io/ron-english-light-cult-0001-1000/items/lccc-0067.html","https://opensea.io/item/ethereum/0xbe85fbd182af91290be7293438ae67549638189f/67","OK",""
"68","0068","Light Cult Crypto Club #0068","RE-001878","0001-0100","D:\github\ron-english-nfts\light-cult-crypto-club\images\LCCC-0068.png","5120","images/0001-0100/LCCC-0068.png","LCCC-0068.png","D:\github\ron-english-light-cult-0001-1000\images\0001-0100\LCCC-0068.png","items/lccc-0068.html","https://ronenglish-archive.github.io/ron-english-light-cult-0001-1000/items/lccc-0068.html","https://opensea.io/item/ethereum/0xbe85fbd182af91290be7293438ae67549638189f/68","OK",""
"69","0069","Light Cult Crypto Club #0069","RE-001879","0001-0100","D:\github\ron-english-nfts\light-cult-crypto-club\images\LCCC-0069.png","28742","images/0001-0100/LCCC-0069.png","LCCC-0069.png","D:\github\ron-english-light-cult-0001-1000\images\0001-0100\LCCC-0069.png","items/lccc-0069.html","https://ronenglish-archive.github.io/ron-english-light-cult-0001-1000/items/lccc-0069.html","https://opensea.io/item/ethereum/0xbe85fbd182af91290be7293438ae67549638189f/69","OK",""
"70","0070","Light Cult Crypto Club #0070","RE-001880","0001-0100","D:\github\ron-english-nfts\light-cult-crypto-club\images\LCCC-0070.png","30881","images/0001-0100/LCCC-0070.png","LCCC-0070.png","D:\github\ron-english-light-cult-0001-1000\images\0001-0100\LCCC-0070.png","items/lccc-0070.html","https://ronenglish-archive.github.io/ron-english-light-cult-0001-1000/items/lccc-0070.html","https://opensea.io/item/ethereum/0xbe85fbd182af91290be7293438ae67549638189f/70","OK",""
"71","0071","Light Cult Crypto Club #0071","RE-001881","0001-0100","D:\github\ron-english-nfts\light-cult-crypto-club\images\LCCC-0071.png","7650","images/0001-0100/LCCC-0071.png","LCCC-0071.png","D:\github\ron-english-light-cult-0001-1000\images\0001-0100\LCCC-0071.png","items/lccc-0071.html","https://ronenglish-archive.github.io/ron-english-light-cult-0001-1000/items/lccc-0071.html","https://opensea.io/item/ethereum/0xbe85fbd182af91290be7293438ae67549638189f/71","OK",""
"72","0072","Light Cult Crypto Club #0072","RE-001882","0001-0100","D:\github\ron-english-nfts\light-cult-crypto-club\images\LCCC-0072.png","20640","images/0001-0100/LCCC-0072.png","LCCC-0072.png","D:\github\ron-english-light-cult-0001-1000\images\0001-0100\LCCC-0072.png","items/lccc-0072.html","https://ronenglish-archive.github.io/ron-english-light-cult-0001-1000/items/lccc-0072.html","https://opensea.io/item/ethereum/0xbe85fbd182af91290be7293438ae67549638189f/72","OK",""
"73","0073","Light Cult Crypto Club #0073","RE-001883","0001-0100","D:\github\ron-english-nfts\light-cult-crypto-club\images\LCCC-0073.png","33262","images/0001-0100/LCCC-0073.png","LCCC-0073.png","D:\github\ron-english-light-cult-0001-1000\images\0001-0100\LCCC-0073.png","items/lccc-0073.html","https://ronenglish-archive.github.io/ron-english-light-cult-0001-1000/items/lccc-0073.html","https://opensea.io/item/ethereum/0xbe85fbd182af91290be7293438ae67549638189f/73","OK",""
"74","0074","Light Cult Crypto Club #0074","RE-001884","0001-0100","D:\github\ron-english-nfts\light-cult-crypto-club\images\LCCC-0074.png","18595","images/0001-0100/LCCC-0074.png","LCCC-0074.png","D:\github\ron-english-light-cult-0001-1000\images\0001-0100\LCCC-0074.png","items/lccc-0074.html","https://ronenglish-archive.github.io/ron-english-light-cult-0001-1000/items/lccc-0074.html","https://opensea.io/item/ethereum/0xbe85fbd182af91290be7293438ae67549638189f/74","OK",""
"75","0075","Light Cult Crypto Club #0075","RE-001885","0001-0100","D:\github\ron-english-nfts\light-cult-crypto-club\images\LCCC-0075.png","32598","images/0001-0100/LCCC-0075.png","LCCC-0075.png","D:\github\ron-english-light-cult-0001-1000\images\0001-0100\LCCC-0075.png","items/lccc-0075.html","https://ronenglish-archive.github.io/ron-english-light-cult-0001-1000/items/lccc-0075.html","https://opensea.io/item/ethereum/0xbe85fbd182af91290be7293438ae67549638189f/75","OK",""
"76","0076","Light Cult Crypto Club #0076","RE-001886","0001-0100","D:\github\ron-english-nfts\light-cult-crypto-club\images\LCCC-0076.png","17807","images/0001-0100/LCCC-0076.png","LCCC-0076.png","D:\github\ron-english-light-cult-0001-1000\images\0001-0100\LCCC-0076.png","items/lccc-0076.html","https://ronenglish-archive.github.io/ron-english-light-cult-0001-1000/items/lccc-0076.html","https://opensea.io/item/ethereum/0xbe85fbd182af91290be7293438ae67549638189f/76","OK",""
"77","0077","Light Cult Crypto Club #0077","RE-001887","0001-0100","D:\github\ron-english-nfts\light-cult-crypto-club\images\LCCC-0077.png","14439","images/0001-0100/LCCC-0077.png","LCCC-0077.png","D:\github\ron-english-light-cult-0001-1000\images\0001-0100\LCCC-0077.png","items/lccc-0077.html","https://ronenglish-archive.github.io/ron-english-light-cult-0001-1000/items/lccc-0077.html","https://opensea.io/item/ethereum/0xbe85fbd182af91290be7293438ae67549638189f/77","OK",""
"78","0078","Light Cult Crypto Club #0078","RE-001888","0001-0100","D:\github\ron-english-nfts\light-cult-crypto-club\images\LCCC-0078.png","21660","images/0001-0100/LCCC-0078.png","LCCC-0078.png","D:\github\ron-english-light-cult-0001-1000\images\0001-0100\LCCC-0078.png","items/lccc-0078.html","https://ronenglish-archive.github.io/ron-english-light-cult-0001-1000/items/lccc-0078.html","https://opensea.io/item/ethereum/0xbe85fbd182af91290be7293438ae67549638189f/78","OK",""
"79","0079","Light Cult Crypto Club #0079","RE-001889","0001-0100","D:\github\ron-english-nfts\light-cult-crypto-club\images\LCCC-0079.png","9602","images/0001-0100/LCCC-0079.png","LCCC-0079.png","D:\github\ron-english-light-cult-0001-1000\images\0001-0100\LCCC-0079.png","items/lccc-0079.html","https://ronenglish-archive.github.io/ron-english-light-cult-0001-1000/items/lccc-0079.html","https://opensea.io/item/ethereum/0xbe85fbd182af91290be7293438ae67549638189f/79","OK",""
"80","0080","Light Cult Crypto Club #0080","RE-001890","0001-0100","D:\github\ron-english-nfts\light-cult-crypto-club\images\LCCC-0080.png","10835","images/0001-0100/LCCC-0080.png","LCCC-0080.png","D:\github\ron-english-light-cult-0001-1000\images\0001-0100\LCCC-0080.png","items/lccc-0080.html","https://ronenglish-archive.github.io/ron-english-light-cult-0001-1000/items/lccc-0080.html","https://opensea.io/item/ethereum/0xbe85fbd182af91290be7293438ae67549638189f/80","OK",""
"81","0081","Light Cult Crypto Club #0081","RE-001891","0001-0100","D:\github\ron-english-nfts\light-cult-crypto-club\images\LCCC-0081.png","19409","images/0001-0100/LCCC-0081.png","LCCC-0081.png","D:\github\ron-english-light-cult-0001-1000\images\0001-0100\LCCC-0081.png","items/lccc-0081.html","https://ronenglish-archive.github.io/ron-english-light-cult-0001-1000/items/lccc-0081.html","https://opensea.io/item/ethereum/0xbe85fbd182af91290be7293438ae67549638189f/81","OK",""
"82","0082","Light Cult Crypto Club #0082","RE-001892","0001-0100","D:\github\ron-english-nfts\light-cult-crypto-club\images\LCCC-0082.png","5692","images/0001-0100/LCCC-0082.png","LCCC-0082.png","D:\github\ron-english-light-cult-0001-1000\images\0001-0100\LCCC-0082.png","items/lccc-0082.html","https://ronenglish-archive.github.io/ron-english-light-cult-0001-1000/items/lccc-0082.html","https://opensea.io/item/ethereum/0xbe85fbd182af91290be7293438ae67549638189f/82","OK",""
"83","0083","Light Cult Crypto Club #0083","RE-001893","0001-0100","D:\github\ron-english-nfts\light-cult-crypto-club\images\LCCC-0083.png","6956","images/0001-0100/LCCC-0083.png","LCCC-0083.png","D:\github\ron-english-light-cult-0001-1000\images\0001-0100\LCCC-0083.png","items/lccc-0083.html","https://ronenglish-archive.github.io/ron-english-light-cult-0001-1000/items/lccc-0083.html","https://opensea.io/item/ethereum/0xbe85fbd182af91290be7293438ae67549638189f/83","OK",""
"84","0084","Light Cult Crypto Club #0084","RE-001894","0001-0100","D:\github\ron-english-nfts\light-cult-crypto-club\images\LCCC-0084.png","32038","images/0001-0100/LCCC-0084.png","LCCC-0084.png","D:\github\ron-english-light-cult-0001-1000\images\0001-0100\LCCC-0084.png","items/lccc-0084.html","https://ronenglish-archive.github.io/ron-english-light-cult-0001-1000/items/lccc-0084.html","https://opensea.io/item/ethereum/0xbe85fbd182af91290be7293438ae67549638189f/84","OK",""
"85","0085","Light Cult Crypto Club #0085","RE-001895","0001-0100","D:\github\ron-english-nfts\light-cult-crypto-club\images\LCCC-0085.png","15126","images/0001-0100/LCCC-0085.png","LCCC-0085.png","D:\github\ron-english-light-cult-0001-1000\images\0001-0100\LCCC-0085.png","items/lccc-0085.html","https://ronenglish-archive.github.io/ron-english-light-cult-0001-1000/items/lccc-0085.html","https://opensea.io/item/ethereum/0xbe85fbd182af91290be7293438ae67549638189f/85","OK",""
"86","0086","Light Cult Crypto Club #0086","RE-001896","0001-0100","","","","","","items/lccc-0086.html","https://ronenglish-archive.github.io/ron-english-light-cult-0001-1000/items/lccc-0086.html","https://opensea.io/item/ethereum/0xbe85fbd182af91290be7293438ae67549638189f/86","MISSING SOURCE IMAGE","No source image found for token #0086"
"87","0087","Light Cult Crypto Club #0087","RE-001897","0001-0100","D:\github\ron-english-nfts\light-cult-crypto-club\images\LCCC-0087.png","19551","images/0001-0100/LCCC-0087.png","LCCC-0087.png","D:\github\ron-english-light-cult-0001-1000\images\0001-0100\LCCC-0087.png","items/lccc-0087.html","https://ronenglish-archive.github.io/ron-english-light-cult-0001-1000/items/lccc-0087.html","https://opensea.io/item/ethereum/0xbe85fbd182af91290be7293438ae67549638189f/87","OK",""
"88","0088","Light Cult Crypto Club #0088","RE-001898","0001-0100","D:\github\ron-english-nfts\light-cult-crypto-club\images\LCCC-0088.png","6852","images/0001-0100/LCCC-0088.png","LCCC-0088.png","D:\github\ron-english-light-cult-0001-1000\images\0001-0100\LCCC-0088.png","items/lccc-0088.html","https://ronenglish-archive.github.io/ron-english-light-cult-0001-1000/items/lccc-0088.html","https://opensea.io/item/ethereum/0xbe85fbd182af91290be7293438ae67549638189f/88","OK",""
"89","0089","Light Cult Crypto Club #0089","RE-001899","0001-0100","D:\github\ron-english-nfts\light-cult-crypto-club\images\LCCC-0089.png","28429","images/0001-0100/LCCC-0089.png","LCCC-0089.png","D:\github\ron-english-light-cult-0001-1000\images\0001-0100\LCCC-0089.png","items/lccc-0089.html","https://ronenglish-archive.github.io/ron-english-light-cult-0001-1000/items/lccc-0089.html","https://opensea.io/item/ethereum/0xbe85fbd182af91290be7293438ae67549638189f/89","OK",""
"90","0090","Light Cult Crypto Club #0090","RE-001900","0001-0100","D:\github\ron-english-nfts\light-cult-crypto-club\images\LCCC-0090.png","6221","images/0001-0100/LCCC-0090.png","LCCC-0090.png","D:\github\ron-english-light-cult-0001-1000\images\0001-0100\LCCC-0090.png","items/lccc-0090.html","https://ronenglish-archive.github.io/ron-english-light-cult-0001-1000/items/lccc-0090.html","https://opensea.io/item/ethereum/0xbe85fbd182af91290be7293438ae67549638189f/90","OK",""
"91","0091","Light Cult Crypto Club #0091","RE-001901","0001-0100","D:\github\ron-english-nfts\light-cult-crypto-club\images\LCCC-0091.png","12085","images/0001-0100/LCCC-0091.png","LCCC-0091.png","D:\github\ron-english-light-cult-0001-1000\images\0001-0100\LCCC-0091.png","items/lccc-0091.html","https://ronenglish-archive.github.io/ron-english-light-cult-0001-1000/items/lccc-0091.html","https://opensea.io/item/ethereum/0xbe85fbd182af91290be7293438ae67549638189f/91","OK",""
"92","0092","Light Cult Crypto Club #0092","RE-001902","0001-0100","","","","","","items/lccc-0092.html","https://ronenglish-archive.github.io/ron-english-light-cult-0001-1000/items/lccc-0092.html","https://opensea.io/item/ethereum/0xbe85fbd182af91290be7293438ae67549638189f/92","MISSING SOURCE IMAGE","No source image found for token #0092"
"93","0093","Light Cult Crypto Club #0093","RE-001903","0001-0100","D:\github\ron-english-nfts\light-cult-crypto-club\images\LCCC-0093.png","21490","images/0001-0100/LCCC-0093.png","LCCC-0093.png","D:\github\ron-english-light-cult-0001-1000\images\0001-0100\LCCC-0093.png","items/lccc-0093.html","https://ronenglish-archive.github.io/ron-english-light-cult-0001-1000/items/lccc-0093.html","https://opensea.io/item/ethereum/0xbe85fbd182af91290be7293438ae67549638189f/93","OK",""
"94","0094","Light Cult Crypto Club #0094","RE-001904","0001-0100","D:\github\ron-english-nfts\light-cult-crypto-club\images\LCCC-0094.png","21352","images/0001-0100/LCCC-0094.png","LCCC-0094.png","D:\github\ron-english-light-cult-0001-1000\images\0001-0100\LCCC-0094.png","items/lccc-0094.html","https://ronenglish-archive.github.io/ron-english-light-cult-0001-1000/items/lccc-0094.html","https://opensea.io/item/ethereum/0xbe85fbd182af91290be7293438ae67549638189f/94","OK",""
"95","0095","Light Cult Crypto Club #0095","RE-001905","0001-0100","D:\github\ron-english-nfts\light-cult-crypto-club\images\LCCC-0095.png","9764","images/0001-0100/LCCC-0095.png","LCCC-0095.png","D:\github\ron-english-light-cult-0001-1000\images\0001-0100\LCCC-0095.png","items/lccc-0095.html","https://ronenglish-archive.github.io/ron-english-light-cult-0001-1000/items/lccc-0095.html","https://opensea.io/item/ethereum/0xbe85fbd182af91290be7293438ae67549638189f/95","OK",""
"96","0096","Light Cult Crypto Club #0096","RE-001906","0001-0100","D:\github\ron-english-nfts\light-cult-crypto-club\images\LCCC-0096.png","36475","images/0001-0100/LCCC-0096.png","LCCC-0096.png","D:\github\ron-english-light-cult-0001-1000\images\0001-0100\LCCC-0096.png","items/lccc-0096.html","https://ronenglish-archive.github.io/ron-english-light-cult-0001-1000/items/lccc-0096.html","https://opensea.io/item/ethereum/0xbe85fbd182af91290be7293438ae67549638189f/96","OK",""
"97","0097","Light Cult Crypto Club #0097","RE-001907","0001-0100","D:\github\ron-english-nfts\light-cult-crypto-club\images\LCCC-0097.png","71130","images/0001-0100/LCCC-0097.png","LCCC-0097.png","D:\github\ron-english-light-cult-0001-1000\images\0001-0100\LCCC-0097.png","items/lccc-0097.html","https://ronenglish-archive.github.io/ron-english-light-cult-0001-1000/items/lccc-0097.html","https://opensea.io/item/ethereum/0xbe85fbd182af91290be7293438ae67549638189f/97","OK",""
"98","0098","Light Cult Crypto Club #0098","RE-001908","0001-0100","D:\github\ron-english-nfts\light-cult-crypto-club\images\LCCC-0098.png","5854","images/0001-0100/LCCC-0098.png","LCCC-0098.png","D:\github\ron-english-light-cult-0001-1000\images\0001-0100\LCCC-0098.png","items/lccc-0098.html","https://ronenglish-archive.github.io/ron-english-light-cult-0001-1000/items/lccc-0098.html","https://opensea.io/item/ethereum/0xbe85fbd182af91290be7293438ae67549638189f/98","OK",""
"99","0099","Light Cult Crypto Club #0099","RE-001909","0001-0100","D:\github\ron-english-nfts\light-cult-crypto-club\images\LCCC-0099.png","5377","images/0001-0100/LCCC-0099.png","LCCC-0099.png","D:\github\ron-english-light-cult-0001-1000\images\0001-0100\LCCC-0099.png","items/lccc-0099.html","https://ronenglish-archive.github.io/ron-english-light-cult-0001-1000/items/lccc-0099.html","https://opensea.io/item/ethereum/0xbe85fbd182af91290be7293438ae67549638189f/99","OK",""
"100","0100","Light Cult Crypto Club #0100","RE-001910","0001-0100","D:\github\ron-english-nfts\light-cult-crypto-club\images\LCCC-0100.png","7352","images/0001-0100/LCCC-0100.png","LCCC-0100.png","D:\github\ron-english-light-cult-0001-1000\images\0001-0100\LCCC-0100.png","items/lccc-0100.html","https://ronenglish-archive.github.io/ron-english-light-cult-0001-1000/items/lccc-0100.html","https://opensea.io/item/ethereum/0xbe85fbd182af91290be7293438ae67549638189f/100","OK",""
"101","0101","Light Cult Crypto Club #0101","RE-001911","0101-0200","D:\github\ron-english-nfts\light-cult-crypto-club\images\LCCC-0101.png","30246","images/0101-0200/LCCC-0101.png","LCCC-0101.png","D:\github\ron-english-light-cult-0001-1000\images\0101-0200\LCCC-0101.png","items/lccc-0101.html","https://ronenglish-archive.github.io/ron-english-light-cult-0001-1000/items/lccc-0101.html","https://opensea.io/item/ethereum/0xbe85fbd182af91290be7293438ae67549638189f/101","OK",""
"102","0102","Light Cult Crypto Club #0102","RE-001912","0101-0200","D:\github\ron-english-nfts\light-cult-crypto-club\images\LCCC-0102.png","49634","images/0101-0200/LCCC-0102.png","LCCC-0102.png","D:\github\ron-english-light-cult-0001-1000\images\0101-0200\LCCC-0102.png","items/lccc-0102.html","https://ronenglish-archive.github.io/ron-english-light-cult-0001-1000/items/lccc-0102.html","https://opensea.io/item/ethereum/0xbe85fbd182af91290be7293438ae67549638189f/102","OK",""
"103","0103","Light Cult Crypto Club #0103","RE-001913","0101-0200","D:\github\ron-english-nfts\light-cult-crypto-club\images\LCCC-0103.png","31660","images/0101-0200/LCCC-0103.png","LCCC-0103.png","D:\github\ron-english-light-cult-0001-1000\images\0101-0200\LCCC-0103.png","items/lccc-0103.html","https://ronenglish-archive.github.io/ron-english-light-cult-0001-1000/items/lccc-0103.html","https://opensea.io/item/ethereum/0xbe85fbd182af91290be7293438ae67549638189f/103","OK",""
"104","0104","Light Cult Crypto Club #0104","RE-001914","0101-0200","D:\github\ron-english-nfts\light-cult-crypto-club\images\LCCC-0104.png","10018","images/0101-0200/LCCC-0104.png","LCCC-0104.png","D:\github\ron-english-light-cult-0001-1000\images\0101-0200\LCCC-0104.png","items/lccc-0104.html","https://ronenglish-archive.github.io/ron-english-light-cult-0001-1000/items/lccc-0104.html","https://opensea.io/item/ethereum/0xbe85fbd182af91290be7293438ae67549638189f/104","OK",""
"105","0105","Light Cult Crypto Club #0105","RE-001915","0101-0200","D:\github\ron-english-nfts\light-cult-crypto-club\images\LCCC-0105.png","6453","images/0101-0200/LCCC-0105.png","LCCC-0105.png","D:\github\ron-english-light-cult-0001-1000\images\0101-0200\LCCC-0105.png","items/lccc-0105.html","https://ronenglish-archive.github.io/ron-english-light-cult-0001-1000/items/lccc-0105.html","https://opensea.io/item/ethereum/0xbe85fbd182af91290be7293438ae67549638189f/105","OK",""
"106","0106","Light Cult Crypto Club #0106","RE-001916","0101-0200","D:\github\ron-english-nfts\light-cult-crypto-club\images\LCCC-0106.png","32354","images/0101-0200/LCCC-0106.png","LCCC-0106.png","D:\github\ron-english-light-cult-0001-1000\images\0101-0200\LCCC-0106.png","items/lccc-0106.html","https://ronenglish-archive.github.io/ron-english-light-cult-0001-1000/items/lccc-0106.html","https://opensea.io/item/ethereum/0xbe85fbd182af91290be7293438ae67549638189f/106","OK",""
"107","0107","Light Cult Crypto Club #0107","RE-001917","0101-0200","","","","","","items/lccc-0107.html","https://ronenglish-archive.github.io/ron-english-light-cult-0001-1000/items/lccc-0107.html","https://opensea.io/item/ethereum/0xbe85fbd182af91290be7293438ae67549638189f/107","MISSING SOURCE IMAGE","No source image found for token #0107"
"108","0108","Light Cult Crypto Club #0108","RE-001918","0101-0200","D:\github\ron-english-nfts\light-cult-crypto-club\images\LCCC-0108.png","12473","images/0101-0200/LCCC-0108.png","LCCC-0108.png","D:\github\ron-english-light-cult-0001-1000\images\0101-0200\LCCC-0108.png","items/lccc-0108.html","https://ronenglish-archive.github.io/ron-english-light-cult-0001-1000/items/lccc-0108.html","https://opensea.io/item/ethereum/0xbe85fbd182af91290be7293438ae67549638189f/108","OK",""
"109","0109","Light Cult Crypto Club #0109","RE-001919","0101-0200","D:\github\ron-english-nfts\light-cult-crypto-club\images\LCCC-0109.png","37585","images/0101-0200/LCCC-0109.png","LCCC-0109.png","D:\github\ron-english-light-cult-0001-1000\images\0101-0200\LCCC-0109.png","items/lccc-0109.html","https://ronenglish-archive.github.io/ron-english-light-cult-0001-1000/items/lccc-0109.html","https://opensea.io/item/ethereum/0xbe85fbd182af91290be7293438ae67549638189f/109","OK",""
"110","0110","Light Cult Crypto Club #0110","RE-001920","0101-0200","D:\github\ron-english-nfts\light-cult-crypto-club\images\LCCC-0110.png","27946","images/0101-0200/LCCC-0110.png","LCCC-0110.png","D:\github\ron-english-light-cult-0001-1000\images\0101-0200\LCCC-0110.png","items/lccc-0110.html","https://ronenglish-archive.github.io/ron-english-light-cult-0001-1000/items/lccc-0110.html","https://opensea.io/item/ethereum/0xbe85fbd182af91290be7293438ae67549638189f/110","OK",""
"111","0111","Light Cult Crypto Club #0111","RE-001921","0101-0200","D:\github\ron-english-nfts\light-cult-crypto-club\images\LCCC-0111.png","7744","images/0101-0200/LCCC-0111.png","LCCC-0111.png","D:\github\ron-english-light-cult-0001-1000\images\0101-0200\LCCC-0111.png","items/lccc-0111.html","https://ronenglish-archive.github.io/ron-english-light-cult-0001-1000/items/lccc-0111.html","https://opensea.io/item/ethereum/0xbe85fbd182af91290be7293438ae67549638189f/111","OK",""
"112","0112","Light Cult Crypto Club #0112","RE-001922","0101-0200","D:\github\ron-english-nfts\light-cult-crypto-club\images\LCCC-0112.png","26525","images/0101-0200/LCCC-0112.png","LCCC-0112.png","D:\github\ron-english-light-cult-0001-1000\images\0101-0200\LCCC-0112.png","items/lccc-0112.html","https://ronenglish-archive.github.io/ron-english-light-cult-0001-1000/items/lccc-0112.html","https://opensea.io/item/ethereum/0xbe85fbd182af91290be7293438ae67549638189f/112","OK",""
"113","0113","Light Cult Crypto Club #0113","RE-001923","0101-0200","","","","","","items/lccc-0113.html","https://ronenglish-archive.github.io/ron-english-light-cult-0001-1000/items/lccc-0113.html","https://opensea.io/item/ethereum/0xbe85fbd182af91290be7293438ae67549638189f/113","MISSING SOURCE IMAGE","No source image found for token #0113"
"114","0114","Light Cult Crypto Club #0114","RE-001924","0101-0200","D:\github\ron-english-nfts\light-cult-crypto-club\images\LCCC-0114.png","13650","images/0101-0200/LCCC-0114.png","LCCC-0114.png","D:\github\ron-english-light-cult-0001-1000\images\0101-0200\LCCC-0114.png","items/lccc-0114.html","https://ronenglish-archive.github.io/ron-english-light-cult-0001-1000/items/lccc-0114.html","https://opensea.io/item/ethereum/0xbe85fbd182af91290be7293438ae67549638189f/114","OK",""
"115","0115","Light Cult Crypto Club #0115","RE-001925","0101-0200","D:\github\ron-english-nfts\light-cult-crypto-club\images\LCCC-0115.png","11851","images/0101-0200/LCCC-0115.png","LCCC-0115.png","D:\github\ron-english-light-cult-0001-1000\images\0101-0200\LCCC-0115.png","items/lccc-0115.html","https://ronenglish-archive.github.io/ron-english-light-cult-0001-1000/items/lccc-0115.html","https://opensea.io/item/ethereum/0xbe85fbd182af91290be7293438ae67549638189f/115","OK",""
"116","0116","Light Cult Crypto Club #0116","RE-001926","0101-0200","D:\github\ron-english-nfts\light-cult-crypto-club\images\LCCC-0116.png","12318","images/0101-0200/LCCC-0116.png","LCCC-0116.png","D:\github\ron-english-light-cult-0001-1000\images\0101-0200\LCCC-0116.png","items/lccc-0116.html","https://ronenglish-archive.github.io/ron-english-light-cult-0001-1000/items/lccc-0116.html","https://opensea.io/item/ethereum/0xbe85fbd182af91290be7293438ae67549638189f/116","OK",""
"117","0117","Light Cult Crypto Club #0117","RE-001927","0101-0200","","","","","","items/lccc-0117.html","https://ronenglish-archive.github.io/ron-english-light-cult-0001-1000/items/lccc-0117.html","https://opensea.io/item/ethereum/0xbe85fbd182af91290be7293438ae67549638189f/117","MISSING SOURCE IMAGE","No source image found for token #0117"
"118","0118","Light Cult Crypto Club #0118","RE-001928","0101-0200","D:\github\ron-english-nfts\light-cult-crypto-club\images\LCCC-0118.png","15125","images/0101-0200/LCCC-0118.png","LCCC-0118.png","D:\github\ron-english-light-cult-0001-1000\images\0101-0200\LCCC-0118.png","items/lccc-0118.html","https://ronenglish-archive.github.io/ron-english-light-cult-0001-1000/items/lccc-0118.html","https://opensea.io/item/ethereum/0xbe85fbd182af91290be7293438ae67549638189f/118","OK",""
"119","0119","Light Cult Crypto Club #0119","RE-001929","0101-0200","D:\github\ron-english-nfts\light-cult-crypto-club\images\LCCC-0119.png","59433","images/0101-0200/LCCC-0119.png","LCCC-0119.png","D:\github\ron-english-light-cult-0001-1000\images\0101-0200\LCCC-0119.png","items/lccc-0119.html","https://ronenglish-archive.github.io/ron-english-light-cult-0001-1000/items/lccc-0119.html","https://opensea.io/item/ethereum/0xbe85fbd182af91290be7293438ae67549638189f/119","OK",""
"120","0120","Light Cult Crypto Club #0120","RE-001930","0101-0200","D:\github\ron-english-nfts\light-cult-crypto-club\images\LCCC-0120.png","12603","images/0101-0200/LCCC-0120.png","LCCC-0120.png","D:\github\ron-english-light-cult-0001-1000\images\0101-0200\LCCC-0120.png","items/lccc-0120.html","https://ronenglish-archive.github.io/ron-english-light-cult-0001-1000/items/lccc-0120.html","https://opensea.io/item/ethereum/0xbe85fbd182af91290be7293438ae67549638189f/120","OK",""
"121","0121","Light Cult Crypto Club #0121","RE-001931","0101-0200","D:\github\ron-english-nfts\light-cult-crypto-club\images\LCCC-0121.png","15247","images/0101-0200/LCCC-0121.png","LCCC-0121.png","D:\github\ron-english-light-cult-0001-1000\images\0101-0200\LCCC-0121.png","items/lccc-0121.html","https://ronenglish-archive.github.io/ron-english-light-cult-0001-1000/items/lccc-0121.html","https://opensea.io/item/ethereum/0xbe85fbd182af91290be7293438ae67549638189f/121","OK",""
"122","0122","Light Cult Crypto Club #0122","RE-001932","0101-0200","D:\github\ron-english-nfts\light-cult-crypto-club\images\LCCC-0122.png","16931","images/0101-0200/LCCC-0122.png","LCCC-0122.png","D:\github\ron-english-light-cult-0001-1000\images\0101-0200\LCCC-0122.png","items/lccc-0122.html","https://ronenglish-archive.github.io/ron-english-light-cult-0001-1000/items/lccc-0122.html","https://opensea.io/item/ethereum/0xbe85fbd182af91290be7293438ae67549638189f/122","OK",""
"123","0123","Light Cult Crypto Club #0123","RE-001933","0101-0200","D:\github\ron-english-nfts\light-cult-crypto-club\images\LCCC-0123.png","14683","images/0101-0200/LCCC-0123.png","LCCC-0123.png","D:\github\ron-english-light-cult-0001-1000\images\0101-0200\LCCC-0123.png","items/lccc-0123.html","https://ronenglish-archive.github.io/ron-english-light-cult-0001-1000/items/lccc-0123.html","https://opensea.io/item/ethereum/0xbe85fbd182af91290be7293438ae67549638189f/123","OK",""
"124","0124","Light Cult Crypto Club #0124","RE-001934","0101-0200","D:\github\ron-english-nfts\light-cult-crypto-club\images\LCCC-0124.png","40326","images/0101-0200/LCCC-0124.png","LCCC-0124.png","D:\github\ron-english-light-cult-0001-1000\images\0101-0200\LCCC-0124.png","items/lccc-0124.html","https://ronenglish-archive.github.io/ron-english-light-cult-0001-1000/items/lccc-0124.html","https://opensea.io/item/ethereum/0xbe85fbd182af91290be7293438ae67549638189f/124","OK",""
"125","0125","Light Cult Crypto Club #0125","RE-001935","0101-0200","D:\github\ron-english-nfts\light-cult-crypto-club\images\LCCC-0125.png","21509","images/0101-0200/LCCC-0125.png","LCCC-0125.png","D:\github\ron-english-light-cult-0001-1000\images\0101-0200\LCCC-0125.png","items/lccc-0125.html","https://ronenglish-archive.github.io/ron-english-light-cult-0001-1000/items/lccc-0125.html","https://opensea.io/item/ethereum/0xbe85fbd182af91290be7293438ae67549638189f/125","OK",""
"126","0126","Light Cult Crypto Club #0126","RE-001936","0101-0200","D:\github\ron-english-nfts\light-cult-crypto-club\images\LCCC-0126.png","25341","images/0101-0200/LCCC-0126.png","LCCC-0126.png","D:\github\ron-english-light-cult-0001-1000\images\0101-0200\LCCC-0126.png","items/lccc-0126.html","https://ronenglish-archive.github.io/ron-english-light-cult-0001-1000/items/lccc-0126.html","https://opensea.io/item/ethereum/0xbe85fbd182af91290be7293438ae67549638189f/126","OK",""
"127","0127","Light Cult Crypto Club #0127","RE-001937","0101-0200","","","","","","items/lccc-0127.html","https://ronenglish-archive.github.io/ron-english-light-cult-0001-1000/items/lccc-0127.html","https://opensea.io/item/ethereum/0xbe85fbd182af91290be7293438ae67549638189f/127","MISSING SOURCE IMAGE","No source image found for token #0127"
"128","0128","Light Cult Crypto Club #0128","RE-001938","0101-0200","D:\github\ron-english-nfts\light-cult-crypto-club\images\LCCC-0128.png","7836","images/0101-0200/LCCC-0128.png","LCCC-0128.png","D:\github\ron-english-light-cult-0001-1000\images\0101-0200\LCCC-0128.png","items/lccc-0128.html","https://ronenglish-archive.github.io/ron-english-light-cult-0001-1000/items/lccc-0128.html","https://opensea.io/item/ethereum/0xbe85fbd182af91290be7293438ae67549638189f/128","OK",""
"129","0129","Light Cult Crypto Club #0129","RE-001939","0101-0200","D:\github\ron-english-nfts\light-cult-crypto-club\images\LCCC-0129.png","26011","images/0101-0200/LCCC-0129.png","LCCC-0129.png","D:\github\ron-english-light-cult-0001-1000\images\0101-0200\LCCC-0129.png","items/lccc-0129.html","https://ronenglish-archive.github.io/ron-english-light-cult-0001-1000/items/lccc-0129.html","https://opensea.io/item/ethereum/0xbe85fbd182af91290be7293438ae67549638189f/129","OK",""
"130","0130","Light Cult Crypto Club #0130","RE-001940","0101-0200","","","","","","items/lccc-0130.html","https://ronenglish-archive.github.io/ron-english-light-cult-0001-1000/items/lccc-0130.html","https://opensea.io/item/ethereum/0xbe85fbd182af91290be7293438ae67549638189f/130","MISSING SOURCE IMAGE","No source image found for token #0130"
"131","0131","Light Cult Crypto Club #0131","RE-001941","0101-0200","D:\github\ron-english-nfts\light-cult-crypto-club\images\LCCC-0131.png","37181","images/0101-0200/LCCC-0131.png","LCCC-0131.png","D:\github\ron-english-light-cult-0001-1000\images\0101-0200\LCCC-0131.png","items/lccc-0131.html","https://ronenglish-archive.github.io/ron-english-light-cult-0001-1000/items/lccc-0131.html","https://opensea.io/item/ethereum/0xbe85fbd182af91290be7293438ae67549638189f/131","OK",""
"132","0132","Light Cult Crypto Club #0132","RE-001942","0101-0200","","","","","","items/lccc-0132.html","https://ronenglish-archive.github.io/ron-english-light-cult-0001-1000/items/lccc-0132.html","https://opensea.io/item/ethereum/0xbe85fbd182af91290be7293438ae67549638189f/132","MISSING SOURCE IMAGE","No source image found for token #0132"
"133","0133","Light Cult Crypto Club #0133","RE-001943","0101-0200","D:\github\ron-english-nfts\light-cult-crypto-club\images\LCCC-0133.png","23371","images/0101-0200/LCCC-0133.png","LCCC-0133.png","D:\github\ron-english-light-cult-0001-1000\images\0101-0200\LCCC-0133.png","items/lccc-0133.html","https://ronenglish-archive.github.io/ron-english-light-cult-0001-1000/items/lccc-0133.html","https://opensea.io/item/ethereum/0xbe85fbd182af91290be7293438ae67549638189f/133","OK",""
"134","0134","Light Cult Crypto Club #0134","RE-001944","0101-0200","D:\github\ron-english-nfts\light-cult-crypto-club\images\LCCC-0134.png","9170","images/0101-0200/LCCC-0134.png","LCCC-0134.png","D:\github\ron-english-light-cult-0001-1000\images\0101-0200\LCCC-0134.png","items/lccc-0134.html","https://ronenglish-archive.github.io/ron-english-light-cult-0001-1000/items/lccc-0134.html","https://opensea.io/item/ethereum/0xbe85fbd182af91290be7293438ae67549638189f/134","OK",""
"135","0135","Light Cult Crypto Club #0135","RE-001945","0101-0200","D:\github\ron-english-nfts\light-cult-crypto-club\images\LCCC-0135.png","40497","images/0101-0200/LCCC-0135.png","LCCC-0135.png","D:\github\ron-english-light-cult-0001-1000\images\0101-0200\LCCC-0135.png","items/lccc-0135.html","https://ronenglish-archive.github.io/ron-english-light-cult-0001-1000/items/lccc-0135.html","https://opensea.io/item/ethereum/0xbe85fbd182af91290be7293438ae67549638189f/135","OK",""
"136","0136","Light Cult Crypto Club #0136","RE-001946","0101-0200","D:\github\ron-english-nfts\light-cult-crypto-club\images\LCCC-0136.png","15433","images/0101-0200/LCCC-0136.png","LCCC-0136.png","D:\github\ron-english-light-cult-0001-1000\images\0101-0200\LCCC-0136.png","items/lccc-0136.html","https://ronenglish-archive.github.io/ron-english-light-cult-0001-1000/items/lccc-0136.html","https://opensea.io/item/ethereum/0xbe85fbd182af91290be7293438ae67549638189f/136","OK",""
"137","0137","Light Cult Crypto Club #0137","RE-001947","0101-0200","","","","","","items/lccc-0137.html","https://ronenglish-archive.github.io/ron-english-light-cult-0001-1000/items/lccc-0137.html","https://opensea.io/item/ethereum/0xbe85fbd182af91290be7293438ae67549638189f/137","MISSING SOURCE IMAGE","No source image found for token #0137"
"138","0138","Light Cult Crypto Club #0138","RE-001948","0101-0200","D:\github\ron-english-nfts\light-cult-crypto-club\images\LCCC-0138.png","39468","images/0101-0200/LCCC-0138.png","LCCC-0138.png","D:\github\ron-english-light-cult-0001-1000\images\0101-0200\LCCC-0138.png","items/lccc-0138.html","https://ronenglish-archive.github.io/ron-english-light-cult-0001-1000/items/lccc-0138.html","https://opensea.io/item/ethereum/0xbe85fbd182af91290be7293438ae67549638189f/138","OK",""
"139","0139","Light Cult Crypto Club #0139","RE-001949","0101-0200","","","","","","items/lccc-0139.html","https://ronenglish-archive.github.io/ron-english-light-cult-0001-1000/items/lccc-0139.html","https://opensea.io/item/ethereum/0xbe85fbd182af91290be7293438ae67549638189f/139","MISSING SOURCE IMAGE","No source image found for token #0139"
"140","0140","Light Cult Crypto Club #0140","RE-001950","0101-0200","D:\github\ron-english-nfts\light-cult-crypto-club\images\LCCC-0140.png","10976","images/0101-0200/LCCC-0140.png","LCCC-0140.png","D:\github\ron-english-light-cult-0001-1000\images\0101-0200\LCCC-0140.png","items/lccc-0140.html","https://ronenglish-archive.github.io/ron-english-light-cult-0001-1000/items/lccc-0140.html","https://opensea.io/item/ethereum/0xbe85fbd182af91290be7293438ae67549638189f/140","OK",""
"141","0141","Light Cult Crypto Club #0141","RE-001951","0101-0200","D:\github\ron-english-nfts\light-cult-crypto-club\images\LCCC-0141.png","19460","images/0101-0200/LCCC-0141.png","LCCC-0141.png","D:\github\ron-english-light-cult-0001-1000\images\0101-0200\LCCC-0141.png","items/lccc-0141.html","https://ronenglish-archive.github.io/ron-english-light-cult-0001-1000/items/lccc-0141.html","https://opensea.io/item/ethereum/0xbe85fbd182af91290be7293438ae67549638189f/141","OK",""
"142","0142","Light Cult Crypto Club #0142","RE-001952","0101-0200","","","","","","items/lccc-0142.html","https://ronenglish-archive.github.io/ron-english-light-cult-0001-1000/items/lccc-0142.html","https://opensea.io/item/ethereum/0xbe85fbd182af91290be7293438ae67549638189f/142","MISSING SOURCE IMAGE","No source image found for token #0142"
"143","0143","Light Cult Crypto Club #0143","RE-001953","0101-0200","","","","","","items/lccc-0143.html","https://ronenglish-archive.github.io/ron-english-light-cult-0001-1000/items/lccc-0143.html","https://opensea.io/item/ethereum/0xbe85fbd182af91290be7293438ae67549638189f/143","MISSING SOURCE IMAGE","No source image found for token #0143"
"144","0144","Light Cult Crypto Club #0144","RE-001954","0101-0200","","","","","","items/lccc-0144.html","https://ronenglish-archive.github.io/ron-english-light-cult-0001-1000/items/lccc-0144.html","https://opensea.io/item/ethereum/0xbe85fbd182af91290be7293438ae67549638189f/144","MISSING SOURCE IMAGE","No source image found for token #0144"
"145","0145","Light Cult Crypto Club #0145","RE-001955","0101-0200","D:\github\ron-english-nfts\light-cult-crypto-club\images\LCCC-0145.png","11224","images/0101-0200/LCCC-0145.png","LCCC-0145.png","D:\github\ron-english-light-cult-0001-1000\images\0101-0200\LCCC-0145.png","items/lccc-0145.html","https://ronenglish-archive.github.io/ron-english-light-cult-0001-1000/items/lccc-0145.html","https://opensea.io/item/ethereum/0xbe85fbd182af91290be7293438ae67549638189f/145","OK",""
"146","0146","Light Cult Crypto Club #0146","RE-001956","0101-0200","D:\github\ron-english-nfts\light-cult-crypto-club\images\LCCC-0146.png","4272","images/0101-0200/LCCC-0146.png","LCCC-0146.png","D:\github\ron-english-light-cult-0001-1000\images\0101-0200\LCCC-0146.png","items/lccc-0146.html","https://ronenglish-archive.github.io/ron-english-light-cult-0001-1000/items/lccc-0146.html","https://opensea.io/item/ethereum/0xbe85fbd182af91290be7293438ae67549638189f/146","OK",""
"147","0147","Light Cult Crypto Club #0147","RE-001957","0101-0200","D:\github\ron-english-nfts\light-cult-crypto-club\images\LCCC-0147.png","39273","images/0101-0200/LCCC-0147.png","LCCC-0147.png","D:\github\ron-english-light-cult-0001-1000\images\0101-0200\LCCC-0147.png","items/lccc-0147.html","https://ronenglish-archive.github.io/ron-english-light-cult-0001-1000/items/lccc-0147.html","https://opensea.io/item/ethereum/0xbe85fbd182af91290be7293438ae67549638189f/147","OK",""
"148","0148","Light Cult Crypto Club #0148","RE-001958","0101-0200","D:\github\ron-english-nfts\light-cult-crypto-club\images\LCCC-0148.png","9703","images/0101-0200/LCCC-0148.png","LCCC-0148.png","D:\github\ron-english-light-cult-0001-1000\images\0101-0200\LCCC-0148.png","items/lccc-0148.html","https://ronenglish-archive.github.io/ron-english-light-cult-0001-1000/items/lccc-0148.html","https://opensea.io/item/ethereum/0xbe85fbd182af91290be7293438ae67549638189f/148","OK",""
"149","0149","Light Cult Crypto Club #0149","RE-001959","0101-0200","D:\github\ron-english-nfts\light-cult-crypto-club\images\LCCC-0149.png","3969","images/0101-0200/LCCC-0149.png","LCCC-0149.png","D:\github\ron-english-light-cult-0001-1000\images\0101-0200\LCCC-0149.png","items/lccc-0149.html","https://ronenglish-archive.github.io/ron-english-light-cult-0001-1000/items/lccc-0149.html","https://opensea.io/item/ethereum/0xbe85fbd182af91290be7293438ae67549638189f/149","OK",""
"150","0150","Light Cult Crypto Club #0150","RE-001960","0101-0200","D:\github\ron-english-nfts\light-cult-crypto-club\images\LCCC-0150.png","6964","images/0101-0200/LCCC-0150.png","LCCC-0150.png","D:\github\ron-english-light-cult-0001-1000\images\0101-0200\LCCC-0150.png","items/lccc-0150.html","https://ronenglish-archive.github.io/ron-english-light-cult-0001-1000/items/lccc-0150.html","https://opensea.io/item/ethereum/0xbe85fbd182af91290be7293438ae67549638189f/150","OK",""
"151","0151","Light Cult Crypto Club #0151","RE-001961","0101-0200","D:\github\ron-english-nfts\light-cult-crypto-club\images\LCCC-0151.png","15122","images/0101-0200/LCCC-0151.png","LCCC-0151.png","D:\github\ron-english-light-cult-0001-1000\images\0101-0200\LCCC-0151.png","items/lccc-0151.html","https://ronenglish-archive.github.io/ron-english-light-cult-0001-1000/items/lccc-0151.html","https://opensea.io/item/ethereum/0xbe85fbd182af91290be7293438ae67549638189f/151","OK",""
"152","0152","Light Cult Crypto Club #0152","RE-001962","0101-0200","D:\github\ron-english-nfts\light-cult-crypto-club\images\LCCC-0152.png","9193","images/0101-0200/LCCC-0152.png","LCCC-0152.png","D:\github\ron-english-light-cult-0001-1000\images\0101-0200\LCCC-0152.png","items/lccc-0152.html","https://ronenglish-archive.github.io/ron-english-light-cult-0001-1000/items/lccc-0152.html","https://opensea.io/item/ethereum/0xbe85fbd182af91290be7293438ae67549638189f/152","OK",""
"153","0153","Light Cult Crypto Club #0153","RE-001963","0101-0200","D:\github\ron-english-nfts\light-cult-crypto-club\images\LCCC-0153.png","16243","images/0101-0200/LCCC-0153.png","LCCC-0153.png","D:\github\ron-english-light-cult-0001-1000\images\0101-0200\LCCC-0153.png","items/lccc-0153.html","https://ronenglish-archive.github.io/ron-english-light-cult-0001-1000/items/lccc-0153.html","https://opensea.io/item/ethereum/0xbe85fbd182af91290be7293438ae67549638189f/153","OK",""
"154","0154","Light Cult Crypto Club #0154","RE-001964","0101-0200","D:\github\ron-english-nfts\light-cult-crypto-club\images\LCCC-0154.png","13758","images/0101-0200/LCCC-0154.png","LCCC-0154.png","D:\github\ron-english-light-cult-0001-1000\images\0101-0200\LCCC-0154.png","items/lccc-0154.html","https://ronenglish-archive.github.io/ron-english-light-cult-0001-1000/items/lccc-0154.html","https://opensea.io/item/ethereum/0xbe85fbd182af91290be7293438ae67549638189f/154","OK",""
"155","0155","Light Cult Crypto Club #0155","RE-001965","0101-0200","D:\github\ron-english-nfts\light-cult-crypto-club\images\LCCC-0155.png","33078","images/0101-0200/LCCC-0155.png","LCCC-0155.png","D:\github\ron-english-light-cult-0001-1000\images\0101-0200\LCCC-0155.png","items/lccc-0155.html","https://ronenglish-archive.github.io/ron-english-light-cult-0001-1000/items/lccc-0155.html","https://opensea.io/item/ethereum/0xbe85fbd182af91290be7293438ae67549638189f/155","OK",""
"156","0156","Light Cult Crypto Club #0156","RE-001966","0101-0200","D:\github\ron-english-nfts\light-cult-crypto-club\images\LCCC-0156.png","25830","images/0101-0200/LCCC-0156.png","LCCC-0156.png","D:\github\ron-english-light-cult-0001-1000\images\0101-0200\LCCC-0156.png","items/lccc-0156.html","https://ronenglish-archive.github.io/ron-english-light-cult-0001-1000/items/lccc-0156.html","https://opensea.io/item/ethereum/0xbe85fbd182af91290be7293438ae67549638189f/156","OK",""
"157","0157","Light Cult Crypto Club #0157","RE-001967","0101-0200","D:\github\ron-english-nfts\light-cult-crypto-club\images\LCCC-0157.png","8354","images/0101-0200/LCCC-0157.png","LCCC-0157.png","D:\github\ron-english-light-cult-0001-1000\images\0101-0200\LCCC-0157.png","items/lccc-0157.html","https://ronenglish-archive.github.io/ron-english-light-cult-0001-1000/items/lccc-0157.html","https://opensea.io/item/ethereum/0xbe85fbd182af91290be7293438ae67549638189f/157","OK",""
"158","0158","Light Cult Crypto Club #0158","RE-001968","0101-0200","D:\github\ron-english-nfts\light-cult-crypto-club\images\LCCC-0158.png","31804","images/0101-0200/LCCC-0158.png","LCCC-0158.png","D:\github\ron-english-light-cult-0001-1000\images\0101-0200\LCCC-0158.png","items/lccc-0158.html","https://ronenglish-archive.github.io/ron-english-light-cult-0001-1000/items/lccc-0158.html","https://opensea.io/item/ethereum/0xbe85fbd182af91290be7293438ae67549638189f/158","OK",""
"159","0159","Light Cult Crypto Club #0159","RE-001969","0101-0200","D:\github\ron-english-nfts\light-cult-crypto-club\images\LCCC-0159.png","34950","images/0101-0200/LCCC-0159.png","LCCC-0159.png","D:\github\ron-english-light-cult-0001-1000\images\0101-0200\LCCC-0159.png","items/lccc-0159.html","https://ronenglish-archive.github.io/ron-english-light-cult-0001-1000/items/lccc-0159.html","https://opensea.io/item/ethereum/0xbe85fbd182af91290be7293438ae67549638189f/159","OK",""
"160","0160","Light Cult Crypto Club #0160","RE-001970","0101-0200","D:\github\ron-english-nfts\light-cult-crypto-club\images\LCCC-0160.png","9901","images/0101-0200/LCCC-0160.png","LCCC-0160.png","D:\github\ron-english-light-cult-0001-1000\images\0101-0200\LCCC-0160.png","items/lccc-0160.html","https://ronenglish-archive.github.io/ron-english-light-cult-0001-1000/items/lccc-0160.html","https://opensea.io/item/ethereum/0xbe85fbd182af91290be7293438ae67549638189f/160","OK",""
"161","0161","Light Cult Crypto Club #0161","RE-001971","0101-0200","D:\github\ron-english-nfts\light-cult-crypto-club\images\LCCC-0161.png","28795","images/0101-0200/LCCC-0161.png","LCCC-0161.png","D:\github\ron-english-light-cult-0001-1000\images\0101-0200\LCCC-0161.png","items/lccc-0161.html","https://ronenglish-archive.github.io/ron-english-light-cult-0001-1000/items/lccc-0161.html","https://opensea.io/item/ethereum/0xbe85fbd182af91290be7293438ae67549638189f/161","OK",""
"162","0162","Light Cult Crypto Club #0162","RE-001972","0101-0200","D:\github\ron-english-nfts\light-cult-crypto-club\images\LCCC-0162.png","32862","images/0101-0200/LCCC-0162.png","LCCC-0162.png","D:\github\ron-english-light-cult-0001-1000\images\0101-0200\LCCC-0162.png","items/lccc-0162.html","https://ronenglish-archive.github.io/ron-english-light-cult-0001-1000/items/lccc-0162.html","https://opensea.io/item/ethereum/0xbe85fbd182af91290be7293438ae67549638189f/162","OK",""
"163","0163","Light Cult Crypto Club #0163","RE-001973","0101-0200","D:\github\ron-english-nfts\light-cult-crypto-club\images\LCCC-0163.png","14228","images/0101-0200/LCCC-0163.png","LCCC-0163.png","D:\github\ron-english-light-cult-0001-1000\images\0101-0200\LCCC-0163.png","items/lccc-0163.html","https://ronenglish-archive.github.io/ron-english-light-cult-0001-1000/items/lccc-0163.html","https://opensea.io/item/ethereum/0xbe85fbd182af91290be7293438ae67549638189f/163","OK",""
"164","0164","Light Cult Crypto Club #0164","RE-001974","0101-0200","","","","","","items/lccc-0164.html","https://ronenglish-archive.github.io/ron-english-light-cult-0001-1000/items/lccc-0164.html","https://opensea.io/item/ethereum/0xbe85fbd182af91290be7293438ae67549638189f/164","MISSING SOURCE IMAGE","No source image found for token #0164"
"165","0165","Light Cult Crypto Club #0165","RE-001975","0101-0200","D:\github\ron-english-nfts\light-cult-crypto-club\images\LCCC-0165.png","55021","images/0101-0200/LCCC-0165.png","LCCC-0165.png","D:\github\ron-english-light-cult-0001-1000\images\0101-0200\LCCC-0165.png","items/lccc-0165.html","https://ronenglish-archive.github.io/ron-english-light-cult-0001-1000/items/lccc-0165.html","https://opensea.io/item/ethereum/0xbe85fbd182af91290be7293438ae67549638189f/165","OK",""
"166","0166","Light Cult Crypto Club #0166","RE-001976","0101-0200","D:\github\ron-english-nfts\light-cult-crypto-club\images\LCCC-0166.png","12998","images/0101-0200/LCCC-0166.png","LCCC-0166.png","D:\github\ron-english-light-cult-0001-1000\images\0101-0200\LCCC-0166.png","items/lccc-0166.html","https://ronenglish-archive.github.io/ron-english-light-cult-0001-1000/items/lccc-0166.html","https://opensea.io/item/ethereum/0xbe85fbd182af91290be7293438ae67549638189f/166","OK",""
"167","0167","Light Cult Crypto Club #0167","RE-001977","0101-0200","D:\github\ron-english-nfts\light-cult-crypto-club\images\LCCC-0167.png","31251","images/0101-0200/LCCC-0167.png","LCCC-0167.png","D:\github\ron-english-light-cult-0001-1000\images\0101-0200\LCCC-0167.png","items/lccc-0167.html","https://ronenglish-archive.github.io/ron-english-light-cult-0001-1000/items/lccc-0167.html","https://opensea.io/item/ethereum/0xbe85fbd182af91290be7293438ae67549638189f/167","OK",""
"168","0168","Light Cult Crypto Club #0168","RE-001978","0101-0200","D:\github\ron-english-nfts\light-cult-crypto-club\images\LCCC-0168.png","19023","images/0101-0200/LCCC-0168.png","LCCC-0168.png","D:\github\ron-english-light-cult-0001-1000\images\0101-0200\LCCC-0168.png","items/lccc-0168.html","https://ronenglish-archive.github.io/ron-english-light-cult-0001-1000/items/lccc-0168.html","https://opensea.io/item/ethereum/0xbe85fbd182af91290be7293438ae67549638189f/168","OK",""
"169","0169","Light Cult Crypto Club #0169","RE-001979","0101-0200","D:\github\ron-english-nfts\light-cult-crypto-club\images\LCCC-0169.png","17002","images/0101-0200/LCCC-0169.png","LCCC-0169.png","D:\github\ron-english-light-cult-0001-1000\images\0101-0200\LCCC-0169.png","items/lccc-0169.html","https://ronenglish-archive.github.io/ron-english-light-cult-0001-1000/items/lccc-0169.html","https://opensea.io/item/ethereum/0xbe85fbd182af91290be7293438ae67549638189f/169","OK",""
"170","0170","Light Cult Crypto Club #0170","RE-001980","0101-0200","D:\github\ron-english-nfts\light-cult-crypto-club\images\LCCC-0170.png","27039","images/0101-0200/LCCC-0170.png","LCCC-0170.png","D:\github\ron-english-light-cult-0001-1000\images\0101-0200\LCCC-0170.png","items/lccc-0170.html","https://ronenglish-archive.github.io/ron-english-light-cult-0001-1000/items/lccc-0170.html","https://opensea.io/item/ethereum/0xbe85fbd182af91290be7293438ae67549638189f/170","OK",""
"171","0171","Light Cult Crypto Club #0171","RE-001981","0101-0200","D:\github\ron-english-nfts\light-cult-crypto-club\images\LCCC-0171.png","18847","images/0101-0200/LCCC-0171.png","LCCC-0171.png","D:\github\ron-english-light-cult-0001-1000\images\0101-0200\LCCC-0171.png","items/lccc-0171.html","https://ronenglish-archive.github.io/ron-english-light-cult-0001-1000/items/lccc-0171.html","https://opensea.io/item/ethereum/0xbe85fbd182af91290be7293438ae67549638189f/171","OK",""
"172","0172","Light Cult Crypto Club #0172","RE-001982","0101-0200","D:\github\ron-english-nfts\light-cult-crypto-club\images\LCCC-0172.png","32597","images/0101-0200/LCCC-0172.png","LCCC-0172.png","D:\github\ron-english-light-cult-0001-1000\images\0101-0200\LCCC-0172.png","items/lccc-0172.html","https://ronenglish-archive.github.io/ron-english-light-cult-0001-1000/items/lccc-0172.html","https://opensea.io/item/ethereum/0xbe85fbd182af91290be7293438ae67549638189f/172","OK",""
"173","0173","Light Cult Crypto Club #0173","RE-001983","0101-0200","D:\github\ron-english-nfts\light-cult-crypto-club\images\LCCC-0173.png","7685","images/0101-0200/LCCC-0173.png","LCCC-0173.png","D:\github\ron-english-light-cult-0001-1000\images\0101-0200\LCCC-0173.png","items/lccc-0173.html","https://ronenglish-archive.github.io/ron-english-light-cult-0001-1000/items/lccc-0173.html","https://opensea.io/item/ethereum/0xbe85fbd182af91290be7293438ae67549638189f/173","OK",""
"174","0174","Light Cult Crypto Club #0174","RE-001984","0101-0200","D:\github\ron-english-nfts\light-cult-crypto-club\images\LCCC-0174.png","7838","images/0101-0200/LCCC-0174.png","LCCC-0174.png","D:\github\ron-english-light-cult-0001-1000\images\0101-0200\LCCC-0174.png","items/lccc-0174.html","https://ronenglish-archive.github.io/ron-english-light-cult-0001-1000/items/lccc-0174.html","https://opensea.io/item/ethereum/0xbe85fbd182af91290be7293438ae67549638189f/174","OK",""
"175","0175","Light Cult Crypto Club #0175","RE-001985","0101-0200","D:\github\ron-english-nfts\light-cult-crypto-club\images\LCCC-0175.png","43148","images/0101-0200/LCCC-0175.png","LCCC-0175.png","D:\github\ron-english-light-cult-0001-1000\images\0101-0200\LCCC-0175.png","items/lccc-0175.html","https://ronenglish-archive.github.io/ron-english-light-cult-0001-1000/items/lccc-0175.html","https://opensea.io/item/ethereum/0xbe85fbd182af91290be7293438ae67549638189f/175","OK",""
"176","0176","Light Cult Crypto Club #0176","RE-001986","0101-0200","D:\github\ron-english-nfts\light-cult-crypto-club\images\LCCC-0176.png","26522","images/0101-0200/LCCC-0176.png","LCCC-0176.png","D:\github\ron-english-light-cult-0001-1000\images\0101-0200\LCCC-0176.png","items/lccc-0176.html","https://ronenglish-archive.github.io/ron-english-light-cult-0001-1000/items/lccc-0176.html","https://opensea.io/item/ethereum/0xbe85fbd182af91290be7293438ae67549638189f/176","OK",""
"177","0177","Light Cult Crypto Club #0177","RE-001987","0101-0200","D:\github\ron-english-nfts\light-cult-crypto-club\images\LCCC-0177.png","32498","images/0101-0200/LCCC-0177.png","LCCC-0177.png","D:\github\ron-english-light-cult-0001-1000\images\0101-0200\LCCC-0177.png","items/lccc-0177.html","https://ronenglish-archive.github.io/ron-english-light-cult-0001-1000/items/lccc-0177.html","https://opensea.io/item/ethereum/0xbe85fbd182af91290be7293438ae67549638189f/177","OK",""
"178","0178","Light Cult Crypto Club #0178","RE-001988","0101-0200","D:\github\ron-english-nfts\light-cult-crypto-club\images\LCCC-0178.png","13637","images/0101-0200/LCCC-0178.png","LCCC-0178.png","D:\github\ron-english-light-cult-0001-1000\images\0101-0200\LCCC-0178.png","items/lccc-0178.html","https://ronenglish-archive.github.io/ron-english-light-cult-0001-1000/items/lccc-0178.html","https://opensea.io/item/ethereum/0xbe85fbd182af91290be7293438ae67549638189f/178","OK",""
"179","0179","Light Cult Crypto Club #0179","RE-001989","0101-0200","D:\github\ron-english-nfts\light-cult-crypto-club\images\LCCC-0179.png","8270","images/0101-0200/LCCC-0179.png","LCCC-0179.png","D:\github\ron-english-light-cult-0001-1000\images\0101-0200\LCCC-0179.png","items/lccc-0179.html","https://ronenglish-archive.github.io/ron-english-light-cult-0001-1000/items/lccc-0179.html","https://opensea.io/item/ethereum/0xbe85fbd182af91290be7293438ae67549638189f/179","OK",""
"180","0180","Light Cult Crypto Club #0180","RE-001990","0101-0200","D:\github\ron-english-nfts\light-cult-crypto-club\images\LCCC-0180.png","32626","images/0101-0200/LCCC-0180.png","LCCC-0180.png","D:\github\ron-english-light-cult-0001-1000\images\0101-0200\LCCC-0180.png","items/lccc-0180.html","https://ronenglish-archive.github.io/ron-english-light-cult-0001-1000/items/lccc-0180.html","https://opensea.io/item/ethereum/0xbe85fbd182af91290be7293438ae67549638189f/180","OK",""
"181","0181","Light Cult Crypto Club #0181","RE-001991","0101-0200","","","","","","items/lccc-0181.html","https://ronenglish-archive.github.io/ron-english-light-cult-0001-1000/items/lccc-0181.html","https://opensea.io/item/ethereum/0xbe85fbd182af91290be7293438ae67549638189f/181","MISSING SOURCE IMAGE","No source image found for token #0181"
"182","0182","Light Cult Crypto Club #0182","RE-001992","0101-0200","D:\github\ron-english-nfts\light-cult-crypto-club\images\LCCC-0182.png","17829","images/0101-0200/LCCC-0182.png","LCCC-0182.png","D:\github\ron-english-light-cult-0001-1000\images\0101-0200\LCCC-0182.png","items/lccc-0182.html","https://ronenglish-archive.github.io/ron-english-light-cult-0001-1000/items/lccc-0182.html","https://opensea.io/item/ethereum/0xbe85fbd182af91290be7293438ae67549638189f/182","OK",""
"183","0183","Light Cult Crypto Club #0183","RE-001993","0101-0200","D:\github\ron-english-nfts\light-cult-crypto-club\images\LCCC-0183.png","36265","images/0101-0200/LCCC-0183.png","LCCC-0183.png","D:\github\ron-english-light-cult-0001-1000\images\0101-0200\LCCC-0183.png","items/lccc-0183.html","https://ronenglish-archive.github.io/ron-english-light-cult-0001-1000/items/lccc-0183.html","https://opensea.io/item/ethereum/0xbe85fbd182af91290be7293438ae67549638189f/183","OK",""
"184","0184","Light Cult Crypto Club #0184","RE-001994","0101-0200","D:\github\ron-english-nfts\light-cult-crypto-club\images\LCCC-0184.png","18360","images/0101-0200/LCCC-0184.png","LCCC-0184.png","D:\github\ron-english-light-cult-0001-1000\images\0101-0200\LCCC-0184.png","items/lccc-0184.html","https://ronenglish-archive.github.io/ron-english-light-cult-0001-1000/items/lccc-0184.html","https://opensea.io/item/ethereum/0xbe85fbd182af91290be7293438ae67549638189f/184","OK",""
"185","0185","Light Cult Crypto Club #0185","RE-001995","0101-0200","D:\github\ron-english-nfts\light-cult-crypto-club\images\LCCC-0185.png","26198","images/0101-0200/LCCC-0185.png","LCCC-0185.png","D:\github\ron-english-light-cult-0001-1000\images\0101-0200\LCCC-0185.png","items/lccc-0185.html","https://ronenglish-archive.github.io/ron-english-light-cult-0001-1000/items/lccc-0185.html","https://opensea.io/item/ethereum/0xbe85fbd182af91290be7293438ae67549638189f/185","OK",""
"186","0186","Light Cult Crypto Club #0186","RE-001996","0101-0200","D:\github\ron-english-nfts\light-cult-crypto-club\images\LCCC-0186.png","15551","images/0101-0200/LCCC-0186.png","LCCC-0186.png","D:\github\ron-english-light-cult-0001-1000\images\0101-0200\LCCC-0186.png","items/lccc-0186.html","https://ronenglish-archive.github.io/ron-english-light-cult-0001-1000/items/lccc-0186.html","https://opensea.io/item/ethereum/0xbe85fbd182af91290be7293438ae67549638189f/186","OK",""
"187","0187","Light Cult Crypto Club #0187","RE-001997","0101-0200","D:\github\ron-english-nfts\light-cult-crypto-club\images\LCCC-0187.png","11713","images/0101-0200/LCCC-0187.png","LCCC-0187.png","D:\github\ron-english-light-cult-0001-1000\images\0101-0200\LCCC-0187.png","items/lccc-0187.html","https://ronenglish-archive.github.io/ron-english-light-cult-0001-1000/items/lccc-0187.html","https://opensea.io/item/ethereum/0xbe85fbd182af91290be7293438ae67549638189f/187","OK",""
"188","0188","Light Cult Crypto Club #0188","RE-001998","0101-0200","","","","","","items/lccc-0188.html","https://ronenglish-archive.github.io/ron-english-light-cult-0001-1000/items/lccc-0188.html","https://opensea.io/item/ethereum/0xbe85fbd182af91290be7293438ae67549638189f/188","MISSING SOURCE IMAGE","No source image found for token #0188"
"189","0189","Light Cult Crypto Club #0189","RE-001999","0101-0200","D:\github\ron-english-nfts\light-cult-crypto-club\images\LCCC-0189.png","7486","images/0101-0200/LCCC-0189.png","LCCC-0189.png","D:\github\ron-english-light-cult-0001-1000\images\0101-0200\LCCC-0189.png","items/lccc-0189.html","https://ronenglish-archive.github.io/ron-english-light-cult-0001-1000/items/lccc-0189.html","https://opensea.io/item/ethereum/0xbe85fbd182af91290be7293438ae67549638189f/189","OK",""
"190","0190","Light Cult Crypto Club #0190","RE-002000","0101-0200","D:\github\ron-english-nfts\light-cult-crypto-club\images\LCCC-0190.png","10702","images/0101-0200/LCCC-0190.png","LCCC-0190.png","D:\github\ron-english-light-cult-0001-1000\images\0101-0200\LCCC-0190.png","items/lccc-0190.html","https://ronenglish-archive.github.io/ron-english-light-cult-0001-1000/items/lccc-0190.html","https://opensea.io/item/ethereum/0xbe85fbd182af91290be7293438ae67549638189f/190","OK",""
"191","0191","Light Cult Crypto Club #0191","RE-002001","0101-0200","D:\github\ron-english-nfts\light-cult-crypto-club\images\LCCC-0191.png","27263","images/0101-0200/LCCC-0191.png","LCCC-0191.png","D:\github\ron-english-light-cult-0001-1000\images\0101-0200\LCCC-0191.png","items/lccc-0191.html","https://ronenglish-archive.github.io/ron-english-light-cult-0001-1000/items/lccc-0191.html","https://opensea.io/item/ethereum/0xbe85fbd182af91290be7293438ae67549638189f/191","OK",""
"192","0192","Light Cult Crypto Club #0192","RE-002002","0101-0200","","","","","","items/lccc-0192.html","https://ronenglish-archive.github.io/ron-english-light-cult-0001-1000/items/lccc-0192.html","https://opensea.io/item/ethereum/0xbe85fbd182af91290be7293438ae67549638189f/192","MISSING SOURCE IMAGE","No source image found for token #0192"
"193","0193","Light Cult Crypto Club #0193","RE-002003","0101-0200","","","","","","items/lccc-0193.html","https://ronenglish-archive.github.io/ron-english-light-cult-0001-1000/items/lccc-0193.html","https://opensea.io/item/ethereum/0xbe85fbd182af91290be7293438ae67549638189f/193","MISSING SOURCE IMAGE","No source image found for token #0193"
"194","0194","Light Cult Crypto Club #0194","RE-002004","0101-0200","D:\github\ron-english-nfts\light-cult-crypto-club\images\LCCC-0194.png","36891","images/0101-0200/LCCC-0194.png","LCCC-0194.png","D:\github\ron-english-light-cult-0001-1000\images\0101-0200\LCCC-0194.png","items/lccc-0194.html","https://ronenglish-archive.github.io/ron-english-light-cult-0001-1000/items/lccc-0194.html","https://opensea.io/item/ethereum/0xbe85fbd182af91290be7293438ae67549638189f/194","OK",""
"195","0195","Light Cult Crypto Club #0195","RE-002005","0101-0200","D:\github\ron-english-nfts\light-cult-crypto-club\images\LCCC-0195.png","12659","images/0101-0200/LCCC-0195.png","LCCC-0195.png","D:\github\ron-english-light-cult-0001-1000\images\0101-0200\LCCC-0195.png","items/lccc-0195.html","https://ronenglish-archive.github.io/ron-english-light-cult-0001-1000/items/lccc-0195.html","https://opensea.io/item/ethereum/0xbe85fbd182af91290be7293438ae67549638189f/195","OK",""
"196","0196","Light Cult Crypto Club #0196","RE-002006","0101-0200","D:\github\ron-english-nfts\light-cult-crypto-club\images\LCCC-0196.png","5493","images/0101-0200/LCCC-0196.png","LCCC-0196.png","D:\github\ron-english-light-cult-0001-1000\images\0101-0200\LCCC-0196.png","items/lccc-0196.html","https://ronenglish-archive.github.io/ron-english-light-cult-0001-1000/items/lccc-0196.html","https://opensea.io/item/ethereum/0xbe85fbd182af91290be7293438ae67549638189f/196","OK",""
"197","0197","Light Cult Crypto Club #0197","RE-002007","0101-0200","D:\github\ron-english-nfts\light-cult-crypto-club\images\LCCC-0197.png","33017","images/0101-0200/LCCC-0197.png","LCCC-0197.png","D:\github\ron-english-light-cult-0001-1000\images\0101-0200\LCCC-0197.png","items/lccc-0197.html","https://ronenglish-archive.github.io/ron-english-light-cult-0001-1000/items/lccc-0197.html","https://opensea.io/item/ethereum/0xbe85fbd182af91290be7293438ae67549638189f/197","OK",""
"198","0198","Light Cult Crypto Club #0198","RE-002008","0101-0200","D:\github\ron-english-nfts\light-cult-crypto-club\images\LCCC-0198.png","25459","images/0101-0200/LCCC-0198.png","LCCC-0198.png","D:\github\ron-english-light-cult-0001-1000\images\0101-0200\LCCC-0198.png","items/lccc-0198.html","https://ronenglish-archive.github.io/ron-english-light-cult-0001-1000/items/lccc-0198.html","https://opensea.io/item/ethereum/0xbe85fbd182af91290be7293438ae67549638189f/198","OK",""
"199","0199","Light Cult Crypto Club #0199","RE-002009","0101-0200","D:\github\ron-english-nfts\light-cult-crypto-club\images\LCCC-0199.png","33917","images/0101-0200/LCCC-0199.png","LCCC-0199.png","D:\github\ron-english-light-cult-0001-1000\images\0101-0200\LCCC-0199.png","items/lccc-0199.html","https://ronenglish-archive.github.io/ron-english-light-cult-0001-1000/items/lccc-0199.html","https://opensea.io/item/ethereum/0xbe85fbd182af91290be7293438ae67549638189f/199","OK",""
"200","0200","Light Cult Crypto Club #0200","RE-002010","0101-0200","D:\github\ron-english-nfts\light-cult-crypto-club\images\LCCC-0200.png","33560","images/0101-0200/LCCC-0200.png","LCCC-0200.png","D:\github\ron-english-light-cult-0001-1000\images\0101-0200\LCCC-0200.png","items/lccc-0200.html","https://ronenglish-archive.github.io/ron-english-light-cult-0001-1000/items/lccc-0200.html","https://opensea.io/item/ethereum/0xbe85fbd182af91290be7293438ae67549638189f/200","OK",""
"201","0201","Light Cult Crypto Club #0201","RE-002011","0201-0300","D:\github\ron-english-nfts\light-cult-crypto-club\images\LCCC-0201.png","22603","images/0201-0300/LCCC-0201.png","LCCC-0201.png","D:\github\ron-english-light-cult-0001-1000\images\0201-0300\LCCC-0201.png","items/lccc-0201.html","https://ronenglish-archive.github.io/ron-english-light-cult-0001-1000/items/lccc-0201.html","https://opensea.io/item/ethereum/0xbe85fbd182af91290be7293438ae67549638189f/201","OK",""
"202","0202","Light Cult Crypto Club #0202","RE-002012","0201-0300","D:\github\ron-english-nfts\light-cult-crypto-club\images\LCCC-0202.png","12249","images/0201-0300/LCCC-0202.png","LCCC-0202.png","D:\github\ron-english-light-cult-0001-1000\images\0201-0300\LCCC-0202.png","items/lccc-0202.html","https://ronenglish-archive.github.io/ron-english-light-cult-0001-1000/items/lccc-0202.html","https://opensea.io/item/ethereum/0xbe85fbd182af91290be7293438ae67549638189f/202","OK",""
"203","0203","Light Cult Crypto Club #0203","RE-002013","0201-0300","","","","","","items/lccc-0203.html","https://ronenglish-archive.github.io/ron-english-light-cult-0001-1000/items/lccc-0203.html","https://opensea.io/item/ethereum/0xbe85fbd182af91290be7293438ae67549638189f/203","MISSING SOURCE IMAGE","No source image found for token #0203"
"204","0204","Light Cult Crypto Club #0204","RE-002014","0201-0300","D:\github\ron-english-nfts\light-cult-crypto-club\images\LCCC-0204.png","35148","images/0201-0300/LCCC-0204.png","LCCC-0204.png","D:\github\ron-english-light-cult-0001-1000\images\0201-0300\LCCC-0204.png","items/lccc-0204.html","https://ronenglish-archive.github.io/ron-english-light-cult-0001-1000/items/lccc-0204.html","https://opensea.io/item/ethereum/0xbe85fbd182af91290be7293438ae67549638189f/204","OK",""
"205","0205","Light Cult Crypto Club #0205","RE-002015","0201-0300","D:\github\ron-english-nfts\light-cult-crypto-club\images\LCCC-0205.png","13042","images/0201-0300/LCCC-0205.png","LCCC-0205.png","D:\github\ron-english-light-cult-0001-1000\images\0201-0300\LCCC-0205.png","items/lccc-0205.html","https://ronenglish-archive.github.io/ron-english-light-cult-0001-1000/items/lccc-0205.html","https://opensea.io/item/ethereum/0xbe85fbd182af91290be7293438ae67549638189f/205","OK",""
"206","0206","Light Cult Crypto Club #0206","RE-002016","0201-0300","D:\github\ron-english-nfts\light-cult-crypto-club\images\LCCC-0206.png","14288","images/0201-0300/LCCC-0206.png","LCCC-0206.png","D:\github\ron-english-light-cult-0001-1000\images\0201-0300\LCCC-0206.png","items/lccc-0206.html","https://ronenglish-archive.github.io/ron-english-light-cult-0001-1000/items/lccc-0206.html","https://opensea.io/item/ethereum/0xbe85fbd182af91290be7293438ae67549638189f/206","OK",""
"207","0207","Light Cult Crypto Club #0207","RE-002017","0201-0300","D:\github\ron-english-nfts\light-cult-crypto-club\images\LCCC-0207.png","29725","images/0201-0300/LCCC-0207.png","LCCC-0207.png","D:\github\ron-english-light-cult-0001-1000\images\0201-0300\LCCC-0207.png","items/lccc-0207.html","https://ronenglish-archive.github.io/ron-english-light-cult-0001-1000/items/lccc-0207.html","https://opensea.io/item/ethereum/0xbe85fbd182af91290be7293438ae67549638189f/207","OK",""
"208","0208","Light Cult Crypto Club #0208","RE-002018","0201-0300","D:\github\ron-english-nfts\light-cult-crypto-club\images\LCCC-0208.png","4407","images/0201-0300/LCCC-0208.png","LCCC-0208.png","D:\github\ron-english-light-cult-0001-1000\images\0201-0300\LCCC-0208.png","items/lccc-0208.html","https://ronenglish-archive.github.io/ron-english-light-cult-0001-1000/items/lccc-0208.html","https://opensea.io/item/ethereum/0xbe85fbd182af91290be7293438ae67549638189f/208","OK",""
"209","0209","Light Cult Crypto Club #0209","RE-002019","0201-0300","D:\github\ron-english-nfts\light-cult-crypto-club\images\LCCC-0209.png","28618","images/0201-0300/LCCC-0209.png","LCCC-0209.png","D:\github\ron-english-light-cult-0001-1000\images\0201-0300\LCCC-0209.png","items/lccc-0209.html","https://ronenglish-archive.github.io/ron-english-light-cult-0001-1000/items/lccc-0209.html","https://opensea.io/item/ethereum/0xbe85fbd182af91290be7293438ae67549638189f/209","OK",""
"210","0210","Light Cult Crypto Club #0210","RE-002020","0201-0300","D:\github\ron-english-nfts\light-cult-crypto-club\images\LCCC-0210.png","34749","images/0201-0300/LCCC-0210.png","LCCC-0210.png","D:\github\ron-english-light-cult-0001-1000\images\0201-0300\LCCC-0210.png","items/lccc-0210.html","https://ronenglish-archive.github.io/ron-english-light-cult-0001-1000/items/lccc-0210.html","https://opensea.io/item/ethereum/0xbe85fbd182af91290be7293438ae67549638189f/210","OK",""
"211","0211","Light Cult Crypto Club #0211","RE-002021","0201-0300","D:\github\ron-english-nfts\light-cult-crypto-club\images\LCCC-0211.png","8085","images/0201-0300/LCCC-0211.png","LCCC-0211.png","D:\github\ron-english-light-cult-0001-1000\images\0201-0300\LCCC-0211.png","items/lccc-0211.html","https://ronenglish-archive.github.io/ron-english-light-cult-0001-1000/items/lccc-0211.html","https://opensea.io/item/ethereum/0xbe85fbd182af91290be7293438ae67549638189f/211","OK",""
"212","0212","Light Cult Crypto Club #0212","RE-002022","0201-0300","D:\github\ron-english-nfts\light-cult-crypto-club\images\LCCC-0212.png","8392","images/0201-0300/LCCC-0212.png","LCCC-0212.png","D:\github\ron-english-light-cult-0001-1000\images\0201-0300\LCCC-0212.png","items/lccc-0212.html","https://ronenglish-archive.github.io/ron-english-light-cult-0001-1000/items/lccc-0212.html","https://opensea.io/item/ethereum/0xbe85fbd182af91290be7293438ae67549638189f/212","OK",""
"213","0213","Light Cult Crypto Club #0213","RE-002023","0201-0300","D:\github\ron-english-nfts\light-cult-crypto-club\images\LCCC-0213.png","24973","images/0201-0300/LCCC-0213.png","LCCC-0213.png","D:\github\ron-english-light-cult-0001-1000\images\0201-0300\LCCC-0213.png","items/lccc-0213.html","https://ronenglish-archive.github.io/ron-english-light-cult-0001-1000/items/lccc-0213.html","https://opensea.io/item/ethereum/0xbe85fbd182af91290be7293438ae67549638189f/213","OK",""
"214","0214","Light Cult Crypto Club #0214","RE-002024","0201-0300","D:\github\ron-english-nfts\light-cult-crypto-club\images\LCCC-0214.png","33185","images/0201-0300/LCCC-0214.png","LCCC-0214.png","D:\github\ron-english-light-cult-0001-1000\images\0201-0300\LCCC-0214.png","items/lccc-0214.html","https://ronenglish-archive.github.io/ron-english-light-cult-0001-1000/items/lccc-0214.html","https://opensea.io/item/ethereum/0xbe85fbd182af91290be7293438ae67549638189f/214","OK",""
"215","0215","Light Cult Crypto Club #0215","RE-002025","0201-0300","D:\github\ron-english-nfts\light-cult-crypto-club\images\LCCC-0215.png","37219","images/0201-0300/LCCC-0215.png","LCCC-0215.png","D:\github\ron-english-light-cult-0001-1000\images\0201-0300\LCCC-0215.png","items/lccc-0215.html","https://ronenglish-archive.github.io/ron-english-light-cult-0001-1000/items/lccc-0215.html","https://opensea.io/item/ethereum/0xbe85fbd182af91290be7293438ae67549638189f/215","OK",""
"216","0216","Light Cult Crypto Club #0216","RE-002026","0201-0300","D:\github\ron-english-nfts\light-cult-crypto-club\images\LCCC-0216.png","5596","images/0201-0300/LCCC-0216.png","LCCC-0216.png","D:\github\ron-english-light-cult-0001-1000\images\0201-0300\LCCC-0216.png","items/lccc-0216.html","https://ronenglish-archive.github.io/ron-english-light-cult-0001-1000/items/lccc-0216.html","https://opensea.io/item/ethereum/0xbe85fbd182af91290be7293438ae67549638189f/216","OK",""
"217","0217","Light Cult Crypto Club #0217","RE-002027","0201-0300","D:\github\ron-english-nfts\light-cult-crypto-club\images\LCCC-0217.png","14060","images/0201-0300/LCCC-0217.png","LCCC-0217.png","D:\github\ron-english-light-cult-0001-1000\images\0201-0300\LCCC-0217.png","items/lccc-0217.html","https://ronenglish-archive.github.io/ron-english-light-cult-0001-1000/items/lccc-0217.html","https://opensea.io/item/ethereum/0xbe85fbd182af91290be7293438ae67549638189f/217","OK",""
"218","0218","Light Cult Crypto Club #0218","RE-002028","0201-0300","D:\github\ron-english-nfts\light-cult-crypto-club\images\LCCC-0218.png","21440","images/0201-0300/LCCC-0218.png","LCCC-0218.png","D:\github\ron-english-light-cult-0001-1000\images\0201-0300\LCCC-0218.png","items/lccc-0218.html","https://ronenglish-archive.github.io/ron-english-light-cult-0001-1000/items/lccc-0218.html","https://opensea.io/item/ethereum/0xbe85fbd182af91290be7293438ae67549638189f/218","OK",""
"219","0219","Light Cult Crypto Club #0219","RE-002029","0201-0300","D:\github\ron-english-nfts\light-cult-crypto-club\images\LCCC-0219.png","26935","images/0201-0300/LCCC-0219.png","LCCC-0219.png","D:\github\ron-english-light-cult-0001-1000\images\0201-0300\LCCC-0219.png","items/lccc-0219.html","https://ronenglish-archive.github.io/ron-english-light-cult-0001-1000/items/lccc-0219.html","https://opensea.io/item/ethereum/0xbe85fbd182af91290be7293438ae67549638189f/219","OK",""
"220","0220","Light Cult Crypto Club #0220","RE-002030","0201-0300","D:\github\ron-english-nfts\light-cult-crypto-club\images\LCCC-0220.png","14170","images/0201-0300/LCCC-0220.png","LCCC-0220.png","D:\github\ron-english-light-cult-0001-1000\images\0201-0300\LCCC-0220.png","items/lccc-0220.html","https://ronenglish-archive.github.io/ron-english-light-cult-0001-1000/items/lccc-0220.html","https://opensea.io/item/ethereum/0xbe85fbd182af91290be7293438ae67549638189f/220","OK",""
"221","0221","Light Cult Crypto Club #0221","RE-002031","0201-0300","","","","","","items/lccc-0221.html","https://ronenglish-archive.github.io/ron-english-light-cult-0001-1000/items/lccc-0221.html","https://opensea.io/item/ethereum/0xbe85fbd182af91290be7293438ae67549638189f/221","MISSING SOURCE IMAGE","No source image found for token #0221"
"222","0222","Light Cult Crypto Club #0222","RE-002032","0201-0300","D:\github\ron-english-nfts\light-cult-crypto-club\images\LCCC-0222.png","35979","images/0201-0300/LCCC-0222.png","LCCC-0222.png","D:\github\ron-english-light-cult-0001-1000\images\0201-0300\LCCC-0222.png","items/lccc-0222.html","https://ronenglish-archive.github.io/ron-english-light-cult-0001-1000/items/lccc-0222.html","https://opensea.io/item/ethereum/0xbe85fbd182af91290be7293438ae67549638189f/222","OK",""
"223","0223","Light Cult Crypto Club #0223","RE-002033","0201-0300","D:\github\ron-english-nfts\light-cult-crypto-club\images\LCCC-0223.png","9174","images/0201-0300/LCCC-0223.png","LCCC-0223.png","D:\github\ron-english-light-cult-0001-1000\images\0201-0300\LCCC-0223.png","items/lccc-0223.html","https://ronenglish-archive.github.io/ron-english-light-cult-0001-1000/items/lccc-0223.html","https://opensea.io/item/ethereum/0xbe85fbd182af91290be7293438ae67549638189f/223","OK",""
"224","0224","Light Cult Crypto Club #0224","RE-002034","0201-0300","D:\github\ron-english-nfts\light-cult-crypto-club\images\LCCC-0224.png","8220","images/0201-0300/LCCC-0224.png","LCCC-0224.png","D:\github\ron-english-light-cult-0001-1000\images\0201-0300\LCCC-0224.png","items/lccc-0224.html","https://ronenglish-archive.github.io/ron-english-light-cult-0001-1000/items/lccc-0224.html","https://opensea.io/item/ethereum/0xbe85fbd182af91290be7293438ae67549638189f/224","OK",""
"225","0225","Light Cult Crypto Club #0225","RE-002035","0201-0300","D:\github\ron-english-nfts\light-cult-crypto-club\images\LCCC-0225.png","42100","images/0201-0300/LCCC-0225.png","LCCC-0225.png","D:\github\ron-english-light-cult-0001-1000\images\0201-0300\LCCC-0225.png","items/lccc-0225.html","https://ronenglish-archive.github.io/ron-english-light-cult-0001-1000/items/lccc-0225.html","https://opensea.io/item/ethereum/0xbe85fbd182af91290be7293438ae67549638189f/225","OK",""
"226","0226","Light Cult Crypto Club #0226","RE-002036","0201-0300","D:\github\ron-english-nfts\light-cult-crypto-club\images\LCCC-0226.png","10548","images/0201-0300/LCCC-0226.png","LCCC-0226.png","D:\github\ron-english-light-cult-0001-1000\images\0201-0300\LCCC-0226.png","items/lccc-0226.html","https://ronenglish-archive.github.io/ron-english-light-cult-0001-1000/items/lccc-0226.html","https://opensea.io/item/ethereum/0xbe85fbd182af91290be7293438ae67549638189f/226","OK",""
"227","0227","Light Cult Crypto Club #0227","RE-002037","0201-0300","D:\github\ron-english-nfts\light-cult-crypto-club\images\LCCC-0227.png","5346","images/0201-0300/LCCC-0227.png","LCCC-0227.png","D:\github\ron-english-light-cult-0001-1000\images\0201-0300\LCCC-0227.png","items/lccc-0227.html","https://ronenglish-archive.github.io/ron-english-light-cult-0001-1000/items/lccc-0227.html","https://opensea.io/item/ethereum/0xbe85fbd182af91290be7293438ae67549638189f/227","OK",""
"228","0228","Light Cult Crypto Club #0228","RE-002038","0201-0300","D:\github\ron-english-nfts\light-cult-crypto-club\images\LCCC-0228.png","15727","images/0201-0300/LCCC-0228.png","LCCC-0228.png","D:\github\ron-english-light-cult-0001-1000\images\0201-0300\LCCC-0228.png","items/lccc-0228.html","https://ronenglish-archive.github.io/ron-english-light-cult-0001-1000/items/lccc-0228.html","https://opensea.io/item/ethereum/0xbe85fbd182af91290be7293438ae67549638189f/228","OK",""
"229","0229","Light Cult Crypto Club #0229","RE-002039","0201-0300","D:\github\ron-english-nfts\light-cult-crypto-club\images\LCCC-0229.png","33480","images/0201-0300/LCCC-0229.png","LCCC-0229.png","D:\github\ron-english-light-cult-0001-1000\images\0201-0300\LCCC-0229.png","items/lccc-0229.html","https://ronenglish-archive.github.io/ron-english-light-cult-0001-1000/items/lccc-0229.html","https://opensea.io/item/ethereum/0xbe85fbd182af91290be7293438ae67549638189f/229","OK",""
"230","0230","Light Cult Crypto Club #0230","RE-002040","0201-0300","D:\github\ron-english-nfts\light-cult-crypto-club\images\LCCC-0230.png","31338","images/0201-0300/LCCC-0230.png","LCCC-0230.png","D:\github\ron-english-light-cult-0001-1000\images\0201-0300\LCCC-0230.png","items/lccc-0230.html","https://ronenglish-archive.github.io/ron-english-light-cult-0001-1000/items/lccc-0230.html","https://opensea.io/item/ethereum/0xbe85fbd182af91290be7293438ae67549638189f/230","OK",""
"231","0231","Light Cult Crypto Club #0231","RE-002041","0201-0300","D:\github\ron-english-nfts\light-cult-crypto-club\images\LCCC-0231.png","8171","images/0201-0300/LCCC-0231.png","LCCC-0231.png","D:\github\ron-english-light-cult-0001-1000\images\0201-0300\LCCC-0231.png","items/lccc-0231.html","https://ronenglish-archive.github.io/ron-english-light-cult-0001-1000/items/lccc-0231.html","https://opensea.io/item/ethereum/0xbe85fbd182af91290be7293438ae67549638189f/231","OK",""
"232","0232","Light Cult Crypto Club #0232","RE-002042","0201-0300","D:\github\ron-english-nfts\light-cult-crypto-club\images\LCCC-0232.png","16390","images/0201-0300/LCCC-0232.png","LCCC-0232.png","D:\github\ron-english-light-cult-0001-1000\images\0201-0300\LCCC-0232.png","items/lccc-0232.html","https://ronenglish-archive.github.io/ron-english-light-cult-0001-1000/items/lccc-0232.html","https://opensea.io/item/ethereum/0xbe85fbd182af91290be7293438ae67549638189f/232","OK",""
"233","0233","Light Cult Crypto Club #0233","RE-002043","0201-0300","D:\github\ron-english-nfts\light-cult-crypto-club\images\LCCC-0233.png","32548","images/0201-0300/LCCC-0233.png","LCCC-0233.png","D:\github\ron-english-light-cult-0001-1000\images\0201-0300\LCCC-0233.png","items/lccc-0233.html","https://ronenglish-archive.github.io/ron-english-light-cult-0001-1000/items/lccc-0233.html","https://opensea.io/item/ethereum/0xbe85fbd182af91290be7293438ae67549638189f/233","OK",""
"234","0234","Light Cult Crypto Club #0234","RE-002044","0201-0300","D:\github\ron-english-nfts\light-cult-crypto-club\images\LCCC-0234.png","34274","images/0201-0300/LCCC-0234.png","LCCC-0234.png","D:\github\ron-english-light-cult-0001-1000\images\0201-0300\LCCC-0234.png","items/lccc-0234.html","https://ronenglish-archive.github.io/ron-english-light-cult-0001-1000/items/lccc-0234.html","https://opensea.io/item/ethereum/0xbe85fbd182af91290be7293438ae67549638189f/234","OK",""
"235","0235","Light Cult Crypto Club #0235","RE-002045","0201-0300","D:\github\ron-english-nfts\light-cult-crypto-club\images\LCCC-0235.png","34206","images/0201-0300/LCCC-0235.png","LCCC-0235.png","D:\github\ron-english-light-cult-0001-1000\images\0201-0300\LCCC-0235.png","items/lccc-0235.html","https://ronenglish-archive.github.io/ron-english-light-cult-0001-1000/items/lccc-0235.html","https://opensea.io/item/ethereum/0xbe85fbd182af91290be7293438ae67549638189f/235","OK",""
"236","0236","Light Cult Crypto Club #0236","RE-002046","0201-0300","D:\github\ron-english-nfts\light-cult-crypto-club\images\LCCC-0236.png","31993","images/0201-0300/LCCC-0236.png","LCCC-0236.png","D:\github\ron-english-light-cult-0001-1000\images\0201-0300\LCCC-0236.png","items/lccc-0236.html","https://ronenglish-archive.github.io/ron-english-light-cult-0001-1000/items/lccc-0236.html","https://opensea.io/item/ethereum/0xbe85fbd182af91290be7293438ae67549638189f/236","OK",""
"237","0237","Light Cult Crypto Club #0237","RE-002047","0201-0300","D:\github\ron-english-nfts\light-cult-crypto-club\images\LCCC-0237.png","9369","images/0201-0300/LCCC-0237.png","LCCC-0237.png","D:\github\ron-english-light-cult-0001-1000\images\0201-0300\LCCC-0237.png","items/lccc-0237.html","https://ronenglish-archive.github.io/ron-english-light-cult-0001-1000/items/lccc-0237.html","https://opensea.io/item/ethereum/0xbe85fbd182af91290be7293438ae67549638189f/237","OK",""
"238","0238","Light Cult Crypto Club #0238","RE-002048","0201-0300","D:\github\ron-english-nfts\light-cult-crypto-club\images\LCCC-0238.png","18630","images/0201-0300/LCCC-0238.png","LCCC-0238.png","D:\github\ron-english-light-cult-0001-1000\images\0201-0300\LCCC-0238.png","items/lccc-0238.html","https://ronenglish-archive.github.io/ron-english-light-cult-0001-1000/items/lccc-0238.html","https://opensea.io/item/ethereum/0xbe85fbd182af91290be7293438ae67549638189f/238","OK",""
"239","0239","Light Cult Crypto Club #0239","RE-002049","0201-0300","D:\github\ron-english-nfts\light-cult-crypto-club\images\LCCC-0239.png","6673","images/0201-0300/LCCC-0239.png","LCCC-0239.png","D:\github\ron-english-light-cult-0001-1000\images\0201-0300\LCCC-0239.png","items/lccc-0239.html","https://ronenglish-archive.github.io/ron-english-light-cult-0001-1000/items/lccc-0239.html","https://opensea.io/item/ethereum/0xbe85fbd182af91290be7293438ae67549638189f/239","OK",""
"240","0240","Light Cult Crypto Club #0240","RE-002050","0201-0300","D:\github\ron-english-nfts\light-cult-crypto-club\images\LCCC-0240.png","6269","images/0201-0300/LCCC-0240.png","LCCC-0240.png","D:\github\ron-english-light-cult-0001-1000\images\0201-0300\LCCC-0240.png","items/lccc-0240.html","https://ronenglish-archive.github.io/ron-english-light-cult-0001-1000/items/lccc-0240.html","https://opensea.io/item/ethereum/0xbe85fbd182af91290be7293438ae67549638189f/240","OK",""
"241","0241","Light Cult Crypto Club #0241","RE-002051","0201-0300","D:\github\ron-english-nfts\light-cult-crypto-club\images\LCCC-0241.png","34671","images/0201-0300/LCCC-0241.png","LCCC-0241.png","D:\github\ron-english-light-cult-0001-1000\images\0201-0300\LCCC-0241.png","items/lccc-0241.html","https://ronenglish-archive.github.io/ron-english-light-cult-0001-1000/items/lccc-0241.html","https://opensea.io/item/ethereum/0xbe85fbd182af91290be7293438ae67549638189f/241","OK",""
"242","0242","Light Cult Crypto Club #0242","RE-002052","0201-0300","D:\github\ron-english-nfts\light-cult-crypto-club\images\LCCC-0242.png","9669","images/0201-0300/LCCC-0242.png","LCCC-0242.png","D:\github\ron-english-light-cult-0001-1000\images\0201-0300\LCCC-0242.png","items/lccc-0242.html","https://ronenglish-archive.github.io/ron-english-light-cult-0001-1000/items/lccc-0242.html","https://opensea.io/item/ethereum/0xbe85fbd182af91290be7293438ae67549638189f/242","OK",""
"243","0243","Light Cult Crypto Club #0243","RE-002053","0201-0300","","","","","","items/lccc-0243.html","https://ronenglish-archive.github.io/ron-english-light-cult-0001-1000/items/lccc-0243.html","https://opensea.io/item/ethereum/0xbe85fbd182af91290be7293438ae67549638189f/243","MISSING SOURCE IMAGE","No source image found for token #0243"
"244","0244","Light Cult Crypto Club #0244","RE-002054","0201-0300","D:\github\ron-english-nfts\light-cult-crypto-club\images\LCCC-0244.png","40093","images/0201-0300/LCCC-0244.png","LCCC-0244.png","D:\github\ron-english-light-cult-0001-1000\images\0201-0300\LCCC-0244.png","items/lccc-0244.html","https://ronenglish-archive.github.io/ron-english-light-cult-0001-1000/items/lccc-0244.html","https://opensea.io/item/ethereum/0xbe85fbd182af91290be7293438ae67549638189f/244","OK",""
"245","0245","Light Cult Crypto Club #0245","RE-002055","0201-0300","D:\github\ron-english-nfts\light-cult-crypto-club\images\LCCC-0245.png","32869","images/0201-0300/LCCC-0245.png","LCCC-0245.png","D:\github\ron-english-light-cult-0001-1000\images\0201-0300\LCCC-0245.png","items/lccc-0245.html","https://ronenglish-archive.github.io/ron-english-light-cult-0001-1000/items/lccc-0245.html","https://opensea.io/item/ethereum/0xbe85fbd182af91290be7293438ae67549638189f/245","OK",""
"246","0246","Light Cult Crypto Club #0246","RE-002056","0201-0300","D:\github\ron-english-nfts\light-cult-crypto-club\images\LCCC-0246.png","38184","images/0201-0300/LCCC-0246.png","LCCC-0246.png","D:\github\ron-english-light-cult-0001-1000\images\0201-0300\LCCC-0246.png","items/lccc-0246.html","https://ronenglish-archive.github.io/ron-english-light-cult-0001-1000/items/lccc-0246.html","https://opensea.io/item/ethereum/0xbe85fbd182af91290be7293438ae67549638189f/246","OK",""
"247","0247","Light Cult Crypto Club #0247","RE-002057","0201-0300","D:\github\ron-english-nfts\light-cult-crypto-club\images\LCCC-0247.png","18118","images/0201-0300/LCCC-0247.png","LCCC-0247.png","D:\github\ron-english-light-cult-0001-1000\images\0201-0300\LCCC-0247.png","items/lccc-0247.html","https://ronenglish-archive.github.io/ron-english-light-cult-0001-1000/items/lccc-0247.html","https://opensea.io/item/ethereum/0xbe85fbd182af91290be7293438ae67549638189f/247","OK",""
"248","0248","Light Cult Crypto Club #0248","RE-002058","0201-0300","D:\github\ron-english-nfts\light-cult-crypto-club\images\LCCC-0248.png","12464","images/0201-0300/LCCC-0248.png","LCCC-0248.png","D:\github\ron-english-light-cult-0001-1000\images\0201-0300\LCCC-0248.png","items/lccc-0248.html","https://ronenglish-archive.github.io/ron-english-light-cult-0001-1000/items/lccc-0248.html","https://opensea.io/item/ethereum/0xbe85fbd182af91290be7293438ae67549638189f/248","OK",""
"249","0249","Light Cult Crypto Club #0249","RE-002059","0201-0300","D:\github\ron-english-nfts\light-cult-crypto-club\images\LCCC-0249.png","12017","images/0201-0300/LCCC-0249.png","LCCC-0249.png","D:\github\ron-english-light-cult-0001-1000\images\0201-0300\LCCC-0249.png","items/lccc-0249.html","https://ronenglish-archive.github.io/ron-english-light-cult-0001-1000/items/lccc-0249.html","https://opensea.io/item/ethereum/0xbe85fbd182af91290be7293438ae67549638189f/249","OK",""
"250","0250","Light Cult Crypto Club #0250","RE-002060","0201-0300","D:\github\ron-english-nfts\light-cult-crypto-club\images\LCCC-0250.png","13236","images/0201-0300/LCCC-0250.png","LCCC-0250.png","D:\github\ron-english-light-cult-0001-1000\images\0201-0300\LCCC-0250.png","items/lccc-0250.html","https://ronenglish-archive.github.io/ron-english-light-cult-0001-1000/items/lccc-0250.html","https://opensea.io/item/ethereum/0xbe85fbd182af91290be7293438ae67549638189f/250","OK",""
"251","0251","Light Cult Crypto Club #0251","RE-002061","0201-0300","D:\github\ron-english-nfts\light-cult-crypto-club\images\LCCC-0251.png","26741","images/0201-0300/LCCC-0251.png","LCCC-0251.png","D:\github\ron-english-light-cult-0001-1000\images\0201-0300\LCCC-0251.png","items/lccc-0251.html","https://ronenglish-archive.github.io/ron-english-light-cult-0001-1000/items/lccc-0251.html","https://opensea.io/item/ethereum/0xbe85fbd182af91290be7293438ae67549638189f/251","OK",""
"252","0252","Light Cult Crypto Club #0252","RE-002062","0201-0300","D:\github\ron-english-nfts\light-cult-crypto-club\images\LCCC-0252.png","27875","images/0201-0300/LCCC-0252.png","LCCC-0252.png","D:\github\ron-english-light-cult-0001-1000\images\0201-0300\LCCC-0252.png","items/lccc-0252.html","https://ronenglish-archive.github.io/ron-english-light-cult-0001-1000/items/lccc-0252.html","https://opensea.io/item/ethereum/0xbe85fbd182af91290be7293438ae67549638189f/252","OK",""
"253","0253","Light Cult Crypto Club #0253","RE-002063","0201-0300","D:\github\ron-english-nfts\light-cult-crypto-club\images\LCCC-0253.png","5217","images/0201-0300/LCCC-0253.png","LCCC-0253.png","D:\github\ron-english-light-cult-0001-1000\images\0201-0300\LCCC-0253.png","items/lccc-0253.html","https://ronenglish-archive.github.io/ron-english-light-cult-0001-1000/items/lccc-0253.html","https://opensea.io/item/ethereum/0xbe85fbd182af91290be7293438ae67549638189f/253","OK",""
"254","0254","Light Cult Crypto Club #0254","RE-002064","0201-0300","D:\github\ron-english-nfts\light-cult-crypto-club\images\LCCC-0254.png","23037","images/0201-0300/LCCC-0254.png","LCCC-0254.png","D:\github\ron-english-light-cult-0001-1000\images\0201-0300\LCCC-0254.png","items/lccc-0254.html","https://ronenglish-archive.github.io/ron-english-light-cult-0001-1000/items/lccc-0254.html","https://opensea.io/item/ethereum/0xbe85fbd182af91290be7293438ae67549638189f/254","OK",""
"255","0255","Light Cult Crypto Club #0255","RE-002065","0201-0300","D:\github\ron-english-nfts\light-cult-crypto-club\images\LCCC-0255.png","29408","images/0201-0300/LCCC-0255.png","LCCC-0255.png","D:\github\ron-english-light-cult-0001-1000\images\0201-0300\LCCC-0255.png","items/lccc-0255.html","https://ronenglish-archive.github.io/ron-english-light-cult-0001-1000/items/lccc-0255.html","https://opensea.io/item/ethereum/0xbe85fbd182af91290be7293438ae67549638189f/255","OK",""
"256","0256","Light Cult Crypto Club #0256","RE-002066","0201-0300","D:\github\ron-english-nfts\light-cult-crypto-club\images\LCCC-0256.png","11352","images/0201-0300/LCCC-0256.png","LCCC-0256.png","D:\github\ron-english-light-cult-0001-1000\images\0201-0300\LCCC-0256.png","items/lccc-0256.html","https://ronenglish-archive.github.io/ron-english-light-cult-0001-1000/items/lccc-0256.html","https://opensea.io/item/ethereum/0xbe85fbd182af91290be7293438ae67549638189f/256","OK",""
"257","0257","Light Cult Crypto Club #0257","RE-002067","0201-0300","","","","","","items/lccc-0257.html","https://ronenglish-archive.github.io/ron-english-light-cult-0001-1000/items/lccc-0257.html","https://opensea.io/item/ethereum/0xbe85fbd182af91290be7293438ae67549638189f/257","MISSING SOURCE IMAGE","No source image found for token #0257"
"258","0258","Light Cult Crypto Club #0258","RE-002068","0201-0300","","","","","","items/lccc-0258.html","https://ronenglish-archive.github.io/ron-english-light-cult-0001-1000/items/lccc-0258.html","https://opensea.io/item/ethereum/0xbe85fbd182af91290be7293438ae67549638189f/258","MISSING SOURCE IMAGE","No source image found for token #0258"
"259","0259","Light Cult Crypto Club #0259","RE-002069","0201-0300","D:\github\ron-english-nfts\light-cult-crypto-club\images\LCCC-0259.png","23928","images/0201-0300/LCCC-0259.png","LCCC-0259.png","D:\github\ron-english-light-cult-0001-1000\images\0201-0300\LCCC-0259.png","items/lccc-0259.html","https://ronenglish-archive.github.io/ron-english-light-cult-0001-1000/items/lccc-0259.html","https://opensea.io/item/ethereum/0xbe85fbd182af91290be7293438ae67549638189f/259","OK",""
"260","0260","Light Cult Crypto Club #0260","RE-002070","0201-0300","D:\github\ron-english-nfts\light-cult-crypto-club\images\LCCC-0260.png","30208","images/0201-0300/LCCC-0260.png","LCCC-0260.png","D:\github\ron-english-light-cult-0001-1000\images\0201-0300\LCCC-0260.png","items/lccc-0260.html","https://ronenglish-archive.github.io/ron-english-light-cult-0001-1000/items/lccc-0260.html","https://opensea.io/item/ethereum/0xbe85fbd182af91290be7293438ae67549638189f/260","OK",""
"261","0261","Light Cult Crypto Club #0261","RE-002071","0201-0300","D:\github\ron-english-nfts\light-cult-crypto-club\images\LCCC-0261.png","29483","images/0201-0300/LCCC-0261.png","LCCC-0261.png","D:\github\ron-english-light-cult-0001-1000\images\0201-0300\LCCC-0261.png","items/lccc-0261.html","https://ronenglish-archive.github.io/ron-english-light-cult-0001-1000/items/lccc-0261.html","https://opensea.io/item/ethereum/0xbe85fbd182af91290be7293438ae67549638189f/261","OK",""
"262","0262","Light Cult Crypto Club #0262","RE-002072","0201-0300","D:\github\ron-english-nfts\light-cult-crypto-club\images\LCCC-0262.png","6612","images/0201-0300/LCCC-0262.png","LCCC-0262.png","D:\github\ron-english-light-cult-0001-1000\images\0201-0300\LCCC-0262.png","items/lccc-0262.html","https://ronenglish-archive.github.io/ron-english-light-cult-0001-1000/items/lccc-0262.html","https://opensea.io/item/ethereum/0xbe85fbd182af91290be7293438ae67549638189f/262","OK",""
"263","0263","Light Cult Crypto Club #0263","RE-002073","0201-0300","D:\github\ron-english-nfts\light-cult-crypto-club\images\LCCC-0263.png","10745","images/0201-0300/LCCC-0263.png","LCCC-0263.png","D:\github\ron-english-light-cult-0001-1000\images\0201-0300\LCCC-0263.png","items/lccc-0263.html","https://ronenglish-archive.github.io/ron-english-light-cult-0001-1000/items/lccc-0263.html","https://opensea.io/item/ethereum/0xbe85fbd182af91290be7293438ae67549638189f/263","OK",""
"264","0264","Light Cult Crypto Club #0264","RE-002074","0201-0300","D:\github\ron-english-nfts\light-cult-crypto-club\images\LCCC-0264.png","12352","images/0201-0300/LCCC-0264.png","LCCC-0264.png","D:\github\ron-english-light-cult-0001-1000\images\0201-0300\LCCC-0264.png","items/lccc-0264.html","https://ronenglish-archive.github.io/ron-english-light-cult-0001-1000/items/lccc-0264.html","https://opensea.io/item/ethereum/0xbe85fbd182af91290be7293438ae67549638189f/264","OK",""
"265","0265","Light Cult Crypto Club #0265","RE-002075","0201-0300","D:\github\ron-english-nfts\light-cult-crypto-club\images\LCCC-0265.png","32288","images/0201-0300/LCCC-0265.png","LCCC-0265.png","D:\github\ron-english-light-cult-0001-1000\images\0201-0300\LCCC-0265.png","items/lccc-0265.html","https://ronenglish-archive.github.io/ron-english-light-cult-0001-1000/items/lccc-0265.html","https://opensea.io/item/ethereum/0xbe85fbd182af91290be7293438ae67549638189f/265","OK",""
"266","0266","Light Cult Crypto Club #0266","RE-002076","0201-0300","D:\github\ron-english-nfts\light-cult-crypto-club\images\LCCC-0266.png","12964","images/0201-0300/LCCC-0266.png","LCCC-0266.png","D:\github\ron-english-light-cult-0001-1000\images\0201-0300\LCCC-0266.png","items/lccc-0266.html","https://ronenglish-archive.github.io/ron-english-light-cult-0001-1000/items/lccc-0266.html","https://opensea.io/item/ethereum/0xbe85fbd182af91290be7293438ae67549638189f/266","OK",""
"267","0267","Light Cult Crypto Club #0267","RE-002077","0201-0300","D:\github\ron-english-nfts\light-cult-crypto-club\images\LCCC-0267.png","23314","images/0201-0300/LCCC-0267.png","LCCC-0267.png","D:\github\ron-english-light-cult-0001-1000\images\0201-0300\LCCC-0267.png","items/lccc-0267.html","https://ronenglish-archive.github.io/ron-english-light-cult-0001-1000/items/lccc-0267.html","https://opensea.io/item/ethereum/0xbe85fbd182af91290be7293438ae67549638189f/267","OK",""
"268","0268","Light Cult Crypto Club #0268","RE-002078","0201-0300","D:\github\ron-english-nfts\light-cult-crypto-club\images\LCCC-0268.png","10834","images/0201-0300/LCCC-0268.png","LCCC-0268.png","D:\github\ron-english-light-cult-0001-1000\images\0201-0300\LCCC-0268.png","items/lccc-0268.html","https://ronenglish-archive.github.io/ron-english-light-cult-0001-1000/items/lccc-0268.html","https://opensea.io/item/ethereum/0xbe85fbd182af91290be7293438ae67549638189f/268","OK",""
"269","0269","Light Cult Crypto Club #0269","RE-002079","0201-0300","","","","","","items/lccc-0269.html","https://ronenglish-archive.github.io/ron-english-light-cult-0001-1000/items/lccc-0269.html","https://opensea.io/item/ethereum/0xbe85fbd182af91290be7293438ae67549638189f/269","MISSING SOURCE IMAGE","No source image found for token #0269"
"270","0270","Light Cult Crypto Club #0270","RE-002080","0201-0300","D:\github\ron-english-nfts\light-cult-crypto-club\images\LCCC-0270.png","6276","images/0201-0300/LCCC-0270.png","LCCC-0270.png","D:\github\ron-english-light-cult-0001-1000\images\0201-0300\LCCC-0270.png","items/lccc-0270.html","https://ronenglish-archive.github.io/ron-english-light-cult-0001-1000/items/lccc-0270.html","https://opensea.io/item/ethereum/0xbe85fbd182af91290be7293438ae67549638189f/270","OK",""
"271","0271","Light Cult Crypto Club #0271","RE-002081","0201-0300","","","","","","items/lccc-0271.html","https://ronenglish-archive.github.io/ron-english-light-cult-0001-1000/items/lccc-0271.html","https://opensea.io/item/ethereum/0xbe85fbd182af91290be7293438ae67549638189f/271","MISSING SOURCE IMAGE","No source image found for token #0271"
"272","0272","Light Cult Crypto Club #0272","RE-002082","0201-0300","D:\github\ron-english-nfts\light-cult-crypto-club\images\LCCC-0272.png","8760","images/0201-0300/LCCC-0272.png","LCCC-0272.png","D:\github\ron-english-light-cult-0001-1000\images\0201-0300\LCCC-0272.png","items/lccc-0272.html","https://ronenglish-archive.github.io/ron-english-light-cult-0001-1000/items/lccc-0272.html","https://opensea.io/item/ethereum/0xbe85fbd182af91290be7293438ae67549638189f/272","OK",""
"273","0273","Light Cult Crypto Club #0273","RE-002083","0201-0300","","","","","","items/lccc-0273.html","https://ronenglish-archive.github.io/ron-english-light-cult-0001-1000/items/lccc-0273.html","https://opensea.io/item/ethereum/0xbe85fbd182af91290be7293438ae67549638189f/273","MISSING SOURCE IMAGE","No source image found for token #0273"
"274","0274","Light Cult Crypto Club #0274","RE-002084","0201-0300","D:\github\ron-english-nfts\light-cult-crypto-club\images\LCCC-0274.png","29885","images/0201-0300/LCCC-0274.png","LCCC-0274.png","D:\github\ron-english-light-cult-0001-1000\images\0201-0300\LCCC-0274.png","items/lccc-0274.html","https://ronenglish-archive.github.io/ron-english-light-cult-0001-1000/items/lccc-0274.html","https://opensea.io/item/ethereum/0xbe85fbd182af91290be7293438ae67549638189f/274","OK",""
"275","0275","Light Cult Crypto Club #0275","RE-002085","0201-0300","D:\github\ron-english-nfts\light-cult-crypto-club\images\LCCC-0275.png","22150","images/0201-0300/LCCC-0275.png","LCCC-0275.png","D:\github\ron-english-light-cult-0001-1000\images\0201-0300\LCCC-0275.png","items/lccc-0275.html","https://ronenglish-archive.github.io/ron-english-light-cult-0001-1000/items/lccc-0275.html","https://opensea.io/item/ethereum/0xbe85fbd182af91290be7293438ae67549638189f/275","OK",""
"276","0276","Light Cult Crypto Club #0276","RE-002086","0201-0300","D:\github\ron-english-nfts\light-cult-crypto-club\images\LCCC-0276.png","16094","images/0201-0300/LCCC-0276.png","LCCC-0276.png","D:\github\ron-english-light-cult-0001-1000\images\0201-0300\LCCC-0276.png","items/lccc-0276.html","https://ronenglish-archive.github.io/ron-english-light-cult-0001-1000/items/lccc-0276.html","https://opensea.io/item/ethereum/0xbe85fbd182af91290be7293438ae67549638189f/276","OK",""
"277","0277","Light Cult Crypto Club #0277","RE-002087","0201-0300","D:\github\ron-english-nfts\light-cult-crypto-club\images\LCCC-0277.png","21062","images/0201-0300/LCCC-0277.png","LCCC-0277.png","D:\github\ron-english-light-cult-0001-1000\images\0201-0300\LCCC-0277.png","items/lccc-0277.html","https://ronenglish-archive.github.io/ron-english-light-cult-0001-1000/items/lccc-0277.html","https://opensea.io/item/ethereum/0xbe85fbd182af91290be7293438ae67549638189f/277","OK",""
"278","0278","Light Cult Crypto Club #0278","RE-002088","0201-0300","D:\github\ron-english-nfts\light-cult-crypto-club\images\LCCC-0278.png","5714","images/0201-0300/LCCC-0278.png","LCCC-0278.png","D:\github\ron-english-light-cult-0001-1000\images\0201-0300\LCCC-0278.png","items/lccc-0278.html","https://ronenglish-archive.github.io/ron-english-light-cult-0001-1000/items/lccc-0278.html","https://opensea.io/item/ethereum/0xbe85fbd182af91290be7293438ae67549638189f/278","OK",""
"279","0279","Light Cult Crypto Club #0279","RE-002089","0201-0300","D:\github\ron-english-nfts\light-cult-crypto-club\images\LCCC-0279.png","22519","images/0201-0300/LCCC-0279.png","LCCC-0279.png","D:\github\ron-english-light-cult-0001-1000\images\0201-0300\LCCC-0279.png","items/lccc-0279.html","https://ronenglish-archive.github.io/ron-english-light-cult-0001-1000/items/lccc-0279.html","https://opensea.io/item/ethereum/0xbe85fbd182af91290be7293438ae67549638189f/279","OK",""
"280","0280","Light Cult Crypto Club #0280","RE-002090","0201-0300","D:\github\ron-english-nfts\light-cult-crypto-club\images\LCCC-0280.png","35167","images/0201-0300/LCCC-0280.png","LCCC-0280.png","D:\github\ron-english-light-cult-0001-1000\images\0201-0300\LCCC-0280.png","items/lccc-0280.html","https://ronenglish-archive.github.io/ron-english-light-cult-0001-1000/items/lccc-0280.html","https://opensea.io/item/ethereum/0xbe85fbd182af91290be7293438ae67549638189f/280","OK",""
"281","0281","Light Cult Crypto Club #0281","RE-002091","0201-0300","D:\github\ron-english-nfts\light-cult-crypto-club\images\LCCC-0281.png","6693","images/0201-0300/LCCC-0281.png","LCCC-0281.png","D:\github\ron-english-light-cult-0001-1000\images\0201-0300\LCCC-0281.png","items/lccc-0281.html","https://ronenglish-archive.github.io/ron-english-light-cult-0001-1000/items/lccc-0281.html","https://opensea.io/item/ethereum/0xbe85fbd182af91290be7293438ae67549638189f/281","OK",""
"282","0282","Light Cult Crypto Club #0282","RE-002092","0201-0300","D:\github\ron-english-nfts\light-cult-crypto-club\images\LCCC-0282.png","25293","images/0201-0300/LCCC-0282.png","LCCC-0282.png","D:\github\ron-english-light-cult-0001-1000\images\0201-0300\LCCC-0282.png","items/lccc-0282.html","https://ronenglish-archive.github.io/ron-english-light-cult-0001-1000/items/lccc-0282.html","https://opensea.io/item/ethereum/0xbe85fbd182af91290be7293438ae67549638189f/282","OK",""
"283","0283","Light Cult Crypto Club #0283","RE-002093","0201-0300","D:\github\ron-english-nfts\light-cult-crypto-club\images\LCCC-0283.png","26981","images/0201-0300/LCCC-0283.png","LCCC-0283.png","D:\github\ron-english-light-cult-0001-1000\images\0201-0300\LCCC-0283.png","items/lccc-0283.html","https://ronenglish-archive.github.io/ron-english-light-cult-0001-1000/items/lccc-0283.html","https://opensea.io/item/ethereum/0xbe85fbd182af91290be7293438ae67549638189f/283","OK",""
"284","0284","Light Cult Crypto Club #0284","RE-002094","0201-0300","","","","","","items/lccc-0284.html","https://ronenglish-archive.github.io/ron-english-light-cult-0001-1000/items/lccc-0284.html","https://opensea.io/item/ethereum/0xbe85fbd182af91290be7293438ae67549638189f/284","MISSING SOURCE IMAGE","No source image found for token #0284"
"285","0285","Light Cult Crypto Club #0285","RE-002095","0201-0300","D:\github\ron-english-nfts\light-cult-crypto-club\images\LCCC-0285.png","14535","images/0201-0300/LCCC-0285.png","LCCC-0285.png","D:\github\ron-english-light-cult-0001-1000\images\0201-0300\LCCC-0285.png","items/lccc-0285.html","https://ronenglish-archive.github.io/ron-english-light-cult-0001-1000/items/lccc-0285.html","https://opensea.io/item/ethereum/0xbe85fbd182af91290be7293438ae67549638189f/285","OK",""
"286","0286","Light Cult Crypto Club #0286","RE-002096","0201-0300","","","","","","items/lccc-0286.html","https://ronenglish-archive.github.io/ron-english-light-cult-0001-1000/items/lccc-0286.html","https://opensea.io/item/ethereum/0xbe85fbd182af91290be7293438ae67549638189f/286","MISSING SOURCE IMAGE","No source image found for token #0286"
"287","0287","Light Cult Crypto Club #0287","RE-002097","0201-0300","D:\github\ron-english-nfts\light-cult-crypto-club\images\LCCC-0287.png","13275","images/0201-0300/LCCC-0287.png","LCCC-0287.png","D:\github\ron-english-light-cult-0001-1000\images\0201-0300\LCCC-0287.png","items/lccc-0287.html","https://ronenglish-archive.github.io/ron-english-light-cult-0001-1000/items/lccc-0287.html","https://opensea.io/item/ethereum/0xbe85fbd182af91290be7293438ae67549638189f/287","OK",""
"288","0288","Light Cult Crypto Club #0288","RE-002098","0201-0300","","","","","","items/lccc-0288.html","https://ronenglish-archive.github.io/ron-english-light-cult-0001-1000/items/lccc-0288.html","https://opensea.io/item/ethereum/0xbe85fbd182af91290be7293438ae67549638189f/288","MISSING SOURCE IMAGE","No source image found for token #0288"
"289","0289","Light Cult Crypto Club #0289","RE-002099","0201-0300","D:\github\ron-english-nfts\light-cult-crypto-club\images\LCCC-0289.png","12187","images/0201-0300/LCCC-0289.png","LCCC-0289.png","D:\github\ron-english-light-cult-0001-1000\images\0201-0300\LCCC-0289.png","items/lccc-0289.html","https://ronenglish-archive.github.io/ron-english-light-cult-0001-1000/items/lccc-0289.html","https://opensea.io/item/ethereum/0xbe85fbd182af91290be7293438ae67549638189f/289","OK",""
"290","0290","Light Cult Crypto Club #0290","RE-002100","0201-0300","D:\github\ron-english-nfts\light-cult-crypto-club\images\LCCC-0290.png","31426","images/0201-0300/LCCC-0290.png","LCCC-0290.png","D:\github\ron-english-light-cult-0001-1000\images\0201-0300\LCCC-0290.png","items/lccc-0290.html","https://ronenglish-archive.github.io/ron-english-light-cult-0001-1000/items/lccc-0290.html","https://opensea.io/item/ethereum/0xbe85fbd182af91290be7293438ae67549638189f/290","OK",""
"291","0291","Light Cult Crypto Club #0291","RE-002101","0201-0300","","","","","","items/lccc-0291.html","https://ronenglish-archive.github.io/ron-english-light-cult-0001-1000/items/lccc-0291.html","https://opensea.io/item/ethereum/0xbe85fbd182af91290be7293438ae67549638189f/291","MISSING SOURCE IMAGE","No source image found for token #0291"
"292","0292","Light Cult Crypto Club #0292","RE-002102","0201-0300","D:\github\ron-english-nfts\light-cult-crypto-club\images\LCCC-0292.png","8576","images/0201-0300/LCCC-0292.png","LCCC-0292.png","D:\github\ron-english-light-cult-0001-1000\images\0201-0300\LCCC-0292.png","items/lccc-0292.html","https://ronenglish-archive.github.io/ron-english-light-cult-0001-1000/items/lccc-0292.html","https://opensea.io/item/ethereum/0xbe85fbd182af91290be7293438ae67549638189f/292","OK",""
"293","0293","Light Cult Crypto Club #0293","RE-002103","0201-0300","D:\github\ron-english-nfts\light-cult-crypto-club\images\LCCC-0293.png","7928","images/0201-0300/LCCC-0293.png","LCCC-0293.png","D:\github\ron-english-light-cult-0001-1000\images\0201-0300\LCCC-0293.png","items/lccc-0293.html","https://ronenglish-archive.github.io/ron-english-light-cult-0001-1000/items/lccc-0293.html","https://opensea.io/item/ethereum/0xbe85fbd182af91290be7293438ae67549638189f/293","OK",""
"294","0294","Light Cult Crypto Club #0294","RE-002104","0201-0300","","","","","","items/lccc-0294.html","https://ronenglish-archive.github.io/ron-english-light-cult-0001-1000/items/lccc-0294.html","https://opensea.io/item/ethereum/0xbe85fbd182af91290be7293438ae67549638189f/294","MISSING SOURCE IMAGE","No source image found for token #0294"
"295","0295","Light Cult Crypto Club #0295","RE-002105","0201-0300","D:\github\ron-english-nfts\light-cult-crypto-club\images\LCCC-0295.png","19725","images/0201-0300/LCCC-0295.png","LCCC-0295.png","D:\github\ron-english-light-cult-0001-1000\images\0201-0300\LCCC-0295.png","items/lccc-0295.html","https://ronenglish-archive.github.io/ron-english-light-cult-0001-1000/items/lccc-0295.html","https://opensea.io/item/ethereum/0xbe85fbd182af91290be7293438ae67549638189f/295","OK",""
"296","0296","Light Cult Crypto Club #0296","RE-002106","0201-0300","D:\github\ron-english-nfts\light-cult-crypto-club\images\LCCC-0296.png","7084","images/0201-0300/LCCC-0296.png","LCCC-0296.png","D:\github\ron-english-light-cult-0001-1000\images\0201-0300\LCCC-0296.png","items/lccc-0296.html","https://ronenglish-archive.github.io/ron-english-light-cult-0001-1000/items/lccc-0296.html","https://opensea.io/item/ethereum/0xbe85fbd182af91290be7293438ae67549638189f/296","OK",""
"297","0297","Light Cult Crypto Club #0297","RE-002107","0201-0300","D:\github\ron-english-nfts\light-cult-crypto-club\images\LCCC-0297.png","30971","images/0201-0300/LCCC-0297.png","LCCC-0297.png","D:\github\ron-english-light-cult-0001-1000\images\0201-0300\LCCC-0297.png","items/lccc-0297.html","https://ronenglish-archive.github.io/ron-english-light-cult-0001-1000/items/lccc-0297.html","https://opensea.io/item/ethereum/0xbe85fbd182af91290be7293438ae67549638189f/297","OK",""
"298","0298","Light Cult Crypto Club #0298","RE-002108","0201-0300","D:\github\ron-english-nfts\light-cult-crypto-club\images\LCCC-0298.png","8763","images/0201-0300/LCCC-0298.png","LCCC-0298.png","D:\github\ron-english-light-cult-0001-1000\images\0201-0300\LCCC-0298.png","items/lccc-0298.html","https://ronenglish-archive.github.io/ron-english-light-cult-0001-1000/items/lccc-0298.html","https://opensea.io/item/ethereum/0xbe85fbd182af91290be7293438ae67549638189f/298","OK",""
"299","0299","Light Cult Crypto Club #0299","RE-002109","0201-0300","D:\github\ron-english-nfts\light-cult-crypto-club\images\LCCC-0299.png","7536","images/0201-0300/LCCC-0299.png","LCCC-0299.png","D:\github\ron-english-light-cult-0001-1000\images\0201-0300\LCCC-0299.png","items/lccc-0299.html","https://ronenglish-archive.github.io/ron-english-light-cult-0001-1000/items/lccc-0299.html","https://opensea.io/item/ethereum/0xbe85fbd182af91290be7293438ae67549638189f/299","OK",""
"300","0300","Light Cult Crypto Club #0300","RE-002110","0201-0300","D:\github\ron-english-nfts\light-cult-crypto-club\images\LCCC-0300.png","8507","images/0201-0300/LCCC-0300.png","LCCC-0300.png","D:\github\ron-english-light-cult-0001-1000\images\0201-0300\LCCC-0300.png","items/lccc-0300.html","https://ronenglish-archive.github.io/ron-english-light-cult-0001-1000/items/lccc-0300.html","https://opensea.io/item/ethereum/0xbe85fbd182af91290be7293438ae67549638189f/300","OK",""
"301","0301","Light Cult Crypto Club #0301","RE-002111","0301-0400","D:\github\ron-english-nfts\light-cult-crypto-club\images\LCCC-0301.png","13661","images/0301-0400/LCCC-0301.png","LCCC-0301.png","D:\github\ron-english-light-cult-0001-1000\images\0301-0400\LCCC-0301.png","items/lccc-0301.html","https://ronenglish-archive.github.io/ron-english-light-cult-0001-1000/items/lccc-0301.html","https://opensea.io/item/ethereum/0xbe85fbd182af91290be7293438ae67549638189f/301","OK",""
"302","0302","Light Cult Crypto Club #0302","RE-002112","0301-0400","D:\github\ron-english-nfts\light-cult-crypto-club\images\LCCC-0302.png","22188","images/0301-0400/LCCC-0302.png","LCCC-0302.png","D:\github\ron-english-light-cult-0001-1000\images\0301-0400\LCCC-0302.png","items/lccc-0302.html","https://ronenglish-archive.github.io/ron-english-light-cult-0001-1000/items/lccc-0302.html","https://opensea.io/item/ethereum/0xbe85fbd182af91290be7293438ae67549638189f/302","OK",""
"303","0303","Light Cult Crypto Club #0303","RE-002113","0301-0400","D:\github\ron-english-nfts\light-cult-crypto-club\images\LCCC-0303.png","19069","images/0301-0400/LCCC-0303.png","LCCC-0303.png","D:\github\ron-english-light-cult-0001-1000\images\0301-0400\LCCC-0303.png","items/lccc-0303.html","https://ronenglish-archive.github.io/ron-english-light-cult-0001-1000/items/lccc-0303.html","https://opensea.io/item/ethereum/0xbe85fbd182af91290be7293438ae67549638189f/303","OK",""
"304","0304","Light Cult Crypto Club #0304","RE-002114","0301-0400","D:\github\ron-english-nfts\light-cult-crypto-club\images\LCCC-0304.png","14237","images/0301-0400/LCCC-0304.png","LCCC-0304.png","D:\github\ron-english-light-cult-0001-1000\images\0301-0400\LCCC-0304.png","items/lccc-0304.html","https://ronenglish-archive.github.io/ron-english-light-cult-0001-1000/items/lccc-0304.html","https://opensea.io/item/ethereum/0xbe85fbd182af91290be7293438ae67549638189f/304","OK",""
"305","0305","Light Cult Crypto Club #0305","RE-002115","0301-0400","D:\github\ron-english-nfts\light-cult-crypto-club\images\LCCC-0305.png","7787","images/0301-0400/LCCC-0305.png","LCCC-0305.png","D:\github\ron-english-light-cult-0001-1000\images\0301-0400\LCCC-0305.png","items/lccc-0305.html","https://ronenglish-archive.github.io/ron-english-light-cult-0001-1000/items/lccc-0305.html","https://opensea.io/item/ethereum/0xbe85fbd182af91290be7293438ae67549638189f/305","OK",""
"306","0306","Light Cult Crypto Club #0306","RE-002116","0301-0400","D:\github\ron-english-nfts\light-cult-crypto-club\images\LCCC-0306.png","12480","images/0301-0400/LCCC-0306.png","LCCC-0306.png","D:\github\ron-english-light-cult-0001-1000\images\0301-0400\LCCC-0306.png","items/lccc-0306.html","https://ronenglish-archive.github.io/ron-english-light-cult-0001-1000/items/lccc-0306.html","https://opensea.io/item/ethereum/0xbe85fbd182af91290be7293438ae67549638189f/306","OK",""
"307","0307","Light Cult Crypto Club #0307","RE-002117","0301-0400","D:\github\ron-english-nfts\light-cult-crypto-club\images\LCCC-0307.png","5770","images/0301-0400/LCCC-0307.png","LCCC-0307.png","D:\github\ron-english-light-cult-0001-1000\images\0301-0400\LCCC-0307.png","items/lccc-0307.html","https://ronenglish-archive.github.io/ron-english-light-cult-0001-1000/items/lccc-0307.html","https://opensea.io/item/ethereum/0xbe85fbd182af91290be7293438ae67549638189f/307","OK",""
"308","0308","Light Cult Crypto Club #0308","RE-002118","0301-0400","D:\github\ron-english-nfts\light-cult-crypto-club\images\LCCC-0308.png","23426","images/0301-0400/LCCC-0308.png","LCCC-0308.png","D:\github\ron-english-light-cult-0001-1000\images\0301-0400\LCCC-0308.png","items/lccc-0308.html","https://ronenglish-archive.github.io/ron-english-light-cult-0001-1000/items/lccc-0308.html","https://opensea.io/item/ethereum/0xbe85fbd182af91290be7293438ae67549638189f/308","OK",""
"309","0309","Light Cult Crypto Club #0309","RE-002119","0301-0400","D:\github\ron-english-nfts\light-cult-crypto-club\images\LCCC-0309.png","30299","images/0301-0400/LCCC-0309.png","LCCC-0309.png","D:\github\ron-english-light-cult-0001-1000\images\0301-0400\LCCC-0309.png","items/lccc-0309.html","https://ronenglish-archive.github.io/ron-english-light-cult-0001-1000/items/lccc-0309.html","https://opensea.io/item/ethereum/0xbe85fbd182af91290be7293438ae67549638189f/309","OK",""
"310","0310","Light Cult Crypto Club #0310","RE-002120","0301-0400","D:\github\ron-english-nfts\light-cult-crypto-club\images\LCCC-0310.png","7755","images/0301-0400/LCCC-0310.png","LCCC-0310.png","D:\github\ron-english-light-cult-0001-1000\images\0301-0400\LCCC-0310.png","items/lccc-0310.html","https://ronenglish-archive.github.io/ron-english-light-cult-0001-1000/items/lccc-0310.html","https://opensea.io/item/ethereum/0xbe85fbd182af91290be7293438ae67549638189f/310","OK",""
"311","0311","Light Cult Crypto Club #0311","RE-002121","0301-0400","D:\github\ron-english-nfts\light-cult-crypto-club\images\LCCC-0311.png","27052","images/0301-0400/LCCC-0311.png","LCCC-0311.png","D:\github\ron-english-light-cult-0001-1000\images\0301-0400\LCCC-0311.png","items/lccc-0311.html","https://ronenglish-archive.github.io/ron-english-light-cult-0001-1000/items/lccc-0311.html","https://opensea.io/item/ethereum/0xbe85fbd182af91290be7293438ae67549638189f/311","OK",""
"312","0312","Light Cult Crypto Club #0312","RE-002122","0301-0400","D:\github\ron-english-nfts\light-cult-crypto-club\images\LCCC-0312.png","8144","images/0301-0400/LCCC-0312.png","LCCC-0312.png","D:\github\ron-english-light-cult-0001-1000\images\0301-0400\LCCC-0312.png","items/lccc-0312.html","https://ronenglish-archive.github.io/ron-english-light-cult-0001-1000/items/lccc-0312.html","https://opensea.io/item/ethereum/0xbe85fbd182af91290be7293438ae67549638189f/312","OK",""
"313","0313","Light Cult Crypto Club #0313","RE-002123","0301-0400","D:\github\ron-english-nfts\light-cult-crypto-club\images\LCCC-0313.png","20649","images/0301-0400/LCCC-0313.png","LCCC-0313.png","D:\github\ron-english-light-cult-0001-1000\images\0301-0400\LCCC-0313.png","items/lccc-0313.html","https://ronenglish-archive.github.io/ron-english-light-cult-0001-1000/items/lccc-0313.html","https://opensea.io/item/ethereum/0xbe85fbd182af91290be7293438ae67549638189f/313","OK",""
"314","0314","Light Cult Crypto Club #0314","RE-002124","0301-0400","D:\github\ron-english-nfts\light-cult-crypto-club\images\LCCC-0314.png","37296","images/0301-0400/LCCC-0314.png","LCCC-0314.png","D:\github\ron-english-light-cult-0001-1000\images\0301-0400\LCCC-0314.png","items/lccc-0314.html","https://ronenglish-archive.github.io/ron-english-light-cult-0001-1000/items/lccc-0314.html","https://opensea.io/item/ethereum/0xbe85fbd182af91290be7293438ae67549638189f/314","OK",""
"315","0315","Light Cult Crypto Club #0315","RE-002125","0301-0400","D:\github\ron-english-nfts\light-cult-crypto-club\images\LCCC-0315.png","31941","images/0301-0400/LCCC-0315.png","LCCC-0315.png","D:\github\ron-english-light-cult-0001-1000\images\0301-0400\LCCC-0315.png","items/lccc-0315.html","https://ronenglish-archive.github.io/ron-english-light-cult-0001-1000/items/lccc-0315.html","https://opensea.io/item/ethereum/0xbe85fbd182af91290be7293438ae67549638189f/315","OK",""
"316","0316","Light Cult Crypto Club #0316","RE-002126","0301-0400","D:\github\ron-english-nfts\light-cult-crypto-club\images\LCCC-0316.png","37775","images/0301-0400/LCCC-0316.png","LCCC-0316.png","D:\github\ron-english-light-cult-0001-1000\images\0301-0400\LCCC-0316.png","items/lccc-0316.html","https://ronenglish-archive.github.io/ron-english-light-cult-0001-1000/items/lccc-0316.html","https://opensea.io/item/ethereum/0xbe85fbd182af91290be7293438ae67549638189f/316","OK",""
"317","0317","Light Cult Crypto Club #0317","RE-002127","0301-0400","D:\github\ron-english-nfts\light-cult-crypto-club\images\LCCC-0317.png","12218","images/0301-0400/LCCC-0317.png","LCCC-0317.png","D:\github\ron-english-light-cult-0001-1000\images\0301-0400\LCCC-0317.png","items/lccc-0317.html","https://ronenglish-archive.github.io/ron-english-light-cult-0001-1000/items/lccc-0317.html","https://opensea.io/item/ethereum/0xbe85fbd182af91290be7293438ae67549638189f/317","OK",""
"318","0318","Light Cult Crypto Club #0318","RE-002128","0301-0400","D:\github\ron-english-nfts\light-cult-crypto-club\images\LCCC-0318.png","14587","images/0301-0400/LCCC-0318.png","LCCC-0318.png","D:\github\ron-english-light-cult-0001-1000\images\0301-0400\LCCC-0318.png","items/lccc-0318.html","https://ronenglish-archive.github.io/ron-english-light-cult-0001-1000/items/lccc-0318.html","https://opensea.io/item/ethereum/0xbe85fbd182af91290be7293438ae67549638189f/318","OK",""
"319","0319","Light Cult Crypto Club #0319","RE-002129","0301-0400","D:\github\ron-english-nfts\light-cult-crypto-club\images\LCCC-0319.png","31196","images/0301-0400/LCCC-0319.png","LCCC-0319.png","D:\github\ron-english-light-cult-0001-1000\images\0301-0400\LCCC-0319.png","items/lccc-0319.html","https://ronenglish-archive.github.io/ron-english-light-cult-0001-1000/items/lccc-0319.html","https://opensea.io/item/ethereum/0xbe85fbd182af91290be7293438ae67549638189f/319","OK",""
"320","0320","Light Cult Crypto Club #0320","RE-002130","0301-0400","D:\github\ron-english-nfts\light-cult-crypto-club\images\LCCC-0320.png","27534","images/0301-0400/LCCC-0320.png","LCCC-0320.png","D:\github\ron-english-light-cult-0001-1000\images\0301-0400\LCCC-0320.png","items/lccc-0320.html","https://ronenglish-archive.github.io/ron-english-light-cult-0001-1000/items/lccc-0320.html","https://opensea.io/item/ethereum/0xbe85fbd182af91290be7293438ae67549638189f/320","OK",""
"321","0321","Light Cult Crypto Club #0321","RE-002131","0301-0400","D:\github\ron-english-nfts\light-cult-crypto-club\images\LCCC-0321.png","21861","images/0301-0400/LCCC-0321.png","LCCC-0321.png","D:\github\ron-english-light-cult-0001-1000\images\0301-0400\LCCC-0321.png","items/lccc-0321.html","https://ronenglish-archive.github.io/ron-english-light-cult-0001-1000/items/lccc-0321.html","https://opensea.io/item/ethereum/0xbe85fbd182af91290be7293438ae67549638189f/321","OK",""
"322","0322","Light Cult Crypto Club #0322","RE-002132","0301-0400","D:\github\ron-english-nfts\light-cult-crypto-club\images\LCCC-0322.png","4781","images/0301-0400/LCCC-0322.png","LCCC-0322.png","D:\github\ron-english-light-cult-0001-1000\images\0301-0400\LCCC-0322.png","items/lccc-0322.html","https://ronenglish-archive.github.io/ron-english-light-cult-0001-1000/items/lccc-0322.html","https://opensea.io/item/ethereum/0xbe85fbd182af91290be7293438ae67549638189f/322","OK",""
"323","0323","Light Cult Crypto Club #0323","RE-002133","0301-0400","","","","","","items/lccc-0323.html","https://ronenglish-archive.github.io/ron-english-light-cult-0001-1000/items/lccc-0323.html","https://opensea.io/item/ethereum/0xbe85fbd182af91290be7293438ae67549638189f/323","MISSING SOURCE IMAGE","No source image found for token #0323"
"324","0324","Light Cult Crypto Club #0324","RE-002134","0301-0400","D:\github\ron-english-nfts\light-cult-crypto-club\images\LCCC-0324.png","14120","images/0301-0400/LCCC-0324.png","LCCC-0324.png","D:\github\ron-english-light-cult-0001-1000\images\0301-0400\LCCC-0324.png","items/lccc-0324.html","https://ronenglish-archive.github.io/ron-english-light-cult-0001-1000/items/lccc-0324.html","https://opensea.io/item/ethereum/0xbe85fbd182af91290be7293438ae67549638189f/324","OK",""
"325","0325","Light Cult Crypto Club #0325","RE-002135","0301-0400","D:\github\ron-english-nfts\light-cult-crypto-club\images\LCCC-0325.png","10333","images/0301-0400/LCCC-0325.png","LCCC-0325.png","D:\github\ron-english-light-cult-0001-1000\images\0301-0400\LCCC-0325.png","items/lccc-0325.html","https://ronenglish-archive.github.io/ron-english-light-cult-0001-1000/items/lccc-0325.html","https://opensea.io/item/ethereum/0xbe85fbd182af91290be7293438ae67549638189f/325","OK",""
"326","0326","Light Cult Crypto Club #0326","RE-002136","0301-0400","","","","","","items/lccc-0326.html","https://ronenglish-archive.github.io/ron-english-light-cult-0001-1000/items/lccc-0326.html","https://opensea.io/item/ethereum/0xbe85fbd182af91290be7293438ae67549638189f/326","MISSING SOURCE IMAGE","No source image found for token #0326"
"327","0327","Light Cult Crypto Club #0327","RE-002137","0301-0400","D:\github\ron-english-nfts\light-cult-crypto-club\images\LCCC-0327.png","16020","images/0301-0400/LCCC-0327.png","LCCC-0327.png","D:\github\ron-english-light-cult-0001-1000\images\0301-0400\LCCC-0327.png","items/lccc-0327.html","https://ronenglish-archive.github.io/ron-english-light-cult-0001-1000/items/lccc-0327.html","https://opensea.io/item/ethereum/0xbe85fbd182af91290be7293438ae67549638189f/327","OK",""
"328","0328","Light Cult Crypto Club #0328","RE-002138","0301-0400","D:\github\ron-english-nfts\light-cult-crypto-club\images\LCCC-0328.png","27823","images/0301-0400/LCCC-0328.png","LCCC-0328.png","D:\github\ron-english-light-cult-0001-1000\images\0301-0400\LCCC-0328.png","items/lccc-0328.html","https://ronenglish-archive.github.io/ron-english-light-cult-0001-1000/items/lccc-0328.html","https://opensea.io/item/ethereum/0xbe85fbd182af91290be7293438ae67549638189f/328","OK",""
"329","0329","Light Cult Crypto Club #0329","RE-002139","0301-0400","D:\github\ron-english-nfts\light-cult-crypto-club\images\LCCC-0329.png","7557","images/0301-0400/LCCC-0329.png","LCCC-0329.png","D:\github\ron-english-light-cult-0001-1000\images\0301-0400\LCCC-0329.png","items/lccc-0329.html","https://ronenglish-archive.github.io/ron-english-light-cult-0001-1000/items/lccc-0329.html","https://opensea.io/item/ethereum/0xbe85fbd182af91290be7293438ae67549638189f/329","OK",""
"330","0330","Light Cult Crypto Club #0330","RE-002140","0301-0400","D:\github\ron-english-nfts\light-cult-crypto-club\images\LCCC-0330.png","12866","images/0301-0400/LCCC-0330.png","LCCC-0330.png","D:\github\ron-english-light-cult-0001-1000\images\0301-0400\LCCC-0330.png","items/lccc-0330.html","https://ronenglish-archive.github.io/ron-english-light-cult-0001-1000/items/lccc-0330.html","https://opensea.io/item/ethereum/0xbe85fbd182af91290be7293438ae67549638189f/330","OK",""
"331","0331","Light Cult Crypto Club #0331","RE-002141","0301-0400","D:\github\ron-english-nfts\light-cult-crypto-club\images\LCCC-0331.png","7739","images/0301-0400/LCCC-0331.png","LCCC-0331.png","D:\github\ron-english-light-cult-0001-1000\images\0301-0400\LCCC-0331.png","items/lccc-0331.html","https://ronenglish-archive.github.io/ron-english-light-cult-0001-1000/items/lccc-0331.html","https://opensea.io/item/ethereum/0xbe85fbd182af91290be7293438ae67549638189f/331","OK",""
"332","0332","Light Cult Crypto Club #0332","RE-002142","0301-0400","D:\github\ron-english-nfts\light-cult-crypto-club\images\LCCC-0332.png","22636","images/0301-0400/LCCC-0332.png","LCCC-0332.png","D:\github\ron-english-light-cult-0001-1000\images\0301-0400\LCCC-0332.png","items/lccc-0332.html","https://ronenglish-archive.github.io/ron-english-light-cult-0001-1000/items/lccc-0332.html","https://opensea.io/item/ethereum/0xbe85fbd182af91290be7293438ae67549638189f/332","OK",""
"333","0333","Light Cult Crypto Club #0333","RE-002143","0301-0400","D:\github\ron-english-nfts\light-cult-crypto-club\images\LCCC-0333.png","33059","images/0301-0400/LCCC-0333.png","LCCC-0333.png","D:\github\ron-english-light-cult-0001-1000\images\0301-0400\LCCC-0333.png","items/lccc-0333.html","https://ronenglish-archive.github.io/ron-english-light-cult-0001-1000/items/lccc-0333.html","https://opensea.io/item/ethereum/0xbe85fbd182af91290be7293438ae67549638189f/333","OK",""
"334","0334","Light Cult Crypto Club #0334","RE-002144","0301-0400","D:\github\ron-english-nfts\light-cult-crypto-club\images\LCCC-0334.png","13529","images/0301-0400/LCCC-0334.png","LCCC-0334.png","D:\github\ron-english-light-cult-0001-1000\images\0301-0400\LCCC-0334.png","items/lccc-0334.html","https://ronenglish-archive.github.io/ron-english-light-cult-0001-1000/items/lccc-0334.html","https://opensea.io/item/ethereum/0xbe85fbd182af91290be7293438ae67549638189f/334","OK",""
"335","0335","Light Cult Crypto Club #0335","RE-002145","0301-0400","D:\github\ron-english-nfts\light-cult-crypto-club\images\LCCC-0335.png","13830","images/0301-0400/LCCC-0335.png","LCCC-0335.png","D:\github\ron-english-light-cult-0001-1000\images\0301-0400\LCCC-0335.png","items/lccc-0335.html","https://ronenglish-archive.github.io/ron-english-light-cult-0001-1000/items/lccc-0335.html","https://opensea.io/item/ethereum/0xbe85fbd182af91290be7293438ae67549638189f/335","OK",""
"336","0336","Light Cult Crypto Club #0336","RE-002146","0301-0400","D:\github\ron-english-nfts\light-cult-crypto-club\images\LCCC-0336.png","34589","images/0301-0400/LCCC-0336.png","LCCC-0336.png","D:\github\ron-english-light-cult-0001-1000\images\0301-0400\LCCC-0336.png","items/lccc-0336.html","https://ronenglish-archive.github.io/ron-english-light-cult-0001-1000/items/lccc-0336.html","https://opensea.io/item/ethereum/0xbe85fbd182af91290be7293438ae67549638189f/336","OK",""
"337","0337","Light Cult Crypto Club #0337","RE-002147","0301-0400","D:\github\ron-english-nfts\light-cult-crypto-club\images\LCCC-0337.png","37884","images/0301-0400/LCCC-0337.png","LCCC-0337.png","D:\github\ron-english-light-cult-0001-1000\images\0301-0400\LCCC-0337.png","items/lccc-0337.html","https://ronenglish-archive.github.io/ron-english-light-cult-0001-1000/items/lccc-0337.html","https://opensea.io/item/ethereum/0xbe85fbd182af91290be7293438ae67549638189f/337","OK",""
"338","0338","Light Cult Crypto Club #0338","RE-002148","0301-0400","D:\github\ron-english-nfts\light-cult-crypto-club\images\LCCC-0338.png","23977","images/0301-0400/LCCC-0338.png","LCCC-0338.png","D:\github\ron-english-light-cult-0001-1000\images\0301-0400\LCCC-0338.png","items/lccc-0338.html","https://ronenglish-archive.github.io/ron-english-light-cult-0001-1000/items/lccc-0338.html","https://opensea.io/item/ethereum/0xbe85fbd182af91290be7293438ae67549638189f/338","OK",""
"339","0339","Light Cult Crypto Club #0339","RE-002149","0301-0400","D:\github\ron-english-nfts\light-cult-crypto-club\images\LCCC-0339.png","29180","images/0301-0400/LCCC-0339.png","LCCC-0339.png","D:\github\ron-english-light-cult-0001-1000\images\0301-0400\LCCC-0339.png","items/lccc-0339.html","https://ronenglish-archive.github.io/ron-english-light-cult-0001-1000/items/lccc-0339.html","https://opensea.io/item/ethereum/0xbe85fbd182af91290be7293438ae67549638189f/339","OK",""
"340","0340","Light Cult Crypto Club #0340","RE-002150","0301-0400","D:\github\ron-english-nfts\light-cult-crypto-club\images\LCCC-0340.png","25937","images/0301-0400/LCCC-0340.png","LCCC-0340.png","D:\github\ron-english-light-cult-0001-1000\images\0301-0400\LCCC-0340.png","items/lccc-0340.html","https://ronenglish-archive.github.io/ron-english-light-cult-0001-1000/items/lccc-0340.html","https://opensea.io/item/ethereum/0xbe85fbd182af91290be7293438ae67549638189f/340","OK",""
"341","0341","Light Cult Crypto Club #0341","RE-002151","0301-0400","D:\github\ron-english-nfts\light-cult-crypto-club\images\LCCC-0341.png","34620","images/0301-0400/LCCC-0341.png","LCCC-0341.png","D:\github\ron-english-light-cult-0001-1000\images\0301-0400\LCCC-0341.png","items/lccc-0341.html","https://ronenglish-archive.github.io/ron-english-light-cult-0001-1000/items/lccc-0341.html","https://opensea.io/item/ethereum/0xbe85fbd182af91290be7293438ae67549638189f/341","OK",""
"342","0342","Light Cult Crypto Club #0342","RE-002152","0301-0400","D:\github\ron-english-nfts\light-cult-crypto-club\images\LCCC-0342.png","5567","images/0301-0400/LCCC-0342.png","LCCC-0342.png","D:\github\ron-english-light-cult-0001-1000\images\0301-0400\LCCC-0342.png","items/lccc-0342.html","https://ronenglish-archive.github.io/ron-english-light-cult-0001-1000/items/lccc-0342.html","https://opensea.io/item/ethereum/0xbe85fbd182af91290be7293438ae67549638189f/342","OK",""
"343","0343","Light Cult Crypto Club #0343","RE-002153","0301-0400","D:\github\ron-english-nfts\light-cult-crypto-club\images\LCCC-0343.png","10252","images/0301-0400/LCCC-0343.png","LCCC-0343.png","D:\github\ron-english-light-cult-0001-1000\images\0301-0400\LCCC-0343.png","items/lccc-0343.html","https://ronenglish-archive.github.io/ron-english-light-cult-0001-1000/items/lccc-0343.html","https://opensea.io/item/ethereum/0xbe85fbd182af91290be7293438ae67549638189f/343","OK",""
"344","0344","Light Cult Crypto Club #0344","RE-002154","0301-0400","D:\github\ron-english-nfts\light-cult-crypto-club\images\LCCC-0344.png","36547","images/0301-0400/LCCC-0344.png","LCCC-0344.png","D:\github\ron-english-light-cult-0001-1000\images\0301-0400\LCCC-0344.png","items/lccc-0344.html","https://ronenglish-archive.github.io/ron-english-light-cult-0001-1000/items/lccc-0344.html","https://opensea.io/item/ethereum/0xbe85fbd182af91290be7293438ae67549638189f/344","OK",""
"345","0345","Light Cult Crypto Club #0345","RE-002155","0301-0400","D:\github\ron-english-nfts\light-cult-crypto-club\images\LCCC-0345.png","26517","images/0301-0400/LCCC-0345.png","LCCC-0345.png","D:\github\ron-english-light-cult-0001-1000\images\0301-0400\LCCC-0345.png","items/lccc-0345.html","https://ronenglish-archive.github.io/ron-english-light-cult-0001-1000/items/lccc-0345.html","https://opensea.io/item/ethereum/0xbe85fbd182af91290be7293438ae67549638189f/345","OK",""
"346","0346","Light Cult Crypto Club #0346","RE-002156","0301-0400","D:\github\ron-english-nfts\light-cult-crypto-club\images\LCCC-0346.png","15874","images/0301-0400/LCCC-0346.png","LCCC-0346.png","D:\github\ron-english-light-cult-0001-1000\images\0301-0400\LCCC-0346.png","items/lccc-0346.html","https://ronenglish-archive.github.io/ron-english-light-cult-0001-1000/items/lccc-0346.html","https://opensea.io/item/ethereum/0xbe85fbd182af91290be7293438ae67549638189f/346","OK",""
"347","0347","Light Cult Crypto Club #0347","RE-002157","0301-0400","D:\github\ron-english-nfts\light-cult-crypto-club\images\LCCC-0347.png","35365","images/0301-0400/LCCC-0347.png","LCCC-0347.png","D:\github\ron-english-light-cult-0001-1000\images\0301-0400\LCCC-0347.png","items/lccc-0347.html","https://ronenglish-archive.github.io/ron-english-light-cult-0001-1000/items/lccc-0347.html","https://opensea.io/item/ethereum/0xbe85fbd182af91290be7293438ae67549638189f/347","OK",""
"348","0348","Light Cult Crypto Club #0348","RE-002158","0301-0400","D:\github\ron-english-nfts\light-cult-crypto-club\images\LCCC-0348.png","10167","images/0301-0400/LCCC-0348.png","LCCC-0348.png","D:\github\ron-english-light-cult-0001-1000\images\0301-0400\LCCC-0348.png","items/lccc-0348.html","https://ronenglish-archive.github.io/ron-english-light-cult-0001-1000/items/lccc-0348.html","https://opensea.io/item/ethereum/0xbe85fbd182af91290be7293438ae67549638189f/348","OK",""
"349","0349","Light Cult Crypto Club #0349","RE-002159","0301-0400","D:\github\ron-english-nfts\light-cult-crypto-club\images\LCCC-0349.png","20374","images/0301-0400/LCCC-0349.png","LCCC-0349.png","D:\github\ron-english-light-cult-0001-1000\images\0301-0400\LCCC-0349.png","items/lccc-0349.html","https://ronenglish-archive.github.io/ron-english-light-cult-0001-1000/items/lccc-0349.html","https://opensea.io/item/ethereum/0xbe85fbd182af91290be7293438ae67549638189f/349","OK",""
"350","0350","Light Cult Crypto Club #0350","RE-002160","0301-0400","D:\github\ron-english-nfts\light-cult-crypto-club\images\LCCC-0350.png","22051","images/0301-0400/LCCC-0350.png","LCCC-0350.png","D:\github\ron-english-light-cult-0001-1000\images\0301-0400\LCCC-0350.png","items/lccc-0350.html","https://ronenglish-archive.github.io/ron-english-light-cult-0001-1000/items/lccc-0350.html","https://opensea.io/item/ethereum/0xbe85fbd182af91290be7293438ae67549638189f/350","OK",""
"351","0351","Light Cult Crypto Club #0351","RE-002161","0301-0400","D:\github\ron-english-nfts\light-cult-crypto-club\images\LCCC-0351.png","16934","images/0301-0400/LCCC-0351.png","LCCC-0351.png","D:\github\ron-english-light-cult-0001-1000\images\0301-0400\LCCC-0351.png","items/lccc-0351.html","https://ronenglish-archive.github.io/ron-english-light-cult-0001-1000/items/lccc-0351.html","https://opensea.io/item/ethereum/0xbe85fbd182af91290be7293438ae67549638189f/351","OK",""
"352","0352","Light Cult Crypto Club #0352","RE-002162","0301-0400","D:\github\ron-english-nfts\light-cult-crypto-club\images\LCCC-0352.png","16144","images/0301-0400/LCCC-0352.png","LCCC-0352.png","D:\github\ron-english-light-cult-0001-1000\images\0301-0400\LCCC-0352.png","items/lccc-0352.html","https://ronenglish-archive.github.io/ron-english-light-cult-0001-1000/items/lccc-0352.html","https://opensea.io/item/ethereum/0xbe85fbd182af91290be7293438ae67549638189f/352","OK",""
"353","0353","Light Cult Crypto Club #0353","RE-002163","0301-0400","D:\github\ron-english-nfts\light-cult-crypto-club\images\LCCC-0353.png","15740","images/0301-0400/LCCC-0353.png","LCCC-0353.png","D:\github\ron-english-light-cult-0001-1000\images\0301-0400\LCCC-0353.png","items/lccc-0353.html","https://ronenglish-archive.github.io/ron-english-light-cult-0001-1000/items/lccc-0353.html","https://opensea.io/item/ethereum/0xbe85fbd182af91290be7293438ae67549638189f/353","OK",""
"354","0354","Light Cult Crypto Club #0354","RE-002164","0301-0400","D:\github\ron-english-nfts\light-cult-crypto-club\images\LCCC-0354.png","24127","images/0301-0400/LCCC-0354.png","LCCC-0354.png","D:\github\ron-english-light-cult-0001-1000\images\0301-0400\LCCC-0354.png","items/lccc-0354.html","https://ronenglish-archive.github.io/ron-english-light-cult-0001-1000/items/lccc-0354.html","https://opensea.io/item/ethereum/0xbe85fbd182af91290be7293438ae67549638189f/354","OK",""
"355","0355","Light Cult Crypto Club #0355","RE-002165","0301-0400","D:\github\ron-english-nfts\light-cult-crypto-club\images\LCCC-0355.png","11219","images/0301-0400/LCCC-0355.png","LCCC-0355.png","D:\github\ron-english-light-cult-0001-1000\images\0301-0400\LCCC-0355.png","items/lccc-0355.html","https://ronenglish-archive.github.io/ron-english-light-cult-0001-1000/items/lccc-0355.html","https://opensea.io/item/ethereum/0xbe85fbd182af91290be7293438ae67549638189f/355","OK",""
"356","0356","Light Cult Crypto Club #0356","RE-002166","0301-0400","","","","","","items/lccc-0356.html","https://ronenglish-archive.github.io/ron-english-light-cult-0001-1000/items/lccc-0356.html","https://opensea.io/item/ethereum/0xbe85fbd182af91290be7293438ae67549638189f/356","MISSING SOURCE IMAGE","No source image found for token #0356"
"357","0357","Light Cult Crypto Club #0357","RE-002167","0301-0400","D:\github\ron-english-nfts\light-cult-crypto-club\images\LCCC-0357.png","38993","images/0301-0400/LCCC-0357.png","LCCC-0357.png","D:\github\ron-english-light-cult-0001-1000\images\0301-0400\LCCC-0357.png","items/lccc-0357.html","https://ronenglish-archive.github.io/ron-english-light-cult-0001-1000/items/lccc-0357.html","https://opensea.io/item/ethereum/0xbe85fbd182af91290be7293438ae67549638189f/357","OK",""
"358","0358","Light Cult Crypto Club #0358","RE-002168","0301-0400","","","","","","items/lccc-0358.html","https://ronenglish-archive.github.io/ron-english-light-cult-0001-1000/items/lccc-0358.html","https://opensea.io/item/ethereum/0xbe85fbd182af91290be7293438ae67549638189f/358","MISSING SOURCE IMAGE","No source image found for token #0358"
"359","0359","Light Cult Crypto Club #0359","RE-002169","0301-0400","D:\github\ron-english-nfts\light-cult-crypto-club\images\LCCC-0359.png","7092","images/0301-0400/LCCC-0359.png","LCCC-0359.png","D:\github\ron-english-light-cult-0001-1000\images\0301-0400\LCCC-0359.png","items/lccc-0359.html","https://ronenglish-archive.github.io/ron-english-light-cult-0001-1000/items/lccc-0359.html","https://opensea.io/item/ethereum/0xbe85fbd182af91290be7293438ae67549638189f/359","OK",""
"360","0360","Light Cult Crypto Club #0360","RE-002170","0301-0400","D:\github\ron-english-nfts\light-cult-crypto-club\images\LCCC-0360.png","33885","images/0301-0400/LCCC-0360.png","LCCC-0360.png","D:\github\ron-english-light-cult-0001-1000\images\0301-0400\LCCC-0360.png","items/lccc-0360.html","https://ronenglish-archive.github.io/ron-english-light-cult-0001-1000/items/lccc-0360.html","https://opensea.io/item/ethereum/0xbe85fbd182af91290be7293438ae67549638189f/360","OK",""
"361","0361","Light Cult Crypto Club #0361","RE-002171","0301-0400","D:\github\ron-english-nfts\light-cult-crypto-club\images\LCCC-0361.png","29316","images/0301-0400/LCCC-0361.png","LCCC-0361.png","D:\github\ron-english-light-cult-0001-1000\images\0301-0400\LCCC-0361.png","items/lccc-0361.html","https://ronenglish-archive.github.io/ron-english-light-cult-0001-1000/items/lccc-0361.html","https://opensea.io/item/ethereum/0xbe85fbd182af91290be7293438ae67549638189f/361","OK",""
"362","0362","Light Cult Crypto Club #0362","RE-002172","0301-0400","","","","","","items/lccc-0362.html","https://ronenglish-archive.github.io/ron-english-light-cult-0001-1000/items/lccc-0362.html","https://opensea.io/item/ethereum/0xbe85fbd182af91290be7293438ae67549638189f/362","MISSING SOURCE IMAGE","No source image found for token #0362"
"363","0363","Light Cult Crypto Club #0363","RE-002173","0301-0400","D:\github\ron-english-nfts\light-cult-crypto-club\images\LCCC-0363.png","5763","images/0301-0400/LCCC-0363.png","LCCC-0363.png","D:\github\ron-english-light-cult-0001-1000\images\0301-0400\LCCC-0363.png","items/lccc-0363.html","https://ronenglish-archive.github.io/ron-english-light-cult-0001-1000/items/lccc-0363.html","https://opensea.io/item/ethereum/0xbe85fbd182af91290be7293438ae67549638189f/363","OK",""
"364","0364","Light Cult Crypto Club #0364","RE-002174","0301-0400","D:\github\ron-english-nfts\light-cult-crypto-club\images\LCCC-0364.png","21508","images/0301-0400/LCCC-0364.png","LCCC-0364.png","D:\github\ron-english-light-cult-0001-1000\images\0301-0400\LCCC-0364.png","items/lccc-0364.html","https://ronenglish-archive.github.io/ron-english-light-cult-0001-1000/items/lccc-0364.html","https://opensea.io/item/ethereum/0xbe85fbd182af91290be7293438ae67549638189f/364","OK",""
"365","0365","Light Cult Crypto Club #0365","RE-002175","0301-0400","D:\github\ron-english-nfts\light-cult-crypto-club\images\LCCC-0365.png","15361","images/0301-0400/LCCC-0365.png","LCCC-0365.png","D:\github\ron-english-light-cult-0001-1000\images\0301-0400\LCCC-0365.png","items/lccc-0365.html","https://ronenglish-archive.github.io/ron-english-light-cult-0001-1000/items/lccc-0365.html","https://opensea.io/item/ethereum/0xbe85fbd182af91290be7293438ae67549638189f/365","OK",""
"366","0366","Light Cult Crypto Club #0366","RE-002176","0301-0400","D:\github\ron-english-nfts\light-cult-crypto-club\images\LCCC-0366.png","29642","images/0301-0400/LCCC-0366.png","LCCC-0366.png","D:\github\ron-english-light-cult-0001-1000\images\0301-0400\LCCC-0366.png","items/lccc-0366.html","https://ronenglish-archive.github.io/ron-english-light-cult-0001-1000/items/lccc-0366.html","https://opensea.io/item/ethereum/0xbe85fbd182af91290be7293438ae67549638189f/366","OK",""
"367","0367","Light Cult Crypto Club #0367","RE-002177","0301-0400","D:\github\ron-english-nfts\light-cult-crypto-club\images\LCCC-0367.png","13716","images/0301-0400/LCCC-0367.png","LCCC-0367.png","D:\github\ron-english-light-cult-0001-1000\images\0301-0400\LCCC-0367.png","items/lccc-0367.html","https://ronenglish-archive.github.io/ron-english-light-cult-0001-1000/items/lccc-0367.html","https://opensea.io/item/ethereum/0xbe85fbd182af91290be7293438ae67549638189f/367","OK",""
"368","0368","Light Cult Crypto Club #0368","RE-002178","0301-0400","D:\github\ron-english-nfts\light-cult-crypto-club\images\LCCC-0368.png","17300","images/0301-0400/LCCC-0368.png","LCCC-0368.png","D:\github\ron-english-light-cult-0001-1000\images\0301-0400\LCCC-0368.png","items/lccc-0368.html","https://ronenglish-archive.github.io/ron-english-light-cult-0001-1000/items/lccc-0368.html","https://opensea.io/item/ethereum/0xbe85fbd182af91290be7293438ae67549638189f/368","OK",""
"369","0369","Light Cult Crypto Club #0369","RE-002179","0301-0400","","","","","","items/lccc-0369.html","https://ronenglish-archive.github.io/ron-english-light-cult-0001-1000/items/lccc-0369.html","https://opensea.io/item/ethereum/0xbe85fbd182af91290be7293438ae67549638189f/369","MISSING SOURCE IMAGE","No source image found for token #0369"
"370","0370","Light Cult Crypto Club #0370","RE-002180","0301-0400","D:\github\ron-english-nfts\light-cult-crypto-club\images\LCCC-0370.png","12389","images/0301-0400/LCCC-0370.png","LCCC-0370.png","D:\github\ron-english-light-cult-0001-1000\images\0301-0400\LCCC-0370.png","items/lccc-0370.html","https://ronenglish-archive.github.io/ron-english-light-cult-0001-1000/items/lccc-0370.html","https://opensea.io/item/ethereum/0xbe85fbd182af91290be7293438ae67549638189f/370","OK",""
"371","0371","Light Cult Crypto Club #0371","RE-002181","0301-0400","D:\github\ron-english-nfts\light-cult-crypto-club\images\LCCC-0371.png","16753","images/0301-0400/LCCC-0371.png","LCCC-0371.png","D:\github\ron-english-light-cult-0001-1000\images\0301-0400\LCCC-0371.png","items/lccc-0371.html","https://ronenglish-archive.github.io/ron-english-light-cult-0001-1000/items/lccc-0371.html","https://opensea.io/item/ethereum/0xbe85fbd182af91290be7293438ae67549638189f/371","OK",""
"372","0372","Light Cult Crypto Club #0372","RE-002182","0301-0400","D:\github\ron-english-nfts\light-cult-crypto-club\images\LCCC-0372.png","5990","images/0301-0400/LCCC-0372.png","LCCC-0372.png","D:\github\ron-english-light-cult-0001-1000\images\0301-0400\LCCC-0372.png","items/lccc-0372.html","https://ronenglish-archive.github.io/ron-english-light-cult-0001-1000/items/lccc-0372.html","https://opensea.io/item/ethereum/0xbe85fbd182af91290be7293438ae67549638189f/372","OK",""
"373","0373","Light Cult Crypto Club #0373","RE-002183","0301-0400","D:\github\ron-english-nfts\light-cult-crypto-club\images\LCCC-0373.png","29902","images/0301-0400/LCCC-0373.png","LCCC-0373.png","D:\github\ron-english-light-cult-0001-1000\images\0301-0400\LCCC-0373.png","items/lccc-0373.html","https://ronenglish-archive.github.io/ron-english-light-cult-0001-1000/items/lccc-0373.html","https://opensea.io/item/ethereum/0xbe85fbd182af91290be7293438ae67549638189f/373","OK",""
"374","0374","Light Cult Crypto Club #0374","RE-002184","0301-0400","D:\github\ron-english-nfts\light-cult-crypto-club\images\LCCC-0374.png","13225","images/0301-0400/LCCC-0374.png","LCCC-0374.png","D:\github\ron-english-light-cult-0001-1000\images\0301-0400\LCCC-0374.png","items/lccc-0374.html","https://ronenglish-archive.github.io/ron-english-light-cult-0001-1000/items/lccc-0374.html","https://opensea.io/item/ethereum/0xbe85fbd182af91290be7293438ae67549638189f/374","OK",""
"375","0375","Light Cult Crypto Club #0375","RE-002185","0301-0400","D:\github\ron-english-nfts\light-cult-crypto-club\images\LCCC-0375.png","7905","images/0301-0400/LCCC-0375.png","LCCC-0375.png","D:\github\ron-english-light-cult-0001-1000\images\0301-0400\LCCC-0375.png","items/lccc-0375.html","https://ronenglish-archive.github.io/ron-english-light-cult-0001-1000/items/lccc-0375.html","https://opensea.io/item/ethereum/0xbe85fbd182af91290be7293438ae67549638189f/375","OK",""
"376","0376","Light Cult Crypto Club #0376","RE-002186","0301-0400","D:\github\ron-english-nfts\light-cult-crypto-club\images\LCCC-0376.png","20174","images/0301-0400/LCCC-0376.png","LCCC-0376.png","D:\github\ron-english-light-cult-0001-1000\images\0301-0400\LCCC-0376.png","items/lccc-0376.html","https://ronenglish-archive.github.io/ron-english-light-cult-0001-1000/items/lccc-0376.html","https://opensea.io/item/ethereum/0xbe85fbd182af91290be7293438ae67549638189f/376","OK",""
"377","0377","Light Cult Crypto Club #0377","RE-002187","0301-0400","D:\github\ron-english-nfts\light-cult-crypto-club\images\LCCC-0377.png","26729","images/0301-0400/LCCC-0377.png","LCCC-0377.png","D:\github\ron-english-light-cult-0001-1000\images\0301-0400\LCCC-0377.png","items/lccc-0377.html","https://ronenglish-archive.github.io/ron-english-light-cult-0001-1000/items/lccc-0377.html","https://opensea.io/item/ethereum/0xbe85fbd182af91290be7293438ae67549638189f/377","OK",""
"378","0378","Light Cult Crypto Club #0378","RE-002188","0301-0400","","","","","","items/lccc-0378.html","https://ronenglish-archive.github.io/ron-english-light-cult-0001-1000/items/lccc-0378.html","https://opensea.io/item/ethereum/0xbe85fbd182af91290be7293438ae67549638189f/378","MISSING SOURCE IMAGE","No source image found for token #0378"
"379","0379","Light Cult Crypto Club #0379","RE-002189","0301-0400","D:\github\ron-english-nfts\light-cult-crypto-club\images\LCCC-0379.png","30311","images/0301-0400/LCCC-0379.png","LCCC-0379.png","D:\github\ron-english-light-cult-0001-1000\images\0301-0400\LCCC-0379.png","items/lccc-0379.html","https://ronenglish-archive.github.io/ron-english-light-cult-0001-1000/items/lccc-0379.html","https://opensea.io/item/ethereum/0xbe85fbd182af91290be7293438ae67549638189f/379","OK",""
"380","0380","Light Cult Crypto Club #0380","RE-002190","0301-0400","D:\github\ron-english-nfts\light-cult-crypto-club\images\LCCC-0380.png","8757","images/0301-0400/LCCC-0380.png","LCCC-0380.png","D:\github\ron-english-light-cult-0001-1000\images\0301-0400\LCCC-0380.png","items/lccc-0380.html","https://ronenglish-archive.github.io/ron-english-light-cult-0001-1000/items/lccc-0380.html","https://opensea.io/item/ethereum/0xbe85fbd182af91290be7293438ae67549638189f/380","OK",""
"381","0381","Light Cult Crypto Club #0381","RE-002191","0301-0400","D:\github\ron-english-nfts\light-cult-crypto-club\images\LCCC-0381.png","33420","images/0301-0400/LCCC-0381.png","LCCC-0381.png","D:\github\ron-english-light-cult-0001-1000\images\0301-0400\LCCC-0381.png","items/lccc-0381.html","https://ronenglish-archive.github.io/ron-english-light-cult-0001-1000/items/lccc-0381.html","https://opensea.io/item/ethereum/0xbe85fbd182af91290be7293438ae67549638189f/381","OK",""
"382","0382","Light Cult Crypto Club #0382","RE-002192","0301-0400","D:\github\ron-english-nfts\light-cult-crypto-club\images\LCCC-0382.png","18590","images/0301-0400/LCCC-0382.png","LCCC-0382.png","D:\github\ron-english-light-cult-0001-1000\images\0301-0400\LCCC-0382.png","items/lccc-0382.html","https://ronenglish-archive.github.io/ron-english-light-cult-0001-1000/items/lccc-0382.html","https://opensea.io/item/ethereum/0xbe85fbd182af91290be7293438ae67549638189f/382","OK",""
"383","0383","Light Cult Crypto Club #0383","RE-002193","0301-0400","","","","","","items/lccc-0383.html","https://ronenglish-archive.github.io/ron-english-light-cult-0001-1000/items/lccc-0383.html","https://opensea.io/item/ethereum/0xbe85fbd182af91290be7293438ae67549638189f/383","MISSING SOURCE IMAGE","No source image found for token #0383"
"384","0384","Light Cult Crypto Club #0384","RE-002194","0301-0400","D:\github\ron-english-nfts\light-cult-crypto-club\images\LCCC-0384.png","28421","images/0301-0400/LCCC-0384.png","LCCC-0384.png","D:\github\ron-english-light-cult-0001-1000\images\0301-0400\LCCC-0384.png","items/lccc-0384.html","https://ronenglish-archive.github.io/ron-english-light-cult-0001-1000/items/lccc-0384.html","https://opensea.io/item/ethereum/0xbe85fbd182af91290be7293438ae67549638189f/384","OK",""
"385","0385","Light Cult Crypto Club #0385","RE-002195","0301-0400","D:\github\ron-english-nfts\light-cult-crypto-club\images\LCCC-0385.png","18231","images/0301-0400/LCCC-0385.png","LCCC-0385.png","D:\github\ron-english-light-cult-0001-1000\images\0301-0400\LCCC-0385.png","items/lccc-0385.html","https://ronenglish-archive.github.io/ron-english-light-cult-0001-1000/items/lccc-0385.html","https://opensea.io/item/ethereum/0xbe85fbd182af91290be7293438ae67549638189f/385","OK",""
"386","0386","Light Cult Crypto Club #0386","RE-002196","0301-0400","D:\github\ron-english-nfts\light-cult-crypto-club\images\LCCC-0386.png","14710","images/0301-0400/LCCC-0386.png","LCCC-0386.png","D:\github\ron-english-light-cult-0001-1000\images\0301-0400\LCCC-0386.png","items/lccc-0386.html","https://ronenglish-archive.github.io/ron-english-light-cult-0001-1000/items/lccc-0386.html","https://opensea.io/item/ethereum/0xbe85fbd182af91290be7293438ae67549638189f/386","OK",""
"387","0387","Light Cult Crypto Club #0387","RE-002197","0301-0400","","","","","","items/lccc-0387.html","https://ronenglish-archive.github.io/ron-english-light-cult-0001-1000/items/lccc-0387.html","https://opensea.io/item/ethereum/0xbe85fbd182af91290be7293438ae67549638189f/387","MISSING SOURCE IMAGE","No source image found for token #0387"
"388","0388","Light Cult Crypto Club #0388","RE-002198","0301-0400","D:\github\ron-english-nfts\light-cult-crypto-club\images\LCCC-0388.png","30004","images/0301-0400/LCCC-0388.png","LCCC-0388.png","D:\github\ron-english-light-cult-0001-1000\images\0301-0400\LCCC-0388.png","items/lccc-0388.html","https://ronenglish-archive.github.io/ron-english-light-cult-0001-1000/items/lccc-0388.html","https://opensea.io/item/ethereum/0xbe85fbd182af91290be7293438ae67549638189f/388","OK",""
"389","0389","Light Cult Crypto Club #0389","RE-002199","0301-0400","D:\github\ron-english-nfts\light-cult-crypto-club\images\LCCC-0389.png","29903","images/0301-0400/LCCC-0389.png","LCCC-0389.png","D:\github\ron-english-light-cult-0001-1000\images\0301-0400\LCCC-0389.png","items/lccc-0389.html","https://ronenglish-archive.github.io/ron-english-light-cult-0001-1000/items/lccc-0389.html","https://opensea.io/item/ethereum/0xbe85fbd182af91290be7293438ae67549638189f/389","OK",""
"390","0390","Light Cult Crypto Club #0390","RE-002200","0301-0400","D:\github\ron-english-nfts\light-cult-crypto-club\images\LCCC-0390.png","11267","images/0301-0400/LCCC-0390.png","LCCC-0390.png","D:\github\ron-english-light-cult-0001-1000\images\0301-0400\LCCC-0390.png","items/lccc-0390.html","https://ronenglish-archive.github.io/ron-english-light-cult-0001-1000/items/lccc-0390.html","https://opensea.io/item/ethereum/0xbe85fbd182af91290be7293438ae67549638189f/390","OK",""
"391","0391","Light Cult Crypto Club #0391","RE-002201","0301-0400","D:\github\ron-english-nfts\light-cult-crypto-club\images\LCCC-0391.png","39588","images/0301-0400/LCCC-0391.png","LCCC-0391.png","D:\github\ron-english-light-cult-0001-1000\images\0301-0400\LCCC-0391.png","items/lccc-0391.html","https://ronenglish-archive.github.io/ron-english-light-cult-0001-1000/items/lccc-0391.html","https://opensea.io/item/ethereum/0xbe85fbd182af91290be7293438ae67549638189f/391","OK",""
"392","0392","Light Cult Crypto Club #0392","RE-002202","0301-0400","D:\github\ron-english-nfts\light-cult-crypto-club\images\LCCC-0392.png","32935","images/0301-0400/LCCC-0392.png","LCCC-0392.png","D:\github\ron-english-light-cult-0001-1000\images\0301-0400\LCCC-0392.png","items/lccc-0392.html","https://ronenglish-archive.github.io/ron-english-light-cult-0001-1000/items/lccc-0392.html","https://opensea.io/item/ethereum/0xbe85fbd182af91290be7293438ae67549638189f/392","OK",""
"393","0393","Light Cult Crypto Club #0393","RE-002203","0301-0400","D:\github\ron-english-nfts\light-cult-crypto-club\images\LCCC-0393.png","32055","images/0301-0400/LCCC-0393.png","LCCC-0393.png","D:\github\ron-english-light-cult-0001-1000\images\0301-0400\LCCC-0393.png","items/lccc-0393.html","https://ronenglish-archive.github.io/ron-english-light-cult-0001-1000/items/lccc-0393.html","https://opensea.io/item/ethereum/0xbe85fbd182af91290be7293438ae67549638189f/393","OK",""
"394","0394","Light Cult Crypto Club #0394","RE-002204","0301-0400","D:\github\ron-english-nfts\light-cult-crypto-club\images\LCCC-0394.png","29803","images/0301-0400/LCCC-0394.png","LCCC-0394.png","D:\github\ron-english-light-cult-0001-1000\images\0301-0400\LCCC-0394.png","items/lccc-0394.html","https://ronenglish-archive.github.io/ron-english-light-cult-0001-1000/items/lccc-0394.html","https://opensea.io/item/ethereum/0xbe85fbd182af91290be7293438ae67549638189f/394","OK",""
"395","0395","Light Cult Crypto Club #0395","RE-002205","0301-0400","D:\github\ron-english-nfts\light-cult-crypto-club\images\LCCC-0395.png","6864","images/0301-0400/LCCC-0395.png","LCCC-0395.png","D:\github\ron-english-light-cult-0001-1000\images\0301-0400\LCCC-0395.png","items/lccc-0395.html","https://ronenglish-archive.github.io/ron-english-light-cult-0001-1000/items/lccc-0395.html","https://opensea.io/item/ethereum/0xbe85fbd182af91290be7293438ae67549638189f/395","OK",""
"396","0396","Light Cult Crypto Club #0396","RE-002206","0301-0400","","","","","","items/lccc-0396.html","https://ronenglish-archive.github.io/ron-english-light-cult-0001-1000/items/lccc-0396.html","https://opensea.io/item/ethereum/0xbe85fbd182af91290be7293438ae67549638189f/396","MISSING SOURCE IMAGE","No source image found for token #0396"
"397","0397","Light Cult Crypto Club #0397","RE-002207","0301-0400","D:\github\ron-english-nfts\light-cult-crypto-club\images\LCCC-0397.png","26342","images/0301-0400/LCCC-0397.png","LCCC-0397.png","D:\github\ron-english-light-cult-0001-1000\images\0301-0400\LCCC-0397.png","items/lccc-0397.html","https://ronenglish-archive.github.io/ron-english-light-cult-0001-1000/items/lccc-0397.html","https://opensea.io/item/ethereum/0xbe85fbd182af91290be7293438ae67549638189f/397","OK",""
"398","0398","Light Cult Crypto Club #0398","RE-002208","0301-0400","D:\github\ron-english-nfts\light-cult-crypto-club\images\LCCC-0398.png","7040","images/0301-0400/LCCC-0398.png","LCCC-0398.png","D:\github\ron-english-light-cult-0001-1000\images\0301-0400\LCCC-0398.png","items/lccc-0398.html","https://ronenglish-archive.github.io/ron-english-light-cult-0001-1000/items/lccc-0398.html","https://opensea.io/item/ethereum/0xbe85fbd182af91290be7293438ae67549638189f/398","OK",""
"399","0399","Light Cult Crypto Club #0399","RE-002209","0301-0400","D:\github\ron-english-nfts\light-cult-crypto-club\images\LCCC-0399.png","8464","images/0301-0400/LCCC-0399.png","LCCC-0399.png","D:\github\ron-english-light-cult-0001-1000\images\0301-0400\LCCC-0399.png","items/lccc-0399.html","https://ronenglish-archive.github.io/ron-english-light-cult-0001-1000/items/lccc-0399.html","https://opensea.io/item/ethereum/0xbe85fbd182af91290be7293438ae67549638189f/399","OK",""
"400","0400","Light Cult Crypto Club #0400","RE-002210","0301-0400","D:\github\ron-english-nfts\light-cult-crypto-club\images\LCCC-0400.png","31120","images/0301-0400/LCCC-0400.png","LCCC-0400.png","D:\github\ron-english-light-cult-0001-1000\images\0301-0400\LCCC-0400.png","items/lccc-0400.html","https://ronenglish-archive.github.io/ron-english-light-cult-0001-1000/items/lccc-0400.html","https://opensea.io/item/ethereum/0xbe85fbd182af91290be7293438ae67549638189f/400","OK",""
"401","0401","Light Cult Crypto Club #0401","RE-002211","0401-0500","D:\github\ron-english-nfts\light-cult-crypto-club\images\LCCC-0401.png","10648","images/0401-0500/LCCC-0401.png","LCCC-0401.png","D:\github\ron-english-light-cult-0001-1000\images\0401-0500\LCCC-0401.png","items/lccc-0401.html","https://ronenglish-archive.github.io/ron-english-light-cult-0001-1000/items/lccc-0401.html","https://opensea.io/item/ethereum/0xbe85fbd182af91290be7293438ae67549638189f/401","OK",""
"402","0402","Light Cult Crypto Club #0402","RE-002212","0401-0500","","","","","","items/lccc-0402.html","https://ronenglish-archive.github.io/ron-english-light-cult-0001-1000/items/lccc-0402.html","https://opensea.io/item/ethereum/0xbe85fbd182af91290be7293438ae67549638189f/402","MISSING SOURCE IMAGE","No source image found for token #0402"
"403","0403","Light Cult Crypto Club #0403","RE-002213","0401-0500","D:\github\ron-english-nfts\light-cult-crypto-club\images\LCCC-0403.png","33466","images/0401-0500/LCCC-0403.png","LCCC-0403.png","D:\github\ron-english-light-cult-0001-1000\images\0401-0500\LCCC-0403.png","items/lccc-0403.html","https://ronenglish-archive.github.io/ron-english-light-cult-0001-1000/items/lccc-0403.html","https://opensea.io/item/ethereum/0xbe85fbd182af91290be7293438ae67549638189f/403","OK",""
"404","0404","Light Cult Crypto Club #0404","RE-002214","0401-0500","D:\github\ron-english-nfts\light-cult-crypto-club\images\LCCC-0404.png","25508","images/0401-0500/LCCC-0404.png","LCCC-0404.png","D:\github\ron-english-light-cult-0001-1000\images\0401-0500\LCCC-0404.png","items/lccc-0404.html","https://ronenglish-archive.github.io/ron-english-light-cult-0001-1000/items/lccc-0404.html","https://opensea.io/item/ethereum/0xbe85fbd182af91290be7293438ae67549638189f/404","OK",""
"405","0405","Light Cult Crypto Club #0405","RE-002215","0401-0500","D:\github\ron-english-nfts\light-cult-crypto-club\images\LCCC-0405.png","12833","images/0401-0500/LCCC-0405.png","LCCC-0405.png","D:\github\ron-english-light-cult-0001-1000\images\0401-0500\LCCC-0405.png","items/lccc-0405.html","https://ronenglish-archive.github.io/ron-english-light-cult-0001-1000/items/lccc-0405.html","https://opensea.io/item/ethereum/0xbe85fbd182af91290be7293438ae67549638189f/405","OK",""
"406","0406","Light Cult Crypto Club #0406","RE-002216","0401-0500","D:\github\ron-english-nfts\light-cult-crypto-club\images\LCCC-0406.png","18070","images/0401-0500/LCCC-0406.png","LCCC-0406.png","D:\github\ron-english-light-cult-0001-1000\images\0401-0500\LCCC-0406.png","items/lccc-0406.html","https://ronenglish-archive.github.io/ron-english-light-cult-0001-1000/items/lccc-0406.html","https://opensea.io/item/ethereum/0xbe85fbd182af91290be7293438ae67549638189f/406","OK",""
"407","0407","Light Cult Crypto Club #0407","RE-002217","0401-0500","D:\github\ron-english-nfts\light-cult-crypto-club\images\LCCC-0407.png","14898","images/0401-0500/LCCC-0407.png","LCCC-0407.png","D:\github\ron-english-light-cult-0001-1000\images\0401-0500\LCCC-0407.png","items/lccc-0407.html","https://ronenglish-archive.github.io/ron-english-light-cult-0001-1000/items/lccc-0407.html","https://opensea.io/item/ethereum/0xbe85fbd182af91290be7293438ae67549638189f/407","OK",""
"408","0408","Light Cult Crypto Club #0408","RE-002218","0401-0500","D:\github\ron-english-nfts\light-cult-crypto-club\images\LCCC-0408.png","35571","images/0401-0500/LCCC-0408.png","LCCC-0408.png","D:\github\ron-english-light-cult-0001-1000\images\0401-0500\LCCC-0408.png","items/lccc-0408.html","https://ronenglish-archive.github.io/ron-english-light-cult-0001-1000/items/lccc-0408.html","https://opensea.io/item/ethereum/0xbe85fbd182af91290be7293438ae67549638189f/408","OK",""
"409","0409","Light Cult Crypto Club #0409","RE-002219","0401-0500","D:\github\ron-english-nfts\light-cult-crypto-club\images\LCCC-0409.png","6908","images/0401-0500/LCCC-0409.png","LCCC-0409.png","D:\github\ron-english-light-cult-0001-1000\images\0401-0500\LCCC-0409.png","items/lccc-0409.html","https://ronenglish-archive.github.io/ron-english-light-cult-0001-1000/items/lccc-0409.html","https://opensea.io/item/ethereum/0xbe85fbd182af91290be7293438ae67549638189f/409","OK",""
"410","0410","Light Cult Crypto Club #0410","RE-002220","0401-0500","D:\github\ron-english-nfts\light-cult-crypto-club\images\LCCC-0410.png","11348","images/0401-0500/LCCC-0410.png","LCCC-0410.png","D:\github\ron-english-light-cult-0001-1000\images\0401-0500\LCCC-0410.png","items/lccc-0410.html","https://ronenglish-archive.github.io/ron-english-light-cult-0001-1000/items/lccc-0410.html","https://opensea.io/item/ethereum/0xbe85fbd182af91290be7293438ae67549638189f/410","OK",""
"411","0411","Light Cult Crypto Club #0411","RE-002221","0401-0500","D:\github\ron-english-nfts\light-cult-crypto-club\images\LCCC-0411.png","11206","images/0401-0500/LCCC-0411.png","LCCC-0411.png","D:\github\ron-english-light-cult-0001-1000\images\0401-0500\LCCC-0411.png","items/lccc-0411.html","https://ronenglish-archive.github.io/ron-english-light-cult-0001-1000/items/lccc-0411.html","https://opensea.io/item/ethereum/0xbe85fbd182af91290be7293438ae67549638189f/411","OK",""
"412","0412","Light Cult Crypto Club #0412","RE-002222","0401-0500","D:\github\ron-english-nfts\light-cult-crypto-club\images\LCCC-0412.png","4115","images/0401-0500/LCCC-0412.png","LCCC-0412.png","D:\github\ron-english-light-cult-0001-1000\images\0401-0500\LCCC-0412.png","items/lccc-0412.html","https://ronenglish-archive.github.io/ron-english-light-cult-0001-1000/items/lccc-0412.html","https://opensea.io/item/ethereum/0xbe85fbd182af91290be7293438ae67549638189f/412","OK",""
"413","0413","Light Cult Crypto Club #0413","RE-002223","0401-0500","D:\github\ron-english-nfts\light-cult-crypto-club\images\LCCC-0413.png","28547","images/0401-0500/LCCC-0413.png","LCCC-0413.png","D:\github\ron-english-light-cult-0001-1000\images\0401-0500\LCCC-0413.png","items/lccc-0413.html","https://ronenglish-archive.github.io/ron-english-light-cult-0001-1000/items/lccc-0413.html","https://opensea.io/item/ethereum/0xbe85fbd182af91290be7293438ae67549638189f/413","OK",""
"414","0414","Light Cult Crypto Club #0414","RE-002224","0401-0500","D:\github\ron-english-nfts\light-cult-crypto-club\images\LCCC-0414.png","15997","images/0401-0500/LCCC-0414.png","LCCC-0414.png","D:\github\ron-english-light-cult-0001-1000\images\0401-0500\LCCC-0414.png","items/lccc-0414.html","https://ronenglish-archive.github.io/ron-english-light-cult-0001-1000/items/lccc-0414.html","https://opensea.io/item/ethereum/0xbe85fbd182af91290be7293438ae67549638189f/414","OK",""
"415","0415","Light Cult Crypto Club #0415","RE-002225","0401-0500","D:\github\ron-english-nfts\light-cult-crypto-club\images\LCCC-0415.png","34798","images/0401-0500/LCCC-0415.png","LCCC-0415.png","D:\github\ron-english-light-cult-0001-1000\images\0401-0500\LCCC-0415.png","items/lccc-0415.html","https://ronenglish-archive.github.io/ron-english-light-cult-0001-1000/items/lccc-0415.html","https://opensea.io/item/ethereum/0xbe85fbd182af91290be7293438ae67549638189f/415","OK",""
"416","0416","Light Cult Crypto Club #0416","RE-002226","0401-0500","","","","","","items/lccc-0416.html","https://ronenglish-archive.github.io/ron-english-light-cult-0001-1000/items/lccc-0416.html","https://opensea.io/item/ethereum/0xbe85fbd182af91290be7293438ae67549638189f/416","MISSING SOURCE IMAGE","No source image found for token #0416"
"417","0417","Light Cult Crypto Club #0417","RE-002227","0401-0500","D:\github\ron-english-nfts\light-cult-crypto-club\images\LCCC-0417.png","13540","images/0401-0500/LCCC-0417.png","LCCC-0417.png","D:\github\ron-english-light-cult-0001-1000\images\0401-0500\LCCC-0417.png","items/lccc-0417.html","https://ronenglish-archive.github.io/ron-english-light-cult-0001-1000/items/lccc-0417.html","https://opensea.io/item/ethereum/0xbe85fbd182af91290be7293438ae67549638189f/417","OK",""
"418","0418","Light Cult Crypto Club #0418","RE-002228","0401-0500","D:\github\ron-english-nfts\light-cult-crypto-club\images\LCCC-0418.png","15527","images/0401-0500/LCCC-0418.png","LCCC-0418.png","D:\github\ron-english-light-cult-0001-1000\images\0401-0500\LCCC-0418.png","items/lccc-0418.html","https://ronenglish-archive.github.io/ron-english-light-cult-0001-1000/items/lccc-0418.html","https://opensea.io/item/ethereum/0xbe85fbd182af91290be7293438ae67549638189f/418","OK",""
"419","0419","Light Cult Crypto Club #0419","RE-002229","0401-0500","D:\github\ron-english-nfts\light-cult-crypto-club\images\LCCC-0419.png","9268","images/0401-0500/LCCC-0419.png","LCCC-0419.png","D:\github\ron-english-light-cult-0001-1000\images\0401-0500\LCCC-0419.png","items/lccc-0419.html","https://ronenglish-archive.github.io/ron-english-light-cult-0001-1000/items/lccc-0419.html","https://opensea.io/item/ethereum/0xbe85fbd182af91290be7293438ae67549638189f/419","OK",""
"420","0420","Light Cult Crypto Club #0420","RE-002230","0401-0500","D:\github\ron-english-nfts\light-cult-crypto-club\images\LCCC-0420.png","36831","images/0401-0500/LCCC-0420.png","LCCC-0420.png","D:\github\ron-english-light-cult-0001-1000\images\0401-0500\LCCC-0420.png","items/lccc-0420.html","https://ronenglish-archive.github.io/ron-english-light-cult-0001-1000/items/lccc-0420.html","https://opensea.io/item/ethereum/0xbe85fbd182af91290be7293438ae67549638189f/420","OK",""
"421","0421","Light Cult Crypto Club #0421","RE-002231","0401-0500","D:\github\ron-english-nfts\light-cult-crypto-club\images\LCCC-0421.png","10065","images/0401-0500/LCCC-0421.png","LCCC-0421.png","D:\github\ron-english-light-cult-0001-1000\images\0401-0500\LCCC-0421.png","items/lccc-0421.html","https://ronenglish-archive.github.io/ron-english-light-cult-0001-1000/items/lccc-0421.html","https://opensea.io/item/ethereum/0xbe85fbd182af91290be7293438ae67549638189f/421","OK",""
"422","0422","Light Cult Crypto Club #0422","RE-002232","0401-0500","D:\github\ron-english-nfts\light-cult-crypto-club\images\LCCC-0422.png","13171","images/0401-0500/LCCC-0422.png","LCCC-0422.png","D:\github\ron-english-light-cult-0001-1000\images\0401-0500\LCCC-0422.png","items/lccc-0422.html","https://ronenglish-archive.github.io/ron-english-light-cult-0001-1000/items/lccc-0422.html","https://opensea.io/item/ethereum/0xbe85fbd182af91290be7293438ae67549638189f/422","OK",""
"423","0423","Light Cult Crypto Club #0423","RE-002233","0401-0500","D:\github\ron-english-nfts\light-cult-crypto-club\images\LCCC-0423.png","5348","images/0401-0500/LCCC-0423.png","LCCC-0423.png","D:\github\ron-english-light-cult-0001-1000\images\0401-0500\LCCC-0423.png","items/lccc-0423.html","https://ronenglish-archive.github.io/ron-english-light-cult-0001-1000/items/lccc-0423.html","https://opensea.io/item/ethereum/0xbe85fbd182af91290be7293438ae67549638189f/423","OK",""
"424","0424","Light Cult Crypto Club #0424","RE-002234","0401-0500","D:\github\ron-english-nfts\light-cult-crypto-club\images\LCCC-0424.png","34357","images/0401-0500/LCCC-0424.png","LCCC-0424.png","D:\github\ron-english-light-cult-0001-1000\images\0401-0500\LCCC-0424.png","items/lccc-0424.html","https://ronenglish-archive.github.io/ron-english-light-cult-0001-1000/items/lccc-0424.html","https://opensea.io/item/ethereum/0xbe85fbd182af91290be7293438ae67549638189f/424","OK",""
"425","0425","Light Cult Crypto Club #0425","RE-002235","0401-0500","D:\github\ron-english-nfts\light-cult-crypto-club\images\LCCC-0425.png","11894","images/0401-0500/LCCC-0425.png","LCCC-0425.png","D:\github\ron-english-light-cult-0001-1000\images\0401-0500\LCCC-0425.png","items/lccc-0425.html","https://ronenglish-archive.github.io/ron-english-light-cult-0001-1000/items/lccc-0425.html","https://opensea.io/item/ethereum/0xbe85fbd182af91290be7293438ae67549638189f/425","OK",""
"426","0426","Light Cult Crypto Club #0426","RE-002236","0401-0500","D:\github\ron-english-nfts\light-cult-crypto-club\images\LCCC-0426.png","8751","images/0401-0500/LCCC-0426.png","LCCC-0426.png","D:\github\ron-english-light-cult-0001-1000\images\0401-0500\LCCC-0426.png","items/lccc-0426.html","https://ronenglish-archive.github.io/ron-english-light-cult-0001-1000/items/lccc-0426.html","https://opensea.io/item/ethereum/0xbe85fbd182af91290be7293438ae67549638189f/426","OK",""
"427","0427","Light Cult Crypto Club #0427","RE-002237","0401-0500","D:\github\ron-english-nfts\light-cult-crypto-club\images\LCCC-0427.png","25842","images/0401-0500/LCCC-0427.png","LCCC-0427.png","D:\github\ron-english-light-cult-0001-1000\images\0401-0500\LCCC-0427.png","items/lccc-0427.html","https://ronenglish-archive.github.io/ron-english-light-cult-0001-1000/items/lccc-0427.html","https://opensea.io/item/ethereum/0xbe85fbd182af91290be7293438ae67549638189f/427","OK",""
"428","0428","Light Cult Crypto Club #0428","RE-002238","0401-0500","","","","","","items/lccc-0428.html","https://ronenglish-archive.github.io/ron-english-light-cult-0001-1000/items/lccc-0428.html","https://opensea.io/item/ethereum/0xbe85fbd182af91290be7293438ae67549638189f/428","MISSING SOURCE IMAGE","No source image found for token #0428"
"429","0429","Light Cult Crypto Club #0429","RE-002239","0401-0500","D:\github\ron-english-nfts\light-cult-crypto-club\images\LCCC-0429.png","27287","images/0401-0500/LCCC-0429.png","LCCC-0429.png","D:\github\ron-english-light-cult-0001-1000\images\0401-0500\LCCC-0429.png","items/lccc-0429.html","https://ronenglish-archive.github.io/ron-english-light-cult-0001-1000/items/lccc-0429.html","https://opensea.io/item/ethereum/0xbe85fbd182af91290be7293438ae67549638189f/429","OK",""
"430","0430","Light Cult Crypto Club #0430","RE-002240","0401-0500","D:\github\ron-english-nfts\light-cult-crypto-club\images\LCCC-0430.png","13806","images/0401-0500/LCCC-0430.png","LCCC-0430.png","D:\github\ron-english-light-cult-0001-1000\images\0401-0500\LCCC-0430.png","items/lccc-0430.html","https://ronenglish-archive.github.io/ron-english-light-cult-0001-1000/items/lccc-0430.html","https://opensea.io/item/ethereum/0xbe85fbd182af91290be7293438ae67549638189f/430","OK",""
"431","0431","Light Cult Crypto Club #0431","RE-002241","0401-0500","D:\github\ron-english-nfts\light-cult-crypto-club\images\LCCC-0431.png","13491","images/0401-0500/LCCC-0431.png","LCCC-0431.png","D:\github\ron-english-light-cult-0001-1000\images\0401-0500\LCCC-0431.png","items/lccc-0431.html","https://ronenglish-archive.github.io/ron-english-light-cult-0001-1000/items/lccc-0431.html","https://opensea.io/item/ethereum/0xbe85fbd182af91290be7293438ae67549638189f/431","OK",""
"432","0432","Light Cult Crypto Club #0432","RE-002242","0401-0500","D:\github\ron-english-nfts\light-cult-crypto-club\images\LCCC-0432.png","34689","images/0401-0500/LCCC-0432.png","LCCC-0432.png","D:\github\ron-english-light-cult-0001-1000\images\0401-0500\LCCC-0432.png","items/lccc-0432.html","https://ronenglish-archive.github.io/ron-english-light-cult-0001-1000/items/lccc-0432.html","https://opensea.io/item/ethereum/0xbe85fbd182af91290be7293438ae67549638189f/432","OK",""
"433","0433","Light Cult Crypto Club #0433","RE-002243","0401-0500","D:\github\ron-english-nfts\light-cult-crypto-club\images\LCCC-0433.png","7577","images/0401-0500/LCCC-0433.png","LCCC-0433.png","D:\github\ron-english-light-cult-0001-1000\images\0401-0500\LCCC-0433.png","items/lccc-0433.html","https://ronenglish-archive.github.io/ron-english-light-cult-0001-1000/items/lccc-0433.html","https://opensea.io/item/ethereum/0xbe85fbd182af91290be7293438ae67549638189f/433","OK",""
"434","0434","Light Cult Crypto Club #0434","RE-002244","0401-0500","D:\github\ron-english-nfts\light-cult-crypto-club\images\LCCC-0434.png","22725","images/0401-0500/LCCC-0434.png","LCCC-0434.png","D:\github\ron-english-light-cult-0001-1000\images\0401-0500\LCCC-0434.png","items/lccc-0434.html","https://ronenglish-archive.github.io/ron-english-light-cult-0001-1000/items/lccc-0434.html","https://opensea.io/item/ethereum/0xbe85fbd182af91290be7293438ae67549638189f/434","OK",""
"435","0435","Light Cult Crypto Club #0435","RE-002245","0401-0500","","","","","","items/lccc-0435.html","https://ronenglish-archive.github.io/ron-english-light-cult-0001-1000/items/lccc-0435.html","https://opensea.io/item/ethereum/0xbe85fbd182af91290be7293438ae67549638189f/435","MISSING SOURCE IMAGE","No source image found for token #0435"
"436","0436","Light Cult Crypto Club #0436","RE-002246","0401-0500","D:\github\ron-english-nfts\light-cult-crypto-club\images\LCCC-0436.png","13570","images/0401-0500/LCCC-0436.png","LCCC-0436.png","D:\github\ron-english-light-cult-0001-1000\images\0401-0500\LCCC-0436.png","items/lccc-0436.html","https://ronenglish-archive.github.io/ron-english-light-cult-0001-1000/items/lccc-0436.html","https://opensea.io/item/ethereum/0xbe85fbd182af91290be7293438ae67549638189f/436","OK",""
"437","0437","Light Cult Crypto Club #0437","RE-002247","0401-0500","D:\github\ron-english-nfts\light-cult-crypto-club\images\LCCC-0437.png","11375","images/0401-0500/LCCC-0437.png","LCCC-0437.png","D:\github\ron-english-light-cult-0001-1000\images\0401-0500\LCCC-0437.png","items/lccc-0437.html","https://ronenglish-archive.github.io/ron-english-light-cult-0001-1000/items/lccc-0437.html","https://opensea.io/item/ethereum/0xbe85fbd182af91290be7293438ae67549638189f/437","OK",""
"438","0438","Light Cult Crypto Club #0438","RE-002248","0401-0500","D:\github\ron-english-nfts\light-cult-crypto-club\images\LCCC-0438.png","14651","images/0401-0500/LCCC-0438.png","LCCC-0438.png","D:\github\ron-english-light-cult-0001-1000\images\0401-0500\LCCC-0438.png","items/lccc-0438.html","https://ronenglish-archive.github.io/ron-english-light-cult-0001-1000/items/lccc-0438.html","https://opensea.io/item/ethereum/0xbe85fbd182af91290be7293438ae67549638189f/438","OK",""
"439","0439","Light Cult Crypto Club #0439","RE-002249","0401-0500","","","","","","items/lccc-0439.html","https://ronenglish-archive.github.io/ron-english-light-cult-0001-1000/items/lccc-0439.html","https://opensea.io/item/ethereum/0xbe85fbd182af91290be7293438ae67549638189f/439","MISSING SOURCE IMAGE","No source image found for token #0439"
"440","0440","Light Cult Crypto Club #0440","RE-002250","0401-0500","D:\github\ron-english-nfts\light-cult-crypto-club\images\LCCC-0440.png","40707","images/0401-0500/LCCC-0440.png","LCCC-0440.png","D:\github\ron-english-light-cult-0001-1000\images\0401-0500\LCCC-0440.png","items/lccc-0440.html","https://ronenglish-archive.github.io/ron-english-light-cult-0001-1000/items/lccc-0440.html","https://opensea.io/item/ethereum/0xbe85fbd182af91290be7293438ae67549638189f/440","OK",""
"441","0441","Light Cult Crypto Club #0441","RE-002251","0401-0500","D:\github\ron-english-nfts\light-cult-crypto-club\images\LCCC-0441.png","11624","images/0401-0500/LCCC-0441.png","LCCC-0441.png","D:\github\ron-english-light-cult-0001-1000\images\0401-0500\LCCC-0441.png","items/lccc-0441.html","https://ronenglish-archive.github.io/ron-english-light-cult-0001-1000/items/lccc-0441.html","https://opensea.io/item/ethereum/0xbe85fbd182af91290be7293438ae67549638189f/441","OK",""
"442","0442","Light Cult Crypto Club #0442","RE-002252","0401-0500","D:\github\ron-english-nfts\light-cult-crypto-club\images\LCCC-0442.png","7808","images/0401-0500/LCCC-0442.png","LCCC-0442.png","D:\github\ron-english-light-cult-0001-1000\images\0401-0500\LCCC-0442.png","items/lccc-0442.html","https://ronenglish-archive.github.io/ron-english-light-cult-0001-1000/items/lccc-0442.html","https://opensea.io/item/ethereum/0xbe85fbd182af91290be7293438ae67549638189f/442","OK",""
"443","0443","Light Cult Crypto Club #0443","RE-002253","0401-0500","D:\github\ron-english-nfts\light-cult-crypto-club\images\LCCC-0443.png","14064","images/0401-0500/LCCC-0443.png","LCCC-0443.png","D:\github\ron-english-light-cult-0001-1000\images\0401-0500\LCCC-0443.png","items/lccc-0443.html","https://ronenglish-archive.github.io/ron-english-light-cult-0001-1000/items/lccc-0443.html","https://opensea.io/item/ethereum/0xbe85fbd182af91290be7293438ae67549638189f/443","OK",""
"444","0444","Light Cult Crypto Club #0444","RE-002254","0401-0500","D:\github\ron-english-nfts\light-cult-crypto-club\images\LCCC-0444.png","24183","images/0401-0500/LCCC-0444.png","LCCC-0444.png","D:\github\ron-english-light-cult-0001-1000\images\0401-0500\LCCC-0444.png","items/lccc-0444.html","https://ronenglish-archive.github.io/ron-english-light-cult-0001-1000/items/lccc-0444.html","https://opensea.io/item/ethereum/0xbe85fbd182af91290be7293438ae67549638189f/444","OK",""
"445","0445","Light Cult Crypto Club #0445","RE-002255","0401-0500","","","","","","items/lccc-0445.html","https://ronenglish-archive.github.io/ron-english-light-cult-0001-1000/items/lccc-0445.html","https://opensea.io/item/ethereum/0xbe85fbd182af91290be7293438ae67549638189f/445","MISSING SOURCE IMAGE","No source image found for token #0445"
"446","0446","Light Cult Crypto Club #0446","RE-002256","0401-0500","D:\github\ron-english-nfts\light-cult-crypto-club\images\LCCC-0446.png","21206","images/0401-0500/LCCC-0446.png","LCCC-0446.png","D:\github\ron-english-light-cult-0001-1000\images\0401-0500\LCCC-0446.png","items/lccc-0446.html","https://ronenglish-archive.github.io/ron-english-light-cult-0001-1000/items/lccc-0446.html","https://opensea.io/item/ethereum/0xbe85fbd182af91290be7293438ae67549638189f/446","OK",""
"447","0447","Light Cult Crypto Club #0447","RE-002257","0401-0500","D:\github\ron-english-nfts\light-cult-crypto-club\images\LCCC-0447.png","12545","images/0401-0500/LCCC-0447.png","LCCC-0447.png","D:\github\ron-english-light-cult-0001-1000\images\0401-0500\LCCC-0447.png","items/lccc-0447.html","https://ronenglish-archive.github.io/ron-english-light-cult-0001-1000/items/lccc-0447.html","https://opensea.io/item/ethereum/0xbe85fbd182af91290be7293438ae67549638189f/447","OK",""
"448","0448","Light Cult Crypto Club #0448","RE-002258","0401-0500","D:\github\ron-english-nfts\light-cult-crypto-club\images\LCCC-0448.png","15903","images/0401-0500/LCCC-0448.png","LCCC-0448.png","D:\github\ron-english-light-cult-0001-1000\images\0401-0500\LCCC-0448.png","items/lccc-0448.html","https://ronenglish-archive.github.io/ron-english-light-cult-0001-1000/items/lccc-0448.html","https://opensea.io/item/ethereum/0xbe85fbd182af91290be7293438ae67549638189f/448","OK",""
"449","0449","Light Cult Crypto Club #0449","RE-002259","0401-0500","D:\github\ron-english-nfts\light-cult-crypto-club\images\LCCC-0449.png","9597","images/0401-0500/LCCC-0449.png","LCCC-0449.png","D:\github\ron-english-light-cult-0001-1000\images\0401-0500\LCCC-0449.png","items/lccc-0449.html","https://ronenglish-archive.github.io/ron-english-light-cult-0001-1000/items/lccc-0449.html","https://opensea.io/item/ethereum/0xbe85fbd182af91290be7293438ae67549638189f/449","OK",""
"450","0450","Light Cult Crypto Club #0450","RE-002260","0401-0500","D:\github\ron-english-nfts\light-cult-crypto-club\images\LCCC-0450.png","14742","images/0401-0500/LCCC-0450.png","LCCC-0450.png","D:\github\ron-english-light-cult-0001-1000\images\0401-0500\LCCC-0450.png","items/lccc-0450.html","https://ronenglish-archive.github.io/ron-english-light-cult-0001-1000/items/lccc-0450.html","https://opensea.io/item/ethereum/0xbe85fbd182af91290be7293438ae67549638189f/450","OK",""
"451","0451","Light Cult Crypto Club #0451","RE-002261","0401-0500","D:\github\ron-english-nfts\light-cult-crypto-club\images\LCCC-0451.png","27117","images/0401-0500/LCCC-0451.png","LCCC-0451.png","D:\github\ron-english-light-cult-0001-1000\images\0401-0500\LCCC-0451.png","items/lccc-0451.html","https://ronenglish-archive.github.io/ron-english-light-cult-0001-1000/items/lccc-0451.html","https://opensea.io/item/ethereum/0xbe85fbd182af91290be7293438ae67549638189f/451","OK",""
"452","0452","Light Cult Crypto Club #0452","RE-002262","0401-0500","D:\github\ron-english-nfts\light-cult-crypto-club\images\LCCC-0452.png","17866","images/0401-0500/LCCC-0452.png","LCCC-0452.png","D:\github\ron-english-light-cult-0001-1000\images\0401-0500\LCCC-0452.png","items/lccc-0452.html","https://ronenglish-archive.github.io/ron-english-light-cult-0001-1000/items/lccc-0452.html","https://opensea.io/item/ethereum/0xbe85fbd182af91290be7293438ae67549638189f/452","OK",""
"453","0453","Light Cult Crypto Club #0453","RE-002263","0401-0500","D:\github\ron-english-nfts\light-cult-crypto-club\images\LCCC-0453.png","16655","images/0401-0500/LCCC-0453.png","LCCC-0453.png","D:\github\ron-english-light-cult-0001-1000\images\0401-0500\LCCC-0453.png","items/lccc-0453.html","https://ronenglish-archive.github.io/ron-english-light-cult-0001-1000/items/lccc-0453.html","https://opensea.io/item/ethereum/0xbe85fbd182af91290be7293438ae67549638189f/453","OK",""
"454","0454","Light Cult Crypto Club #0454","RE-002264","0401-0500","","","","","","items/lccc-0454.html","https://ronenglish-archive.github.io/ron-english-light-cult-0001-1000/items/lccc-0454.html","https://opensea.io/item/ethereum/0xbe85fbd182af91290be7293438ae67549638189f/454","MISSING SOURCE IMAGE","No source image found for token #0454"
"455","0455","Light Cult Crypto Club #0455","RE-002265","0401-0500","D:\github\ron-english-nfts\light-cult-crypto-club\images\LCCC-0455.png","20535","images/0401-0500/LCCC-0455.png","LCCC-0455.png","D:\github\ron-english-light-cult-0001-1000\images\0401-0500\LCCC-0455.png","items/lccc-0455.html","https://ronenglish-archive.github.io/ron-english-light-cult-0001-1000/items/lccc-0455.html","https://opensea.io/item/ethereum/0xbe85fbd182af91290be7293438ae67549638189f/455","OK",""
"456","0456","Light Cult Crypto Club #0456","RE-002266","0401-0500","D:\github\ron-english-nfts\light-cult-crypto-club\images\LCCC-0456.png","11781","images/0401-0500/LCCC-0456.png","LCCC-0456.png","D:\github\ron-english-light-cult-0001-1000\images\0401-0500\LCCC-0456.png","items/lccc-0456.html","https://ronenglish-archive.github.io/ron-english-light-cult-0001-1000/items/lccc-0456.html","https://opensea.io/item/ethereum/0xbe85fbd182af91290be7293438ae67549638189f/456","OK",""
"457","0457","Light Cult Crypto Club #0457","RE-002267","0401-0500","D:\github\ron-english-nfts\light-cult-crypto-club\images\LCCC-0457.png","17842","images/0401-0500/LCCC-0457.png","LCCC-0457.png","D:\github\ron-english-light-cult-0001-1000\images\0401-0500\LCCC-0457.png","items/lccc-0457.html","https://ronenglish-archive.github.io/ron-english-light-cult-0001-1000/items/lccc-0457.html","https://opensea.io/item/ethereum/0xbe85fbd182af91290be7293438ae67549638189f/457","OK",""
"458","0458","Light Cult Crypto Club #0458","RE-002268","0401-0500","D:\github\ron-english-nfts\light-cult-crypto-club\images\LCCC-0458.png","31266","images/0401-0500/LCCC-0458.png","LCCC-0458.png","D:\github\ron-english-light-cult-0001-1000\images\0401-0500\LCCC-0458.png","items/lccc-0458.html","https://ronenglish-archive.github.io/ron-english-light-cult-0001-1000/items/lccc-0458.html","https://opensea.io/item/ethereum/0xbe85fbd182af91290be7293438ae67549638189f/458","OK",""
"459","0459","Light Cult Crypto Club #0459","RE-002269","0401-0500","D:\github\ron-english-nfts\light-cult-crypto-club\images\LCCC-0459.png","15502","images/0401-0500/LCCC-0459.png","LCCC-0459.png","D:\github\ron-english-light-cult-0001-1000\images\0401-0500\LCCC-0459.png","items/lccc-0459.html","https://ronenglish-archive.github.io/ron-english-light-cult-0001-1000/items/lccc-0459.html","https://opensea.io/item/ethereum/0xbe85fbd182af91290be7293438ae67549638189f/459","OK",""
"460","0460","Light Cult Crypto Club #0460","RE-002270","0401-0500","","","","","","items/lccc-0460.html","https://ronenglish-archive.github.io/ron-english-light-cult-0001-1000/items/lccc-0460.html","https://opensea.io/item/ethereum/0xbe85fbd182af91290be7293438ae67549638189f/460","MISSING SOURCE IMAGE","No source image found for token #0460"
"461","0461","Light Cult Crypto Club #0461","RE-002271","0401-0500","D:\github\ron-english-nfts\light-cult-crypto-club\images\LCCC-0461.png","39334","images/0401-0500/LCCC-0461.png","LCCC-0461.png","D:\github\ron-english-light-cult-0001-1000\images\0401-0500\LCCC-0461.png","items/lccc-0461.html","https://ronenglish-archive.github.io/ron-english-light-cult-0001-1000/items/lccc-0461.html","https://opensea.io/item/ethereum/0xbe85fbd182af91290be7293438ae67549638189f/461","OK",""
"462","0462","Light Cult Crypto Club #0462","RE-002272","0401-0500","D:\github\ron-english-nfts\light-cult-crypto-club\images\LCCC-0462.png","16628","images/0401-0500/LCCC-0462.png","LCCC-0462.png","D:\github\ron-english-light-cult-0001-1000\images\0401-0500\LCCC-0462.png","items/lccc-0462.html","https://ronenglish-archive.github.io/ron-english-light-cult-0001-1000/items/lccc-0462.html","https://opensea.io/item/ethereum/0xbe85fbd182af91290be7293438ae67549638189f/462","OK",""
"463","0463","Light Cult Crypto Club #0463","RE-002273","0401-0500","D:\github\ron-english-nfts\light-cult-crypto-club\images\LCCC-0463.png","4194","images/0401-0500/LCCC-0463.png","LCCC-0463.png","D:\github\ron-english-light-cult-0001-1000\images\0401-0500\LCCC-0463.png","items/lccc-0463.html","https://ronenglish-archive.github.io/ron-english-light-cult-0001-1000/items/lccc-0463.html","https://opensea.io/item/ethereum/0xbe85fbd182af91290be7293438ae67549638189f/463","OK",""
"464","0464","Light Cult Crypto Club #0464","RE-002274","0401-0500","D:\github\ron-english-nfts\light-cult-crypto-club\images\LCCC-0464.png","28813","images/0401-0500/LCCC-0464.png","LCCC-0464.png","D:\github\ron-english-light-cult-0001-1000\images\0401-0500\LCCC-0464.png","items/lccc-0464.html","https://ronenglish-archive.github.io/ron-english-light-cult-0001-1000/items/lccc-0464.html","https://opensea.io/item/ethereum/0xbe85fbd182af91290be7293438ae67549638189f/464","OK",""
"465","0465","Light Cult Crypto Club #0465","RE-002275","0401-0500","D:\github\ron-english-nfts\light-cult-crypto-club\images\LCCC-0465.png","11872","images/0401-0500/LCCC-0465.png","LCCC-0465.png","D:\github\ron-english-light-cult-0001-1000\images\0401-0500\LCCC-0465.png","items/lccc-0465.html","https://ronenglish-archive.github.io/ron-english-light-cult-0001-1000/items/lccc-0465.html","https://opensea.io/item/ethereum/0xbe85fbd182af91290be7293438ae67549638189f/465","OK",""
"466","0466","Light Cult Crypto Club #0466","RE-002276","0401-0500","D:\github\ron-english-nfts\light-cult-crypto-club\images\LCCC-0466.png","15611","images/0401-0500/LCCC-0466.png","LCCC-0466.png","D:\github\ron-english-light-cult-0001-1000\images\0401-0500\LCCC-0466.png","items/lccc-0466.html","https://ronenglish-archive.github.io/ron-english-light-cult-0001-1000/items/lccc-0466.html","https://opensea.io/item/ethereum/0xbe85fbd182af91290be7293438ae67549638189f/466","OK",""
"467","0467","Light Cult Crypto Club #0467","RE-002277","0401-0500","D:\github\ron-english-nfts\light-cult-crypto-club\images\LCCC-0467.png","6252","images/0401-0500/LCCC-0467.png","LCCC-0467.png","D:\github\ron-english-light-cult-0001-1000\images\0401-0500\LCCC-0467.png","items/lccc-0467.html","https://ronenglish-archive.github.io/ron-english-light-cult-0001-1000/items/lccc-0467.html","https://opensea.io/item/ethereum/0xbe85fbd182af91290be7293438ae67549638189f/467","OK",""
"468","0468","Light Cult Crypto Club #0468","RE-002278","0401-0500","D:\github\ron-english-nfts\light-cult-crypto-club\images\LCCC-0468.png","29128","images/0401-0500/LCCC-0468.png","LCCC-0468.png","D:\github\ron-english-light-cult-0001-1000\images\0401-0500\LCCC-0468.png","items/lccc-0468.html","https://ronenglish-archive.github.io/ron-english-light-cult-0001-1000/items/lccc-0468.html","https://opensea.io/item/ethereum/0xbe85fbd182af91290be7293438ae67549638189f/468","OK",""
"469","0469","Light Cult Crypto Club #0469","RE-002279","0401-0500","D:\github\ron-english-nfts\light-cult-crypto-club\images\LCCC-0469.png","6285","images/0401-0500/LCCC-0469.png","LCCC-0469.png","D:\github\ron-english-light-cult-0001-1000\images\0401-0500\LCCC-0469.png","items/lccc-0469.html","https://ronenglish-archive.github.io/ron-english-light-cult-0001-1000/items/lccc-0469.html","https://opensea.io/item/ethereum/0xbe85fbd182af91290be7293438ae67549638189f/469","OK",""
"470","0470","Light Cult Crypto Club #0470","RE-002280","0401-0500","D:\github\ron-english-nfts\light-cult-crypto-club\images\LCCC-0470.png","12803","images/0401-0500/LCCC-0470.png","LCCC-0470.png","D:\github\ron-english-light-cult-0001-1000\images\0401-0500\LCCC-0470.png","items/lccc-0470.html","https://ronenglish-archive.github.io/ron-english-light-cult-0001-1000/items/lccc-0470.html","https://opensea.io/item/ethereum/0xbe85fbd182af91290be7293438ae67549638189f/470","OK",""
"471","0471","Light Cult Crypto Club #0471","RE-002281","0401-0500","D:\github\ron-english-nfts\light-cult-crypto-club\images\LCCC-0471.png","38379","images/0401-0500/LCCC-0471.png","LCCC-0471.png","D:\github\ron-english-light-cult-0001-1000\images\0401-0500\LCCC-0471.png","items/lccc-0471.html","https://ronenglish-archive.github.io/ron-english-light-cult-0001-1000/items/lccc-0471.html","https://opensea.io/item/ethereum/0xbe85fbd182af91290be7293438ae67549638189f/471","OK",""
"472","0472","Light Cult Crypto Club #0472","RE-002282","0401-0500","","","","","","items/lccc-0472.html","https://ronenglish-archive.github.io/ron-english-light-cult-0001-1000/items/lccc-0472.html","https://opensea.io/item/ethereum/0xbe85fbd182af91290be7293438ae67549638189f/472","MISSING SOURCE IMAGE","No source image found for token #0472"
"473","0473","Light Cult Crypto Club #0473","RE-002283","0401-0500","D:\github\ron-english-nfts\light-cult-crypto-club\images\LCCC-0473.png","27558","images/0401-0500/LCCC-0473.png","LCCC-0473.png","D:\github\ron-english-light-cult-0001-1000\images\0401-0500\LCCC-0473.png","items/lccc-0473.html","https://ronenglish-archive.github.io/ron-english-light-cult-0001-1000/items/lccc-0473.html","https://opensea.io/item/ethereum/0xbe85fbd182af91290be7293438ae67549638189f/473","OK",""
"474","0474","Light Cult Crypto Club #0474","RE-002284","0401-0500","","","","","","items/lccc-0474.html","https://ronenglish-archive.github.io/ron-english-light-cult-0001-1000/items/lccc-0474.html","https://opensea.io/item/ethereum/0xbe85fbd182af91290be7293438ae67549638189f/474","MISSING SOURCE IMAGE","No source image found for token #0474"
"475","0475","Light Cult Crypto Club #0475","RE-002285","0401-0500","D:\github\ron-english-nfts\light-cult-crypto-club\images\LCCC-0475.png","10161","images/0401-0500/LCCC-0475.png","LCCC-0475.png","D:\github\ron-english-light-cult-0001-1000\images\0401-0500\LCCC-0475.png","items/lccc-0475.html","https://ronenglish-archive.github.io/ron-english-light-cult-0001-1000/items/lccc-0475.html","https://opensea.io/item/ethereum/0xbe85fbd182af91290be7293438ae67549638189f/475","OK",""
"476","0476","Light Cult Crypto Club #0476","RE-002286","0401-0500","D:\github\ron-english-nfts\light-cult-crypto-club\images\LCCC-0476.png","32081","images/0401-0500/LCCC-0476.png","LCCC-0476.png","D:\github\ron-english-light-cult-0001-1000\images\0401-0500\LCCC-0476.png","items/lccc-0476.html","https://ronenglish-archive.github.io/ron-english-light-cult-0001-1000/items/lccc-0476.html","https://opensea.io/item/ethereum/0xbe85fbd182af91290be7293438ae67549638189f/476","OK",""
"477","0477","Light Cult Crypto Club #0477","RE-002287","0401-0500","D:\github\ron-english-nfts\light-cult-crypto-club\images\LCCC-0477.png","20802","images/0401-0500/LCCC-0477.png","LCCC-0477.png","D:\github\ron-english-light-cult-0001-1000\images\0401-0500\LCCC-0477.png","items/lccc-0477.html","https://ronenglish-archive.github.io/ron-english-light-cult-0001-1000/items/lccc-0477.html","https://opensea.io/item/ethereum/0xbe85fbd182af91290be7293438ae67549638189f/477","OK",""
"478","0478","Light Cult Crypto Club #0478","RE-002288","0401-0500","D:\github\ron-english-nfts\light-cult-crypto-club\images\LCCC-0478.png","11006","images/0401-0500/LCCC-0478.png","LCCC-0478.png","D:\github\ron-english-light-cult-0001-1000\images\0401-0500\LCCC-0478.png","items/lccc-0478.html","https://ronenglish-archive.github.io/ron-english-light-cult-0001-1000/items/lccc-0478.html","https://opensea.io/item/ethereum/0xbe85fbd182af91290be7293438ae67549638189f/478","OK",""
"479","0479","Light Cult Crypto Club #0479","RE-002289","0401-0500","","","","","","items/lccc-0479.html","https://ronenglish-archive.github.io/ron-english-light-cult-0001-1000/items/lccc-0479.html","https://opensea.io/item/ethereum/0xbe85fbd182af91290be7293438ae67549638189f/479","MISSING SOURCE IMAGE","No source image found for token #0479"
"480","0480","Light Cult Crypto Club #0480","RE-002290","0401-0500","D:\github\ron-english-nfts\light-cult-crypto-club\images\LCCC-0480.png","14904","images/0401-0500/LCCC-0480.png","LCCC-0480.png","D:\github\ron-english-light-cult-0001-1000\images\0401-0500\LCCC-0480.png","items/lccc-0480.html","https://ronenglish-archive.github.io/ron-english-light-cult-0001-1000/items/lccc-0480.html","https://opensea.io/item/ethereum/0xbe85fbd182af91290be7293438ae67549638189f/480","OK",""
"481","0481","Light Cult Crypto Club #0481","RE-002291","0401-0500","D:\github\ron-english-nfts\light-cult-crypto-club\images\LCCC-0481.png","30403","images/0401-0500/LCCC-0481.png","LCCC-0481.png","D:\github\ron-english-light-cult-0001-1000\images\0401-0500\LCCC-0481.png","items/lccc-0481.html","https://ronenglish-archive.github.io/ron-english-light-cult-0001-1000/items/lccc-0481.html","https://opensea.io/item/ethereum/0xbe85fbd182af91290be7293438ae67549638189f/481","OK",""
"482","0482","Light Cult Crypto Club #0482","RE-002292","0401-0500","D:\github\ron-english-nfts\light-cult-crypto-club\images\LCCC-0482.png","19387","images/0401-0500/LCCC-0482.png","LCCC-0482.png","D:\github\ron-english-light-cult-0001-1000\images\0401-0500\LCCC-0482.png","items/lccc-0482.html","https://ronenglish-archive.github.io/ron-english-light-cult-0001-1000/items/lccc-0482.html","https://opensea.io/item/ethereum/0xbe85fbd182af91290be7293438ae67549638189f/482","OK",""
"483","0483","Light Cult Crypto Club #0483","RE-002293","0401-0500","D:\github\ron-english-nfts\light-cult-crypto-club\images\LCCC-0483.png","4095","images/0401-0500/LCCC-0483.png","LCCC-0483.png","D:\github\ron-english-light-cult-0001-1000\images\0401-0500\LCCC-0483.png","items/lccc-0483.html","https://ronenglish-archive.github.io/ron-english-light-cult-0001-1000/items/lccc-0483.html","https://opensea.io/item/ethereum/0xbe85fbd182af91290be7293438ae67549638189f/483","OK",""
"484","0484","Light Cult Crypto Club #0484","RE-002294","0401-0500","D:\github\ron-english-nfts\light-cult-crypto-club\images\LCCC-0484.png","11706","images/0401-0500/LCCC-0484.png","LCCC-0484.png","D:\github\ron-english-light-cult-0001-1000\images\0401-0500\LCCC-0484.png","items/lccc-0484.html","https://ronenglish-archive.github.io/ron-english-light-cult-0001-1000/items/lccc-0484.html","https://opensea.io/item/ethereum/0xbe85fbd182af91290be7293438ae67549638189f/484","OK",""
"485","0485","Light Cult Crypto Club #0485","RE-002295","0401-0500","D:\github\ron-english-nfts\light-cult-crypto-club\images\LCCC-0485.png","24395","images/0401-0500/LCCC-0485.png","LCCC-0485.png","D:\github\ron-english-light-cult-0001-1000\images\0401-0500\LCCC-0485.png","items/lccc-0485.html","https://ronenglish-archive.github.io/ron-english-light-cult-0001-1000/items/lccc-0485.html","https://opensea.io/item/ethereum/0xbe85fbd182af91290be7293438ae67549638189f/485","OK",""
"486","0486","Light Cult Crypto Club #0486","RE-002296","0401-0500","D:\github\ron-english-nfts\light-cult-crypto-club\images\LCCC-0486.png","6806","images/0401-0500/LCCC-0486.png","LCCC-0486.png","D:\github\ron-english-light-cult-0001-1000\images\0401-0500\LCCC-0486.png","items/lccc-0486.html","https://ronenglish-archive.github.io/ron-english-light-cult-0001-1000/items/lccc-0486.html","https://opensea.io/item/ethereum/0xbe85fbd182af91290be7293438ae67549638189f/486","OK",""
"487","0487","Light Cult Crypto Club #0487","RE-002297","0401-0500","D:\github\ron-english-nfts\light-cult-crypto-club\images\LCCC-0487.png","30831","images/0401-0500/LCCC-0487.png","LCCC-0487.png","D:\github\ron-english-light-cult-0001-1000\images\0401-0500\LCCC-0487.png","items/lccc-0487.html","https://ronenglish-archive.github.io/ron-english-light-cult-0001-1000/items/lccc-0487.html","https://opensea.io/item/ethereum/0xbe85fbd182af91290be7293438ae67549638189f/487","OK",""
"488","0488","Light Cult Crypto Club #0488","RE-002298","0401-0500","","","","","","items/lccc-0488.html","https://ronenglish-archive.github.io/ron-english-light-cult-0001-1000/items/lccc-0488.html","https://opensea.io/item/ethereum/0xbe85fbd182af91290be7293438ae67549638189f/488","MISSING SOURCE IMAGE","No source image found for token #0488"
"489","0489","Light Cult Crypto Club #0489","RE-002299","0401-0500","","","","","","items/lccc-0489.html","https://ronenglish-archive.github.io/ron-english-light-cult-0001-1000/items/lccc-0489.html","https://opensea.io/item/ethereum/0xbe85fbd182af91290be7293438ae67549638189f/489","MISSING SOURCE IMAGE","No source image found for token #0489"
"490","0490","Light Cult Crypto Club #0490","RE-002300","0401-0500","D:\github\ron-english-nfts\light-cult-crypto-club\images\LCCC-0490.png","17358","images/0401-0500/LCCC-0490.png","LCCC-0490.png","D:\github\ron-english-light-cult-0001-1000\images\0401-0500\LCCC-0490.png","items/lccc-0490.html","https://ronenglish-archive.github.io/ron-english-light-cult-0001-1000/items/lccc-0490.html","https://opensea.io/item/ethereum/0xbe85fbd182af91290be7293438ae67549638189f/490","OK",""
"491","0491","Light Cult Crypto Club #0491","RE-002301","0401-0500","D:\github\ron-english-nfts\light-cult-crypto-club\images\LCCC-0491.png","11695","images/0401-0500/LCCC-0491.png","LCCC-0491.png","D:\github\ron-english-light-cult-0001-1000\images\0401-0500\LCCC-0491.png","items/lccc-0491.html","https://ronenglish-archive.github.io/ron-english-light-cult-0001-1000/items/lccc-0491.html","https://opensea.io/item/ethereum/0xbe85fbd182af91290be7293438ae67549638189f/491","OK",""
"492","0492","Light Cult Crypto Club #0492","RE-002302","0401-0500","D:\github\ron-english-nfts\light-cult-crypto-club\images\LCCC-0492.png","6069","images/0401-0500/LCCC-0492.png","LCCC-0492.png","D:\github\ron-english-light-cult-0001-1000\images\0401-0500\LCCC-0492.png","items/lccc-0492.html","https://ronenglish-archive.github.io/ron-english-light-cult-0001-1000/items/lccc-0492.html","https://opensea.io/item/ethereum/0xbe85fbd182af91290be7293438ae67549638189f/492","OK",""
"493","0493","Light Cult Crypto Club #0493","RE-002303","0401-0500","D:\github\ron-english-nfts\light-cult-crypto-club\images\LCCC-0493.png","32432","images/0401-0500/LCCC-0493.png","LCCC-0493.png","D:\github\ron-english-light-cult-0001-1000\images\0401-0500\LCCC-0493.png","items/lccc-0493.html","https://ronenglish-archive.github.io/ron-english-light-cult-0001-1000/items/lccc-0493.html","https://opensea.io/item/ethereum/0xbe85fbd182af91290be7293438ae67549638189f/493","OK",""
"494","0494","Light Cult Crypto Club #0494","RE-002304","0401-0500","D:\github\ron-english-nfts\light-cult-crypto-club\images\LCCC-0494.png","15668","images/0401-0500/LCCC-0494.png","LCCC-0494.png","D:\github\ron-english-light-cult-0001-1000\images\0401-0500\LCCC-0494.png","items/lccc-0494.html","https://ronenglish-archive.github.io/ron-english-light-cult-0001-1000/items/lccc-0494.html","https://opensea.io/item/ethereum/0xbe85fbd182af91290be7293438ae67549638189f/494","OK",""
"495","0495","Light Cult Crypto Club #0495","RE-002305","0401-0500","D:\github\ron-english-nfts\light-cult-crypto-club\images\LCCC-0495.png","9465","images/0401-0500/LCCC-0495.png","LCCC-0495.png","D:\github\ron-english-light-cult-0001-1000\images\0401-0500\LCCC-0495.png","items/lccc-0495.html","https://ronenglish-archive.github.io/ron-english-light-cult-0001-1000/items/lccc-0495.html","https://opensea.io/item/ethereum/0xbe85fbd182af91290be7293438ae67549638189f/495","OK",""
"496","0496","Light Cult Crypto Club #0496","RE-002306","0401-0500","D:\github\ron-english-nfts\light-cult-crypto-club\images\LCCC-0496.png","44147","images/0401-0500/LCCC-0496.png","LCCC-0496.png","D:\github\ron-english-light-cult-0001-1000\images\0401-0500\LCCC-0496.png","items/lccc-0496.html","https://ronenglish-archive.github.io/ron-english-light-cult-0001-1000/items/lccc-0496.html","https://opensea.io/item/ethereum/0xbe85fbd182af91290be7293438ae67549638189f/496","OK",""
"497","0497","Light Cult Crypto Club #0497","RE-002307","0401-0500","D:\github\ron-english-nfts\light-cult-crypto-club\images\LCCC-0497.png","10243","images/0401-0500/LCCC-0497.png","LCCC-0497.png","D:\github\ron-english-light-cult-0001-1000\images\0401-0500\LCCC-0497.png","items/lccc-0497.html","https://ronenglish-archive.github.io/ron-english-light-cult-0001-1000/items/lccc-0497.html","https://opensea.io/item/ethereum/0xbe85fbd182af91290be7293438ae67549638189f/497","OK",""
"498","0498","Light Cult Crypto Club #0498","RE-002308","0401-0500","D:\github\ron-english-nfts\light-cult-crypto-club\images\LCCC-0498.png","27273","images/0401-0500/LCCC-0498.png","LCCC-0498.png","D:\github\ron-english-light-cult-0001-1000\images\0401-0500\LCCC-0498.png","items/lccc-0498.html","https://ronenglish-archive.github.io/ron-english-light-cult-0001-1000/items/lccc-0498.html","https://opensea.io/item/ethereum/0xbe85fbd182af91290be7293438ae67549638189f/498","OK",""
"499","0499","Light Cult Crypto Club #0499","RE-002309","0401-0500","D:\github\ron-english-nfts\light-cult-crypto-club\images\LCCC-0499.png","22242","images/0401-0500/LCCC-0499.png","LCCC-0499.png","D:\github\ron-english-light-cult-0001-1000\images\0401-0500\LCCC-0499.png","items/lccc-0499.html","https://ronenglish-archive.github.io/ron-english-light-cult-0001-1000/items/lccc-0499.html","https://opensea.io/item/ethereum/0xbe85fbd182af91290be7293438ae67549638189f/499","OK",""
"500","0500","Light Cult Crypto Club #0500","RE-002310","0401-0500","D:\github\ron-english-nfts\light-cult-crypto-club\images\LCCC-0500.png","17243","images/0401-0500/LCCC-0500.png","LCCC-0500.png","D:\github\ron-english-light-cult-0001-1000\images\0401-0500\LCCC-0500.png","items/lccc-0500.html","https://ronenglish-archive.github.io/ron-english-light-cult-0001-1000/items/lccc-0500.html","https://opensea.io/item/ethereum/0xbe85fbd182af91290be7293438ae67549638189f/500","OK",""
"501","0501","Light Cult Crypto Club #0501","RE-002311","0501-0600","D:\github\ron-english-nfts\light-cult-crypto-club\images\LCCC-0501.png","7094","images/0501-0600/LCCC-0501.png","LCCC-0501.png","D:\github\ron-english-light-cult-0001-1000\images\0501-0600\LCCC-0501.png","items/lccc-0501.html","https://ronenglish-archive.github.io/ron-english-light-cult-0001-1000/items/lccc-0501.html","https://opensea.io/item/ethereum/0xbe85fbd182af91290be7293438ae67549638189f/501","OK",""
"502","0502","Light Cult Crypto Club #0502","RE-002312","0501-0600","D:\github\ron-english-nfts\light-cult-crypto-club\images\LCCC-0502.png","17701","images/0501-0600/LCCC-0502.png","LCCC-0502.png","D:\github\ron-english-light-cult-0001-1000\images\0501-0600\LCCC-0502.png","items/lccc-0502.html","https://ronenglish-archive.github.io/ron-english-light-cult-0001-1000/items/lccc-0502.html","https://opensea.io/item/ethereum/0xbe85fbd182af91290be7293438ae67549638189f/502","OK",""
"503","0503","Light Cult Crypto Club #0503","RE-002313","0501-0600","D:\github\ron-english-nfts\light-cult-crypto-club\images\LCCC-0503.png","38449","images/0501-0600/LCCC-0503.png","LCCC-0503.png","D:\github\ron-english-light-cult-0001-1000\images\0501-0600\LCCC-0503.png","items/lccc-0503.html","https://ronenglish-archive.github.io/ron-english-light-cult-0001-1000/items/lccc-0503.html","https://opensea.io/item/ethereum/0xbe85fbd182af91290be7293438ae67549638189f/503","OK",""
"504","0504","Light Cult Crypto Club #0504","RE-002314","0501-0600","D:\github\ron-english-nfts\light-cult-crypto-club\images\LCCC-0504.png","16105","images/0501-0600/LCCC-0504.png","LCCC-0504.png","D:\github\ron-english-light-cult-0001-1000\images\0501-0600\LCCC-0504.png","items/lccc-0504.html","https://ronenglish-archive.github.io/ron-english-light-cult-0001-1000/items/lccc-0504.html","https://opensea.io/item/ethereum/0xbe85fbd182af91290be7293438ae67549638189f/504","OK",""
"505","0505","Light Cult Crypto Club #0505","RE-002315","0501-0600","D:\github\ron-english-nfts\light-cult-crypto-club\images\LCCC-0505.png","18543","images/0501-0600/LCCC-0505.png","LCCC-0505.png","D:\github\ron-english-light-cult-0001-1000\images\0501-0600\LCCC-0505.png","items/lccc-0505.html","https://ronenglish-archive.github.io/ron-english-light-cult-0001-1000/items/lccc-0505.html","https://opensea.io/item/ethereum/0xbe85fbd182af91290be7293438ae67549638189f/505","OK",""
"506","0506","Light Cult Crypto Club #0506","RE-002316","0501-0600","D:\github\ron-english-nfts\light-cult-crypto-club\images\LCCC-0506.png","22531","images/0501-0600/LCCC-0506.png","LCCC-0506.png","D:\github\ron-english-light-cult-0001-1000\images\0501-0600\LCCC-0506.png","items/lccc-0506.html","https://ronenglish-archive.github.io/ron-english-light-cult-0001-1000/items/lccc-0506.html","https://opensea.io/item/ethereum/0xbe85fbd182af91290be7293438ae67549638189f/506","OK",""
"507","0507","Light Cult Crypto Club #0507","RE-002317","0501-0600","D:\github\ron-english-nfts\light-cult-crypto-club\images\LCCC-0507.png","28302","images/0501-0600/LCCC-0507.png","LCCC-0507.png","D:\github\ron-english-light-cult-0001-1000\images\0501-0600\LCCC-0507.png","items/lccc-0507.html","https://ronenglish-archive.github.io/ron-english-light-cult-0001-1000/items/lccc-0507.html","https://opensea.io/item/ethereum/0xbe85fbd182af91290be7293438ae67549638189f/507","OK",""
"508","0508","Light Cult Crypto Club #0508","RE-002318","0501-0600","D:\github\ron-english-nfts\light-cult-crypto-club\images\LCCC-0508.png","24426","images/0501-0600/LCCC-0508.png","LCCC-0508.png","D:\github\ron-english-light-cult-0001-1000\images\0501-0600\LCCC-0508.png","items/lccc-0508.html","https://ronenglish-archive.github.io/ron-english-light-cult-0001-1000/items/lccc-0508.html","https://opensea.io/item/ethereum/0xbe85fbd182af91290be7293438ae67549638189f/508","OK",""
"509","0509","Light Cult Crypto Club #0509","RE-002319","0501-0600","D:\github\ron-english-nfts\light-cult-crypto-club\images\LCCC-0509.png","17475","images/0501-0600/LCCC-0509.png","LCCC-0509.png","D:\github\ron-english-light-cult-0001-1000\images\0501-0600\LCCC-0509.png","items/lccc-0509.html","https://ronenglish-archive.github.io/ron-english-light-cult-0001-1000/items/lccc-0509.html","https://opensea.io/item/ethereum/0xbe85fbd182af91290be7293438ae67549638189f/509","OK",""
"510","0510","Light Cult Crypto Club #0510","RE-002320","0501-0600","D:\github\ron-english-nfts\light-cult-crypto-club\images\LCCC-0510.png","32021","images/0501-0600/LCCC-0510.png","LCCC-0510.png","D:\github\ron-english-light-cult-0001-1000\images\0501-0600\LCCC-0510.png","items/lccc-0510.html","https://ronenglish-archive.github.io/ron-english-light-cult-0001-1000/items/lccc-0510.html","https://opensea.io/item/ethereum/0xbe85fbd182af91290be7293438ae67549638189f/510","OK",""
"511","0511","Light Cult Crypto Club #0511","RE-002321","0501-0600","D:\github\ron-english-nfts\light-cult-crypto-club\images\LCCC-0511.png","18802","images/0501-0600/LCCC-0511.png","LCCC-0511.png","D:\github\ron-english-light-cult-0001-1000\images\0501-0600\LCCC-0511.png","items/lccc-0511.html","https://ronenglish-archive.github.io/ron-english-light-cult-0001-1000/items/lccc-0511.html","https://opensea.io/item/ethereum/0xbe85fbd182af91290be7293438ae67549638189f/511","OK",""
"512","0512","Light Cult Crypto Club #0512","RE-002322","0501-0600","D:\github\ron-english-nfts\light-cult-crypto-club\images\LCCC-0512.png","6642","images/0501-0600/LCCC-0512.png","LCCC-0512.png","D:\github\ron-english-light-cult-0001-1000\images\0501-0600\LCCC-0512.png","items/lccc-0512.html","https://ronenglish-archive.github.io/ron-english-light-cult-0001-1000/items/lccc-0512.html","https://opensea.io/item/ethereum/0xbe85fbd182af91290be7293438ae67549638189f/512","OK",""
"513","0513","Light Cult Crypto Club #0513","RE-002323","0501-0600","D:\github\ron-english-nfts\light-cult-crypto-club\images\LCCC-0513.png","18488","images/0501-0600/LCCC-0513.png","LCCC-0513.png","D:\github\ron-english-light-cult-0001-1000\images\0501-0600\LCCC-0513.png","items/lccc-0513.html","https://ronenglish-archive.github.io/ron-english-light-cult-0001-1000/items/lccc-0513.html","https://opensea.io/item/ethereum/0xbe85fbd182af91290be7293438ae67549638189f/513","OK",""
"514","0514","Light Cult Crypto Club #0514","RE-002324","0501-0600","D:\github\ron-english-nfts\light-cult-crypto-club\images\LCCC-0514.png","31185","images/0501-0600/LCCC-0514.png","LCCC-0514.png","D:\github\ron-english-light-cult-0001-1000\images\0501-0600\LCCC-0514.png","items/lccc-0514.html","https://ronenglish-archive.github.io/ron-english-light-cult-0001-1000/items/lccc-0514.html","https://opensea.io/item/ethereum/0xbe85fbd182af91290be7293438ae67549638189f/514","OK",""
"515","0515","Light Cult Crypto Club #0515","RE-002325","0501-0600","D:\github\ron-english-nfts\light-cult-crypto-club\images\LCCC-0515.png","13121","images/0501-0600/LCCC-0515.png","LCCC-0515.png","D:\github\ron-english-light-cult-0001-1000\images\0501-0600\LCCC-0515.png","items/lccc-0515.html","https://ronenglish-archive.github.io/ron-english-light-cult-0001-1000/items/lccc-0515.html","https://opensea.io/item/ethereum/0xbe85fbd182af91290be7293438ae67549638189f/515","OK",""
"516","0516","Light Cult Crypto Club #0516","RE-002326","0501-0600","D:\github\ron-english-nfts\light-cult-crypto-club\images\LCCC-0516.png","11795","images/0501-0600/LCCC-0516.png","LCCC-0516.png","D:\github\ron-english-light-cult-0001-1000\images\0501-0600\LCCC-0516.png","items/lccc-0516.html","https://ronenglish-archive.github.io/ron-english-light-cult-0001-1000/items/lccc-0516.html","https://opensea.io/item/ethereum/0xbe85fbd182af91290be7293438ae67549638189f/516","OK",""
"517","0517","Light Cult Crypto Club #0517","RE-002327","0501-0600","D:\github\ron-english-nfts\light-cult-crypto-club\images\LCCC-0517.png","19058","images/0501-0600/LCCC-0517.png","LCCC-0517.png","D:\github\ron-english-light-cult-0001-1000\images\0501-0600\LCCC-0517.png","items/lccc-0517.html","https://ronenglish-archive.github.io/ron-english-light-cult-0001-1000/items/lccc-0517.html","https://opensea.io/item/ethereum/0xbe85fbd182af91290be7293438ae67549638189f/517","OK",""
"518","0518","Light Cult Crypto Club #0518","RE-002328","0501-0600","D:\github\ron-english-nfts\light-cult-crypto-club\images\LCCC-0518.png","23647","images/0501-0600/LCCC-0518.png","LCCC-0518.png","D:\github\ron-english-light-cult-0001-1000\images\0501-0600\LCCC-0518.png","items/lccc-0518.html","https://ronenglish-archive.github.io/ron-english-light-cult-0001-1000/items/lccc-0518.html","https://opensea.io/item/ethereum/0xbe85fbd182af91290be7293438ae67549638189f/518","OK",""
"519","0519","Light Cult Crypto Club #0519","RE-002329","0501-0600","D:\github\ron-english-nfts\light-cult-crypto-club\images\LCCC-0519.png","24235","images/0501-0600/LCCC-0519.png","LCCC-0519.png","D:\github\ron-english-light-cult-0001-1000\images\0501-0600\LCCC-0519.png","items/lccc-0519.html","https://ronenglish-archive.github.io/ron-english-light-cult-0001-1000/items/lccc-0519.html","https://opensea.io/item/ethereum/0xbe85fbd182af91290be7293438ae67549638189f/519","OK",""
"520","0520","Light Cult Crypto Club #0520","RE-002330","0501-0600","","","","","","items/lccc-0520.html","https://ronenglish-archive.github.io/ron-english-light-cult-0001-1000/items/lccc-0520.html","https://opensea.io/item/ethereum/0xbe85fbd182af91290be7293438ae67549638189f/520","MISSING SOURCE IMAGE","No source image found for token #0520"
"521","0521","Light Cult Crypto Club #0521","RE-002331","0501-0600","D:\github\ron-english-nfts\light-cult-crypto-club\images\LCCC-0521.png","18714","images/0501-0600/LCCC-0521.png","LCCC-0521.png","D:\github\ron-english-light-cult-0001-1000\images\0501-0600\LCCC-0521.png","items/lccc-0521.html","https://ronenglish-archive.github.io/ron-english-light-cult-0001-1000/items/lccc-0521.html","https://opensea.io/item/ethereum/0xbe85fbd182af91290be7293438ae67549638189f/521","OK",""
"522","0522","Light Cult Crypto Club #0522","RE-002332","0501-0600","D:\github\ron-english-nfts\light-cult-crypto-club\images\LCCC-0522.png","5167","images/0501-0600/LCCC-0522.png","LCCC-0522.png","D:\github\ron-english-light-cult-0001-1000\images\0501-0600\LCCC-0522.png","items/lccc-0522.html","https://ronenglish-archive.github.io/ron-english-light-cult-0001-1000/items/lccc-0522.html","https://opensea.io/item/ethereum/0xbe85fbd182af91290be7293438ae67549638189f/522","OK",""
"523","0523","Light Cult Crypto Club #0523","RE-002333","0501-0600","D:\github\ron-english-nfts\light-cult-crypto-club\images\LCCC-0523.png","28595","images/0501-0600/LCCC-0523.png","LCCC-0523.png","D:\github\ron-english-light-cult-0001-1000\images\0501-0600\LCCC-0523.png","items/lccc-0523.html","https://ronenglish-archive.github.io/ron-english-light-cult-0001-1000/items/lccc-0523.html","https://opensea.io/item/ethereum/0xbe85fbd182af91290be7293438ae67549638189f/523","OK",""
"524","0524","Light Cult Crypto Club #0524","RE-002334","0501-0600","D:\github\ron-english-nfts\light-cult-crypto-club\images\LCCC-0524.png","23921","images/0501-0600/LCCC-0524.png","LCCC-0524.png","D:\github\ron-english-light-cult-0001-1000\images\0501-0600\LCCC-0524.png","items/lccc-0524.html","https://ronenglish-archive.github.io/ron-english-light-cult-0001-1000/items/lccc-0524.html","https://opensea.io/item/ethereum/0xbe85fbd182af91290be7293438ae67549638189f/524","OK",""
"525","0525","Light Cult Crypto Club #0525","RE-002335","0501-0600","D:\github\ron-english-nfts\light-cult-crypto-club\images\LCCC-0525.png","35931","images/0501-0600/LCCC-0525.png","LCCC-0525.png","D:\github\ron-english-light-cult-0001-1000\images\0501-0600\LCCC-0525.png","items/lccc-0525.html","https://ronenglish-archive.github.io/ron-english-light-cult-0001-1000/items/lccc-0525.html","https://opensea.io/item/ethereum/0xbe85fbd182af91290be7293438ae67549638189f/525","OK",""
"526","0526","Light Cult Crypto Club #0526","RE-002336","0501-0600","D:\github\ron-english-nfts\light-cult-crypto-club\images\LCCC-0526.png","12041","images/0501-0600/LCCC-0526.png","LCCC-0526.png","D:\github\ron-english-light-cult-0001-1000\images\0501-0600\LCCC-0526.png","items/lccc-0526.html","https://ronenglish-archive.github.io/ron-english-light-cult-0001-1000/items/lccc-0526.html","https://opensea.io/item/ethereum/0xbe85fbd182af91290be7293438ae67549638189f/526","OK",""
"527","0527","Light Cult Crypto Club #0527","RE-002337","0501-0600","D:\github\ron-english-nfts\light-cult-crypto-club\images\LCCC-0527.png","15636","images/0501-0600/LCCC-0527.png","LCCC-0527.png","D:\github\ron-english-light-cult-0001-1000\images\0501-0600\LCCC-0527.png","items/lccc-0527.html","https://ronenglish-archive.github.io/ron-english-light-cult-0001-1000/items/lccc-0527.html","https://opensea.io/item/ethereum/0xbe85fbd182af91290be7293438ae67549638189f/527","OK",""
"528","0528","Light Cult Crypto Club #0528","RE-002338","0501-0600","D:\github\ron-english-nfts\light-cult-crypto-club\images\LCCC-0528.png","8886","images/0501-0600/LCCC-0528.png","LCCC-0528.png","D:\github\ron-english-light-cult-0001-1000\images\0501-0600\LCCC-0528.png","items/lccc-0528.html","https://ronenglish-archive.github.io/ron-english-light-cult-0001-1000/items/lccc-0528.html","https://opensea.io/item/ethereum/0xbe85fbd182af91290be7293438ae67549638189f/528","OK",""
"529","0529","Light Cult Crypto Club #0529","RE-002339","0501-0600","D:\github\ron-english-nfts\light-cult-crypto-club\images\LCCC-0529.png","15403","images/0501-0600/LCCC-0529.png","LCCC-0529.png","D:\github\ron-english-light-cult-0001-1000\images\0501-0600\LCCC-0529.png","items/lccc-0529.html","https://ronenglish-archive.github.io/ron-english-light-cult-0001-1000/items/lccc-0529.html","https://opensea.io/item/ethereum/0xbe85fbd182af91290be7293438ae67549638189f/529","OK",""
"530","0530","Light Cult Crypto Club #0530","RE-002340","0501-0600","D:\github\ron-english-nfts\light-cult-crypto-club\images\LCCC-0530.png","4428","images/0501-0600/LCCC-0530.png","LCCC-0530.png","D:\github\ron-english-light-cult-0001-1000\images\0501-0600\LCCC-0530.png","items/lccc-0530.html","https://ronenglish-archive.github.io/ron-english-light-cult-0001-1000/items/lccc-0530.html","https://opensea.io/item/ethereum/0xbe85fbd182af91290be7293438ae67549638189f/530","OK",""
"531","0531","Light Cult Crypto Club #0531","RE-002341","0501-0600","D:\github\ron-english-nfts\light-cult-crypto-club\images\LCCC-0531.png","20304","images/0501-0600/LCCC-0531.png","LCCC-0531.png","D:\github\ron-english-light-cult-0001-1000\images\0501-0600\LCCC-0531.png","items/lccc-0531.html","https://ronenglish-archive.github.io/ron-english-light-cult-0001-1000/items/lccc-0531.html","https://opensea.io/item/ethereum/0xbe85fbd182af91290be7293438ae67549638189f/531","OK",""
"532","0532","Light Cult Crypto Club #0532","RE-002342","0501-0600","D:\github\ron-english-nfts\light-cult-crypto-club\images\LCCC-0532.png","13854","images/0501-0600/LCCC-0532.png","LCCC-0532.png","D:\github\ron-english-light-cult-0001-1000\images\0501-0600\LCCC-0532.png","items/lccc-0532.html","https://ronenglish-archive.github.io/ron-english-light-cult-0001-1000/items/lccc-0532.html","https://opensea.io/item/ethereum/0xbe85fbd182af91290be7293438ae67549638189f/532","OK",""
"533","0533","Light Cult Crypto Club #0533","RE-002343","0501-0600","D:\github\ron-english-nfts\light-cult-crypto-club\images\LCCC-0533.png","6295","images/0501-0600/LCCC-0533.png","LCCC-0533.png","D:\github\ron-english-light-cult-0001-1000\images\0501-0600\LCCC-0533.png","items/lccc-0533.html","https://ronenglish-archive.github.io/ron-english-light-cult-0001-1000/items/lccc-0533.html","https://opensea.io/item/ethereum/0xbe85fbd182af91290be7293438ae67549638189f/533","OK",""
"534","0534","Light Cult Crypto Club #0534","RE-002344","0501-0600","D:\github\ron-english-nfts\light-cult-crypto-club\images\LCCC-0534.png","14445","images/0501-0600/LCCC-0534.png","LCCC-0534.png","D:\github\ron-english-light-cult-0001-1000\images\0501-0600\LCCC-0534.png","items/lccc-0534.html","https://ronenglish-archive.github.io/ron-english-light-cult-0001-1000/items/lccc-0534.html","https://opensea.io/item/ethereum/0xbe85fbd182af91290be7293438ae67549638189f/534","OK",""
"535","0535","Light Cult Crypto Club #0535","RE-002345","0501-0600","D:\github\ron-english-nfts\light-cult-crypto-club\images\LCCC-0535.png","15072","images/0501-0600/LCCC-0535.png","LCCC-0535.png","D:\github\ron-english-light-cult-0001-1000\images\0501-0600\LCCC-0535.png","items/lccc-0535.html","https://ronenglish-archive.github.io/ron-english-light-cult-0001-1000/items/lccc-0535.html","https://opensea.io/item/ethereum/0xbe85fbd182af91290be7293438ae67549638189f/535","OK",""
"536","0536","Light Cult Crypto Club #0536","RE-002346","0501-0600","D:\github\ron-english-nfts\light-cult-crypto-club\images\LCCC-0536.png","10003","images/0501-0600/LCCC-0536.png","LCCC-0536.png","D:\github\ron-english-light-cult-0001-1000\images\0501-0600\LCCC-0536.png","items/lccc-0536.html","https://ronenglish-archive.github.io/ron-english-light-cult-0001-1000/items/lccc-0536.html","https://opensea.io/item/ethereum/0xbe85fbd182af91290be7293438ae67549638189f/536","OK",""
"537","0537","Light Cult Crypto Club #0537","RE-002347","0501-0600","D:\github\ron-english-nfts\light-cult-crypto-club\images\LCCC-0537.png","6094","images/0501-0600/LCCC-0537.png","LCCC-0537.png","D:\github\ron-english-light-cult-0001-1000\images\0501-0600\LCCC-0537.png","items/lccc-0537.html","https://ronenglish-archive.github.io/ron-english-light-cult-0001-1000/items/lccc-0537.html","https://opensea.io/item/ethereum/0xbe85fbd182af91290be7293438ae67549638189f/537","OK",""
"538","0538","Light Cult Crypto Club #0538","RE-002348","0501-0600","D:\github\ron-english-nfts\light-cult-crypto-club\images\LCCC-0538.png","4014","images/0501-0600/LCCC-0538.png","LCCC-0538.png","D:\github\ron-english-light-cult-0001-1000\images\0501-0600\LCCC-0538.png","items/lccc-0538.html","https://ronenglish-archive.github.io/ron-english-light-cult-0001-1000/items/lccc-0538.html","https://opensea.io/item/ethereum/0xbe85fbd182af91290be7293438ae67549638189f/538","OK",""
"539","0539","Light Cult Crypto Club #0539","RE-002349","0501-0600","D:\github\ron-english-nfts\light-cult-crypto-club\images\LCCC-0539.png","18576","images/0501-0600/LCCC-0539.png","LCCC-0539.png","D:\github\ron-english-light-cult-0001-1000\images\0501-0600\LCCC-0539.png","items/lccc-0539.html","https://ronenglish-archive.github.io/ron-english-light-cult-0001-1000/items/lccc-0539.html","https://opensea.io/item/ethereum/0xbe85fbd182af91290be7293438ae67549638189f/539","OK",""
"540","0540","Light Cult Crypto Club #0540","RE-002350","0501-0600","D:\github\ron-english-nfts\light-cult-crypto-club\images\LCCC-0540.png","7321","images/0501-0600/LCCC-0540.png","LCCC-0540.png","D:\github\ron-english-light-cult-0001-1000\images\0501-0600\LCCC-0540.png","items/lccc-0540.html","https://ronenglish-archive.github.io/ron-english-light-cult-0001-1000/items/lccc-0540.html","https://opensea.io/item/ethereum/0xbe85fbd182af91290be7293438ae67549638189f/540","OK",""
"541","0541","Light Cult Crypto Club #0541","RE-002351","0501-0600","D:\github\ron-english-nfts\light-cult-crypto-club\images\LCCC-0541.png","24153","images/0501-0600/LCCC-0541.png","LCCC-0541.png","D:\github\ron-english-light-cult-0001-1000\images\0501-0600\LCCC-0541.png","items/lccc-0541.html","https://ronenglish-archive.github.io/ron-english-light-cult-0001-1000/items/lccc-0541.html","https://opensea.io/item/ethereum/0xbe85fbd182af91290be7293438ae67549638189f/541","OK",""
"542","0542","Light Cult Crypto Club #0542","RE-002352","0501-0600","","","","","","items/lccc-0542.html","https://ronenglish-archive.github.io/ron-english-light-cult-0001-1000/items/lccc-0542.html","https://opensea.io/item/ethereum/0xbe85fbd182af91290be7293438ae67549638189f/542","MISSING SOURCE IMAGE","No source image found for token #0542"
"543","0543","Light Cult Crypto Club #0543","RE-002353","0501-0600","D:\github\ron-english-nfts\light-cult-crypto-club\images\LCCC-0543.png","18163","images/0501-0600/LCCC-0543.png","LCCC-0543.png","D:\github\ron-english-light-cult-0001-1000\images\0501-0600\LCCC-0543.png","items/lccc-0543.html","https://ronenglish-archive.github.io/ron-english-light-cult-0001-1000/items/lccc-0543.html","https://opensea.io/item/ethereum/0xbe85fbd182af91290be7293438ae67549638189f/543","OK",""
"544","0544","Light Cult Crypto Club #0544","RE-002354","0501-0600","D:\github\ron-english-nfts\light-cult-crypto-club\images\LCCC-0544.png","23864","images/0501-0600/LCCC-0544.png","LCCC-0544.png","D:\github\ron-english-light-cult-0001-1000\images\0501-0600\LCCC-0544.png","items/lccc-0544.html","https://ronenglish-archive.github.io/ron-english-light-cult-0001-1000/items/lccc-0544.html","https://opensea.io/item/ethereum/0xbe85fbd182af91290be7293438ae67549638189f/544","OK",""
"545","0545","Light Cult Crypto Club #0545","RE-002355","0501-0600","D:\github\ron-english-nfts\light-cult-crypto-club\images\LCCC-0545.png","27325","images/0501-0600/LCCC-0545.png","LCCC-0545.png","D:\github\ron-english-light-cult-0001-1000\images\0501-0600\LCCC-0545.png","items/lccc-0545.html","https://ronenglish-archive.github.io/ron-english-light-cult-0001-1000/items/lccc-0545.html","https://opensea.io/item/ethereum/0xbe85fbd182af91290be7293438ae67549638189f/545","OK",""
"546","0546","Light Cult Crypto Club #0546","RE-002356","0501-0600","D:\github\ron-english-nfts\light-cult-crypto-club\images\LCCC-0546.png","27515","images/0501-0600/LCCC-0546.png","LCCC-0546.png","D:\github\ron-english-light-cult-0001-1000\images\0501-0600\LCCC-0546.png","items/lccc-0546.html","https://ronenglish-archive.github.io/ron-english-light-cult-0001-1000/items/lccc-0546.html","https://opensea.io/item/ethereum/0xbe85fbd182af91290be7293438ae67549638189f/546","OK",""
"547","0547","Light Cult Crypto Club #0547","RE-002357","0501-0600","D:\github\ron-english-nfts\light-cult-crypto-club\images\LCCC-0547.png","20880","images/0501-0600/LCCC-0547.png","LCCC-0547.png","D:\github\ron-english-light-cult-0001-1000\images\0501-0600\LCCC-0547.png","items/lccc-0547.html","https://ronenglish-archive.github.io/ron-english-light-cult-0001-1000/items/lccc-0547.html","https://opensea.io/item/ethereum/0xbe85fbd182af91290be7293438ae67549638189f/547","OK",""
"548","0548","Light Cult Crypto Club #0548","RE-002358","0501-0600","","","","","","items/lccc-0548.html","https://ronenglish-archive.github.io/ron-english-light-cult-0001-1000/items/lccc-0548.html","https://opensea.io/item/ethereum/0xbe85fbd182af91290be7293438ae67549638189f/548","MISSING SOURCE IMAGE","No source image found for token #0548"
"549","0549","Light Cult Crypto Club #0549","RE-002359","0501-0600","","","","","","items/lccc-0549.html","https://ronenglish-archive.github.io/ron-english-light-cult-0001-1000/items/lccc-0549.html","https://opensea.io/item/ethereum/0xbe85fbd182af91290be7293438ae67549638189f/549","MISSING SOURCE IMAGE","No source image found for token #0549"
"550","0550","Light Cult Crypto Club #0550","RE-002360","0501-0600","D:\github\ron-english-nfts\light-cult-crypto-club\images\LCCC-0550.png","7885","images/0501-0600/LCCC-0550.png","LCCC-0550.png","D:\github\ron-english-light-cult-0001-1000\images\0501-0600\LCCC-0550.png","items/lccc-0550.html","https://ronenglish-archive.github.io/ron-english-light-cult-0001-1000/items/lccc-0550.html","https://opensea.io/item/ethereum/0xbe85fbd182af91290be7293438ae67549638189f/550","OK",""
"551","0551","Light Cult Crypto Club #0551","RE-002361","0501-0600","","","","","","items/lccc-0551.html","https://ronenglish-archive.github.io/ron-english-light-cult-0001-1000/items/lccc-0551.html","https://opensea.io/item/ethereum/0xbe85fbd182af91290be7293438ae67549638189f/551","MISSING SOURCE IMAGE","No source image found for token #0551"
"552","0552","Light Cult Crypto Club #0552","RE-002362","0501-0600","D:\github\ron-english-nfts\light-cult-crypto-club\images\LCCC-0552.png","7333","images/0501-0600/LCCC-0552.png","LCCC-0552.png","D:\github\ron-english-light-cult-0001-1000\images\0501-0600\LCCC-0552.png","items/lccc-0552.html","https://ronenglish-archive.github.io/ron-english-light-cult-0001-1000/items/lccc-0552.html","https://opensea.io/item/ethereum/0xbe85fbd182af91290be7293438ae67549638189f/552","OK",""
"553","0553","Light Cult Crypto Club #0553","RE-002363","0501-0600","","","","","","items/lccc-0553.html","https://ronenglish-archive.github.io/ron-english-light-cult-0001-1000/items/lccc-0553.html","https://opensea.io/item/ethereum/0xbe85fbd182af91290be7293438ae67549638189f/553","MISSING SOURCE IMAGE","No source image found for token #0553"
"554","0554","Light Cult Crypto Club #0554","RE-002364","0501-0600","D:\github\ron-english-nfts\light-cult-crypto-club\images\LCCC-0554.png","16264","images/0501-0600/LCCC-0554.png","LCCC-0554.png","D:\github\ron-english-light-cult-0001-1000\images\0501-0600\LCCC-0554.png","items/lccc-0554.html","https://ronenglish-archive.github.io/ron-english-light-cult-0001-1000/items/lccc-0554.html","https://opensea.io/item/ethereum/0xbe85fbd182af91290be7293438ae67549638189f/554","OK",""
"555","0555","Light Cult Crypto Club #0555","RE-002365","0501-0600","D:\github\ron-english-nfts\light-cult-crypto-club\images\LCCC-0555.png","32309","images/0501-0600/LCCC-0555.png","LCCC-0555.png","D:\github\ron-english-light-cult-0001-1000\images\0501-0600\LCCC-0555.png","items/lccc-0555.html","https://ronenglish-archive.github.io/ron-english-light-cult-0001-1000/items/lccc-0555.html","https://opensea.io/item/ethereum/0xbe85fbd182af91290be7293438ae67549638189f/555","OK",""
"556","0556","Light Cult Crypto Club #0556","RE-002366","0501-0600","D:\github\ron-english-nfts\light-cult-crypto-club\images\LCCC-0556.png","19050","images/0501-0600/LCCC-0556.png","LCCC-0556.png","D:\github\ron-english-light-cult-0001-1000\images\0501-0600\LCCC-0556.png","items/lccc-0556.html","https://ronenglish-archive.github.io/ron-english-light-cult-0001-1000/items/lccc-0556.html","https://opensea.io/item/ethereum/0xbe85fbd182af91290be7293438ae67549638189f/556","OK",""
"557","0557","Light Cult Crypto Club #0557","RE-002367","0501-0600","D:\github\ron-english-nfts\light-cult-crypto-club\images\LCCC-0557.png","5920","images/0501-0600/LCCC-0557.png","LCCC-0557.png","D:\github\ron-english-light-cult-0001-1000\images\0501-0600\LCCC-0557.png","items/lccc-0557.html","https://ronenglish-archive.github.io/ron-english-light-cult-0001-1000/items/lccc-0557.html","https://opensea.io/item/ethereum/0xbe85fbd182af91290be7293438ae67549638189f/557","OK",""
"558","0558","Light Cult Crypto Club #0558","RE-002368","0501-0600","D:\github\ron-english-nfts\light-cult-crypto-club\images\LCCC-0558.png","33028","images/0501-0600/LCCC-0558.png","LCCC-0558.png","D:\github\ron-english-light-cult-0001-1000\images\0501-0600\LCCC-0558.png","items/lccc-0558.html","https://ronenglish-archive.github.io/ron-english-light-cult-0001-1000/items/lccc-0558.html","https://opensea.io/item/ethereum/0xbe85fbd182af91290be7293438ae67549638189f/558","OK",""
"559","0559","Light Cult Crypto Club #0559","RE-002369","0501-0600","D:\github\ron-english-nfts\light-cult-crypto-club\images\LCCC-0559.png","8081","images/0501-0600/LCCC-0559.png","LCCC-0559.png","D:\github\ron-english-light-cult-0001-1000\images\0501-0600\LCCC-0559.png","items/lccc-0559.html","https://ronenglish-archive.github.io/ron-english-light-cult-0001-1000/items/lccc-0559.html","https://opensea.io/item/ethereum/0xbe85fbd182af91290be7293438ae67549638189f/559","OK",""
"560","0560","Light Cult Crypto Club #0560","RE-002370","0501-0600","D:\github\ron-english-nfts\light-cult-crypto-club\images\LCCC-0560.png","10488","images/0501-0600/LCCC-0560.png","LCCC-0560.png","D:\github\ron-english-light-cult-0001-1000\images\0501-0600\LCCC-0560.png","items/lccc-0560.html","https://ronenglish-archive.github.io/ron-english-light-cult-0001-1000/items/lccc-0560.html","https://opensea.io/item/ethereum/0xbe85fbd182af91290be7293438ae67549638189f/560","OK",""
"561","0561","Light Cult Crypto Club #0561","RE-002371","0501-0600","D:\github\ron-english-nfts\light-cult-crypto-club\images\LCCC-0561.png","26010","images/0501-0600/LCCC-0561.png","LCCC-0561.png","D:\github\ron-english-light-cult-0001-1000\images\0501-0600\LCCC-0561.png","items/lccc-0561.html","https://ronenglish-archive.github.io/ron-english-light-cult-0001-1000/items/lccc-0561.html","https://opensea.io/item/ethereum/0xbe85fbd182af91290be7293438ae67549638189f/561","OK",""
"562","0562","Light Cult Crypto Club #0562","RE-002372","0501-0600","D:\github\ron-english-nfts\light-cult-crypto-club\images\LCCC-0562.png","38410","images/0501-0600/LCCC-0562.png","LCCC-0562.png","D:\github\ron-english-light-cult-0001-1000\images\0501-0600\LCCC-0562.png","items/lccc-0562.html","https://ronenglish-archive.github.io/ron-english-light-cult-0001-1000/items/lccc-0562.html","https://opensea.io/item/ethereum/0xbe85fbd182af91290be7293438ae67549638189f/562","OK",""
"563","0563","Light Cult Crypto Club #0563","RE-002373","0501-0600","D:\github\ron-english-nfts\light-cult-crypto-club\images\LCCC-0563.png","29577","images/0501-0600/LCCC-0563.png","LCCC-0563.png","D:\github\ron-english-light-cult-0001-1000\images\0501-0600\LCCC-0563.png","items/lccc-0563.html","https://ronenglish-archive.github.io/ron-english-light-cult-0001-1000/items/lccc-0563.html","https://opensea.io/item/ethereum/0xbe85fbd182af91290be7293438ae67549638189f/563","OK",""
"564","0564","Light Cult Crypto Club #0564","RE-002374","0501-0600","D:\github\ron-english-nfts\light-cult-crypto-club\images\LCCC-0564.png","28539","images/0501-0600/LCCC-0564.png","LCCC-0564.png","D:\github\ron-english-light-cult-0001-1000\images\0501-0600\LCCC-0564.png","items/lccc-0564.html","https://ronenglish-archive.github.io/ron-english-light-cult-0001-1000/items/lccc-0564.html","https://opensea.io/item/ethereum/0xbe85fbd182af91290be7293438ae67549638189f/564","OK",""
"565","0565","Light Cult Crypto Club #0565","RE-002375","0501-0600","D:\github\ron-english-nfts\light-cult-crypto-club\images\LCCC-0565.png","36532","images/0501-0600/LCCC-0565.png","LCCC-0565.png","D:\github\ron-english-light-cult-0001-1000\images\0501-0600\LCCC-0565.png","items/lccc-0565.html","https://ronenglish-archive.github.io/ron-english-light-cult-0001-1000/items/lccc-0565.html","https://opensea.io/item/ethereum/0xbe85fbd182af91290be7293438ae67549638189f/565","OK",""
"566","0566","Light Cult Crypto Club #0566","RE-002376","0501-0600","D:\github\ron-english-nfts\light-cult-crypto-club\images\LCCC-0566.png","26619","images/0501-0600/LCCC-0566.png","LCCC-0566.png","D:\github\ron-english-light-cult-0001-1000\images\0501-0600\LCCC-0566.png","items/lccc-0566.html","https://ronenglish-archive.github.io/ron-english-light-cult-0001-1000/items/lccc-0566.html","https://opensea.io/item/ethereum/0xbe85fbd182af91290be7293438ae67549638189f/566","OK",""
"567","0567","Light Cult Crypto Club #0567","RE-002377","0501-0600","D:\github\ron-english-nfts\light-cult-crypto-club\images\LCCC-0567.png","7187","images/0501-0600/LCCC-0567.png","LCCC-0567.png","D:\github\ron-english-light-cult-0001-1000\images\0501-0600\LCCC-0567.png","items/lccc-0567.html","https://ronenglish-archive.github.io/ron-english-light-cult-0001-1000/items/lccc-0567.html","https://opensea.io/item/ethereum/0xbe85fbd182af91290be7293438ae67549638189f/567","OK",""
"568","0568","Light Cult Crypto Club #0568","RE-002378","0501-0600","D:\github\ron-english-nfts\light-cult-crypto-club\images\LCCC-0568.png","13203","images/0501-0600/LCCC-0568.png","LCCC-0568.png","D:\github\ron-english-light-cult-0001-1000\images\0501-0600\LCCC-0568.png","items/lccc-0568.html","https://ronenglish-archive.github.io/ron-english-light-cult-0001-1000/items/lccc-0568.html","https://opensea.io/item/ethereum/0xbe85fbd182af91290be7293438ae67549638189f/568","OK",""
"569","0569","Light Cult Crypto Club #0569","RE-002379","0501-0600","D:\github\ron-english-nfts\light-cult-crypto-club\images\LCCC-0569.png","8261","images/0501-0600/LCCC-0569.png","LCCC-0569.png","D:\github\ron-english-light-cult-0001-1000\images\0501-0600\LCCC-0569.png","items/lccc-0569.html","https://ronenglish-archive.github.io/ron-english-light-cult-0001-1000/items/lccc-0569.html","https://opensea.io/item/ethereum/0xbe85fbd182af91290be7293438ae67549638189f/569","OK",""
"570","0570","Light Cult Crypto Club #0570","RE-002380","0501-0600","D:\github\ron-english-nfts\light-cult-crypto-club\images\LCCC-0570.png","5143","images/0501-0600/LCCC-0570.png","LCCC-0570.png","D:\github\ron-english-light-cult-0001-1000\images\0501-0600\LCCC-0570.png","items/lccc-0570.html","https://ronenglish-archive.github.io/ron-english-light-cult-0001-1000/items/lccc-0570.html","https://opensea.io/item/ethereum/0xbe85fbd182af91290be7293438ae67549638189f/570","OK",""
"571","0571","Light Cult Crypto Club #0571","RE-002381","0501-0600","D:\github\ron-english-nfts\light-cult-crypto-club\images\LCCC-0571.png","17486","images/0501-0600/LCCC-0571.png","LCCC-0571.png","D:\github\ron-english-light-cult-0001-1000\images\0501-0600\LCCC-0571.png","items/lccc-0571.html","https://ronenglish-archive.github.io/ron-english-light-cult-0001-1000/items/lccc-0571.html","https://opensea.io/item/ethereum/0xbe85fbd182af91290be7293438ae67549638189f/571","OK",""
"572","0572","Light Cult Crypto Club #0572","RE-002382","0501-0600","D:\github\ron-english-nfts\light-cult-crypto-club\images\LCCC-0572.png","12277","images/0501-0600/LCCC-0572.png","LCCC-0572.png","D:\github\ron-english-light-cult-0001-1000\images\0501-0600\LCCC-0572.png","items/lccc-0572.html","https://ronenglish-archive.github.io/ron-english-light-cult-0001-1000/items/lccc-0572.html","https://opensea.io/item/ethereum/0xbe85fbd182af91290be7293438ae67549638189f/572","OK",""
"573","0573","Light Cult Crypto Club #0573","RE-002383","0501-0600","D:\github\ron-english-nfts\light-cult-crypto-club\images\LCCC-0573.png","43600","images/0501-0600/LCCC-0573.png","LCCC-0573.png","D:\github\ron-english-light-cult-0001-1000\images\0501-0600\LCCC-0573.png","items/lccc-0573.html","https://ronenglish-archive.github.io/ron-english-light-cult-0001-1000/items/lccc-0573.html","https://opensea.io/item/ethereum/0xbe85fbd182af91290be7293438ae67549638189f/573","OK",""
"574","0574","Light Cult Crypto Club #0574","RE-002384","0501-0600","D:\github\ron-english-nfts\light-cult-crypto-club\images\LCCC-0574.png","31409","images/0501-0600/LCCC-0574.png","LCCC-0574.png","D:\github\ron-english-light-cult-0001-1000\images\0501-0600\LCCC-0574.png","items/lccc-0574.html","https://ronenglish-archive.github.io/ron-english-light-cult-0001-1000/items/lccc-0574.html","https://opensea.io/item/ethereum/0xbe85fbd182af91290be7293438ae67549638189f/574","OK",""
"575","0575","Light Cult Crypto Club #0575","RE-002385","0501-0600","D:\github\ron-english-nfts\light-cult-crypto-club\images\LCCC-0575.png","17057","images/0501-0600/LCCC-0575.png","LCCC-0575.png","D:\github\ron-english-light-cult-0001-1000\images\0501-0600\LCCC-0575.png","items/lccc-0575.html","https://ronenglish-archive.github.io/ron-english-light-cult-0001-1000/items/lccc-0575.html","https://opensea.io/item/ethereum/0xbe85fbd182af91290be7293438ae67549638189f/575","OK",""
"576","0576","Light Cult Crypto Club #0576","RE-002386","0501-0600","D:\github\ron-english-nfts\light-cult-crypto-club\images\LCCC-0576.png","9956","images/0501-0600/LCCC-0576.png","LCCC-0576.png","D:\github\ron-english-light-cult-0001-1000\images\0501-0600\LCCC-0576.png","items/lccc-0576.html","https://ronenglish-archive.github.io/ron-english-light-cult-0001-1000/items/lccc-0576.html","https://opensea.io/item/ethereum/0xbe85fbd182af91290be7293438ae67549638189f/576","OK",""
"577","0577","Light Cult Crypto Club #0577","RE-002387","0501-0600","D:\github\ron-english-nfts\light-cult-crypto-club\images\LCCC-0577.png","38794","images/0501-0600/LCCC-0577.png","LCCC-0577.png","D:\github\ron-english-light-cult-0001-1000\images\0501-0600\LCCC-0577.png","items/lccc-0577.html","https://ronenglish-archive.github.io/ron-english-light-cult-0001-1000/items/lccc-0577.html","https://opensea.io/item/ethereum/0xbe85fbd182af91290be7293438ae67549638189f/577","OK",""
"578","0578","Light Cult Crypto Club #0578","RE-002388","0501-0600","D:\github\ron-english-nfts\light-cult-crypto-club\images\LCCC-0578.png","7966","images/0501-0600/LCCC-0578.png","LCCC-0578.png","D:\github\ron-english-light-cult-0001-1000\images\0501-0600\LCCC-0578.png","items/lccc-0578.html","https://ronenglish-archive.github.io/ron-english-light-cult-0001-1000/items/lccc-0578.html","https://opensea.io/item/ethereum/0xbe85fbd182af91290be7293438ae67549638189f/578","OK",""
"579","0579","Light Cult Crypto Club #0579","RE-002389","0501-0600","D:\github\ron-english-nfts\light-cult-crypto-club\images\LCCC-0579.png","5979","images/0501-0600/LCCC-0579.png","LCCC-0579.png","D:\github\ron-english-light-cult-0001-1000\images\0501-0600\LCCC-0579.png","items/lccc-0579.html","https://ronenglish-archive.github.io/ron-english-light-cult-0001-1000/items/lccc-0579.html","https://opensea.io/item/ethereum/0xbe85fbd182af91290be7293438ae67549638189f/579","OK",""
"580","0580","Light Cult Crypto Club #0580","RE-002390","0501-0600","","","","","","items/lccc-0580.html","https://ronenglish-archive.github.io/ron-english-light-cult-0001-1000/items/lccc-0580.html","https://opensea.io/item/ethereum/0xbe85fbd182af91290be7293438ae67549638189f/580","MISSING SOURCE IMAGE","No source image found for token #0580"
"581","0581","Light Cult Crypto Club #0581","RE-002391","0501-0600","","","","","","items/lccc-0581.html","https://ronenglish-archive.github.io/ron-english-light-cult-0001-1000/items/lccc-0581.html","https://opensea.io/item/ethereum/0xbe85fbd182af91290be7293438ae67549638189f/581","MISSING SOURCE IMAGE","No source image found for token #0581"
"582","0582","Light Cult Crypto Club #0582","RE-002392","0501-0600","D:\github\ron-english-nfts\light-cult-crypto-club\images\LCCC-0582.png","9565","images/0501-0600/LCCC-0582.png","LCCC-0582.png","D:\github\ron-english-light-cult-0001-1000\images\0501-0600\LCCC-0582.png","items/lccc-0582.html","https://ronenglish-archive.github.io/ron-english-light-cult-0001-1000/items/lccc-0582.html","https://opensea.io/item/ethereum/0xbe85fbd182af91290be7293438ae67549638189f/582","OK",""
"583","0583","Light Cult Crypto Club #0583","RE-002393","0501-0600","D:\github\ron-english-nfts\light-cult-crypto-club\images\LCCC-0583.png","10629","images/0501-0600/LCCC-0583.png","LCCC-0583.png","D:\github\ron-english-light-cult-0001-1000\images\0501-0600\LCCC-0583.png","items/lccc-0583.html","https://ronenglish-archive.github.io/ron-english-light-cult-0001-1000/items/lccc-0583.html","https://opensea.io/item/ethereum/0xbe85fbd182af91290be7293438ae67549638189f/583","OK",""
"584","0584","Light Cult Crypto Club #0584","RE-002394","0501-0600","D:\github\ron-english-nfts\light-cult-crypto-club\images\LCCC-0584.png","7190","images/0501-0600/LCCC-0584.png","LCCC-0584.png","D:\github\ron-english-light-cult-0001-1000\images\0501-0600\LCCC-0584.png","items/lccc-0584.html","https://ronenglish-archive.github.io/ron-english-light-cult-0001-1000/items/lccc-0584.html","https://opensea.io/item/ethereum/0xbe85fbd182af91290be7293438ae67549638189f/584","OK",""
"585","0585","Light Cult Crypto Club #0585","RE-002395","0501-0600","D:\github\ron-english-nfts\light-cult-crypto-club\images\LCCC-0585.png","31354","images/0501-0600/LCCC-0585.png","LCCC-0585.png","D:\github\ron-english-light-cult-0001-1000\images\0501-0600\LCCC-0585.png","items/lccc-0585.html","https://ronenglish-archive.github.io/ron-english-light-cult-0001-1000/items/lccc-0585.html","https://opensea.io/item/ethereum/0xbe85fbd182af91290be7293438ae67549638189f/585","OK",""
"586","0586","Light Cult Crypto Club #0586","RE-002396","0501-0600","D:\github\ron-english-nfts\light-cult-crypto-club\images\LCCC-0586.png","13439","images/0501-0600/LCCC-0586.png","LCCC-0586.png","D:\github\ron-english-light-cult-0001-1000\images\0501-0600\LCCC-0586.png","items/lccc-0586.html","https://ronenglish-archive.github.io/ron-english-light-cult-0001-1000/items/lccc-0586.html","https://opensea.io/item/ethereum/0xbe85fbd182af91290be7293438ae67549638189f/586","OK",""
"587","0587","Light Cult Crypto Club #0587","RE-002397","0501-0600","D:\github\ron-english-nfts\light-cult-crypto-club\images\LCCC-0587.png","17972","images/0501-0600/LCCC-0587.png","LCCC-0587.png","D:\github\ron-english-light-cult-0001-1000\images\0501-0600\LCCC-0587.png","items/lccc-0587.html","https://ronenglish-archive.github.io/ron-english-light-cult-0001-1000/items/lccc-0587.html","https://opensea.io/item/ethereum/0xbe85fbd182af91290be7293438ae67549638189f/587","OK",""
"588","0588","Light Cult Crypto Club #0588","RE-002398","0501-0600","D:\github\ron-english-nfts\light-cult-crypto-club\images\LCCC-0588.png","34700","images/0501-0600/LCCC-0588.png","LCCC-0588.png","D:\github\ron-english-light-cult-0001-1000\images\0501-0600\LCCC-0588.png","items/lccc-0588.html","https://ronenglish-archive.github.io/ron-english-light-cult-0001-1000/items/lccc-0588.html","https://opensea.io/item/ethereum/0xbe85fbd182af91290be7293438ae67549638189f/588","OK",""
"589","0589","Light Cult Crypto Club #0589","RE-002399","0501-0600","D:\github\ron-english-nfts\light-cult-crypto-club\images\LCCC-0589.png","30782","images/0501-0600/LCCC-0589.png","LCCC-0589.png","D:\github\ron-english-light-cult-0001-1000\images\0501-0600\LCCC-0589.png","items/lccc-0589.html","https://ronenglish-archive.github.io/ron-english-light-cult-0001-1000/items/lccc-0589.html","https://opensea.io/item/ethereum/0xbe85fbd182af91290be7293438ae67549638189f/589","OK",""
"590","0590","Light Cult Crypto Club #0590","RE-002400","0501-0600","D:\github\ron-english-nfts\light-cult-crypto-club\images\LCCC-0590.png","11298","images/0501-0600/LCCC-0590.png","LCCC-0590.png","D:\github\ron-english-light-cult-0001-1000\images\0501-0600\LCCC-0590.png","items/lccc-0590.html","https://ronenglish-archive.github.io/ron-english-light-cult-0001-1000/items/lccc-0590.html","https://opensea.io/item/ethereum/0xbe85fbd182af91290be7293438ae67549638189f/590","OK",""
"591","0591","Light Cult Crypto Club #0591","RE-002401","0501-0600","D:\github\ron-english-nfts\light-cult-crypto-club\images\LCCC-0591.png","6939","images/0501-0600/LCCC-0591.png","LCCC-0591.png","D:\github\ron-english-light-cult-0001-1000\images\0501-0600\LCCC-0591.png","items/lccc-0591.html","https://ronenglish-archive.github.io/ron-english-light-cult-0001-1000/items/lccc-0591.html","https://opensea.io/item/ethereum/0xbe85fbd182af91290be7293438ae67549638189f/591","OK",""
"592","0592","Light Cult Crypto Club #0592","RE-002402","0501-0600","D:\github\ron-english-nfts\light-cult-crypto-club\images\LCCC-0592.png","23706","images/0501-0600/LCCC-0592.png","LCCC-0592.png","D:\github\ron-english-light-cult-0001-1000\images\0501-0600\LCCC-0592.png","items/lccc-0592.html","https://ronenglish-archive.github.io/ron-english-light-cult-0001-1000/items/lccc-0592.html","https://opensea.io/item/ethereum/0xbe85fbd182af91290be7293438ae67549638189f/592","OK",""
"593","0593","Light Cult Crypto Club #0593","RE-002403","0501-0600","D:\github\ron-english-nfts\light-cult-crypto-club\images\LCCC-0593.png","14235","images/0501-0600/LCCC-0593.png","LCCC-0593.png","D:\github\ron-english-light-cult-0001-1000\images\0501-0600\LCCC-0593.png","items/lccc-0593.html","https://ronenglish-archive.github.io/ron-english-light-cult-0001-1000/items/lccc-0593.html","https://opensea.io/item/ethereum/0xbe85fbd182af91290be7293438ae67549638189f/593","OK",""
"594","0594","Light Cult Crypto Club #0594","RE-002404","0501-0600","D:\github\ron-english-nfts\light-cult-crypto-club\images\LCCC-0594.png","28466","images/0501-0600/LCCC-0594.png","LCCC-0594.png","D:\github\ron-english-light-cult-0001-1000\images\0501-0600\LCCC-0594.png","items/lccc-0594.html","https://ronenglish-archive.github.io/ron-english-light-cult-0001-1000/items/lccc-0594.html","https://opensea.io/item/ethereum/0xbe85fbd182af91290be7293438ae67549638189f/594","OK",""
"595","0595","Light Cult Crypto Club #0595","RE-002405","0501-0600","D:\github\ron-english-nfts\light-cult-crypto-club\images\LCCC-0595.png","15671","images/0501-0600/LCCC-0595.png","LCCC-0595.png","D:\github\ron-english-light-cult-0001-1000\images\0501-0600\LCCC-0595.png","items/lccc-0595.html","https://ronenglish-archive.github.io/ron-english-light-cult-0001-1000/items/lccc-0595.html","https://opensea.io/item/ethereum/0xbe85fbd182af91290be7293438ae67549638189f/595","OK",""
"596","0596","Light Cult Crypto Club #0596","RE-002406","0501-0600","D:\github\ron-english-nfts\light-cult-crypto-club\images\LCCC-0596.png","26260","images/0501-0600/LCCC-0596.png","LCCC-0596.png","D:\github\ron-english-light-cult-0001-1000\images\0501-0600\LCCC-0596.png","items/lccc-0596.html","https://ronenglish-archive.github.io/ron-english-light-cult-0001-1000/items/lccc-0596.html","https://opensea.io/item/ethereum/0xbe85fbd182af91290be7293438ae67549638189f/596","OK",""
"597","0597","Light Cult Crypto Club #0597","RE-002407","0501-0600","D:\github\ron-english-nfts\light-cult-crypto-club\images\LCCC-0597.png","10683","images/0501-0600/LCCC-0597.png","LCCC-0597.png","D:\github\ron-english-light-cult-0001-1000\images\0501-0600\LCCC-0597.png","items/lccc-0597.html","https://ronenglish-archive.github.io/ron-english-light-cult-0001-1000/items/lccc-0597.html","https://opensea.io/item/ethereum/0xbe85fbd182af91290be7293438ae67549638189f/597","OK",""
"598","0598","Light Cult Crypto Club #0598","RE-002408","0501-0600","D:\github\ron-english-nfts\light-cult-crypto-club\images\LCCC-0598.png","6126","images/0501-0600/LCCC-0598.png","LCCC-0598.png","D:\github\ron-english-light-cult-0001-1000\images\0501-0600\LCCC-0598.png","items/lccc-0598.html","https://ronenglish-archive.github.io/ron-english-light-cult-0001-1000/items/lccc-0598.html","https://opensea.io/item/ethereum/0xbe85fbd182af91290be7293438ae67549638189f/598","OK",""
"599","0599","Light Cult Crypto Club #0599","RE-002409","0501-0600","D:\github\ron-english-nfts\light-cult-crypto-club\images\LCCC-0599.png","13732","images/0501-0600/LCCC-0599.png","LCCC-0599.png","D:\github\ron-english-light-cult-0001-1000\images\0501-0600\LCCC-0599.png","items/lccc-0599.html","https://ronenglish-archive.github.io/ron-english-light-cult-0001-1000/items/lccc-0599.html","https://opensea.io/item/ethereum/0xbe85fbd182af91290be7293438ae67549638189f/599","OK",""
"600","0600","Light Cult Crypto Club #0600","RE-002410","0501-0600","D:\github\ron-english-nfts\light-cult-crypto-club\images\LCCC-0600.png","18113","images/0501-0600/LCCC-0600.png","LCCC-0600.png","D:\github\ron-english-light-cult-0001-1000\images\0501-0600\LCCC-0600.png","items/lccc-0600.html","https://ronenglish-archive.github.io/ron-english-light-cult-0001-1000/items/lccc-0600.html","https://opensea.io/item/ethereum/0xbe85fbd182af91290be7293438ae67549638189f/600","OK",""
"601","0601","Light Cult Crypto Club #0601","RE-002411","0601-0700","D:\github\ron-english-nfts\light-cult-crypto-club\images\LCCC-0601.png","35690","images/0601-0700/LCCC-0601.png","LCCC-0601.png","D:\github\ron-english-light-cult-0001-1000\images\0601-0700\LCCC-0601.png","items/lccc-0601.html","https://ronenglish-archive.github.io/ron-english-light-cult-0001-1000/items/lccc-0601.html","https://opensea.io/item/ethereum/0xbe85fbd182af91290be7293438ae67549638189f/601","OK",""
"602","0602","Light Cult Crypto Club #0602","RE-002412","0601-0700","","","","","","items/lccc-0602.html","https://ronenglish-archive.github.io/ron-english-light-cult-0001-1000/items/lccc-0602.html","https://opensea.io/item/ethereum/0xbe85fbd182af91290be7293438ae67549638189f/602","MISSING SOURCE IMAGE","No source image found for token #0602"
"603","0603","Light Cult Crypto Club #0603","RE-002413","0601-0700","D:\github\ron-english-nfts\light-cult-crypto-club\images\LCCC-0603.png","19454","images/0601-0700/LCCC-0603.png","LCCC-0603.png","D:\github\ron-english-light-cult-0001-1000\images\0601-0700\LCCC-0603.png","items/lccc-0603.html","https://ronenglish-archive.github.io/ron-english-light-cult-0001-1000/items/lccc-0603.html","https://opensea.io/item/ethereum/0xbe85fbd182af91290be7293438ae67549638189f/603","OK",""
"604","0604","Light Cult Crypto Club #0604","RE-002414","0601-0700","D:\github\ron-english-nfts\light-cult-crypto-club\images\LCCC-0604.png","39322","images/0601-0700/LCCC-0604.png","LCCC-0604.png","D:\github\ron-english-light-cult-0001-1000\images\0601-0700\LCCC-0604.png","items/lccc-0604.html","https://ronenglish-archive.github.io/ron-english-light-cult-0001-1000/items/lccc-0604.html","https://opensea.io/item/ethereum/0xbe85fbd182af91290be7293438ae67549638189f/604","OK",""
"605","0605","Light Cult Crypto Club #0605","RE-002415","0601-0700","","","","","","items/lccc-0605.html","https://ronenglish-archive.github.io/ron-english-light-cult-0001-1000/items/lccc-0605.html","https://opensea.io/item/ethereum/0xbe85fbd182af91290be7293438ae67549638189f/605","MISSING SOURCE IMAGE","No source image found for token #0605"
"606","0606","Light Cult Crypto Club #0606","RE-002416","0601-0700","D:\github\ron-english-nfts\light-cult-crypto-club\images\LCCC-0606.png","11963","images/0601-0700/LCCC-0606.png","LCCC-0606.png","D:\github\ron-english-light-cult-0001-1000\images\0601-0700\LCCC-0606.png","items/lccc-0606.html","https://ronenglish-archive.github.io/ron-english-light-cult-0001-1000/items/lccc-0606.html","https://opensea.io/item/ethereum/0xbe85fbd182af91290be7293438ae67549638189f/606","OK",""
"607","0607","Light Cult Crypto Club #0607","RE-002417","0601-0700","D:\github\ron-english-nfts\light-cult-crypto-club\images\LCCC-0607.png","17790","images/0601-0700/LCCC-0607.png","LCCC-0607.png","D:\github\ron-english-light-cult-0001-1000\images\0601-0700\LCCC-0607.png","items/lccc-0607.html","https://ronenglish-archive.github.io/ron-english-light-cult-0001-1000/items/lccc-0607.html","https://opensea.io/item/ethereum/0xbe85fbd182af91290be7293438ae67549638189f/607","OK",""
"608","0608","Light Cult Crypto Club #0608","RE-002418","0601-0700","D:\github\ron-english-nfts\light-cult-crypto-club\images\LCCC-0608.png","11776","images/0601-0700/LCCC-0608.png","LCCC-0608.png","D:\github\ron-english-light-cult-0001-1000\images\0601-0700\LCCC-0608.png","items/lccc-0608.html","https://ronenglish-archive.github.io/ron-english-light-cult-0001-1000/items/lccc-0608.html","https://opensea.io/item/ethereum/0xbe85fbd182af91290be7293438ae67549638189f/608","OK",""
"609","0609","Light Cult Crypto Club #0609","RE-002419","0601-0700","D:\github\ron-english-nfts\light-cult-crypto-club\images\LCCC-0609.png","29914","images/0601-0700/LCCC-0609.png","LCCC-0609.png","D:\github\ron-english-light-cult-0001-1000\images\0601-0700\LCCC-0609.png","items/lccc-0609.html","https://ronenglish-archive.github.io/ron-english-light-cult-0001-1000/items/lccc-0609.html","https://opensea.io/item/ethereum/0xbe85fbd182af91290be7293438ae67549638189f/609","OK",""
"610","0610","Light Cult Crypto Club #0610","RE-002420","0601-0700","D:\github\ron-english-nfts\light-cult-crypto-club\images\LCCC-0610.png","28222","images/0601-0700/LCCC-0610.png","LCCC-0610.png","D:\github\ron-english-light-cult-0001-1000\images\0601-0700\LCCC-0610.png","items/lccc-0610.html","https://ronenglish-archive.github.io/ron-english-light-cult-0001-1000/items/lccc-0610.html","https://opensea.io/item/ethereum/0xbe85fbd182af91290be7293438ae67549638189f/610","OK",""
"611","0611","Light Cult Crypto Club #0611","RE-002421","0601-0700","D:\github\ron-english-nfts\light-cult-crypto-club\images\LCCC-0611.png","8307","images/0601-0700/LCCC-0611.png","LCCC-0611.png","D:\github\ron-english-light-cult-0001-1000\images\0601-0700\LCCC-0611.png","items/lccc-0611.html","https://ronenglish-archive.github.io/ron-english-light-cult-0001-1000/items/lccc-0611.html","https://opensea.io/item/ethereum/0xbe85fbd182af91290be7293438ae67549638189f/611","OK",""
"612","0612","Light Cult Crypto Club #0612","RE-002422","0601-0700","D:\github\ron-english-nfts\light-cult-crypto-club\images\LCCC-0612.png","20409","images/0601-0700/LCCC-0612.png","LCCC-0612.png","D:\github\ron-english-light-cult-0001-1000\images\0601-0700\LCCC-0612.png","items/lccc-0612.html","https://ronenglish-archive.github.io/ron-english-light-cult-0001-1000/items/lccc-0612.html","https://opensea.io/item/ethereum/0xbe85fbd182af91290be7293438ae67549638189f/612","OK",""
"613","0613","Light Cult Crypto Club #0613","RE-002423","0601-0700","D:\github\ron-english-nfts\light-cult-crypto-club\images\LCCC-0613.png","4606","images/0601-0700/LCCC-0613.png","LCCC-0613.png","D:\github\ron-english-light-cult-0001-1000\images\0601-0700\LCCC-0613.png","items/lccc-0613.html","https://ronenglish-archive.github.io/ron-english-light-cult-0001-1000/items/lccc-0613.html","https://opensea.io/item/ethereum/0xbe85fbd182af91290be7293438ae67549638189f/613","OK",""
"614","0614","Light Cult Crypto Club #0614","RE-002424","0601-0700","D:\github\ron-english-nfts\light-cult-crypto-club\images\LCCC-0614.png","31005","images/0601-0700/LCCC-0614.png","LCCC-0614.png","D:\github\ron-english-light-cult-0001-1000\images\0601-0700\LCCC-0614.png","items/lccc-0614.html","https://ronenglish-archive.github.io/ron-english-light-cult-0001-1000/items/lccc-0614.html","https://opensea.io/item/ethereum/0xbe85fbd182af91290be7293438ae67549638189f/614","OK",""
"615","0615","Light Cult Crypto Club #0615","RE-002425","0601-0700","D:\github\ron-english-nfts\light-cult-crypto-club\images\LCCC-0615.png","23583","images/0601-0700/LCCC-0615.png","LCCC-0615.png","D:\github\ron-english-light-cult-0001-1000\images\0601-0700\LCCC-0615.png","items/lccc-0615.html","https://ronenglish-archive.github.io/ron-english-light-cult-0001-1000/items/lccc-0615.html","https://opensea.io/item/ethereum/0xbe85fbd182af91290be7293438ae67549638189f/615","OK",""
"616","0616","Light Cult Crypto Club #0616","RE-002426","0601-0700","D:\github\ron-english-nfts\light-cult-crypto-club\images\LCCC-0616.png","30505","images/0601-0700/LCCC-0616.png","LCCC-0616.png","D:\github\ron-english-light-cult-0001-1000\images\0601-0700\LCCC-0616.png","items/lccc-0616.html","https://ronenglish-archive.github.io/ron-english-light-cult-0001-1000/items/lccc-0616.html","https://opensea.io/item/ethereum/0xbe85fbd182af91290be7293438ae67549638189f/616","OK",""
"617","0617","Light Cult Crypto Club #0617","RE-002427","0601-0700","","","","","","items/lccc-0617.html","https://ronenglish-archive.github.io/ron-english-light-cult-0001-1000/items/lccc-0617.html","https://opensea.io/item/ethereum/0xbe85fbd182af91290be7293438ae67549638189f/617","MISSING SOURCE IMAGE","No source image found for token #0617"
"618","0618","Light Cult Crypto Club #0618","RE-002428","0601-0700","D:\github\ron-english-nfts\light-cult-crypto-club\images\LCCC-0618.png","21768","images/0601-0700/LCCC-0618.png","LCCC-0618.png","D:\github\ron-english-light-cult-0001-1000\images\0601-0700\LCCC-0618.png","items/lccc-0618.html","https://ronenglish-archive.github.io/ron-english-light-cult-0001-1000/items/lccc-0618.html","https://opensea.io/item/ethereum/0xbe85fbd182af91290be7293438ae67549638189f/618","OK",""
"619","0619","Light Cult Crypto Club #0619","RE-002429","0601-0700","D:\github\ron-english-nfts\light-cult-crypto-club\images\LCCC-0619.png","31745","images/0601-0700/LCCC-0619.png","LCCC-0619.png","D:\github\ron-english-light-cult-0001-1000\images\0601-0700\LCCC-0619.png","items/lccc-0619.html","https://ronenglish-archive.github.io/ron-english-light-cult-0001-1000/items/lccc-0619.html","https://opensea.io/item/ethereum/0xbe85fbd182af91290be7293438ae67549638189f/619","OK",""
"620","0620","Light Cult Crypto Club #0620","RE-002430","0601-0700","D:\github\ron-english-nfts\light-cult-crypto-club\images\LCCC-0620.png","16857","images/0601-0700/LCCC-0620.png","LCCC-0620.png","D:\github\ron-english-light-cult-0001-1000\images\0601-0700\LCCC-0620.png","items/lccc-0620.html","https://ronenglish-archive.github.io/ron-english-light-cult-0001-1000/items/lccc-0620.html","https://opensea.io/item/ethereum/0xbe85fbd182af91290be7293438ae67549638189f/620","OK",""
"621","0621","Light Cult Crypto Club #0621","RE-002431","0601-0700","D:\github\ron-english-nfts\light-cult-crypto-club\images\LCCC-0621.png","15784","images/0601-0700/LCCC-0621.png","LCCC-0621.png","D:\github\ron-english-light-cult-0001-1000\images\0601-0700\LCCC-0621.png","items/lccc-0621.html","https://ronenglish-archive.github.io/ron-english-light-cult-0001-1000/items/lccc-0621.html","https://opensea.io/item/ethereum/0xbe85fbd182af91290be7293438ae67549638189f/621","OK",""
"622","0622","Light Cult Crypto Club #0622","RE-002432","0601-0700","D:\github\ron-english-nfts\light-cult-crypto-club\images\LCCC-0622.png","5506","images/0601-0700/LCCC-0622.png","LCCC-0622.png","D:\github\ron-english-light-cult-0001-1000\images\0601-0700\LCCC-0622.png","items/lccc-0622.html","https://ronenglish-archive.github.io/ron-english-light-cult-0001-1000/items/lccc-0622.html","https://opensea.io/item/ethereum/0xbe85fbd182af91290be7293438ae67549638189f/622","OK",""
"623","0623","Light Cult Crypto Club #0623","RE-002433","0601-0700","D:\github\ron-english-nfts\light-cult-crypto-club\images\LCCC-0623.png","38032","images/0601-0700/LCCC-0623.png","LCCC-0623.png","D:\github\ron-english-light-cult-0001-1000\images\0601-0700\LCCC-0623.png","items/lccc-0623.html","https://ronenglish-archive.github.io/ron-english-light-cult-0001-1000/items/lccc-0623.html","https://opensea.io/item/ethereum/0xbe85fbd182af91290be7293438ae67549638189f/623","OK",""
"624","0624","Light Cult Crypto Club #0624","RE-002434","0601-0700","","","","","","items/lccc-0624.html","https://ronenglish-archive.github.io/ron-english-light-cult-0001-1000/items/lccc-0624.html","https://opensea.io/item/ethereum/0xbe85fbd182af91290be7293438ae67549638189f/624","MISSING SOURCE IMAGE","No source image found for token #0624"
"625","0625","Light Cult Crypto Club #0625","RE-002435","0601-0700","","","","","","items/lccc-0625.html","https://ronenglish-archive.github.io/ron-english-light-cult-0001-1000/items/lccc-0625.html","https://opensea.io/item/ethereum/0xbe85fbd182af91290be7293438ae67549638189f/625","MISSING SOURCE IMAGE","No source image found for token #0625"
"626","0626","Light Cult Crypto Club #0626","RE-002436","0601-0700","D:\github\ron-english-nfts\light-cult-crypto-club\images\LCCC-0626.png","23701","images/0601-0700/LCCC-0626.png","LCCC-0626.png","D:\github\ron-english-light-cult-0001-1000\images\0601-0700\LCCC-0626.png","items/lccc-0626.html","https://ronenglish-archive.github.io/ron-english-light-cult-0001-1000/items/lccc-0626.html","https://opensea.io/item/ethereum/0xbe85fbd182af91290be7293438ae67549638189f/626","OK",""
"627","0627","Light Cult Crypto Club #0627","RE-002437","0601-0700","D:\github\ron-english-nfts\light-cult-crypto-club\images\LCCC-0627.png","16726","images/0601-0700/LCCC-0627.png","LCCC-0627.png","D:\github\ron-english-light-cult-0001-1000\images\0601-0700\LCCC-0627.png","items/lccc-0627.html","https://ronenglish-archive.github.io/ron-english-light-cult-0001-1000/items/lccc-0627.html","https://opensea.io/item/ethereum/0xbe85fbd182af91290be7293438ae67549638189f/627","OK",""
"628","0628","Light Cult Crypto Club #0628","RE-002438","0601-0700","D:\github\ron-english-nfts\light-cult-crypto-club\images\LCCC-0628.png","19633","images/0601-0700/LCCC-0628.png","LCCC-0628.png","D:\github\ron-english-light-cult-0001-1000\images\0601-0700\LCCC-0628.png","items/lccc-0628.html","https://ronenglish-archive.github.io/ron-english-light-cult-0001-1000/items/lccc-0628.html","https://opensea.io/item/ethereum/0xbe85fbd182af91290be7293438ae67549638189f/628","OK",""
"629","0629","Light Cult Crypto Club #0629","RE-002439","0601-0700","","","","","","items/lccc-0629.html","https://ronenglish-archive.github.io/ron-english-light-cult-0001-1000/items/lccc-0629.html","https://opensea.io/item/ethereum/0xbe85fbd182af91290be7293438ae67549638189f/629","MISSING SOURCE IMAGE","No source image found for token #0629"
"630","0630","Light Cult Crypto Club #0630","RE-002440","0601-0700","","","","","","items/lccc-0630.html","https://ronenglish-archive.github.io/ron-english-light-cult-0001-1000/items/lccc-0630.html","https://opensea.io/item/ethereum/0xbe85fbd182af91290be7293438ae67549638189f/630","MISSING SOURCE IMAGE","No source image found for token #0630"
"631","0631","Light Cult Crypto Club #0631","RE-002441","0601-0700","D:\github\ron-english-nfts\light-cult-crypto-club\images\LCCC-0631.png","22937","images/0601-0700/LCCC-0631.png","LCCC-0631.png","D:\github\ron-english-light-cult-0001-1000\images\0601-0700\LCCC-0631.png","items/lccc-0631.html","https://ronenglish-archive.github.io/ron-english-light-cult-0001-1000/items/lccc-0631.html","https://opensea.io/item/ethereum/0xbe85fbd182af91290be7293438ae67549638189f/631","OK",""
"632","0632","Light Cult Crypto Club #0632","RE-002442","0601-0700","D:\github\ron-english-nfts\light-cult-crypto-club\images\LCCC-0632.png","6292","images/0601-0700/LCCC-0632.png","LCCC-0632.png","D:\github\ron-english-light-cult-0001-1000\images\0601-0700\LCCC-0632.png","items/lccc-0632.html","https://ronenglish-archive.github.io/ron-english-light-cult-0001-1000/items/lccc-0632.html","https://opensea.io/item/ethereum/0xbe85fbd182af91290be7293438ae67549638189f/632","OK",""
"633","0633","Light Cult Crypto Club #0633","RE-002443","0601-0700","D:\github\ron-english-nfts\light-cult-crypto-club\images\LCCC-0633.png","4415","images/0601-0700/LCCC-0633.png","LCCC-0633.png","D:\github\ron-english-light-cult-0001-1000\images\0601-0700\LCCC-0633.png","items/lccc-0633.html","https://ronenglish-archive.github.io/ron-english-light-cult-0001-1000/items/lccc-0633.html","https://opensea.io/item/ethereum/0xbe85fbd182af91290be7293438ae67549638189f/633","OK",""
"634","0634","Light Cult Crypto Club #0634","RE-002444","0601-0700","D:\github\ron-english-nfts\light-cult-crypto-club\images\LCCC-0634.png","24321","images/0601-0700/LCCC-0634.png","LCCC-0634.png","D:\github\ron-english-light-cult-0001-1000\images\0601-0700\LCCC-0634.png","items/lccc-0634.html","https://ronenglish-archive.github.io/ron-english-light-cult-0001-1000/items/lccc-0634.html","https://opensea.io/item/ethereum/0xbe85fbd182af91290be7293438ae67549638189f/634","OK",""
"635","0635","Light Cult Crypto Club #0635","RE-002445","0601-0700","D:\github\ron-english-nfts\light-cult-crypto-club\images\LCCC-0635.png","25516","images/0601-0700/LCCC-0635.png","LCCC-0635.png","D:\github\ron-english-light-cult-0001-1000\images\0601-0700\LCCC-0635.png","items/lccc-0635.html","https://ronenglish-archive.github.io/ron-english-light-cult-0001-1000/items/lccc-0635.html","https://opensea.io/item/ethereum/0xbe85fbd182af91290be7293438ae67549638189f/635","OK",""
"636","0636","Light Cult Crypto Club #0636","RE-002446","0601-0700","D:\github\ron-english-nfts\light-cult-crypto-club\images\LCCC-0636.png","6087","images/0601-0700/LCCC-0636.png","LCCC-0636.png","D:\github\ron-english-light-cult-0001-1000\images\0601-0700\LCCC-0636.png","items/lccc-0636.html","https://ronenglish-archive.github.io/ron-english-light-cult-0001-1000/items/lccc-0636.html","https://opensea.io/item/ethereum/0xbe85fbd182af91290be7293438ae67549638189f/636","OK",""
"637","0637","Light Cult Crypto Club #0637","RE-002447","0601-0700","","","","","","items/lccc-0637.html","https://ronenglish-archive.github.io/ron-english-light-cult-0001-1000/items/lccc-0637.html","https://opensea.io/item/ethereum/0xbe85fbd182af91290be7293438ae67549638189f/637","MISSING SOURCE IMAGE","No source image found for token #0637"
"638","0638","Light Cult Crypto Club #0638","RE-002448","0601-0700","","","","","","items/lccc-0638.html","https://ronenglish-archive.github.io/ron-english-light-cult-0001-1000/items/lccc-0638.html","https://opensea.io/item/ethereum/0xbe85fbd182af91290be7293438ae67549638189f/638","MISSING SOURCE IMAGE","No source image found for token #0638"
"639","0639","Light Cult Crypto Club #0639","RE-002449","0601-0700","D:\github\ron-english-nfts\light-cult-crypto-club\images\LCCC-0639.png","7014","images/0601-0700/LCCC-0639.png","LCCC-0639.png","D:\github\ron-english-light-cult-0001-1000\images\0601-0700\LCCC-0639.png","items/lccc-0639.html","https://ronenglish-archive.github.io/ron-english-light-cult-0001-1000/items/lccc-0639.html","https://opensea.io/item/ethereum/0xbe85fbd182af91290be7293438ae67549638189f/639","OK",""
"640","0640","Light Cult Crypto Club #0640","RE-002450","0601-0700","D:\github\ron-english-nfts\light-cult-crypto-club\images\LCCC-0640.png","15245","images/0601-0700/LCCC-0640.png","LCCC-0640.png","D:\github\ron-english-light-cult-0001-1000\images\0601-0700\LCCC-0640.png","items/lccc-0640.html","https://ronenglish-archive.github.io/ron-english-light-cult-0001-1000/items/lccc-0640.html","https://opensea.io/item/ethereum/0xbe85fbd182af91290be7293438ae67549638189f/640","OK",""
"641","0641","Light Cult Crypto Club #0641","RE-002451","0601-0700","D:\github\ron-english-nfts\light-cult-crypto-club\images\LCCC-0641.png","22157","images/0601-0700/LCCC-0641.png","LCCC-0641.png","D:\github\ron-english-light-cult-0001-1000\images\0601-0700\LCCC-0641.png","items/lccc-0641.html","https://ronenglish-archive.github.io/ron-english-light-cult-0001-1000/items/lccc-0641.html","https://opensea.io/item/ethereum/0xbe85fbd182af91290be7293438ae67549638189f/641","OK",""
"642","0642","Light Cult Crypto Club #0642","RE-002452","0601-0700","","","","","","items/lccc-0642.html","https://ronenglish-archive.github.io/ron-english-light-cult-0001-1000/items/lccc-0642.html","https://opensea.io/item/ethereum/0xbe85fbd182af91290be7293438ae67549638189f/642","MISSING SOURCE IMAGE","No source image found for token #0642"
"643","0643","Light Cult Crypto Club #0643","RE-002453","0601-0700","D:\github\ron-english-nfts\light-cult-crypto-club\images\LCCC-0643.png","11755","images/0601-0700/LCCC-0643.png","LCCC-0643.png","D:\github\ron-english-light-cult-0001-1000\images\0601-0700\LCCC-0643.png","items/lccc-0643.html","https://ronenglish-archive.github.io/ron-english-light-cult-0001-1000/items/lccc-0643.html","https://opensea.io/item/ethereum/0xbe85fbd182af91290be7293438ae67549638189f/643","OK",""
"644","0644","Light Cult Crypto Club #0644","RE-002454","0601-0700","D:\github\ron-english-nfts\light-cult-crypto-club\images\LCCC-0644.png","8666","images/0601-0700/LCCC-0644.png","LCCC-0644.png","D:\github\ron-english-light-cult-0001-1000\images\0601-0700\LCCC-0644.png","items/lccc-0644.html","https://ronenglish-archive.github.io/ron-english-light-cult-0001-1000/items/lccc-0644.html","https://opensea.io/item/ethereum/0xbe85fbd182af91290be7293438ae67549638189f/644","OK",""
"645","0645","Light Cult Crypto Club #0645","RE-002455","0601-0700","","","","","","items/lccc-0645.html","https://ronenglish-archive.github.io/ron-english-light-cult-0001-1000/items/lccc-0645.html","https://opensea.io/item/ethereum/0xbe85fbd182af91290be7293438ae67549638189f/645","MISSING SOURCE IMAGE","No source image found for token #0645"
"646","0646","Light Cult Crypto Club #0646","RE-002456","0601-0700","D:\github\ron-english-nfts\light-cult-crypto-club\images\LCCC-0646.png","18556","images/0601-0700/LCCC-0646.png","LCCC-0646.png","D:\github\ron-english-light-cult-0001-1000\images\0601-0700\LCCC-0646.png","items/lccc-0646.html","https://ronenglish-archive.github.io/ron-english-light-cult-0001-1000/items/lccc-0646.html","https://opensea.io/item/ethereum/0xbe85fbd182af91290be7293438ae67549638189f/646","OK",""
"647","0647","Light Cult Crypto Club #0647","RE-002457","0601-0700","","","","","","items/lccc-0647.html","https://ronenglish-archive.github.io/ron-english-light-cult-0001-1000/items/lccc-0647.html","https://opensea.io/item/ethereum/0xbe85fbd182af91290be7293438ae67549638189f/647","MISSING SOURCE IMAGE","No source image found for token #0647"
"648","0648","Light Cult Crypto Club #0648","RE-002458","0601-0700","D:\github\ron-english-nfts\light-cult-crypto-club\images\LCCC-0648.png","23459","images/0601-0700/LCCC-0648.png","LCCC-0648.png","D:\github\ron-english-light-cult-0001-1000\images\0601-0700\LCCC-0648.png","items/lccc-0648.html","https://ronenglish-archive.github.io/ron-english-light-cult-0001-1000/items/lccc-0648.html","https://opensea.io/item/ethereum/0xbe85fbd182af91290be7293438ae67549638189f/648","OK",""
"649","0649","Light Cult Crypto Club #0649","RE-002459","0601-0700","D:\github\ron-english-nfts\light-cult-crypto-club\images\LCCC-0649.png","28471","images/0601-0700/LCCC-0649.png","LCCC-0649.png","D:\github\ron-english-light-cult-0001-1000\images\0601-0700\LCCC-0649.png","items/lccc-0649.html","https://ronenglish-archive.github.io/ron-english-light-cult-0001-1000/items/lccc-0649.html","https://opensea.io/item/ethereum/0xbe85fbd182af91290be7293438ae67549638189f/649","OK",""
"650","0650","Light Cult Crypto Club #0650","RE-002460","0601-0700","D:\github\ron-english-nfts\light-cult-crypto-club\images\LCCC-0650.png","12623","images/0601-0700/LCCC-0650.png","LCCC-0650.png","D:\github\ron-english-light-cult-0001-1000\images\0601-0700\LCCC-0650.png","items/lccc-0650.html","https://ronenglish-archive.github.io/ron-english-light-cult-0001-1000/items/lccc-0650.html","https://opensea.io/item/ethereum/0xbe85fbd182af91290be7293438ae67549638189f/650","OK",""
"651","0651","Light Cult Crypto Club #0651","RE-002461","0601-0700","D:\github\ron-english-nfts\light-cult-crypto-club\images\LCCC-0651.png","6918","images/0601-0700/LCCC-0651.png","LCCC-0651.png","D:\github\ron-english-light-cult-0001-1000\images\0601-0700\LCCC-0651.png","items/lccc-0651.html","https://ronenglish-archive.github.io/ron-english-light-cult-0001-1000/items/lccc-0651.html","https://opensea.io/item/ethereum/0xbe85fbd182af91290be7293438ae67549638189f/651","OK",""
"652","0652","Light Cult Crypto Club #0652","RE-002462","0601-0700","D:\github\ron-english-nfts\light-cult-crypto-club\images\LCCC-0652.png","25385","images/0601-0700/LCCC-0652.png","LCCC-0652.png","D:\github\ron-english-light-cult-0001-1000\images\0601-0700\LCCC-0652.png","items/lccc-0652.html","https://ronenglish-archive.github.io/ron-english-light-cult-0001-1000/items/lccc-0652.html","https://opensea.io/item/ethereum/0xbe85fbd182af91290be7293438ae67549638189f/652","OK",""
"653","0653","Light Cult Crypto Club #0653","RE-002463","0601-0700","D:\github\ron-english-nfts\light-cult-crypto-club\images\LCCC-0653.png","28286","images/0601-0700/LCCC-0653.png","LCCC-0653.png","D:\github\ron-english-light-cult-0001-1000\images\0601-0700\LCCC-0653.png","items/lccc-0653.html","https://ronenglish-archive.github.io/ron-english-light-cult-0001-1000/items/lccc-0653.html","https://opensea.io/item/ethereum/0xbe85fbd182af91290be7293438ae67549638189f/653","OK",""
"654","0654","Light Cult Crypto Club #0654","RE-002464","0601-0700","D:\github\ron-english-nfts\light-cult-crypto-club\images\LCCC-0654.png","14807","images/0601-0700/LCCC-0654.png","LCCC-0654.png","D:\github\ron-english-light-cult-0001-1000\images\0601-0700\LCCC-0654.png","items/lccc-0654.html","https://ronenglish-archive.github.io/ron-english-light-cult-0001-1000/items/lccc-0654.html","https://opensea.io/item/ethereum/0xbe85fbd182af91290be7293438ae67549638189f/654","OK",""
"655","0655","Light Cult Crypto Club #0655","RE-002465","0601-0700","D:\github\ron-english-nfts\light-cult-crypto-club\images\LCCC-0655.png","32529","images/0601-0700/LCCC-0655.png","LCCC-0655.png","D:\github\ron-english-light-cult-0001-1000\images\0601-0700\LCCC-0655.png","items/lccc-0655.html","https://ronenglish-archive.github.io/ron-english-light-cult-0001-1000/items/lccc-0655.html","https://opensea.io/item/ethereum/0xbe85fbd182af91290be7293438ae67549638189f/655","OK",""
"656","0656","Light Cult Crypto Club #0656","RE-002466","0601-0700","D:\github\ron-english-nfts\light-cult-crypto-club\images\LCCC-0656.png","28662","images/0601-0700/LCCC-0656.png","LCCC-0656.png","D:\github\ron-english-light-cult-0001-1000\images\0601-0700\LCCC-0656.png","items/lccc-0656.html","https://ronenglish-archive.github.io/ron-english-light-cult-0001-1000/items/lccc-0656.html","https://opensea.io/item/ethereum/0xbe85fbd182af91290be7293438ae67549638189f/656","OK",""
"657","0657","Light Cult Crypto Club #0657","RE-002467","0601-0700","D:\github\ron-english-nfts\light-cult-crypto-club\images\LCCC-0657.png","11397","images/0601-0700/LCCC-0657.png","LCCC-0657.png","D:\github\ron-english-light-cult-0001-1000\images\0601-0700\LCCC-0657.png","items/lccc-0657.html","https://ronenglish-archive.github.io/ron-english-light-cult-0001-1000/items/lccc-0657.html","https://opensea.io/item/ethereum/0xbe85fbd182af91290be7293438ae67549638189f/657","OK",""
"658","0658","Light Cult Crypto Club #0658","RE-002468","0601-0700","D:\github\ron-english-nfts\light-cult-crypto-club\images\LCCC-0658.png","21192","images/0601-0700/LCCC-0658.png","LCCC-0658.png","D:\github\ron-english-light-cult-0001-1000\images\0601-0700\LCCC-0658.png","items/lccc-0658.html","https://ronenglish-archive.github.io/ron-english-light-cult-0001-1000/items/lccc-0658.html","https://opensea.io/item/ethereum/0xbe85fbd182af91290be7293438ae67549638189f/658","OK",""
"659","0659","Light Cult Crypto Club #0659","RE-002469","0601-0700","D:\github\ron-english-nfts\light-cult-crypto-club\images\LCCC-0659.png","29944","images/0601-0700/LCCC-0659.png","LCCC-0659.png","D:\github\ron-english-light-cult-0001-1000\images\0601-0700\LCCC-0659.png","items/lccc-0659.html","https://ronenglish-archive.github.io/ron-english-light-cult-0001-1000/items/lccc-0659.html","https://opensea.io/item/ethereum/0xbe85fbd182af91290be7293438ae67549638189f/659","OK",""
"660","0660","Light Cult Crypto Club #0660","RE-002470","0601-0700","","","","","","items/lccc-0660.html","https://ronenglish-archive.github.io/ron-english-light-cult-0001-1000/items/lccc-0660.html","https://opensea.io/item/ethereum/0xbe85fbd182af91290be7293438ae67549638189f/660","MISSING SOURCE IMAGE","No source image found for token #0660"
"661","0661","Light Cult Crypto Club #0661","RE-002471","0601-0700","D:\github\ron-english-nfts\light-cult-crypto-club\images\LCCC-0661.png","6450","images/0601-0700/LCCC-0661.png","LCCC-0661.png","D:\github\ron-english-light-cult-0001-1000\images\0601-0700\LCCC-0661.png","items/lccc-0661.html","https://ronenglish-archive.github.io/ron-english-light-cult-0001-1000/items/lccc-0661.html","https://opensea.io/item/ethereum/0xbe85fbd182af91290be7293438ae67549638189f/661","OK",""
"662","0662","Light Cult Crypto Club #0662","RE-002472","0601-0700","D:\github\ron-english-nfts\light-cult-crypto-club\images\LCCC-0662.png","7382","images/0601-0700/LCCC-0662.png","LCCC-0662.png","D:\github\ron-english-light-cult-0001-1000\images\0601-0700\LCCC-0662.png","items/lccc-0662.html","https://ronenglish-archive.github.io/ron-english-light-cult-0001-1000/items/lccc-0662.html","https://opensea.io/item/ethereum/0xbe85fbd182af91290be7293438ae67549638189f/662","OK",""
"663","0663","Light Cult Crypto Club #0663","RE-002473","0601-0700","D:\github\ron-english-nfts\light-cult-crypto-club\images\LCCC-0663.png","14900","images/0601-0700/LCCC-0663.png","LCCC-0663.png","D:\github\ron-english-light-cult-0001-1000\images\0601-0700\LCCC-0663.png","items/lccc-0663.html","https://ronenglish-archive.github.io/ron-english-light-cult-0001-1000/items/lccc-0663.html","https://opensea.io/item/ethereum/0xbe85fbd182af91290be7293438ae67549638189f/663","OK",""
"664","0664","Light Cult Crypto Club #0664","RE-002474","0601-0700","D:\github\ron-english-nfts\light-cult-crypto-club\images\LCCC-0664.png","30523","images/0601-0700/LCCC-0664.png","LCCC-0664.png","D:\github\ron-english-light-cult-0001-1000\images\0601-0700\LCCC-0664.png","items/lccc-0664.html","https://ronenglish-archive.github.io/ron-english-light-cult-0001-1000/items/lccc-0664.html","https://opensea.io/item/ethereum/0xbe85fbd182af91290be7293438ae67549638189f/664","OK",""
"665","0665","Light Cult Crypto Club #0665","RE-002475","0601-0700","D:\github\ron-english-nfts\light-cult-crypto-club\images\LCCC-0665.png","14454","images/0601-0700/LCCC-0665.png","LCCC-0665.png","D:\github\ron-english-light-cult-0001-1000\images\0601-0700\LCCC-0665.png","items/lccc-0665.html","https://ronenglish-archive.github.io/ron-english-light-cult-0001-1000/items/lccc-0665.html","https://opensea.io/item/ethereum/0xbe85fbd182af91290be7293438ae67549638189f/665","OK",""
"666","0666","Light Cult Crypto Club #0666","RE-002476","0601-0700","","","","","","items/lccc-0666.html","https://ronenglish-archive.github.io/ron-english-light-cult-0001-1000/items/lccc-0666.html","https://opensea.io/item/ethereum/0xbe85fbd182af91290be7293438ae67549638189f/666","MISSING SOURCE IMAGE","No source image found for token #0666"
"667","0667","Light Cult Crypto Club #0667","RE-002477","0601-0700","D:\github\ron-english-nfts\light-cult-crypto-club\images\LCCC-0667.png","35892","images/0601-0700/LCCC-0667.png","LCCC-0667.png","D:\github\ron-english-light-cult-0001-1000\images\0601-0700\LCCC-0667.png","items/lccc-0667.html","https://ronenglish-archive.github.io/ron-english-light-cult-0001-1000/items/lccc-0667.html","https://opensea.io/item/ethereum/0xbe85fbd182af91290be7293438ae67549638189f/667","OK",""
"668","0668","Light Cult Crypto Club #0668","RE-002478","0601-0700","D:\github\ron-english-nfts\light-cult-crypto-club\images\LCCC-0668.png","26346","images/0601-0700/LCCC-0668.png","LCCC-0668.png","D:\github\ron-english-light-cult-0001-1000\images\0601-0700\LCCC-0668.png","items/lccc-0668.html","https://ronenglish-archive.github.io/ron-english-light-cult-0001-1000/items/lccc-0668.html","https://opensea.io/item/ethereum/0xbe85fbd182af91290be7293438ae67549638189f/668","OK",""
"669","0669","Light Cult Crypto Club #0669","RE-002479","0601-0700","","","","","","items/lccc-0669.html","https://ronenglish-archive.github.io/ron-english-light-cult-0001-1000/items/lccc-0669.html","https://opensea.io/item/ethereum/0xbe85fbd182af91290be7293438ae67549638189f/669","MISSING SOURCE IMAGE","No source image found for token #0669"
"670","0670","Light Cult Crypto Club #0670","RE-002480","0601-0700","","","","","","items/lccc-0670.html","https://ronenglish-archive.github.io/ron-english-light-cult-0001-1000/items/lccc-0670.html","https://opensea.io/item/ethereum/0xbe85fbd182af91290be7293438ae67549638189f/670","MISSING SOURCE IMAGE","No source image found for token #0670"
"671","0671","Light Cult Crypto Club #0671","RE-002481","0601-0700","D:\github\ron-english-nfts\light-cult-crypto-club\images\LCCC-0671.png","40166","images/0601-0700/LCCC-0671.png","LCCC-0671.png","D:\github\ron-english-light-cult-0001-1000\images\0601-0700\LCCC-0671.png","items/lccc-0671.html","https://ronenglish-archive.github.io/ron-english-light-cult-0001-1000/items/lccc-0671.html","https://opensea.io/item/ethereum/0xbe85fbd182af91290be7293438ae67549638189f/671","OK",""
"672","0672","Light Cult Crypto Club #0672","RE-002482","0601-0700","D:\github\ron-english-nfts\light-cult-crypto-club\images\LCCC-0672.png","13600","images/0601-0700/LCCC-0672.png","LCCC-0672.png","D:\github\ron-english-light-cult-0001-1000\images\0601-0700\LCCC-0672.png","items/lccc-0672.html","https://ronenglish-archive.github.io/ron-english-light-cult-0001-1000/items/lccc-0672.html","https://opensea.io/item/ethereum/0xbe85fbd182af91290be7293438ae67549638189f/672","OK",""
"673","0673","Light Cult Crypto Club #0673","RE-002483","0601-0700","D:\github\ron-english-nfts\light-cult-crypto-club\images\LCCC-0673.png","29117","images/0601-0700/LCCC-0673.png","LCCC-0673.png","D:\github\ron-english-light-cult-0001-1000\images\0601-0700\LCCC-0673.png","items/lccc-0673.html","https://ronenglish-archive.github.io/ron-english-light-cult-0001-1000/items/lccc-0673.html","https://opensea.io/item/ethereum/0xbe85fbd182af91290be7293438ae67549638189f/673","OK",""
"674","0674","Light Cult Crypto Club #0674","RE-002484","0601-0700","","","","","","items/lccc-0674.html","https://ronenglish-archive.github.io/ron-english-light-cult-0001-1000/items/lccc-0674.html","https://opensea.io/item/ethereum/0xbe85fbd182af91290be7293438ae67549638189f/674","MISSING SOURCE IMAGE","No source image found for token #0674"
"675","0675","Light Cult Crypto Club #0675","RE-002485","0601-0700","D:\github\ron-english-nfts\light-cult-crypto-club\images\LCCC-0675.png","11067","images/0601-0700/LCCC-0675.png","LCCC-0675.png","D:\github\ron-english-light-cult-0001-1000\images\0601-0700\LCCC-0675.png","items/lccc-0675.html","https://ronenglish-archive.github.io/ron-english-light-cult-0001-1000/items/lccc-0675.html","https://opensea.io/item/ethereum/0xbe85fbd182af91290be7293438ae67549638189f/675","OK",""
"676","0676","Light Cult Crypto Club #0676","RE-002486","0601-0700","D:\github\ron-english-nfts\light-cult-crypto-club\images\LCCC-0676.png","25778","images/0601-0700/LCCC-0676.png","LCCC-0676.png","D:\github\ron-english-light-cult-0001-1000\images\0601-0700\LCCC-0676.png","items/lccc-0676.html","https://ronenglish-archive.github.io/ron-english-light-cult-0001-1000/items/lccc-0676.html","https://opensea.io/item/ethereum/0xbe85fbd182af91290be7293438ae67549638189f/676","OK",""
"677","0677","Light Cult Crypto Club #0677","RE-002487","0601-0700","D:\github\ron-english-nfts\light-cult-crypto-club\images\LCCC-0677.png","20881","images/0601-0700/LCCC-0677.png","LCCC-0677.png","D:\github\ron-english-light-cult-0001-1000\images\0601-0700\LCCC-0677.png","items/lccc-0677.html","https://ronenglish-archive.github.io/ron-english-light-cult-0001-1000/items/lccc-0677.html","https://opensea.io/item/ethereum/0xbe85fbd182af91290be7293438ae67549638189f/677","OK",""
"678","0678","Light Cult Crypto Club #0678","RE-002488","0601-0700","D:\github\ron-english-nfts\light-cult-crypto-club\images\LCCC-0678.png","4357","images/0601-0700/LCCC-0678.png","LCCC-0678.png","D:\github\ron-english-light-cult-0001-1000\images\0601-0700\LCCC-0678.png","items/lccc-0678.html","https://ronenglish-archive.github.io/ron-english-light-cult-0001-1000/items/lccc-0678.html","https://opensea.io/item/ethereum/0xbe85fbd182af91290be7293438ae67549638189f/678","OK",""
"679","0679","Light Cult Crypto Club #0679","RE-002489","0601-0700","D:\github\ron-english-nfts\light-cult-crypto-club\images\LCCC-0679.png","4656","images/0601-0700/LCCC-0679.png","LCCC-0679.png","D:\github\ron-english-light-cult-0001-1000\images\0601-0700\LCCC-0679.png","items/lccc-0679.html","https://ronenglish-archive.github.io/ron-english-light-cult-0001-1000/items/lccc-0679.html","https://opensea.io/item/ethereum/0xbe85fbd182af91290be7293438ae67549638189f/679","OK",""
"680","0680","Light Cult Crypto Club #0680","RE-002490","0601-0700","","","","","","items/lccc-0680.html","https://ronenglish-archive.github.io/ron-english-light-cult-0001-1000/items/lccc-0680.html","https://opensea.io/item/ethereum/0xbe85fbd182af91290be7293438ae67549638189f/680","MISSING SOURCE IMAGE","No source image found for token #0680"
"681","0681","Light Cult Crypto Club #0681","RE-002491","0601-0700","D:\github\ron-english-nfts\light-cult-crypto-club\images\LCCC-0681.png","28706","images/0601-0700/LCCC-0681.png","LCCC-0681.png","D:\github\ron-english-light-cult-0001-1000\images\0601-0700\LCCC-0681.png","items/lccc-0681.html","https://ronenglish-archive.github.io/ron-english-light-cult-0001-1000/items/lccc-0681.html","https://opensea.io/item/ethereum/0xbe85fbd182af91290be7293438ae67549638189f/681","OK",""
"682","0682","Light Cult Crypto Club #0682","RE-002492","0601-0700","D:\github\ron-english-nfts\light-cult-crypto-club\images\LCCC-0682.png","44635","images/0601-0700/LCCC-0682.png","LCCC-0682.png","D:\github\ron-english-light-cult-0001-1000\images\0601-0700\LCCC-0682.png","items/lccc-0682.html","https://ronenglish-archive.github.io/ron-english-light-cult-0001-1000/items/lccc-0682.html","https://opensea.io/item/ethereum/0xbe85fbd182af91290be7293438ae67549638189f/682","OK",""
"683","0683","Light Cult Crypto Club #0683","RE-002493","0601-0700","D:\github\ron-english-nfts\light-cult-crypto-club\images\LCCC-0683.png","38031","images/0601-0700/LCCC-0683.png","LCCC-0683.png","D:\github\ron-english-light-cult-0001-1000\images\0601-0700\LCCC-0683.png","items/lccc-0683.html","https://ronenglish-archive.github.io/ron-english-light-cult-0001-1000/items/lccc-0683.html","https://opensea.io/item/ethereum/0xbe85fbd182af91290be7293438ae67549638189f/683","OK",""
"684","0684","Light Cult Crypto Club #0684","RE-002494","0601-0700","D:\github\ron-english-nfts\light-cult-crypto-club\images\LCCC-0684.png","16540","images/0601-0700/LCCC-0684.png","LCCC-0684.png","D:\github\ron-english-light-cult-0001-1000\images\0601-0700\LCCC-0684.png","items/lccc-0684.html","https://ronenglish-archive.github.io/ron-english-light-cult-0001-1000/items/lccc-0684.html","https://opensea.io/item/ethereum/0xbe85fbd182af91290be7293438ae67549638189f/684","OK",""
"685","0685","Light Cult Crypto Club #0685","RE-002495","0601-0700","D:\github\ron-english-nfts\light-cult-crypto-club\images\LCCC-0685.png","32662","images/0601-0700/LCCC-0685.png","LCCC-0685.png","D:\github\ron-english-light-cult-0001-1000\images\0601-0700\LCCC-0685.png","items/lccc-0685.html","https://ronenglish-archive.github.io/ron-english-light-cult-0001-1000/items/lccc-0685.html","https://opensea.io/item/ethereum/0xbe85fbd182af91290be7293438ae67549638189f/685","OK",""
"686","0686","Light Cult Crypto Club #0686","RE-002496","0601-0700","D:\github\ron-english-nfts\light-cult-crypto-club\images\LCCC-0686.png","31351","images/0601-0700/LCCC-0686.png","LCCC-0686.png","D:\github\ron-english-light-cult-0001-1000\images\0601-0700\LCCC-0686.png","items/lccc-0686.html","https://ronenglish-archive.github.io/ron-english-light-cult-0001-1000/items/lccc-0686.html","https://opensea.io/item/ethereum/0xbe85fbd182af91290be7293438ae67549638189f/686","OK",""
"687","0687","Light Cult Crypto Club #0687","RE-002497","0601-0700","D:\github\ron-english-nfts\light-cult-crypto-club\images\LCCC-0687.png","6159","images/0601-0700/LCCC-0687.png","LCCC-0687.png","D:\github\ron-english-light-cult-0001-1000\images\0601-0700\LCCC-0687.png","items/lccc-0687.html","https://ronenglish-archive.github.io/ron-english-light-cult-0001-1000/items/lccc-0687.html","https://opensea.io/item/ethereum/0xbe85fbd182af91290be7293438ae67549638189f/687","OK",""
"688","0688","Light Cult Crypto Club #0688","RE-002498","0601-0700","D:\github\ron-english-nfts\light-cult-crypto-club\images\LCCC-0688.png","35110","images/0601-0700/LCCC-0688.png","LCCC-0688.png","D:\github\ron-english-light-cult-0001-1000\images\0601-0700\LCCC-0688.png","items/lccc-0688.html","https://ronenglish-archive.github.io/ron-english-light-cult-0001-1000/items/lccc-0688.html","https://opensea.io/item/ethereum/0xbe85fbd182af91290be7293438ae67549638189f/688","OK",""
"689","0689","Light Cult Crypto Club #0689","RE-002499","0601-0700","D:\github\ron-english-nfts\light-cult-crypto-club\images\LCCC-0689.png","6942","images/0601-0700/LCCC-0689.png","LCCC-0689.png","D:\github\ron-english-light-cult-0001-1000\images\0601-0700\LCCC-0689.png","items/lccc-0689.html","https://ronenglish-archive.github.io/ron-english-light-cult-0001-1000/items/lccc-0689.html","https://opensea.io/item/ethereum/0xbe85fbd182af91290be7293438ae67549638189f/689","OK",""
"690","0690","Light Cult Crypto Club #0690","RE-002500","0601-0700","D:\github\ron-english-nfts\light-cult-crypto-club\images\LCCC-0690.png","19756","images/0601-0700/LCCC-0690.png","LCCC-0690.png","D:\github\ron-english-light-cult-0001-1000\images\0601-0700\LCCC-0690.png","items/lccc-0690.html","https://ronenglish-archive.github.io/ron-english-light-cult-0001-1000/items/lccc-0690.html","https://opensea.io/item/ethereum/0xbe85fbd182af91290be7293438ae67549638189f/690","OK",""
"691","0691","Light Cult Crypto Club #0691","RE-002501","0601-0700","","","","","","items/lccc-0691.html","https://ronenglish-archive.github.io/ron-english-light-cult-0001-1000/items/lccc-0691.html","https://opensea.io/item/ethereum/0xbe85fbd182af91290be7293438ae67549638189f/691","MISSING SOURCE IMAGE","No source image found for token #0691"
"692","0692","Light Cult Crypto Club #0692","RE-002502","0601-0700","D:\github\ron-english-nfts\light-cult-crypto-club\images\LCCC-0692.png","11059","images/0601-0700/LCCC-0692.png","LCCC-0692.png","D:\github\ron-english-light-cult-0001-1000\images\0601-0700\LCCC-0692.png","items/lccc-0692.html","https://ronenglish-archive.github.io/ron-english-light-cult-0001-1000/items/lccc-0692.html","https://opensea.io/item/ethereum/0xbe85fbd182af91290be7293438ae67549638189f/692","OK",""
"693","0693","Light Cult Crypto Club #0693","RE-002503","0601-0700","D:\github\ron-english-nfts\light-cult-crypto-club\images\LCCC-0693.png","13572","images/0601-0700/LCCC-0693.png","LCCC-0693.png","D:\github\ron-english-light-cult-0001-1000\images\0601-0700\LCCC-0693.png","items/lccc-0693.html","https://ronenglish-archive.github.io/ron-english-light-cult-0001-1000/items/lccc-0693.html","https://opensea.io/item/ethereum/0xbe85fbd182af91290be7293438ae67549638189f/693","OK",""
"694","0694","Light Cult Crypto Club #0694","RE-002504","0601-0700","D:\github\ron-english-nfts\light-cult-crypto-club\images\LCCC-0694.png","8504","images/0601-0700/LCCC-0694.png","LCCC-0694.png","D:\github\ron-english-light-cult-0001-1000\images\0601-0700\LCCC-0694.png","items/lccc-0694.html","https://ronenglish-archive.github.io/ron-english-light-cult-0001-1000/items/lccc-0694.html","https://opensea.io/item/ethereum/0xbe85fbd182af91290be7293438ae67549638189f/694","OK",""
"695","0695","Light Cult Crypto Club #0695","RE-002505","0601-0700","D:\github\ron-english-nfts\light-cult-crypto-club\images\LCCC-0695.png","16272","images/0601-0700/LCCC-0695.png","LCCC-0695.png","D:\github\ron-english-light-cult-0001-1000\images\0601-0700\LCCC-0695.png","items/lccc-0695.html","https://ronenglish-archive.github.io/ron-english-light-cult-0001-1000/items/lccc-0695.html","https://opensea.io/item/ethereum/0xbe85fbd182af91290be7293438ae67549638189f/695","OK",""
"696","0696","Light Cult Crypto Club #0696","RE-002506","0601-0700","","","","","","items/lccc-0696.html","https://ronenglish-archive.github.io/ron-english-light-cult-0001-1000/items/lccc-0696.html","https://opensea.io/item/ethereum/0xbe85fbd182af91290be7293438ae67549638189f/696","MISSING SOURCE IMAGE","No source image found for token #0696"
"697","0697","Light Cult Crypto Club #0697","RE-002507","0601-0700","D:\github\ron-english-nfts\light-cult-crypto-club\images\LCCC-0697.png","13316","images/0601-0700/LCCC-0697.png","LCCC-0697.png","D:\github\ron-english-light-cult-0001-1000\images\0601-0700\LCCC-0697.png","items/lccc-0697.html","https://ronenglish-archive.github.io/ron-english-light-cult-0001-1000/items/lccc-0697.html","https://opensea.io/item/ethereum/0xbe85fbd182af91290be7293438ae67549638189f/697","OK",""
"698","0698","Light Cult Crypto Club #0698","RE-002508","0601-0700","","","","","","items/lccc-0698.html","https://ronenglish-archive.github.io/ron-english-light-cult-0001-1000/items/lccc-0698.html","https://opensea.io/item/ethereum/0xbe85fbd182af91290be7293438ae67549638189f/698","MISSING SOURCE IMAGE","No source image found for token #0698"
"699","0699","Light Cult Crypto Club #0699","RE-002509","0601-0700","D:\github\ron-english-nfts\light-cult-crypto-club\images\LCCC-0699.png","17870","images/0601-0700/LCCC-0699.png","LCCC-0699.png","D:\github\ron-english-light-cult-0001-1000\images\0601-0700\LCCC-0699.png","items/lccc-0699.html","https://ronenglish-archive.github.io/ron-english-light-cult-0001-1000/items/lccc-0699.html","https://opensea.io/item/ethereum/0xbe85fbd182af91290be7293438ae67549638189f/699","OK",""
"700","0700","Light Cult Crypto Club #0700","RE-002510","0601-0700","D:\github\ron-english-nfts\light-cult-crypto-club\images\LCCC-0700.png","18191","images/0601-0700/LCCC-0700.png","LCCC-0700.png","D:\github\ron-english-light-cult-0001-1000\images\0601-0700\LCCC-0700.png","items/lccc-0700.html","https://ronenglish-archive.github.io/ron-english-light-cult-0001-1000/items/lccc-0700.html","https://opensea.io/item/ethereum/0xbe85fbd182af91290be7293438ae67549638189f/700","OK",""
"701","0701","Light Cult Crypto Club #0701","RE-002511","0701-0800","D:\github\ron-english-nfts\light-cult-crypto-club\images\LCCC-0701.png","5836","images/0701-0800/LCCC-0701.png","LCCC-0701.png","D:\github\ron-english-light-cult-0001-1000\images\0701-0800\LCCC-0701.png","items/lccc-0701.html","https://ronenglish-archive.github.io/ron-english-light-cult-0001-1000/items/lccc-0701.html","https://opensea.io/item/ethereum/0xbe85fbd182af91290be7293438ae67549638189f/701","OK",""
"702","0702","Light Cult Crypto Club #0702","RE-002512","0701-0800","","","","","","items/lccc-0702.html","https://ronenglish-archive.github.io/ron-english-light-cult-0001-1000/items/lccc-0702.html","https://opensea.io/item/ethereum/0xbe85fbd182af91290be7293438ae67549638189f/702","MISSING SOURCE IMAGE","No source image found for token #0702"
"703","0703","Light Cult Crypto Club #0703","RE-002513","0701-0800","D:\github\ron-english-nfts\light-cult-crypto-club\images\LCCC-0703.png","37967","images/0701-0800/LCCC-0703.png","LCCC-0703.png","D:\github\ron-english-light-cult-0001-1000\images\0701-0800\LCCC-0703.png","items/lccc-0703.html","https://ronenglish-archive.github.io/ron-english-light-cult-0001-1000/items/lccc-0703.html","https://opensea.io/item/ethereum/0xbe85fbd182af91290be7293438ae67549638189f/703","OK",""
"704","0704","Light Cult Crypto Club #0704","RE-002514","0701-0800","D:\github\ron-english-nfts\light-cult-crypto-club\images\LCCC-0704.png","7481","images/0701-0800/LCCC-0704.png","LCCC-0704.png","D:\github\ron-english-light-cult-0001-1000\images\0701-0800\LCCC-0704.png","items/lccc-0704.html","https://ronenglish-archive.github.io/ron-english-light-cult-0001-1000/items/lccc-0704.html","https://opensea.io/item/ethereum/0xbe85fbd182af91290be7293438ae67549638189f/704","OK",""
"705","0705","Light Cult Crypto Club #0705","RE-002515","0701-0800","D:\github\ron-english-nfts\light-cult-crypto-club\images\LCCC-0705.png","4320","images/0701-0800/LCCC-0705.png","LCCC-0705.png","D:\github\ron-english-light-cult-0001-1000\images\0701-0800\LCCC-0705.png","items/lccc-0705.html","https://ronenglish-archive.github.io/ron-english-light-cult-0001-1000/items/lccc-0705.html","https://opensea.io/item/ethereum/0xbe85fbd182af91290be7293438ae67549638189f/705","OK",""
"706","0706","Light Cult Crypto Club #0706","RE-002516","0701-0800","D:\github\ron-english-nfts\light-cult-crypto-club\images\LCCC-0706.png","8703","images/0701-0800/LCCC-0706.png","LCCC-0706.png","D:\github\ron-english-light-cult-0001-1000\images\0701-0800\LCCC-0706.png","items/lccc-0706.html","https://ronenglish-archive.github.io/ron-english-light-cult-0001-1000/items/lccc-0706.html","https://opensea.io/item/ethereum/0xbe85fbd182af91290be7293438ae67549638189f/706","OK",""
"707","0707","Light Cult Crypto Club #0707","RE-002517","0701-0800","D:\github\ron-english-nfts\light-cult-crypto-club\images\LCCC-0707.png","26770","images/0701-0800/LCCC-0707.png","LCCC-0707.png","D:\github\ron-english-light-cult-0001-1000\images\0701-0800\LCCC-0707.png","items/lccc-0707.html","https://ronenglish-archive.github.io/ron-english-light-cult-0001-1000/items/lccc-0707.html","https://opensea.io/item/ethereum/0xbe85fbd182af91290be7293438ae67549638189f/707","OK",""
"708","0708","Light Cult Crypto Club #0708","RE-002518","0701-0800","D:\github\ron-english-nfts\light-cult-crypto-club\images\LCCC-0708.png","8487","images/0701-0800/LCCC-0708.png","LCCC-0708.png","D:\github\ron-english-light-cult-0001-1000\images\0701-0800\LCCC-0708.png","items/lccc-0708.html","https://ronenglish-archive.github.io/ron-english-light-cult-0001-1000/items/lccc-0708.html","https://opensea.io/item/ethereum/0xbe85fbd182af91290be7293438ae67549638189f/708","OK",""
"709","0709","Light Cult Crypto Club #0709","RE-002519","0701-0800","","","","","","items/lccc-0709.html","https://ronenglish-archive.github.io/ron-english-light-cult-0001-1000/items/lccc-0709.html","https://opensea.io/item/ethereum/0xbe85fbd182af91290be7293438ae67549638189f/709","MISSING SOURCE IMAGE","No source image found for token #0709"
"710","0710","Light Cult Crypto Club #0710","RE-002520","0701-0800","D:\github\ron-english-nfts\light-cult-crypto-club\images\LCCC-0710.png","33401","images/0701-0800/LCCC-0710.png","LCCC-0710.png","D:\github\ron-english-light-cult-0001-1000\images\0701-0800\LCCC-0710.png","items/lccc-0710.html","https://ronenglish-archive.github.io/ron-english-light-cult-0001-1000/items/lccc-0710.html","https://opensea.io/item/ethereum/0xbe85fbd182af91290be7293438ae67549638189f/710","OK",""
"711","0711","Light Cult Crypto Club #0711","RE-002521","0701-0800","D:\github\ron-english-nfts\light-cult-crypto-club\images\LCCC-0711.png","22042","images/0701-0800/LCCC-0711.png","LCCC-0711.png","D:\github\ron-english-light-cult-0001-1000\images\0701-0800\LCCC-0711.png","items/lccc-0711.html","https://ronenglish-archive.github.io/ron-english-light-cult-0001-1000/items/lccc-0711.html","https://opensea.io/item/ethereum/0xbe85fbd182af91290be7293438ae67549638189f/711","OK",""
"712","0712","Light Cult Crypto Club #0712","RE-002522","0701-0800","D:\github\ron-english-nfts\light-cult-crypto-club\images\LCCC-0712.png","9905","images/0701-0800/LCCC-0712.png","LCCC-0712.png","D:\github\ron-english-light-cult-0001-1000\images\0701-0800\LCCC-0712.png","items/lccc-0712.html","https://ronenglish-archive.github.io/ron-english-light-cult-0001-1000/items/lccc-0712.html","https://opensea.io/item/ethereum/0xbe85fbd182af91290be7293438ae67549638189f/712","OK",""
"713","0713","Light Cult Crypto Club #0713","RE-002523","0701-0800","D:\github\ron-english-nfts\light-cult-crypto-club\images\LCCC-0713.png","12497","images/0701-0800/LCCC-0713.png","LCCC-0713.png","D:\github\ron-english-light-cult-0001-1000\images\0701-0800\LCCC-0713.png","items/lccc-0713.html","https://ronenglish-archive.github.io/ron-english-light-cult-0001-1000/items/lccc-0713.html","https://opensea.io/item/ethereum/0xbe85fbd182af91290be7293438ae67549638189f/713","OK",""
"714","0714","Light Cult Crypto Club #0714","RE-002524","0701-0800","D:\github\ron-english-nfts\light-cult-crypto-club\images\LCCC-0714.png","30698","images/0701-0800/LCCC-0714.png","LCCC-0714.png","D:\github\ron-english-light-cult-0001-1000\images\0701-0800\LCCC-0714.png","items/lccc-0714.html","https://ronenglish-archive.github.io/ron-english-light-cult-0001-1000/items/lccc-0714.html","https://opensea.io/item/ethereum/0xbe85fbd182af91290be7293438ae67549638189f/714","OK",""
"715","0715","Light Cult Crypto Club #0715","RE-002525","0701-0800","D:\github\ron-english-nfts\light-cult-crypto-club\images\LCCC-0715.png","30979","images/0701-0800/LCCC-0715.png","LCCC-0715.png","D:\github\ron-english-light-cult-0001-1000\images\0701-0800\LCCC-0715.png","items/lccc-0715.html","https://ronenglish-archive.github.io/ron-english-light-cult-0001-1000/items/lccc-0715.html","https://opensea.io/item/ethereum/0xbe85fbd182af91290be7293438ae67549638189f/715","OK",""
"716","0716","Light Cult Crypto Club #0716","RE-002526","0701-0800","D:\github\ron-english-nfts\light-cult-crypto-club\images\LCCC-0716.png","12271","images/0701-0800/LCCC-0716.png","LCCC-0716.png","D:\github\ron-english-light-cult-0001-1000\images\0701-0800\LCCC-0716.png","items/lccc-0716.html","https://ronenglish-archive.github.io/ron-english-light-cult-0001-1000/items/lccc-0716.html","https://opensea.io/item/ethereum/0xbe85fbd182af91290be7293438ae67549638189f/716","OK",""
"717","0717","Light Cult Crypto Club #0717","RE-002527","0701-0800","D:\github\ron-english-nfts\light-cult-crypto-club\images\LCCC-0717.png","32621","images/0701-0800/LCCC-0717.png","LCCC-0717.png","D:\github\ron-english-light-cult-0001-1000\images\0701-0800\LCCC-0717.png","items/lccc-0717.html","https://ronenglish-archive.github.io/ron-english-light-cult-0001-1000/items/lccc-0717.html","https://opensea.io/item/ethereum/0xbe85fbd182af91290be7293438ae67549638189f/717","OK",""
"718","0718","Light Cult Crypto Club #0718","RE-002528","0701-0800","D:\github\ron-english-nfts\light-cult-crypto-club\images\LCCC-0718.png","24755","images/0701-0800/LCCC-0718.png","LCCC-0718.png","D:\github\ron-english-light-cult-0001-1000\images\0701-0800\LCCC-0718.png","items/lccc-0718.html","https://ronenglish-archive.github.io/ron-english-light-cult-0001-1000/items/lccc-0718.html","https://opensea.io/item/ethereum/0xbe85fbd182af91290be7293438ae67549638189f/718","OK",""
"719","0719","Light Cult Crypto Club #0719","RE-002529","0701-0800","D:\github\ron-english-nfts\light-cult-crypto-club\images\LCCC-0719.png","38792","images/0701-0800/LCCC-0719.png","LCCC-0719.png","D:\github\ron-english-light-cult-0001-1000\images\0701-0800\LCCC-0719.png","items/lccc-0719.html","https://ronenglish-archive.github.io/ron-english-light-cult-0001-1000/items/lccc-0719.html","https://opensea.io/item/ethereum/0xbe85fbd182af91290be7293438ae67549638189f/719","OK",""
"720","0720","Light Cult Crypto Club #0720","RE-002530","0701-0800","","","","","","items/lccc-0720.html","https://ronenglish-archive.github.io/ron-english-light-cult-0001-1000/items/lccc-0720.html","https://opensea.io/item/ethereum/0xbe85fbd182af91290be7293438ae67549638189f/720","MISSING SOURCE IMAGE","No source image found for token #0720"
"721","0721","Light Cult Crypto Club #0721","RE-002531","0701-0800","D:\github\ron-english-nfts\light-cult-crypto-club\images\LCCC-0721.png","17680","images/0701-0800/LCCC-0721.png","LCCC-0721.png","D:\github\ron-english-light-cult-0001-1000\images\0701-0800\LCCC-0721.png","items/lccc-0721.html","https://ronenglish-archive.github.io/ron-english-light-cult-0001-1000/items/lccc-0721.html","https://opensea.io/item/ethereum/0xbe85fbd182af91290be7293438ae67549638189f/721","OK",""
"722","0722","Light Cult Crypto Club #0722","RE-002532","0701-0800","D:\github\ron-english-nfts\light-cult-crypto-club\images\LCCC-0722.png","28622","images/0701-0800/LCCC-0722.png","LCCC-0722.png","D:\github\ron-english-light-cult-0001-1000\images\0701-0800\LCCC-0722.png","items/lccc-0722.html","https://ronenglish-archive.github.io/ron-english-light-cult-0001-1000/items/lccc-0722.html","https://opensea.io/item/ethereum/0xbe85fbd182af91290be7293438ae67549638189f/722","OK",""
"723","0723","Light Cult Crypto Club #0723","RE-002533","0701-0800","D:\github\ron-english-nfts\light-cult-crypto-club\images\LCCC-0723.png","24693","images/0701-0800/LCCC-0723.png","LCCC-0723.png","D:\github\ron-english-light-cult-0001-1000\images\0701-0800\LCCC-0723.png","items/lccc-0723.html","https://ronenglish-archive.github.io/ron-english-light-cult-0001-1000/items/lccc-0723.html","https://opensea.io/item/ethereum/0xbe85fbd182af91290be7293438ae67549638189f/723","OK",""
"724","0724","Light Cult Crypto Club #0724","RE-002534","0701-0800","","","","","","items/lccc-0724.html","https://ronenglish-archive.github.io/ron-english-light-cult-0001-1000/items/lccc-0724.html","https://opensea.io/item/ethereum/0xbe85fbd182af91290be7293438ae67549638189f/724","MISSING SOURCE IMAGE","No source image found for token #0724"
"725","0725","Light Cult Crypto Club #0725","RE-002535","0701-0800","D:\github\ron-english-nfts\light-cult-crypto-club\images\LCCC-0725.png","7782","images/0701-0800/LCCC-0725.png","LCCC-0725.png","D:\github\ron-english-light-cult-0001-1000\images\0701-0800\LCCC-0725.png","items/lccc-0725.html","https://ronenglish-archive.github.io/ron-english-light-cult-0001-1000/items/lccc-0725.html","https://opensea.io/item/ethereum/0xbe85fbd182af91290be7293438ae67549638189f/725","OK",""
"726","0726","Light Cult Crypto Club #0726","RE-002536","0701-0800","D:\github\ron-english-nfts\light-cult-crypto-club\images\LCCC-0726.png","27090","images/0701-0800/LCCC-0726.png","LCCC-0726.png","D:\github\ron-english-light-cult-0001-1000\images\0701-0800\LCCC-0726.png","items/lccc-0726.html","https://ronenglish-archive.github.io/ron-english-light-cult-0001-1000/items/lccc-0726.html","https://opensea.io/item/ethereum/0xbe85fbd182af91290be7293438ae67549638189f/726","OK",""
"727","0727","Light Cult Crypto Club #0727","RE-002537","0701-0800","","","","","","items/lccc-0727.html","https://ronenglish-archive.github.io/ron-english-light-cult-0001-1000/items/lccc-0727.html","https://opensea.io/item/ethereum/0xbe85fbd182af91290be7293438ae67549638189f/727","MISSING SOURCE IMAGE","No source image found for token #0727"
"728","0728","Light Cult Crypto Club #0728","RE-002538","0701-0800","","","","","","items/lccc-0728.html","https://ronenglish-archive.github.io/ron-english-light-cult-0001-1000/items/lccc-0728.html","https://opensea.io/item/ethereum/0xbe85fbd182af91290be7293438ae67549638189f/728","MISSING SOURCE IMAGE","No source image found for token #0728"
"729","0729","Light Cult Crypto Club #0729","RE-002539","0701-0800","D:\github\ron-english-nfts\light-cult-crypto-club\images\LCCC-0729.png","25842","images/0701-0800/LCCC-0729.png","LCCC-0729.png","D:\github\ron-english-light-cult-0001-1000\images\0701-0800\LCCC-0729.png","items/lccc-0729.html","https://ronenglish-archive.github.io/ron-english-light-cult-0001-1000/items/lccc-0729.html","https://opensea.io/item/ethereum/0xbe85fbd182af91290be7293438ae67549638189f/729","OK",""
"730","0730","Light Cult Crypto Club #0730","RE-002540","0701-0800","D:\github\ron-english-nfts\light-cult-crypto-club\images\LCCC-0730.png","16112","images/0701-0800/LCCC-0730.png","LCCC-0730.png","D:\github\ron-english-light-cult-0001-1000\images\0701-0800\LCCC-0730.png","items/lccc-0730.html","https://ronenglish-archive.github.io/ron-english-light-cult-0001-1000/items/lccc-0730.html","https://opensea.io/item/ethereum/0xbe85fbd182af91290be7293438ae67549638189f/730","OK",""
"731","0731","Light Cult Crypto Club #0731","RE-002541","0701-0800","D:\github\ron-english-nfts\light-cult-crypto-club\images\LCCC-0731.png","34106","images/0701-0800/LCCC-0731.png","LCCC-0731.png","D:\github\ron-english-light-cult-0001-1000\images\0701-0800\LCCC-0731.png","items/lccc-0731.html","https://ronenglish-archive.github.io/ron-english-light-cult-0001-1000/items/lccc-0731.html","https://opensea.io/item/ethereum/0xbe85fbd182af91290be7293438ae67549638189f/731","OK",""
"732","0732","Light Cult Crypto Club #0732","RE-002542","0701-0800","D:\github\ron-english-nfts\light-cult-crypto-club\images\LCCC-0732.png","14418","images/0701-0800/LCCC-0732.png","LCCC-0732.png","D:\github\ron-english-light-cult-0001-1000\images\0701-0800\LCCC-0732.png","items/lccc-0732.html","https://ronenglish-archive.github.io/ron-english-light-cult-0001-1000/items/lccc-0732.html","https://opensea.io/item/ethereum/0xbe85fbd182af91290be7293438ae67549638189f/732","OK",""
"733","0733","Light Cult Crypto Club #0733","RE-002543","0701-0800","D:\github\ron-english-nfts\light-cult-crypto-club\images\LCCC-0733.png","17872","images/0701-0800/LCCC-0733.png","LCCC-0733.png","D:\github\ron-english-light-cult-0001-1000\images\0701-0800\LCCC-0733.png","items/lccc-0733.html","https://ronenglish-archive.github.io/ron-english-light-cult-0001-1000/items/lccc-0733.html","https://opensea.io/item/ethereum/0xbe85fbd182af91290be7293438ae67549638189f/733","OK",""
"734","0734","Light Cult Crypto Club #0734","RE-002544","0701-0800","D:\github\ron-english-nfts\light-cult-crypto-club\images\LCCC-0734.png","18265","images/0701-0800/LCCC-0734.png","LCCC-0734.png","D:\github\ron-english-light-cult-0001-1000\images\0701-0800\LCCC-0734.png","items/lccc-0734.html","https://ronenglish-archive.github.io/ron-english-light-cult-0001-1000/items/lccc-0734.html","https://opensea.io/item/ethereum/0xbe85fbd182af91290be7293438ae67549638189f/734","OK",""
"735","0735","Light Cult Crypto Club #0735","RE-002545","0701-0800","D:\github\ron-english-nfts\light-cult-crypto-club\images\LCCC-0735.png","28174","images/0701-0800/LCCC-0735.png","LCCC-0735.png","D:\github\ron-english-light-cult-0001-1000\images\0701-0800\LCCC-0735.png","items/lccc-0735.html","https://ronenglish-archive.github.io/ron-english-light-cult-0001-1000/items/lccc-0735.html","https://opensea.io/item/ethereum/0xbe85fbd182af91290be7293438ae67549638189f/735","OK",""
"736","0736","Light Cult Crypto Club #0736","RE-002546","0701-0800","D:\github\ron-english-nfts\light-cult-crypto-club\images\LCCC-0736.png","8873","images/0701-0800/LCCC-0736.png","LCCC-0736.png","D:\github\ron-english-light-cult-0001-1000\images\0701-0800\LCCC-0736.png","items/lccc-0736.html","https://ronenglish-archive.github.io/ron-english-light-cult-0001-1000/items/lccc-0736.html","https://opensea.io/item/ethereum/0xbe85fbd182af91290be7293438ae67549638189f/736","OK",""
"737","0737","Light Cult Crypto Club #0737","RE-002547","0701-0800","D:\github\ron-english-nfts\light-cult-crypto-club\images\LCCC-0737.png","11699","images/0701-0800/LCCC-0737.png","LCCC-0737.png","D:\github\ron-english-light-cult-0001-1000\images\0701-0800\LCCC-0737.png","items/lccc-0737.html","https://ronenglish-archive.github.io/ron-english-light-cult-0001-1000/items/lccc-0737.html","https://opensea.io/item/ethereum/0xbe85fbd182af91290be7293438ae67549638189f/737","OK",""
"738","0738","Light Cult Crypto Club #0738","RE-002548","0701-0800","D:\github\ron-english-nfts\light-cult-crypto-club\images\LCCC-0738.png","26597","images/0701-0800/LCCC-0738.png","LCCC-0738.png","D:\github\ron-english-light-cult-0001-1000\images\0701-0800\LCCC-0738.png","items/lccc-0738.html","https://ronenglish-archive.github.io/ron-english-light-cult-0001-1000/items/lccc-0738.html","https://opensea.io/item/ethereum/0xbe85fbd182af91290be7293438ae67549638189f/738","OK",""
"739","0739","Light Cult Crypto Club #0739","RE-002549","0701-0800","D:\github\ron-english-nfts\light-cult-crypto-club\images\LCCC-0739.png","23099","images/0701-0800/LCCC-0739.png","LCCC-0739.png","D:\github\ron-english-light-cult-0001-1000\images\0701-0800\LCCC-0739.png","items/lccc-0739.html","https://ronenglish-archive.github.io/ron-english-light-cult-0001-1000/items/lccc-0739.html","https://opensea.io/item/ethereum/0xbe85fbd182af91290be7293438ae67549638189f/739","OK",""
"740","0740","Light Cult Crypto Club #0740","RE-002550","0701-0800","D:\github\ron-english-nfts\light-cult-crypto-club\images\LCCC-0740.png","13015","images/0701-0800/LCCC-0740.png","LCCC-0740.png","D:\github\ron-english-light-cult-0001-1000\images\0701-0800\LCCC-0740.png","items/lccc-0740.html","https://ronenglish-archive.github.io/ron-english-light-cult-0001-1000/items/lccc-0740.html","https://opensea.io/item/ethereum/0xbe85fbd182af91290be7293438ae67549638189f/740","OK",""
"741","0741","Light Cult Crypto Club #0741","RE-002551","0701-0800","D:\github\ron-english-nfts\light-cult-crypto-club\images\LCCC-0741.png","11650","images/0701-0800/LCCC-0741.png","LCCC-0741.png","D:\github\ron-english-light-cult-0001-1000\images\0701-0800\LCCC-0741.png","items/lccc-0741.html","https://ronenglish-archive.github.io/ron-english-light-cult-0001-1000/items/lccc-0741.html","https://opensea.io/item/ethereum/0xbe85fbd182af91290be7293438ae67549638189f/741","OK",""
"742","0742","Light Cult Crypto Club #0742","RE-002552","0701-0800","D:\github\ron-english-nfts\light-cult-crypto-club\images\LCCC-0742.png","10699","images/0701-0800/LCCC-0742.png","LCCC-0742.png","D:\github\ron-english-light-cult-0001-1000\images\0701-0800\LCCC-0742.png","items/lccc-0742.html","https://ronenglish-archive.github.io/ron-english-light-cult-0001-1000/items/lccc-0742.html","https://opensea.io/item/ethereum/0xbe85fbd182af91290be7293438ae67549638189f/742","OK",""
"743","0743","Light Cult Crypto Club #0743","RE-002553","0701-0800","D:\github\ron-english-nfts\light-cult-crypto-club\images\LCCC-0743.png","10707","images/0701-0800/LCCC-0743.png","LCCC-0743.png","D:\github\ron-english-light-cult-0001-1000\images\0701-0800\LCCC-0743.png","items/lccc-0743.html","https://ronenglish-archive.github.io/ron-english-light-cult-0001-1000/items/lccc-0743.html","https://opensea.io/item/ethereum/0xbe85fbd182af91290be7293438ae67549638189f/743","OK",""
"744","0744","Light Cult Crypto Club #0744","RE-002554","0701-0800","D:\github\ron-english-nfts\light-cult-crypto-club\images\LCCC-0744.png","12928","images/0701-0800/LCCC-0744.png","LCCC-0744.png","D:\github\ron-english-light-cult-0001-1000\images\0701-0800\LCCC-0744.png","items/lccc-0744.html","https://ronenglish-archive.github.io/ron-english-light-cult-0001-1000/items/lccc-0744.html","https://opensea.io/item/ethereum/0xbe85fbd182af91290be7293438ae67549638189f/744","OK",""
"745","0745","Light Cult Crypto Club #0745","RE-002555","0701-0800","D:\github\ron-english-nfts\light-cult-crypto-club\images\LCCC-0745.png","28133","images/0701-0800/LCCC-0745.png","LCCC-0745.png","D:\github\ron-english-light-cult-0001-1000\images\0701-0800\LCCC-0745.png","items/lccc-0745.html","https://ronenglish-archive.github.io/ron-english-light-cult-0001-1000/items/lccc-0745.html","https://opensea.io/item/ethereum/0xbe85fbd182af91290be7293438ae67549638189f/745","OK",""
"746","0746","Light Cult Crypto Club #0746","RE-002556","0701-0800","D:\github\ron-english-nfts\light-cult-crypto-club\images\LCCC-0746.png","14776","images/0701-0800/LCCC-0746.png","LCCC-0746.png","D:\github\ron-english-light-cult-0001-1000\images\0701-0800\LCCC-0746.png","items/lccc-0746.html","https://ronenglish-archive.github.io/ron-english-light-cult-0001-1000/items/lccc-0746.html","https://opensea.io/item/ethereum/0xbe85fbd182af91290be7293438ae67549638189f/746","OK",""
"747","0747","Light Cult Crypto Club #0747","RE-002557","0701-0800","D:\github\ron-english-nfts\light-cult-crypto-club\images\LCCC-0747.png","5780","images/0701-0800/LCCC-0747.png","LCCC-0747.png","D:\github\ron-english-light-cult-0001-1000\images\0701-0800\LCCC-0747.png","items/lccc-0747.html","https://ronenglish-archive.github.io/ron-english-light-cult-0001-1000/items/lccc-0747.html","https://opensea.io/item/ethereum/0xbe85fbd182af91290be7293438ae67549638189f/747","OK",""
"748","0748","Light Cult Crypto Club #0748","RE-002558","0701-0800","","","","","","items/lccc-0748.html","https://ronenglish-archive.github.io/ron-english-light-cult-0001-1000/items/lccc-0748.html","https://opensea.io/item/ethereum/0xbe85fbd182af91290be7293438ae67549638189f/748","MISSING SOURCE IMAGE","No source image found for token #0748"
"749","0749","Light Cult Crypto Club #0749","RE-002559","0701-0800","D:\github\ron-english-nfts\light-cult-crypto-club\images\LCCC-0749.png","11603","images/0701-0800/LCCC-0749.png","LCCC-0749.png","D:\github\ron-english-light-cult-0001-1000\images\0701-0800\LCCC-0749.png","items/lccc-0749.html","https://ronenglish-archive.github.io/ron-english-light-cult-0001-1000/items/lccc-0749.html","https://opensea.io/item/ethereum/0xbe85fbd182af91290be7293438ae67549638189f/749","OK",""
"750","0750","Light Cult Crypto Club #0750","RE-002560","0701-0800","D:\github\ron-english-nfts\light-cult-crypto-club\images\LCCC-0750.png","6973","images/0701-0800/LCCC-0750.png","LCCC-0750.png","D:\github\ron-english-light-cult-0001-1000\images\0701-0800\LCCC-0750.png","items/lccc-0750.html","https://ronenglish-archive.github.io/ron-english-light-cult-0001-1000/items/lccc-0750.html","https://opensea.io/item/ethereum/0xbe85fbd182af91290be7293438ae67549638189f/750","OK",""
"751","0751","Light Cult Crypto Club #0751","RE-002561","0701-0800","","","","","","items/lccc-0751.html","https://ronenglish-archive.github.io/ron-english-light-cult-0001-1000/items/lccc-0751.html","https://opensea.io/item/ethereum/0xbe85fbd182af91290be7293438ae67549638189f/751","MISSING SOURCE IMAGE","No source image found for token #0751"
"752","0752","Light Cult Crypto Club #0752","RE-002562","0701-0800","D:\github\ron-english-nfts\light-cult-crypto-club\images\LCCC-0752.png","26629","images/0701-0800/LCCC-0752.png","LCCC-0752.png","D:\github\ron-english-light-cult-0001-1000\images\0701-0800\LCCC-0752.png","items/lccc-0752.html","https://ronenglish-archive.github.io/ron-english-light-cult-0001-1000/items/lccc-0752.html","https://opensea.io/item/ethereum/0xbe85fbd182af91290be7293438ae67549638189f/752","OK",""
"753","0753","Light Cult Crypto Club #0753","RE-002563","0701-0800","D:\github\ron-english-nfts\light-cult-crypto-club\images\LCCC-0753.png","24610","images/0701-0800/LCCC-0753.png","LCCC-0753.png","D:\github\ron-english-light-cult-0001-1000\images\0701-0800\LCCC-0753.png","items/lccc-0753.html","https://ronenglish-archive.github.io/ron-english-light-cult-0001-1000/items/lccc-0753.html","https://opensea.io/item/ethereum/0xbe85fbd182af91290be7293438ae67549638189f/753","OK",""
"754","0754","Light Cult Crypto Club #0754","RE-002564","0701-0800","D:\github\ron-english-nfts\light-cult-crypto-club\images\LCCC-0754.png","40771","images/0701-0800/LCCC-0754.png","LCCC-0754.png","D:\github\ron-english-light-cult-0001-1000\images\0701-0800\LCCC-0754.png","items/lccc-0754.html","https://ronenglish-archive.github.io/ron-english-light-cult-0001-1000/items/lccc-0754.html","https://opensea.io/item/ethereum/0xbe85fbd182af91290be7293438ae67549638189f/754","OK",""
"755","0755","Light Cult Crypto Club #0755","RE-002565","0701-0800","D:\github\ron-english-nfts\light-cult-crypto-club\images\LCCC-0755.png","6294","images/0701-0800/LCCC-0755.png","LCCC-0755.png","D:\github\ron-english-light-cult-0001-1000\images\0701-0800\LCCC-0755.png","items/lccc-0755.html","https://ronenglish-archive.github.io/ron-english-light-cult-0001-1000/items/lccc-0755.html","https://opensea.io/item/ethereum/0xbe85fbd182af91290be7293438ae67549638189f/755","OK",""
"756","0756","Light Cult Crypto Club #0756","RE-002566","0701-0800","D:\github\ron-english-nfts\light-cult-crypto-club\images\LCCC-0756.png","19516","images/0701-0800/LCCC-0756.png","LCCC-0756.png","D:\github\ron-english-light-cult-0001-1000\images\0701-0800\LCCC-0756.png","items/lccc-0756.html","https://ronenglish-archive.github.io/ron-english-light-cult-0001-1000/items/lccc-0756.html","https://opensea.io/item/ethereum/0xbe85fbd182af91290be7293438ae67549638189f/756","OK",""
"757","0757","Light Cult Crypto Club #0757","RE-002567","0701-0800","D:\github\ron-english-nfts\light-cult-crypto-club\images\LCCC-0757.png","7888","images/0701-0800/LCCC-0757.png","LCCC-0757.png","D:\github\ron-english-light-cult-0001-1000\images\0701-0800\LCCC-0757.png","items/lccc-0757.html","https://ronenglish-archive.github.io/ron-english-light-cult-0001-1000/items/lccc-0757.html","https://opensea.io/item/ethereum/0xbe85fbd182af91290be7293438ae67549638189f/757","OK",""
"758","0758","Light Cult Crypto Club #0758","RE-002568","0701-0800","D:\github\ron-english-nfts\light-cult-crypto-club\images\LCCC-0758.png","25054","images/0701-0800/LCCC-0758.png","LCCC-0758.png","D:\github\ron-english-light-cult-0001-1000\images\0701-0800\LCCC-0758.png","items/lccc-0758.html","https://ronenglish-archive.github.io/ron-english-light-cult-0001-1000/items/lccc-0758.html","https://opensea.io/item/ethereum/0xbe85fbd182af91290be7293438ae67549638189f/758","OK",""
"759","0759","Light Cult Crypto Club #0759","RE-002569","0701-0800","D:\github\ron-english-nfts\light-cult-crypto-club\images\LCCC-0759.png","9725","images/0701-0800/LCCC-0759.png","LCCC-0759.png","D:\github\ron-english-light-cult-0001-1000\images\0701-0800\LCCC-0759.png","items/lccc-0759.html","https://ronenglish-archive.github.io/ron-english-light-cult-0001-1000/items/lccc-0759.html","https://opensea.io/item/ethereum/0xbe85fbd182af91290be7293438ae67549638189f/759","OK",""
"760","0760","Light Cult Crypto Club #0760","RE-002570","0701-0800","D:\github\ron-english-nfts\light-cult-crypto-club\images\LCCC-0760.png","6131","images/0701-0800/LCCC-0760.png","LCCC-0760.png","D:\github\ron-english-light-cult-0001-1000\images\0701-0800\LCCC-0760.png","items/lccc-0760.html","https://ronenglish-archive.github.io/ron-english-light-cult-0001-1000/items/lccc-0760.html","https://opensea.io/item/ethereum/0xbe85fbd182af91290be7293438ae67549638189f/760","OK",""
"761","0761","Light Cult Crypto Club #0761","RE-002571","0701-0800","","","","","","items/lccc-0761.html","https://ronenglish-archive.github.io/ron-english-light-cult-0001-1000/items/lccc-0761.html","https://opensea.io/item/ethereum/0xbe85fbd182af91290be7293438ae67549638189f/761","MISSING SOURCE IMAGE","No source image found for token #0761"
"762","0762","Light Cult Crypto Club #0762","RE-002572","0701-0800","D:\github\ron-english-nfts\light-cult-crypto-club\images\LCCC-0762.png","5762","images/0701-0800/LCCC-0762.png","LCCC-0762.png","D:\github\ron-english-light-cult-0001-1000\images\0701-0800\LCCC-0762.png","items/lccc-0762.html","https://ronenglish-archive.github.io/ron-english-light-cult-0001-1000/items/lccc-0762.html","https://opensea.io/item/ethereum/0xbe85fbd182af91290be7293438ae67549638189f/762","OK",""
"763","0763","Light Cult Crypto Club #0763","RE-002573","0701-0800","D:\github\ron-english-nfts\light-cult-crypto-club\images\LCCC-0763.png","21179","images/0701-0800/LCCC-0763.png","LCCC-0763.png","D:\github\ron-english-light-cult-0001-1000\images\0701-0800\LCCC-0763.png","items/lccc-0763.html","https://ronenglish-archive.github.io/ron-english-light-cult-0001-1000/items/lccc-0763.html","https://opensea.io/item/ethereum/0xbe85fbd182af91290be7293438ae67549638189f/763","OK",""
"764","0764","Light Cult Crypto Club #0764","RE-002574","0701-0800","","","","","","items/lccc-0764.html","https://ronenglish-archive.github.io/ron-english-light-cult-0001-1000/items/lccc-0764.html","https://opensea.io/item/ethereum/0xbe85fbd182af91290be7293438ae67549638189f/764","MISSING SOURCE IMAGE","No source image found for token #0764"
"765","0765","Light Cult Crypto Club #0765","RE-002575","0701-0800","D:\github\ron-english-nfts\light-cult-crypto-club\images\LCCC-0765.png","34357","images/0701-0800/LCCC-0765.png","LCCC-0765.png","D:\github\ron-english-light-cult-0001-1000\images\0701-0800\LCCC-0765.png","items/lccc-0765.html","https://ronenglish-archive.github.io/ron-english-light-cult-0001-1000/items/lccc-0765.html","https://opensea.io/item/ethereum/0xbe85fbd182af91290be7293438ae67549638189f/765","OK",""
"766","0766","Light Cult Crypto Club #0766","RE-002576","0701-0800","D:\github\ron-english-nfts\light-cult-crypto-club\images\LCCC-0766.png","54661","images/0701-0800/LCCC-0766.png","LCCC-0766.png","D:\github\ron-english-light-cult-0001-1000\images\0701-0800\LCCC-0766.png","items/lccc-0766.html","https://ronenglish-archive.github.io/ron-english-light-cult-0001-1000/items/lccc-0766.html","https://opensea.io/item/ethereum/0xbe85fbd182af91290be7293438ae67549638189f/766","OK",""
"767","0767","Light Cult Crypto Club #0767","RE-002577","0701-0800","D:\github\ron-english-nfts\light-cult-crypto-club\images\LCCC-0767.png","29921","images/0701-0800/LCCC-0767.png","LCCC-0767.png","D:\github\ron-english-light-cult-0001-1000\images\0701-0800\LCCC-0767.png","items/lccc-0767.html","https://ronenglish-archive.github.io/ron-english-light-cult-0001-1000/items/lccc-0767.html","https://opensea.io/item/ethereum/0xbe85fbd182af91290be7293438ae67549638189f/767","OK",""
"768","0768","Light Cult Crypto Club #0768","RE-002578","0701-0800","D:\github\ron-english-nfts\light-cult-crypto-club\images\LCCC-0768.png","40705","images/0701-0800/LCCC-0768.png","LCCC-0768.png","D:\github\ron-english-light-cult-0001-1000\images\0701-0800\LCCC-0768.png","items/lccc-0768.html","https://ronenglish-archive.github.io/ron-english-light-cult-0001-1000/items/lccc-0768.html","https://opensea.io/item/ethereum/0xbe85fbd182af91290be7293438ae67549638189f/768","OK",""
"769","0769","Light Cult Crypto Club #0769","RE-002579","0701-0800","D:\github\ron-english-nfts\light-cult-crypto-club\images\LCCC-0769.png","14539","images/0701-0800/LCCC-0769.png","LCCC-0769.png","D:\github\ron-english-light-cult-0001-1000\images\0701-0800\LCCC-0769.png","items/lccc-0769.html","https://ronenglish-archive.github.io/ron-english-light-cult-0001-1000/items/lccc-0769.html","https://opensea.io/item/ethereum/0xbe85fbd182af91290be7293438ae67549638189f/769","OK",""
"770","0770","Light Cult Crypto Club #0770","RE-002580","0701-0800","D:\github\ron-english-nfts\light-cult-crypto-club\images\LCCC-0770.png","7402","images/0701-0800/LCCC-0770.png","LCCC-0770.png","D:\github\ron-english-light-cult-0001-1000\images\0701-0800\LCCC-0770.png","items/lccc-0770.html","https://ronenglish-archive.github.io/ron-english-light-cult-0001-1000/items/lccc-0770.html","https://opensea.io/item/ethereum/0xbe85fbd182af91290be7293438ae67549638189f/770","OK",""
"771","0771","Light Cult Crypto Club #0771","RE-002581","0701-0800","D:\github\ron-english-nfts\light-cult-crypto-club\images\LCCC-0771.png","6667","images/0701-0800/LCCC-0771.png","LCCC-0771.png","D:\github\ron-english-light-cult-0001-1000\images\0701-0800\LCCC-0771.png","items/lccc-0771.html","https://ronenglish-archive.github.io/ron-english-light-cult-0001-1000/items/lccc-0771.html","https://opensea.io/item/ethereum/0xbe85fbd182af91290be7293438ae67549638189f/771","OK",""
"772","0772","Light Cult Crypto Club #0772","RE-002582","0701-0800","D:\github\ron-english-nfts\light-cult-crypto-club\images\LCCC-0772.png","11234","images/0701-0800/LCCC-0772.png","LCCC-0772.png","D:\github\ron-english-light-cult-0001-1000\images\0701-0800\LCCC-0772.png","items/lccc-0772.html","https://ronenglish-archive.github.io/ron-english-light-cult-0001-1000/items/lccc-0772.html","https://opensea.io/item/ethereum/0xbe85fbd182af91290be7293438ae67549638189f/772","OK",""
"773","0773","Light Cult Crypto Club #0773","RE-002583","0701-0800","D:\github\ron-english-nfts\light-cult-crypto-club\images\LCCC-0773.png","32057","images/0701-0800/LCCC-0773.png","LCCC-0773.png","D:\github\ron-english-light-cult-0001-1000\images\0701-0800\LCCC-0773.png","items/lccc-0773.html","https://ronenglish-archive.github.io/ron-english-light-cult-0001-1000/items/lccc-0773.html","https://opensea.io/item/ethereum/0xbe85fbd182af91290be7293438ae67549638189f/773","OK",""
"774","0774","Light Cult Crypto Club #0774","RE-002584","0701-0800","D:\github\ron-english-nfts\light-cult-crypto-club\images\LCCC-0774.png","10526","images/0701-0800/LCCC-0774.png","LCCC-0774.png","D:\github\ron-english-light-cult-0001-1000\images\0701-0800\LCCC-0774.png","items/lccc-0774.html","https://ronenglish-archive.github.io/ron-english-light-cult-0001-1000/items/lccc-0774.html","https://opensea.io/item/ethereum/0xbe85fbd182af91290be7293438ae67549638189f/774","OK",""
"775","0775","Light Cult Crypto Club #0775","RE-002585","0701-0800","D:\github\ron-english-nfts\light-cult-crypto-club\images\LCCC-0775.png","7413","images/0701-0800/LCCC-0775.png","LCCC-0775.png","D:\github\ron-english-light-cult-0001-1000\images\0701-0800\LCCC-0775.png","items/lccc-0775.html","https://ronenglish-archive.github.io/ron-english-light-cult-0001-1000/items/lccc-0775.html","https://opensea.io/item/ethereum/0xbe85fbd182af91290be7293438ae67549638189f/775","OK",""
"776","0776","Light Cult Crypto Club #0776","RE-002586","0701-0800","D:\github\ron-english-nfts\light-cult-crypto-club\images\LCCC-0776.png","13411","images/0701-0800/LCCC-0776.png","LCCC-0776.png","D:\github\ron-english-light-cult-0001-1000\images\0701-0800\LCCC-0776.png","items/lccc-0776.html","https://ronenglish-archive.github.io/ron-english-light-cult-0001-1000/items/lccc-0776.html","https://opensea.io/item/ethereum/0xbe85fbd182af91290be7293438ae67549638189f/776","OK",""
"777","0777","Light Cult Crypto Club #0777","RE-002587","0701-0800","","","","","","items/lccc-0777.html","https://ronenglish-archive.github.io/ron-english-light-cult-0001-1000/items/lccc-0777.html","https://opensea.io/item/ethereum/0xbe85fbd182af91290be7293438ae67549638189f/777","MISSING SOURCE IMAGE","No source image found for token #0777"
"778","0778","Light Cult Crypto Club #0778","RE-002588","0701-0800","D:\github\ron-english-nfts\light-cult-crypto-club\images\LCCC-0778.png","26970","images/0701-0800/LCCC-0778.png","LCCC-0778.png","D:\github\ron-english-light-cult-0001-1000\images\0701-0800\LCCC-0778.png","items/lccc-0778.html","https://ronenglish-archive.github.io/ron-english-light-cult-0001-1000/items/lccc-0778.html","https://opensea.io/item/ethereum/0xbe85fbd182af91290be7293438ae67549638189f/778","OK",""
"779","0779","Light Cult Crypto Club #0779","RE-002589","0701-0800","D:\github\ron-english-nfts\light-cult-crypto-club\images\LCCC-0779.png","14717","images/0701-0800/LCCC-0779.png","LCCC-0779.png","D:\github\ron-english-light-cult-0001-1000\images\0701-0800\LCCC-0779.png","items/lccc-0779.html","https://ronenglish-archive.github.io/ron-english-light-cult-0001-1000/items/lccc-0779.html","https://opensea.io/item/ethereum/0xbe85fbd182af91290be7293438ae67549638189f/779","OK",""
"780","0780","Light Cult Crypto Club #0780","RE-002590","0701-0800","D:\github\ron-english-nfts\light-cult-crypto-club\images\LCCC-0780.png","17424","images/0701-0800/LCCC-0780.png","LCCC-0780.png","D:\github\ron-english-light-cult-0001-1000\images\0701-0800\LCCC-0780.png","items/lccc-0780.html","https://ronenglish-archive.github.io/ron-english-light-cult-0001-1000/items/lccc-0780.html","https://opensea.io/item/ethereum/0xbe85fbd182af91290be7293438ae67549638189f/780","OK",""
"781","0781","Light Cult Crypto Club #0781","RE-002591","0701-0800","D:\github\ron-english-nfts\light-cult-crypto-club\images\LCCC-0781.png","8615","images/0701-0800/LCCC-0781.png","LCCC-0781.png","D:\github\ron-english-light-cult-0001-1000\images\0701-0800\LCCC-0781.png","items/lccc-0781.html","https://ronenglish-archive.github.io/ron-english-light-cult-0001-1000/items/lccc-0781.html","https://opensea.io/item/ethereum/0xbe85fbd182af91290be7293438ae67549638189f/781","OK",""
"782","0782","Light Cult Crypto Club #0782","RE-002592","0701-0800","D:\github\ron-english-nfts\light-cult-crypto-club\images\LCCC-0782.png","10472","images/0701-0800/LCCC-0782.png","LCCC-0782.png","D:\github\ron-english-light-cult-0001-1000\images\0701-0800\LCCC-0782.png","items/lccc-0782.html","https://ronenglish-archive.github.io/ron-english-light-cult-0001-1000/items/lccc-0782.html","https://opensea.io/item/ethereum/0xbe85fbd182af91290be7293438ae67549638189f/782","OK",""
"783","0783","Light Cult Crypto Club #0783","RE-002593","0701-0800","D:\github\ron-english-nfts\light-cult-crypto-club\images\LCCC-0783.png","28331","images/0701-0800/LCCC-0783.png","LCCC-0783.png","D:\github\ron-english-light-cult-0001-1000\images\0701-0800\LCCC-0783.png","items/lccc-0783.html","https://ronenglish-archive.github.io/ron-english-light-cult-0001-1000/items/lccc-0783.html","https://opensea.io/item/ethereum/0xbe85fbd182af91290be7293438ae67549638189f/783","OK",""
"784","0784","Light Cult Crypto Club #0784","RE-002594","0701-0800","D:\github\ron-english-nfts\light-cult-crypto-club\images\LCCC-0784.png","46840","images/0701-0800/LCCC-0784.png","LCCC-0784.png","D:\github\ron-english-light-cult-0001-1000\images\0701-0800\LCCC-0784.png","items/lccc-0784.html","https://ronenglish-archive.github.io/ron-english-light-cult-0001-1000/items/lccc-0784.html","https://opensea.io/item/ethereum/0xbe85fbd182af91290be7293438ae67549638189f/784","OK",""
"785","0785","Light Cult Crypto Club #0785","RE-002595","0701-0800","D:\github\ron-english-nfts\light-cult-crypto-club\images\LCCC-0785.png","39376","images/0701-0800/LCCC-0785.png","LCCC-0785.png","D:\github\ron-english-light-cult-0001-1000\images\0701-0800\LCCC-0785.png","items/lccc-0785.html","https://ronenglish-archive.github.io/ron-english-light-cult-0001-1000/items/lccc-0785.html","https://opensea.io/item/ethereum/0xbe85fbd182af91290be7293438ae67549638189f/785","OK",""
"786","0786","Light Cult Crypto Club #0786","RE-002596","0701-0800","D:\github\ron-english-nfts\light-cult-crypto-club\images\LCCC-0786.png","16295","images/0701-0800/LCCC-0786.png","LCCC-0786.png","D:\github\ron-english-light-cult-0001-1000\images\0701-0800\LCCC-0786.png","items/lccc-0786.html","https://ronenglish-archive.github.io/ron-english-light-cult-0001-1000/items/lccc-0786.html","https://opensea.io/item/ethereum/0xbe85fbd182af91290be7293438ae67549638189f/786","OK",""
"787","0787","Light Cult Crypto Club #0787","RE-002597","0701-0800","D:\github\ron-english-nfts\light-cult-crypto-club\images\LCCC-0787.png","18412","images/0701-0800/LCCC-0787.png","LCCC-0787.png","D:\github\ron-english-light-cult-0001-1000\images\0701-0800\LCCC-0787.png","items/lccc-0787.html","https://ronenglish-archive.github.io/ron-english-light-cult-0001-1000/items/lccc-0787.html","https://opensea.io/item/ethereum/0xbe85fbd182af91290be7293438ae67549638189f/787","OK",""
"788","0788","Light Cult Crypto Club #0788","RE-002598","0701-0800","D:\github\ron-english-nfts\light-cult-crypto-club\images\LCCC-0788.png","20106","images/0701-0800/LCCC-0788.png","LCCC-0788.png","D:\github\ron-english-light-cult-0001-1000\images\0701-0800\LCCC-0788.png","items/lccc-0788.html","https://ronenglish-archive.github.io/ron-english-light-cult-0001-1000/items/lccc-0788.html","https://opensea.io/item/ethereum/0xbe85fbd182af91290be7293438ae67549638189f/788","OK",""
"789","0789","Light Cult Crypto Club #0789","RE-002599","0701-0800","D:\github\ron-english-nfts\light-cult-crypto-club\images\LCCC-0789.png","6936","images/0701-0800/LCCC-0789.png","LCCC-0789.png","D:\github\ron-english-light-cult-0001-1000\images\0701-0800\LCCC-0789.png","items/lccc-0789.html","https://ronenglish-archive.github.io/ron-english-light-cult-0001-1000/items/lccc-0789.html","https://opensea.io/item/ethereum/0xbe85fbd182af91290be7293438ae67549638189f/789","OK",""
"790","0790","Light Cult Crypto Club #0790","RE-002600","0701-0800","D:\github\ron-english-nfts\light-cult-crypto-club\images\LCCC-0790.png","35969","images/0701-0800/LCCC-0790.png","LCCC-0790.png","D:\github\ron-english-light-cult-0001-1000\images\0701-0800\LCCC-0790.png","items/lccc-0790.html","https://ronenglish-archive.github.io/ron-english-light-cult-0001-1000/items/lccc-0790.html","https://opensea.io/item/ethereum/0xbe85fbd182af91290be7293438ae67549638189f/790","OK",""
"791","0791","Light Cult Crypto Club #0791","RE-002601","0701-0800","","","","","","items/lccc-0791.html","https://ronenglish-archive.github.io/ron-english-light-cult-0001-1000/items/lccc-0791.html","https://opensea.io/item/ethereum/0xbe85fbd182af91290be7293438ae67549638189f/791","MISSING SOURCE IMAGE","No source image found for token #0791"
"792","0792","Light Cult Crypto Club #0792","RE-002602","0701-0800","","","","","","items/lccc-0792.html","https://ronenglish-archive.github.io/ron-english-light-cult-0001-1000/items/lccc-0792.html","https://opensea.io/item/ethereum/0xbe85fbd182af91290be7293438ae67549638189f/792","MISSING SOURCE IMAGE","No source image found for token #0792"
"793","0793","Light Cult Crypto Club #0793","RE-002603","0701-0800","D:\github\ron-english-nfts\light-cult-crypto-club\images\LCCC-0793.png","5556","images/0701-0800/LCCC-0793.png","LCCC-0793.png","D:\github\ron-english-light-cult-0001-1000\images\0701-0800\LCCC-0793.png","items/lccc-0793.html","https://ronenglish-archive.github.io/ron-english-light-cult-0001-1000/items/lccc-0793.html","https://opensea.io/item/ethereum/0xbe85fbd182af91290be7293438ae67549638189f/793","OK",""
"794","0794","Light Cult Crypto Club #0794","RE-002604","0701-0800","D:\github\ron-english-nfts\light-cult-crypto-club\images\LCCC-0794.png","15133","images/0701-0800/LCCC-0794.png","LCCC-0794.png","D:\github\ron-english-light-cult-0001-1000\images\0701-0800\LCCC-0794.png","items/lccc-0794.html","https://ronenglish-archive.github.io/ron-english-light-cult-0001-1000/items/lccc-0794.html","https://opensea.io/item/ethereum/0xbe85fbd182af91290be7293438ae67549638189f/794","OK",""
"795","0795","Light Cult Crypto Club #0795","RE-002605","0701-0800","D:\github\ron-english-nfts\light-cult-crypto-club\images\LCCC-0795.png","16566","images/0701-0800/LCCC-0795.png","LCCC-0795.png","D:\github\ron-english-light-cult-0001-1000\images\0701-0800\LCCC-0795.png","items/lccc-0795.html","https://ronenglish-archive.github.io/ron-english-light-cult-0001-1000/items/lccc-0795.html","https://opensea.io/item/ethereum/0xbe85fbd182af91290be7293438ae67549638189f/795","OK",""
"796","0796","Light Cult Crypto Club #0796","RE-002606","0701-0800","D:\github\ron-english-nfts\light-cult-crypto-club\images\LCCC-0796.png","35086","images/0701-0800/LCCC-0796.png","LCCC-0796.png","D:\github\ron-english-light-cult-0001-1000\images\0701-0800\LCCC-0796.png","items/lccc-0796.html","https://ronenglish-archive.github.io/ron-english-light-cult-0001-1000/items/lccc-0796.html","https://opensea.io/item/ethereum/0xbe85fbd182af91290be7293438ae67549638189f/796","OK",""
"797","0797","Light Cult Crypto Club #0797","RE-002607","0701-0800","D:\github\ron-english-nfts\light-cult-crypto-club\images\LCCC-0797.png","29053","images/0701-0800/LCCC-0797.png","LCCC-0797.png","D:\github\ron-english-light-cult-0001-1000\images\0701-0800\LCCC-0797.png","items/lccc-0797.html","https://ronenglish-archive.github.io/ron-english-light-cult-0001-1000/items/lccc-0797.html","https://opensea.io/item/ethereum/0xbe85fbd182af91290be7293438ae67549638189f/797","OK",""
"798","0798","Light Cult Crypto Club #0798","RE-002608","0701-0800","D:\github\ron-english-nfts\light-cult-crypto-club\images\LCCC-0798.png","18038","images/0701-0800/LCCC-0798.png","LCCC-0798.png","D:\github\ron-english-light-cult-0001-1000\images\0701-0800\LCCC-0798.png","items/lccc-0798.html","https://ronenglish-archive.github.io/ron-english-light-cult-0001-1000/items/lccc-0798.html","https://opensea.io/item/ethereum/0xbe85fbd182af91290be7293438ae67549638189f/798","OK",""
"799","0799","Light Cult Crypto Club #0799","RE-002609","0701-0800","D:\github\ron-english-nfts\light-cult-crypto-club\images\LCCC-0799.png","26183","images/0701-0800/LCCC-0799.png","LCCC-0799.png","D:\github\ron-english-light-cult-0001-1000\images\0701-0800\LCCC-0799.png","items/lccc-0799.html","https://ronenglish-archive.github.io/ron-english-light-cult-0001-1000/items/lccc-0799.html","https://opensea.io/item/ethereum/0xbe85fbd182af91290be7293438ae67549638189f/799","OK",""
"800","0800","Light Cult Crypto Club #0800","RE-002610","0701-0800","D:\github\ron-english-nfts\light-cult-crypto-club\images\LCCC-0800.png","11688","images/0701-0800/LCCC-0800.png","LCCC-0800.png","D:\github\ron-english-light-cult-0001-1000\images\0701-0800\LCCC-0800.png","items/lccc-0800.html","https://ronenglish-archive.github.io/ron-english-light-cult-0001-1000/items/lccc-0800.html","https://opensea.io/item/ethereum/0xbe85fbd182af91290be7293438ae67549638189f/800","OK",""
"801","0801","Light Cult Crypto Club #0801","RE-002611","0801-0900","D:\github\ron-english-nfts\light-cult-crypto-club\images\LCCC-0801.png","11395","images/0801-0900/LCCC-0801.png","LCCC-0801.png","D:\github\ron-english-light-cult-0001-1000\images\0801-0900\LCCC-0801.png","items/lccc-0801.html","https://ronenglish-archive.github.io/ron-english-light-cult-0001-1000/items/lccc-0801.html","https://opensea.io/item/ethereum/0xbe85fbd182af91290be7293438ae67549638189f/801","OK",""
"802","0802","Light Cult Crypto Club #0802","RE-002612","0801-0900","D:\github\ron-english-nfts\light-cult-crypto-club\images\LCCC-0802.png","14942","images/0801-0900/LCCC-0802.png","LCCC-0802.png","D:\github\ron-english-light-cult-0001-1000\images\0801-0900\LCCC-0802.png","items/lccc-0802.html","https://ronenglish-archive.github.io/ron-english-light-cult-0001-1000/items/lccc-0802.html","https://opensea.io/item/ethereum/0xbe85fbd182af91290be7293438ae67549638189f/802","OK",""
"803","0803","Light Cult Crypto Club #0803","RE-002613","0801-0900","D:\github\ron-english-nfts\light-cult-crypto-club\images\LCCC-0803.png","11190","images/0801-0900/LCCC-0803.png","LCCC-0803.png","D:\github\ron-english-light-cult-0001-1000\images\0801-0900\LCCC-0803.png","items/lccc-0803.html","https://ronenglish-archive.github.io/ron-english-light-cult-0001-1000/items/lccc-0803.html","https://opensea.io/item/ethereum/0xbe85fbd182af91290be7293438ae67549638189f/803","OK",""
"804","0804","Light Cult Crypto Club #0804","RE-002614","0801-0900","D:\github\ron-english-nfts\light-cult-crypto-club\images\LCCC-0804.png","27036","images/0801-0900/LCCC-0804.png","LCCC-0804.png","D:\github\ron-english-light-cult-0001-1000\images\0801-0900\LCCC-0804.png","items/lccc-0804.html","https://ronenglish-archive.github.io/ron-english-light-cult-0001-1000/items/lccc-0804.html","https://opensea.io/item/ethereum/0xbe85fbd182af91290be7293438ae67549638189f/804","OK",""
"805","0805","Light Cult Crypto Club #0805","RE-002615","0801-0900","D:\github\ron-english-nfts\light-cult-crypto-club\images\LCCC-0805.png","44768","images/0801-0900/LCCC-0805.png","LCCC-0805.png","D:\github\ron-english-light-cult-0001-1000\images\0801-0900\LCCC-0805.png","items/lccc-0805.html","https://ronenglish-archive.github.io/ron-english-light-cult-0001-1000/items/lccc-0805.html","https://opensea.io/item/ethereum/0xbe85fbd182af91290be7293438ae67549638189f/805","OK",""
"806","0806","Light Cult Crypto Club #0806","RE-002616","0801-0900","D:\github\ron-english-nfts\light-cult-crypto-club\images\LCCC-0806.png","29301","images/0801-0900/LCCC-0806.png","LCCC-0806.png","D:\github\ron-english-light-cult-0001-1000\images\0801-0900\LCCC-0806.png","items/lccc-0806.html","https://ronenglish-archive.github.io/ron-english-light-cult-0001-1000/items/lccc-0806.html","https://opensea.io/item/ethereum/0xbe85fbd182af91290be7293438ae67549638189f/806","OK",""
"807","0807","Light Cult Crypto Club #0807","RE-002617","0801-0900","D:\github\ron-english-nfts\light-cult-crypto-club\images\LCCC-0807.png","31412","images/0801-0900/LCCC-0807.png","LCCC-0807.png","D:\github\ron-english-light-cult-0001-1000\images\0801-0900\LCCC-0807.png","items/lccc-0807.html","https://ronenglish-archive.github.io/ron-english-light-cult-0001-1000/items/lccc-0807.html","https://opensea.io/item/ethereum/0xbe85fbd182af91290be7293438ae67549638189f/807","OK",""
"808","0808","Light Cult Crypto Club #0808","RE-002618","0801-0900","D:\github\ron-english-nfts\light-cult-crypto-club\images\LCCC-0808.png","33524","images/0801-0900/LCCC-0808.png","LCCC-0808.png","D:\github\ron-english-light-cult-0001-1000\images\0801-0900\LCCC-0808.png","items/lccc-0808.html","https://ronenglish-archive.github.io/ron-english-light-cult-0001-1000/items/lccc-0808.html","https://opensea.io/item/ethereum/0xbe85fbd182af91290be7293438ae67549638189f/808","OK",""
"809","0809","Light Cult Crypto Club #0809","RE-002619","0801-0900","D:\github\ron-english-nfts\light-cult-crypto-club\images\LCCC-0809.png","28796","images/0801-0900/LCCC-0809.png","LCCC-0809.png","D:\github\ron-english-light-cult-0001-1000\images\0801-0900\LCCC-0809.png","items/lccc-0809.html","https://ronenglish-archive.github.io/ron-english-light-cult-0001-1000/items/lccc-0809.html","https://opensea.io/item/ethereum/0xbe85fbd182af91290be7293438ae67549638189f/809","OK",""
"810","0810","Light Cult Crypto Club #0810","RE-002620","0801-0900","D:\github\ron-english-nfts\light-cult-crypto-club\images\LCCC-0810.png","14267","images/0801-0900/LCCC-0810.png","LCCC-0810.png","D:\github\ron-english-light-cult-0001-1000\images\0801-0900\LCCC-0810.png","items/lccc-0810.html","https://ronenglish-archive.github.io/ron-english-light-cult-0001-1000/items/lccc-0810.html","https://opensea.io/item/ethereum/0xbe85fbd182af91290be7293438ae67549638189f/810","OK",""
"811","0811","Light Cult Crypto Club #0811","RE-002621","0801-0900","","","","","","items/lccc-0811.html","https://ronenglish-archive.github.io/ron-english-light-cult-0001-1000/items/lccc-0811.html","https://opensea.io/item/ethereum/0xbe85fbd182af91290be7293438ae67549638189f/811","MISSING SOURCE IMAGE","No source image found for token #0811"
"812","0812","Light Cult Crypto Club #0812","RE-002622","0801-0900","D:\github\ron-english-nfts\light-cult-crypto-club\images\LCCC-0812.png","24970","images/0801-0900/LCCC-0812.png","LCCC-0812.png","D:\github\ron-english-light-cult-0001-1000\images\0801-0900\LCCC-0812.png","items/lccc-0812.html","https://ronenglish-archive.github.io/ron-english-light-cult-0001-1000/items/lccc-0812.html","https://opensea.io/item/ethereum/0xbe85fbd182af91290be7293438ae67549638189f/812","OK",""
"813","0813","Light Cult Crypto Club #0813","RE-002623","0801-0900","D:\github\ron-english-nfts\light-cult-crypto-club\images\LCCC-0813.png","30869","images/0801-0900/LCCC-0813.png","LCCC-0813.png","D:\github\ron-english-light-cult-0001-1000\images\0801-0900\LCCC-0813.png","items/lccc-0813.html","https://ronenglish-archive.github.io/ron-english-light-cult-0001-1000/items/lccc-0813.html","https://opensea.io/item/ethereum/0xbe85fbd182af91290be7293438ae67549638189f/813","OK",""
"814","0814","Light Cult Crypto Club #0814","RE-002624","0801-0900","D:\github\ron-english-nfts\light-cult-crypto-club\images\LCCC-0814.png","21980","images/0801-0900/LCCC-0814.png","LCCC-0814.png","D:\github\ron-english-light-cult-0001-1000\images\0801-0900\LCCC-0814.png","items/lccc-0814.html","https://ronenglish-archive.github.io/ron-english-light-cult-0001-1000/items/lccc-0814.html","https://opensea.io/item/ethereum/0xbe85fbd182af91290be7293438ae67549638189f/814","OK",""
"815","0815","Light Cult Crypto Club #0815","RE-002625","0801-0900","D:\github\ron-english-nfts\light-cult-crypto-club\images\LCCC-0815.png","11973","images/0801-0900/LCCC-0815.png","LCCC-0815.png","D:\github\ron-english-light-cult-0001-1000\images\0801-0900\LCCC-0815.png","items/lccc-0815.html","https://ronenglish-archive.github.io/ron-english-light-cult-0001-1000/items/lccc-0815.html","https://opensea.io/item/ethereum/0xbe85fbd182af91290be7293438ae67549638189f/815","OK",""
"816","0816","Light Cult Crypto Club #0816","RE-002626","0801-0900","D:\github\ron-english-nfts\light-cult-crypto-club\images\LCCC-0816.png","15257","images/0801-0900/LCCC-0816.png","LCCC-0816.png","D:\github\ron-english-light-cult-0001-1000\images\0801-0900\LCCC-0816.png","items/lccc-0816.html","https://ronenglish-archive.github.io/ron-english-light-cult-0001-1000/items/lccc-0816.html","https://opensea.io/item/ethereum/0xbe85fbd182af91290be7293438ae67549638189f/816","OK",""
"817","0817","Light Cult Crypto Club #0817","RE-002627","0801-0900","D:\github\ron-english-nfts\light-cult-crypto-club\images\LCCC-0817.png","11692","images/0801-0900/LCCC-0817.png","LCCC-0817.png","D:\github\ron-english-light-cult-0001-1000\images\0801-0900\LCCC-0817.png","items/lccc-0817.html","https://ronenglish-archive.github.io/ron-english-light-cult-0001-1000/items/lccc-0817.html","https://opensea.io/item/ethereum/0xbe85fbd182af91290be7293438ae67549638189f/817","OK",""
"818","0818","Light Cult Crypto Club #0818","RE-002628","0801-0900","D:\github\ron-english-nfts\light-cult-crypto-club\images\LCCC-0818.png","26683","images/0801-0900/LCCC-0818.png","LCCC-0818.png","D:\github\ron-english-light-cult-0001-1000\images\0801-0900\LCCC-0818.png","items/lccc-0818.html","https://ronenglish-archive.github.io/ron-english-light-cult-0001-1000/items/lccc-0818.html","https://opensea.io/item/ethereum/0xbe85fbd182af91290be7293438ae67549638189f/818","OK",""
"819","0819","Light Cult Crypto Club #0819","RE-002629","0801-0900","","","","","","items/lccc-0819.html","https://ronenglish-archive.github.io/ron-english-light-cult-0001-1000/items/lccc-0819.html","https://opensea.io/item/ethereum/0xbe85fbd182af91290be7293438ae67549638189f/819","MISSING SOURCE IMAGE","No source image found for token #0819"
"820","0820","Light Cult Crypto Club #0820","RE-002630","0801-0900","D:\github\ron-english-nfts\light-cult-crypto-club\images\LCCC-0820.png","13105","images/0801-0900/LCCC-0820.png","LCCC-0820.png","D:\github\ron-english-light-cult-0001-1000\images\0801-0900\LCCC-0820.png","items/lccc-0820.html","https://ronenglish-archive.github.io/ron-english-light-cult-0001-1000/items/lccc-0820.html","https://opensea.io/item/ethereum/0xbe85fbd182af91290be7293438ae67549638189f/820","OK",""
"821","0821","Light Cult Crypto Club #0821","RE-002631","0801-0900","D:\github\ron-english-nfts\light-cult-crypto-club\images\LCCC-0821.png","19682","images/0801-0900/LCCC-0821.png","LCCC-0821.png","D:\github\ron-english-light-cult-0001-1000\images\0801-0900\LCCC-0821.png","items/lccc-0821.html","https://ronenglish-archive.github.io/ron-english-light-cult-0001-1000/items/lccc-0821.html","https://opensea.io/item/ethereum/0xbe85fbd182af91290be7293438ae67549638189f/821","OK",""
"822","0822","Light Cult Crypto Club #0822","RE-002632","0801-0900","D:\github\ron-english-nfts\light-cult-crypto-club\images\LCCC-0822.png","23713","images/0801-0900/LCCC-0822.png","LCCC-0822.png","D:\github\ron-english-light-cult-0001-1000\images\0801-0900\LCCC-0822.png","items/lccc-0822.html","https://ronenglish-archive.github.io/ron-english-light-cult-0001-1000/items/lccc-0822.html","https://opensea.io/item/ethereum/0xbe85fbd182af91290be7293438ae67549638189f/822","OK",""
"823","0823","Light Cult Crypto Club #0823","RE-002633","0801-0900","D:\github\ron-english-nfts\light-cult-crypto-club\images\LCCC-0823.png","25096","images/0801-0900/LCCC-0823.png","LCCC-0823.png","D:\github\ron-english-light-cult-0001-1000\images\0801-0900\LCCC-0823.png","items/lccc-0823.html","https://ronenglish-archive.github.io/ron-english-light-cult-0001-1000/items/lccc-0823.html","https://opensea.io/item/ethereum/0xbe85fbd182af91290be7293438ae67549638189f/823","OK",""
"824","0824","Light Cult Crypto Club #0824","RE-002634","0801-0900","D:\github\ron-english-nfts\light-cult-crypto-club\images\LCCC-0824.png","11301","images/0801-0900/LCCC-0824.png","LCCC-0824.png","D:\github\ron-english-light-cult-0001-1000\images\0801-0900\LCCC-0824.png","items/lccc-0824.html","https://ronenglish-archive.github.io/ron-english-light-cult-0001-1000/items/lccc-0824.html","https://opensea.io/item/ethereum/0xbe85fbd182af91290be7293438ae67549638189f/824","OK",""
"825","0825","Light Cult Crypto Club #0825","RE-002635","0801-0900","D:\github\ron-english-nfts\light-cult-crypto-club\images\LCCC-0825.png","16884","images/0801-0900/LCCC-0825.png","LCCC-0825.png","D:\github\ron-english-light-cult-0001-1000\images\0801-0900\LCCC-0825.png","items/lccc-0825.html","https://ronenglish-archive.github.io/ron-english-light-cult-0001-1000/items/lccc-0825.html","https://opensea.io/item/ethereum/0xbe85fbd182af91290be7293438ae67549638189f/825","OK",""
"826","0826","Light Cult Crypto Club #0826","RE-002636","0801-0900","D:\github\ron-english-nfts\light-cult-crypto-club\images\LCCC-0826.png","11001","images/0801-0900/LCCC-0826.png","LCCC-0826.png","D:\github\ron-english-light-cult-0001-1000\images\0801-0900\LCCC-0826.png","items/lccc-0826.html","https://ronenglish-archive.github.io/ron-english-light-cult-0001-1000/items/lccc-0826.html","https://opensea.io/item/ethereum/0xbe85fbd182af91290be7293438ae67549638189f/826","OK",""
"827","0827","Light Cult Crypto Club #0827","RE-002637","0801-0900","D:\github\ron-english-nfts\light-cult-crypto-club\images\LCCC-0827.png","17900","images/0801-0900/LCCC-0827.png","LCCC-0827.png","D:\github\ron-english-light-cult-0001-1000\images\0801-0900\LCCC-0827.png","items/lccc-0827.html","https://ronenglish-archive.github.io/ron-english-light-cult-0001-1000/items/lccc-0827.html","https://opensea.io/item/ethereum/0xbe85fbd182af91290be7293438ae67549638189f/827","OK",""
"828","0828","Light Cult Crypto Club #0828","RE-002638","0801-0900","D:\github\ron-english-nfts\light-cult-crypto-club\images\LCCC-0828.png","7219","images/0801-0900/LCCC-0828.png","LCCC-0828.png","D:\github\ron-english-light-cult-0001-1000\images\0801-0900\LCCC-0828.png","items/lccc-0828.html","https://ronenglish-archive.github.io/ron-english-light-cult-0001-1000/items/lccc-0828.html","https://opensea.io/item/ethereum/0xbe85fbd182af91290be7293438ae67549638189f/828","OK",""
"829","0829","Light Cult Crypto Club #0829","RE-002639","0801-0900","D:\github\ron-english-nfts\light-cult-crypto-club\images\LCCC-0829.png","27653","images/0801-0900/LCCC-0829.png","LCCC-0829.png","D:\github\ron-english-light-cult-0001-1000\images\0801-0900\LCCC-0829.png","items/lccc-0829.html","https://ronenglish-archive.github.io/ron-english-light-cult-0001-1000/items/lccc-0829.html","https://opensea.io/item/ethereum/0xbe85fbd182af91290be7293438ae67549638189f/829","OK",""
"830","0830","Light Cult Crypto Club #0830","RE-002640","0801-0900","D:\github\ron-english-nfts\light-cult-crypto-club\images\LCCC-0830.png","14818","images/0801-0900/LCCC-0830.png","LCCC-0830.png","D:\github\ron-english-light-cult-0001-1000\images\0801-0900\LCCC-0830.png","items/lccc-0830.html","https://ronenglish-archive.github.io/ron-english-light-cult-0001-1000/items/lccc-0830.html","https://opensea.io/item/ethereum/0xbe85fbd182af91290be7293438ae67549638189f/830","OK",""
"831","0831","Light Cult Crypto Club #0831","RE-002641","0801-0900","D:\github\ron-english-nfts\light-cult-crypto-club\images\LCCC-0831.png","19848","images/0801-0900/LCCC-0831.png","LCCC-0831.png","D:\github\ron-english-light-cult-0001-1000\images\0801-0900\LCCC-0831.png","items/lccc-0831.html","https://ronenglish-archive.github.io/ron-english-light-cult-0001-1000/items/lccc-0831.html","https://opensea.io/item/ethereum/0xbe85fbd182af91290be7293438ae67549638189f/831","OK",""
"832","0832","Light Cult Crypto Club #0832","RE-002642","0801-0900","","","","","","items/lccc-0832.html","https://ronenglish-archive.github.io/ron-english-light-cult-0001-1000/items/lccc-0832.html","https://opensea.io/item/ethereum/0xbe85fbd182af91290be7293438ae67549638189f/832","MISSING SOURCE IMAGE","No source image found for token #0832"
"833","0833","Light Cult Crypto Club #0833","RE-002643","0801-0900","D:\github\ron-english-nfts\light-cult-crypto-club\images\LCCC-0833.png","12969","images/0801-0900/LCCC-0833.png","LCCC-0833.png","D:\github\ron-english-light-cult-0001-1000\images\0801-0900\LCCC-0833.png","items/lccc-0833.html","https://ronenglish-archive.github.io/ron-english-light-cult-0001-1000/items/lccc-0833.html","https://opensea.io/item/ethereum/0xbe85fbd182af91290be7293438ae67549638189f/833","OK",""
"834","0834","Light Cult Crypto Club #0834","RE-002644","0801-0900","D:\github\ron-english-nfts\light-cult-crypto-club\images\LCCC-0834.png","9811","images/0801-0900/LCCC-0834.png","LCCC-0834.png","D:\github\ron-english-light-cult-0001-1000\images\0801-0900\LCCC-0834.png","items/lccc-0834.html","https://ronenglish-archive.github.io/ron-english-light-cult-0001-1000/items/lccc-0834.html","https://opensea.io/item/ethereum/0xbe85fbd182af91290be7293438ae67549638189f/834","OK",""
"835","0835","Light Cult Crypto Club #0835","RE-002645","0801-0900","D:\github\ron-english-nfts\light-cult-crypto-club\images\LCCC-0835.png","8954","images/0801-0900/LCCC-0835.png","LCCC-0835.png","D:\github\ron-english-light-cult-0001-1000\images\0801-0900\LCCC-0835.png","items/lccc-0835.html","https://ronenglish-archive.github.io/ron-english-light-cult-0001-1000/items/lccc-0835.html","https://opensea.io/item/ethereum/0xbe85fbd182af91290be7293438ae67549638189f/835","OK",""
"836","0836","Light Cult Crypto Club #0836","RE-002646","0801-0900","D:\github\ron-english-nfts\light-cult-crypto-club\images\LCCC-0836.png","5175","images/0801-0900/LCCC-0836.png","LCCC-0836.png","D:\github\ron-english-light-cult-0001-1000\images\0801-0900\LCCC-0836.png","items/lccc-0836.html","https://ronenglish-archive.github.io/ron-english-light-cult-0001-1000/items/lccc-0836.html","https://opensea.io/item/ethereum/0xbe85fbd182af91290be7293438ae67549638189f/836","OK",""
"837","0837","Light Cult Crypto Club #0837","RE-002647","0801-0900","D:\github\ron-english-nfts\light-cult-crypto-club\images\LCCC-0837.png","32559","images/0801-0900/LCCC-0837.png","LCCC-0837.png","D:\github\ron-english-light-cult-0001-1000\images\0801-0900\LCCC-0837.png","items/lccc-0837.html","https://ronenglish-archive.github.io/ron-english-light-cult-0001-1000/items/lccc-0837.html","https://opensea.io/item/ethereum/0xbe85fbd182af91290be7293438ae67549638189f/837","OK",""
"838","0838","Light Cult Crypto Club #0838","RE-002648","0801-0900","","","","","","items/lccc-0838.html","https://ronenglish-archive.github.io/ron-english-light-cult-0001-1000/items/lccc-0838.html","https://opensea.io/item/ethereum/0xbe85fbd182af91290be7293438ae67549638189f/838","MISSING SOURCE IMAGE","No source image found for token #0838"
"839","0839","Light Cult Crypto Club #0839","RE-002649","0801-0900","D:\github\ron-english-nfts\light-cult-crypto-club\images\LCCC-0839.png","4931","images/0801-0900/LCCC-0839.png","LCCC-0839.png","D:\github\ron-english-light-cult-0001-1000\images\0801-0900\LCCC-0839.png","items/lccc-0839.html","https://ronenglish-archive.github.io/ron-english-light-cult-0001-1000/items/lccc-0839.html","https://opensea.io/item/ethereum/0xbe85fbd182af91290be7293438ae67549638189f/839","OK",""
"840","0840","Light Cult Crypto Club #0840","RE-002650","0801-0900","D:\github\ron-english-nfts\light-cult-crypto-club\images\LCCC-0840.png","7294","images/0801-0900/LCCC-0840.png","LCCC-0840.png","D:\github\ron-english-light-cult-0001-1000\images\0801-0900\LCCC-0840.png","items/lccc-0840.html","https://ronenglish-archive.github.io/ron-english-light-cult-0001-1000/items/lccc-0840.html","https://opensea.io/item/ethereum/0xbe85fbd182af91290be7293438ae67549638189f/840","OK",""
"841","0841","Light Cult Crypto Club #0841","RE-002651","0801-0900","D:\github\ron-english-nfts\light-cult-crypto-club\images\LCCC-0841.png","27404","images/0801-0900/LCCC-0841.png","LCCC-0841.png","D:\github\ron-english-light-cult-0001-1000\images\0801-0900\LCCC-0841.png","items/lccc-0841.html","https://ronenglish-archive.github.io/ron-english-light-cult-0001-1000/items/lccc-0841.html","https://opensea.io/item/ethereum/0xbe85fbd182af91290be7293438ae67549638189f/841","OK",""
"842","0842","Light Cult Crypto Club #0842","RE-002652","0801-0900","","","","","","items/lccc-0842.html","https://ronenglish-archive.github.io/ron-english-light-cult-0001-1000/items/lccc-0842.html","https://opensea.io/item/ethereum/0xbe85fbd182af91290be7293438ae67549638189f/842","MISSING SOURCE IMAGE","No source image found for token #0842"
"843","0843","Light Cult Crypto Club #0843","RE-002653","0801-0900","D:\github\ron-english-nfts\light-cult-crypto-club\images\LCCC-0843.png","19503","images/0801-0900/LCCC-0843.png","LCCC-0843.png","D:\github\ron-english-light-cult-0001-1000\images\0801-0900\LCCC-0843.png","items/lccc-0843.html","https://ronenglish-archive.github.io/ron-english-light-cult-0001-1000/items/lccc-0843.html","https://opensea.io/item/ethereum/0xbe85fbd182af91290be7293438ae67549638189f/843","OK",""
"844","0844","Light Cult Crypto Club #0844","RE-002654","0801-0900","D:\github\ron-english-nfts\light-cult-crypto-club\images\LCCC-0844.png","28389","images/0801-0900/LCCC-0844.png","LCCC-0844.png","D:\github\ron-english-light-cult-0001-1000\images\0801-0900\LCCC-0844.png","items/lccc-0844.html","https://ronenglish-archive.github.io/ron-english-light-cult-0001-1000/items/lccc-0844.html","https://opensea.io/item/ethereum/0xbe85fbd182af91290be7293438ae67549638189f/844","OK",""
"845","0845","Light Cult Crypto Club #0845","RE-002655","0801-0900","D:\github\ron-english-nfts\light-cult-crypto-club\images\LCCC-0845.png","16004","images/0801-0900/LCCC-0845.png","LCCC-0845.png","D:\github\ron-english-light-cult-0001-1000\images\0801-0900\LCCC-0845.png","items/lccc-0845.html","https://ronenglish-archive.github.io/ron-english-light-cult-0001-1000/items/lccc-0845.html","https://opensea.io/item/ethereum/0xbe85fbd182af91290be7293438ae67549638189f/845","OK",""
"846","0846","Light Cult Crypto Club #0846","RE-002656","0801-0900","D:\github\ron-english-nfts\light-cult-crypto-club\images\LCCC-0846.png","33739","images/0801-0900/LCCC-0846.png","LCCC-0846.png","D:\github\ron-english-light-cult-0001-1000\images\0801-0900\LCCC-0846.png","items/lccc-0846.html","https://ronenglish-archive.github.io/ron-english-light-cult-0001-1000/items/lccc-0846.html","https://opensea.io/item/ethereum/0xbe85fbd182af91290be7293438ae67549638189f/846","OK",""
"847","0847","Light Cult Crypto Club #0847","RE-002657","0801-0900","D:\github\ron-english-nfts\light-cult-crypto-club\images\LCCC-0847.png","25286","images/0801-0900/LCCC-0847.png","LCCC-0847.png","D:\github\ron-english-light-cult-0001-1000\images\0801-0900\LCCC-0847.png","items/lccc-0847.html","https://ronenglish-archive.github.io/ron-english-light-cult-0001-1000/items/lccc-0847.html","https://opensea.io/item/ethereum/0xbe85fbd182af91290be7293438ae67549638189f/847","OK",""
"848","0848","Light Cult Crypto Club #0848","RE-002658","0801-0900","D:\github\ron-english-nfts\light-cult-crypto-club\images\LCCC-0848.png","12706","images/0801-0900/LCCC-0848.png","LCCC-0848.png","D:\github\ron-english-light-cult-0001-1000\images\0801-0900\LCCC-0848.png","items/lccc-0848.html","https://ronenglish-archive.github.io/ron-english-light-cult-0001-1000/items/lccc-0848.html","https://opensea.io/item/ethereum/0xbe85fbd182af91290be7293438ae67549638189f/848","OK",""
"849","0849","Light Cult Crypto Club #0849","RE-002659","0801-0900","D:\github\ron-english-nfts\light-cult-crypto-club\images\LCCC-0849.png","28332","images/0801-0900/LCCC-0849.png","LCCC-0849.png","D:\github\ron-english-light-cult-0001-1000\images\0801-0900\LCCC-0849.png","items/lccc-0849.html","https://ronenglish-archive.github.io/ron-english-light-cult-0001-1000/items/lccc-0849.html","https://opensea.io/item/ethereum/0xbe85fbd182af91290be7293438ae67549638189f/849","OK",""
"850","0850","Light Cult Crypto Club #0850","RE-002660","0801-0900","D:\github\ron-english-nfts\light-cult-crypto-club\images\LCCC-0850.png","35177","images/0801-0900/LCCC-0850.png","LCCC-0850.png","D:\github\ron-english-light-cult-0001-1000\images\0801-0900\LCCC-0850.png","items/lccc-0850.html","https://ronenglish-archive.github.io/ron-english-light-cult-0001-1000/items/lccc-0850.html","https://opensea.io/item/ethereum/0xbe85fbd182af91290be7293438ae67549638189f/850","OK",""
"851","0851","Light Cult Crypto Club #0851","RE-002661","0801-0900","D:\github\ron-english-nfts\light-cult-crypto-club\images\LCCC-0851.png","25114","images/0801-0900/LCCC-0851.png","LCCC-0851.png","D:\github\ron-english-light-cult-0001-1000\images\0801-0900\LCCC-0851.png","items/lccc-0851.html","https://ronenglish-archive.github.io/ron-english-light-cult-0001-1000/items/lccc-0851.html","https://opensea.io/item/ethereum/0xbe85fbd182af91290be7293438ae67549638189f/851","OK",""
"852","0852","Light Cult Crypto Club #0852","RE-002662","0801-0900","D:\github\ron-english-nfts\light-cult-crypto-club\images\LCCC-0852.png","24759","images/0801-0900/LCCC-0852.png","LCCC-0852.png","D:\github\ron-english-light-cult-0001-1000\images\0801-0900\LCCC-0852.png","items/lccc-0852.html","https://ronenglish-archive.github.io/ron-english-light-cult-0001-1000/items/lccc-0852.html","https://opensea.io/item/ethereum/0xbe85fbd182af91290be7293438ae67549638189f/852","OK",""
"853","0853","Light Cult Crypto Club #0853","RE-002663","0801-0900","D:\github\ron-english-nfts\light-cult-crypto-club\images\LCCC-0853.png","15776","images/0801-0900/LCCC-0853.png","LCCC-0853.png","D:\github\ron-english-light-cult-0001-1000\images\0801-0900\LCCC-0853.png","items/lccc-0853.html","https://ronenglish-archive.github.io/ron-english-light-cult-0001-1000/items/lccc-0853.html","https://opensea.io/item/ethereum/0xbe85fbd182af91290be7293438ae67549638189f/853","OK",""
"854","0854","Light Cult Crypto Club #0854","RE-002664","0801-0900","D:\github\ron-english-nfts\light-cult-crypto-club\images\LCCC-0854.png","31269","images/0801-0900/LCCC-0854.png","LCCC-0854.png","D:\github\ron-english-light-cult-0001-1000\images\0801-0900\LCCC-0854.png","items/lccc-0854.html","https://ronenglish-archive.github.io/ron-english-light-cult-0001-1000/items/lccc-0854.html","https://opensea.io/item/ethereum/0xbe85fbd182af91290be7293438ae67549638189f/854","OK",""
"855","0855","Light Cult Crypto Club #0855","RE-002665","0801-0900","D:\github\ron-english-nfts\light-cult-crypto-club\images\LCCC-0855.png","29453","images/0801-0900/LCCC-0855.png","LCCC-0855.png","D:\github\ron-english-light-cult-0001-1000\images\0801-0900\LCCC-0855.png","items/lccc-0855.html","https://ronenglish-archive.github.io/ron-english-light-cult-0001-1000/items/lccc-0855.html","https://opensea.io/item/ethereum/0xbe85fbd182af91290be7293438ae67549638189f/855","OK",""
"856","0856","Light Cult Crypto Club #0856","RE-002666","0801-0900","D:\github\ron-english-nfts\light-cult-crypto-club\images\LCCC-0856.png","8478","images/0801-0900/LCCC-0856.png","LCCC-0856.png","D:\github\ron-english-light-cult-0001-1000\images\0801-0900\LCCC-0856.png","items/lccc-0856.html","https://ronenglish-archive.github.io/ron-english-light-cult-0001-1000/items/lccc-0856.html","https://opensea.io/item/ethereum/0xbe85fbd182af91290be7293438ae67549638189f/856","OK",""
"857","0857","Light Cult Crypto Club #0857","RE-002667","0801-0900","D:\github\ron-english-nfts\light-cult-crypto-club\images\LCCC-0857.png","7203","images/0801-0900/LCCC-0857.png","LCCC-0857.png","D:\github\ron-english-light-cult-0001-1000\images\0801-0900\LCCC-0857.png","items/lccc-0857.html","https://ronenglish-archive.github.io/ron-english-light-cult-0001-1000/items/lccc-0857.html","https://opensea.io/item/ethereum/0xbe85fbd182af91290be7293438ae67549638189f/857","OK",""
"858","0858","Light Cult Crypto Club #0858","RE-002668","0801-0900","","","","","","items/lccc-0858.html","https://ronenglish-archive.github.io/ron-english-light-cult-0001-1000/items/lccc-0858.html","https://opensea.io/item/ethereum/0xbe85fbd182af91290be7293438ae67549638189f/858","MISSING SOURCE IMAGE","No source image found for token #0858"
"859","0859","Light Cult Crypto Club #0859","RE-002669","0801-0900","D:\github\ron-english-nfts\light-cult-crypto-club\images\LCCC-0859.png","10045","images/0801-0900/LCCC-0859.png","LCCC-0859.png","D:\github\ron-english-light-cult-0001-1000\images\0801-0900\LCCC-0859.png","items/lccc-0859.html","https://ronenglish-archive.github.io/ron-english-light-cult-0001-1000/items/lccc-0859.html","https://opensea.io/item/ethereum/0xbe85fbd182af91290be7293438ae67549638189f/859","OK",""
"860","0860","Light Cult Crypto Club #0860","RE-002670","0801-0900","","","","","","items/lccc-0860.html","https://ronenglish-archive.github.io/ron-english-light-cult-0001-1000/items/lccc-0860.html","https://opensea.io/item/ethereum/0xbe85fbd182af91290be7293438ae67549638189f/860","MISSING SOURCE IMAGE","No source image found for token #0860"
"861","0861","Light Cult Crypto Club #0861","RE-002671","0801-0900","","","","","","items/lccc-0861.html","https://ronenglish-archive.github.io/ron-english-light-cult-0001-1000/items/lccc-0861.html","https://opensea.io/item/ethereum/0xbe85fbd182af91290be7293438ae67549638189f/861","MISSING SOURCE IMAGE","No source image found for token #0861"
"862","0862","Light Cult Crypto Club #0862","RE-002672","0801-0900","","","","","","items/lccc-0862.html","https://ronenglish-archive.github.io/ron-english-light-cult-0001-1000/items/lccc-0862.html","https://opensea.io/item/ethereum/0xbe85fbd182af91290be7293438ae67549638189f/862","MISSING SOURCE IMAGE","No source image found for token #0862"
"863","0863","Light Cult Crypto Club #0863","RE-002673","0801-0900","D:\github\ron-english-nfts\light-cult-crypto-club\images\LCCC-0863.png","28416","images/0801-0900/LCCC-0863.png","LCCC-0863.png","D:\github\ron-english-light-cult-0001-1000\images\0801-0900\LCCC-0863.png","items/lccc-0863.html","https://ronenglish-archive.github.io/ron-english-light-cult-0001-1000/items/lccc-0863.html","https://opensea.io/item/ethereum/0xbe85fbd182af91290be7293438ae67549638189f/863","OK",""
"864","0864","Light Cult Crypto Club #0864","RE-002674","0801-0900","D:\github\ron-english-nfts\light-cult-crypto-club\images\LCCC-0864.png","6907","images/0801-0900/LCCC-0864.png","LCCC-0864.png","D:\github\ron-english-light-cult-0001-1000\images\0801-0900\LCCC-0864.png","items/lccc-0864.html","https://ronenglish-archive.github.io/ron-english-light-cult-0001-1000/items/lccc-0864.html","https://opensea.io/item/ethereum/0xbe85fbd182af91290be7293438ae67549638189f/864","OK",""
"865","0865","Light Cult Crypto Club #0865","RE-002675","0801-0900","D:\github\ron-english-nfts\light-cult-crypto-club\images\LCCC-0865.png","45851","images/0801-0900/LCCC-0865.png","LCCC-0865.png","D:\github\ron-english-light-cult-0001-1000\images\0801-0900\LCCC-0865.png","items/lccc-0865.html","https://ronenglish-archive.github.io/ron-english-light-cult-0001-1000/items/lccc-0865.html","https://opensea.io/item/ethereum/0xbe85fbd182af91290be7293438ae67549638189f/865","OK",""
"866","0866","Light Cult Crypto Club #0866","RE-002676","0801-0900","D:\github\ron-english-nfts\light-cult-crypto-club\images\LCCC-0866.png","21414","images/0801-0900/LCCC-0866.png","LCCC-0866.png","D:\github\ron-english-light-cult-0001-1000\images\0801-0900\LCCC-0866.png","items/lccc-0866.html","https://ronenglish-archive.github.io/ron-english-light-cult-0001-1000/items/lccc-0866.html","https://opensea.io/item/ethereum/0xbe85fbd182af91290be7293438ae67549638189f/866","OK",""
"867","0867","Light Cult Crypto Club #0867","RE-002677","0801-0900","","","","","","items/lccc-0867.html","https://ronenglish-archive.github.io/ron-english-light-cult-0001-1000/items/lccc-0867.html","https://opensea.io/item/ethereum/0xbe85fbd182af91290be7293438ae67549638189f/867","MISSING SOURCE IMAGE","No source image found for token #0867"
"868","0868","Light Cult Crypto Club #0868","RE-002678","0801-0900","D:\github\ron-english-nfts\light-cult-crypto-club\images\LCCC-0868.png","29582","images/0801-0900/LCCC-0868.png","LCCC-0868.png","D:\github\ron-english-light-cult-0001-1000\images\0801-0900\LCCC-0868.png","items/lccc-0868.html","https://ronenglish-archive.github.io/ron-english-light-cult-0001-1000/items/lccc-0868.html","https://opensea.io/item/ethereum/0xbe85fbd182af91290be7293438ae67549638189f/868","OK",""
"869","0869","Light Cult Crypto Club #0869","RE-002679","0801-0900","D:\github\ron-english-nfts\light-cult-crypto-club\images\LCCC-0869.png","4908","images/0801-0900/LCCC-0869.png","LCCC-0869.png","D:\github\ron-english-light-cult-0001-1000\images\0801-0900\LCCC-0869.png","items/lccc-0869.html","https://ronenglish-archive.github.io/ron-english-light-cult-0001-1000/items/lccc-0869.html","https://opensea.io/item/ethereum/0xbe85fbd182af91290be7293438ae67549638189f/869","OK",""
"870","0870","Light Cult Crypto Club #0870","RE-002680","0801-0900","D:\github\ron-english-nfts\light-cult-crypto-club\images\LCCC-0870.png","38507","images/0801-0900/LCCC-0870.png","LCCC-0870.png","D:\github\ron-english-light-cult-0001-1000\images\0801-0900\LCCC-0870.png","items/lccc-0870.html","https://ronenglish-archive.github.io/ron-english-light-cult-0001-1000/items/lccc-0870.html","https://opensea.io/item/ethereum/0xbe85fbd182af91290be7293438ae67549638189f/870","OK",""
"871","0871","Light Cult Crypto Club #0871","RE-002681","0801-0900","D:\github\ron-english-nfts\light-cult-crypto-club\images\LCCC-0871.png","11397","images/0801-0900/LCCC-0871.png","LCCC-0871.png","D:\github\ron-english-light-cult-0001-1000\images\0801-0900\LCCC-0871.png","items/lccc-0871.html","https://ronenglish-archive.github.io/ron-english-light-cult-0001-1000/items/lccc-0871.html","https://opensea.io/item/ethereum/0xbe85fbd182af91290be7293438ae67549638189f/871","OK",""
"872","0872","Light Cult Crypto Club #0872","RE-002682","0801-0900","D:\github\ron-english-nfts\light-cult-crypto-club\images\LCCC-0872.png","6310","images/0801-0900/LCCC-0872.png","LCCC-0872.png","D:\github\ron-english-light-cult-0001-1000\images\0801-0900\LCCC-0872.png","items/lccc-0872.html","https://ronenglish-archive.github.io/ron-english-light-cult-0001-1000/items/lccc-0872.html","https://opensea.io/item/ethereum/0xbe85fbd182af91290be7293438ae67549638189f/872","OK",""
"873","0873","Light Cult Crypto Club #0873","RE-002683","0801-0900","D:\github\ron-english-nfts\light-cult-crypto-club\images\LCCC-0873.png","33033","images/0801-0900/LCCC-0873.png","LCCC-0873.png","D:\github\ron-english-light-cult-0001-1000\images\0801-0900\LCCC-0873.png","items/lccc-0873.html","https://ronenglish-archive.github.io/ron-english-light-cult-0001-1000/items/lccc-0873.html","https://opensea.io/item/ethereum/0xbe85fbd182af91290be7293438ae67549638189f/873","OK",""
"874","0874","Light Cult Crypto Club #0874","RE-002684","0801-0900","D:\github\ron-english-nfts\light-cult-crypto-club\images\LCCC-0874.png","25792","images/0801-0900/LCCC-0874.png","LCCC-0874.png","D:\github\ron-english-light-cult-0001-1000\images\0801-0900\LCCC-0874.png","items/lccc-0874.html","https://ronenglish-archive.github.io/ron-english-light-cult-0001-1000/items/lccc-0874.html","https://opensea.io/item/ethereum/0xbe85fbd182af91290be7293438ae67549638189f/874","OK",""
"875","0875","Light Cult Crypto Club #0875","RE-002685","0801-0900","D:\github\ron-english-nfts\light-cult-crypto-club\images\LCCC-0875.png","32524","images/0801-0900/LCCC-0875.png","LCCC-0875.png","D:\github\ron-english-light-cult-0001-1000\images\0801-0900\LCCC-0875.png","items/lccc-0875.html","https://ronenglish-archive.github.io/ron-english-light-cult-0001-1000/items/lccc-0875.html","https://opensea.io/item/ethereum/0xbe85fbd182af91290be7293438ae67549638189f/875","OK",""
"876","0876","Light Cult Crypto Club #0876","RE-002686","0801-0900","D:\github\ron-english-nfts\light-cult-crypto-club\images\LCCC-0876.png","15163","images/0801-0900/LCCC-0876.png","LCCC-0876.png","D:\github\ron-english-light-cult-0001-1000\images\0801-0900\LCCC-0876.png","items/lccc-0876.html","https://ronenglish-archive.github.io/ron-english-light-cult-0001-1000/items/lccc-0876.html","https://opensea.io/item/ethereum/0xbe85fbd182af91290be7293438ae67549638189f/876","OK",""
"877","0877","Light Cult Crypto Club #0877","RE-002687","0801-0900","","","","","","items/lccc-0877.html","https://ronenglish-archive.github.io/ron-english-light-cult-0001-1000/items/lccc-0877.html","https://opensea.io/item/ethereum/0xbe85fbd182af91290be7293438ae67549638189f/877","MISSING SOURCE IMAGE","No source image found for token #0877"
"878","0878","Light Cult Crypto Club #0878","RE-002688","0801-0900","D:\github\ron-english-nfts\light-cult-crypto-club\images\LCCC-0878.png","25889","images/0801-0900/LCCC-0878.png","LCCC-0878.png","D:\github\ron-english-light-cult-0001-1000\images\0801-0900\LCCC-0878.png","items/lccc-0878.html","https://ronenglish-archive.github.io/ron-english-light-cult-0001-1000/items/lccc-0878.html","https://opensea.io/item/ethereum/0xbe85fbd182af91290be7293438ae67549638189f/878","OK",""
"879","0879","Light Cult Crypto Club #0879","RE-002689","0801-0900","D:\github\ron-english-nfts\light-cult-crypto-club\images\LCCC-0879.png","9509","images/0801-0900/LCCC-0879.png","LCCC-0879.png","D:\github\ron-english-light-cult-0001-1000\images\0801-0900\LCCC-0879.png","items/lccc-0879.html","https://ronenglish-archive.github.io/ron-english-light-cult-0001-1000/items/lccc-0879.html","https://opensea.io/item/ethereum/0xbe85fbd182af91290be7293438ae67549638189f/879","OK",""
"880","0880","Light Cult Crypto Club #0880","RE-002690","0801-0900","D:\github\ron-english-nfts\light-cult-crypto-club\images\LCCC-0880.png","5006","images/0801-0900/LCCC-0880.png","LCCC-0880.png","D:\github\ron-english-light-cult-0001-1000\images\0801-0900\LCCC-0880.png","items/lccc-0880.html","https://ronenglish-archive.github.io/ron-english-light-cult-0001-1000/items/lccc-0880.html","https://opensea.io/item/ethereum/0xbe85fbd182af91290be7293438ae67549638189f/880","OK",""
"881","0881","Light Cult Crypto Club #0881","RE-002691","0801-0900","D:\github\ron-english-nfts\light-cult-crypto-club\images\LCCC-0881.png","5080","images/0801-0900/LCCC-0881.png","LCCC-0881.png","D:\github\ron-english-light-cult-0001-1000\images\0801-0900\LCCC-0881.png","items/lccc-0881.html","https://ronenglish-archive.github.io/ron-english-light-cult-0001-1000/items/lccc-0881.html","https://opensea.io/item/ethereum/0xbe85fbd182af91290be7293438ae67549638189f/881","OK",""
"882","0882","Light Cult Crypto Club #0882","RE-002692","0801-0900","D:\github\ron-english-nfts\light-cult-crypto-club\images\LCCC-0882.png","2893","images/0801-0900/LCCC-0882.png","LCCC-0882.png","D:\github\ron-english-light-cult-0001-1000\images\0801-0900\LCCC-0882.png","items/lccc-0882.html","https://ronenglish-archive.github.io/ron-english-light-cult-0001-1000/items/lccc-0882.html","https://opensea.io/item/ethereum/0xbe85fbd182af91290be7293438ae67549638189f/882","OK",""
"883","0883","Light Cult Crypto Club #0883","RE-002693","0801-0900","D:\github\ron-english-nfts\light-cult-crypto-club\images\LCCC-0883.png","7710","images/0801-0900/LCCC-0883.png","LCCC-0883.png","D:\github\ron-english-light-cult-0001-1000\images\0801-0900\LCCC-0883.png","items/lccc-0883.html","https://ronenglish-archive.github.io/ron-english-light-cult-0001-1000/items/lccc-0883.html","https://opensea.io/item/ethereum/0xbe85fbd182af91290be7293438ae67549638189f/883","OK",""
"884","0884","Light Cult Crypto Club #0884","RE-002694","0801-0900","D:\github\ron-english-nfts\light-cult-crypto-club\images\LCCC-0884.png","31733","images/0801-0900/LCCC-0884.png","LCCC-0884.png","D:\github\ron-english-light-cult-0001-1000\images\0801-0900\LCCC-0884.png","items/lccc-0884.html","https://ronenglish-archive.github.io/ron-english-light-cult-0001-1000/items/lccc-0884.html","https://opensea.io/item/ethereum/0xbe85fbd182af91290be7293438ae67549638189f/884","OK",""
"885","0885","Light Cult Crypto Club #0885","RE-002695","0801-0900","D:\github\ron-english-nfts\light-cult-crypto-club\images\LCCC-0885.png","14438","images/0801-0900/LCCC-0885.png","LCCC-0885.png","D:\github\ron-english-light-cult-0001-1000\images\0801-0900\LCCC-0885.png","items/lccc-0885.html","https://ronenglish-archive.github.io/ron-english-light-cult-0001-1000/items/lccc-0885.html","https://opensea.io/item/ethereum/0xbe85fbd182af91290be7293438ae67549638189f/885","OK",""
"886","0886","Light Cult Crypto Club #0886","RE-002696","0801-0900","","","","","","items/lccc-0886.html","https://ronenglish-archive.github.io/ron-english-light-cult-0001-1000/items/lccc-0886.html","https://opensea.io/item/ethereum/0xbe85fbd182af91290be7293438ae67549638189f/886","MISSING SOURCE IMAGE","No source image found for token #0886"
"887","0887","Light Cult Crypto Club #0887","RE-002697","0801-0900","D:\github\ron-english-nfts\light-cult-crypto-club\images\LCCC-0887.png","21832","images/0801-0900/LCCC-0887.png","LCCC-0887.png","D:\github\ron-english-light-cult-0001-1000\images\0801-0900\LCCC-0887.png","items/lccc-0887.html","https://ronenglish-archive.github.io/ron-english-light-cult-0001-1000/items/lccc-0887.html","https://opensea.io/item/ethereum/0xbe85fbd182af91290be7293438ae67549638189f/887","OK",""
"888","0888","Light Cult Crypto Club #0888","RE-002698","0801-0900","D:\github\ron-english-nfts\light-cult-crypto-club\images\LCCC-0888.png","13688","images/0801-0900/LCCC-0888.png","LCCC-0888.png","D:\github\ron-english-light-cult-0001-1000\images\0801-0900\LCCC-0888.png","items/lccc-0888.html","https://ronenglish-archive.github.io/ron-english-light-cult-0001-1000/items/lccc-0888.html","https://opensea.io/item/ethereum/0xbe85fbd182af91290be7293438ae67549638189f/888","OK",""
"889","0889","Light Cult Crypto Club #0889","RE-002699","0801-0900","","","","","","items/lccc-0889.html","https://ronenglish-archive.github.io/ron-english-light-cult-0001-1000/items/lccc-0889.html","https://opensea.io/item/ethereum/0xbe85fbd182af91290be7293438ae67549638189f/889","MISSING SOURCE IMAGE","No source image found for token #0889"
"890","0890","Light Cult Crypto Club #0890","RE-002700","0801-0900","D:\github\ron-english-nfts\light-cult-crypto-club\images\LCCC-0890.png","37590","images/0801-0900/LCCC-0890.png","LCCC-0890.png","D:\github\ron-english-light-cult-0001-1000\images\0801-0900\LCCC-0890.png","items/lccc-0890.html","https://ronenglish-archive.github.io/ron-english-light-cult-0001-1000/items/lccc-0890.html","https://opensea.io/item/ethereum/0xbe85fbd182af91290be7293438ae67549638189f/890","OK",""
"891","0891","Light Cult Crypto Club #0891","RE-002701","0801-0900","D:\github\ron-english-nfts\light-cult-crypto-club\images\LCCC-0891.png","8543","images/0801-0900/LCCC-0891.png","LCCC-0891.png","D:\github\ron-english-light-cult-0001-1000\images\0801-0900\LCCC-0891.png","items/lccc-0891.html","https://ronenglish-archive.github.io/ron-english-light-cult-0001-1000/items/lccc-0891.html","https://opensea.io/item/ethereum/0xbe85fbd182af91290be7293438ae67549638189f/891","OK",""
"892","0892","Light Cult Crypto Club #0892","RE-002702","0801-0900","","","","","","items/lccc-0892.html","https://ronenglish-archive.github.io/ron-english-light-cult-0001-1000/items/lccc-0892.html","https://opensea.io/item/ethereum/0xbe85fbd182af91290be7293438ae67549638189f/892","MISSING SOURCE IMAGE","No source image found for token #0892"
"893","0893","Light Cult Crypto Club #0893","RE-002703","0801-0900","D:\github\ron-english-nfts\light-cult-crypto-club\images\LCCC-0893.png","6683","images/0801-0900/LCCC-0893.png","LCCC-0893.png","D:\github\ron-english-light-cult-0001-1000\images\0801-0900\LCCC-0893.png","items/lccc-0893.html","https://ronenglish-archive.github.io/ron-english-light-cult-0001-1000/items/lccc-0893.html","https://opensea.io/item/ethereum/0xbe85fbd182af91290be7293438ae67549638189f/893","OK",""
"894","0894","Light Cult Crypto Club #0894","RE-002704","0801-0900","D:\github\ron-english-nfts\light-cult-crypto-club\images\LCCC-0894.png","29977","images/0801-0900/LCCC-0894.png","LCCC-0894.png","D:\github\ron-english-light-cult-0001-1000\images\0801-0900\LCCC-0894.png","items/lccc-0894.html","https://ronenglish-archive.github.io/ron-english-light-cult-0001-1000/items/lccc-0894.html","https://opensea.io/item/ethereum/0xbe85fbd182af91290be7293438ae67549638189f/894","OK",""
"895","0895","Light Cult Crypto Club #0895","RE-002705","0801-0900","D:\github\ron-english-nfts\light-cult-crypto-club\images\LCCC-0895.png","20807","images/0801-0900/LCCC-0895.png","LCCC-0895.png","D:\github\ron-english-light-cult-0001-1000\images\0801-0900\LCCC-0895.png","items/lccc-0895.html","https://ronenglish-archive.github.io/ron-english-light-cult-0001-1000/items/lccc-0895.html","https://opensea.io/item/ethereum/0xbe85fbd182af91290be7293438ae67549638189f/895","OK",""
"896","0896","Light Cult Crypto Club #0896","RE-002706","0801-0900","D:\github\ron-english-nfts\light-cult-crypto-club\images\LCCC-0896.png","18274","images/0801-0900/LCCC-0896.png","LCCC-0896.png","D:\github\ron-english-light-cult-0001-1000\images\0801-0900\LCCC-0896.png","items/lccc-0896.html","https://ronenglish-archive.github.io/ron-english-light-cult-0001-1000/items/lccc-0896.html","https://opensea.io/item/ethereum/0xbe85fbd182af91290be7293438ae67549638189f/896","OK",""
"897","0897","Light Cult Crypto Club #0897","RE-002707","0801-0900","D:\github\ron-english-nfts\light-cult-crypto-club\images\LCCC-0897.png","51083","images/0801-0900/LCCC-0897.png","LCCC-0897.png","D:\github\ron-english-light-cult-0001-1000\images\0801-0900\LCCC-0897.png","items/lccc-0897.html","https://ronenglish-archive.github.io/ron-english-light-cult-0001-1000/items/lccc-0897.html","https://opensea.io/item/ethereum/0xbe85fbd182af91290be7293438ae67549638189f/897","OK",""
"898","0898","Light Cult Crypto Club #0898","RE-002708","0801-0900","D:\github\ron-english-nfts\light-cult-crypto-club\images\LCCC-0898.png","8441","images/0801-0900/LCCC-0898.png","LCCC-0898.png","D:\github\ron-english-light-cult-0001-1000\images\0801-0900\LCCC-0898.png","items/lccc-0898.html","https://ronenglish-archive.github.io/ron-english-light-cult-0001-1000/items/lccc-0898.html","https://opensea.io/item/ethereum/0xbe85fbd182af91290be7293438ae67549638189f/898","OK",""
"899","0899","Light Cult Crypto Club #0899","RE-002709","0801-0900","D:\github\ron-english-nfts\light-cult-crypto-club\images\LCCC-0899.png","40116","images/0801-0900/LCCC-0899.png","LCCC-0899.png","D:\github\ron-english-light-cult-0001-1000\images\0801-0900\LCCC-0899.png","items/lccc-0899.html","https://ronenglish-archive.github.io/ron-english-light-cult-0001-1000/items/lccc-0899.html","https://opensea.io/item/ethereum/0xbe85fbd182af91290be7293438ae67549638189f/899","OK",""
"900","0900","Light Cult Crypto Club #0900","RE-002710","0801-0900","D:\github\ron-english-nfts\light-cult-crypto-club\images\LCCC-0900.png","17943","images/0801-0900/LCCC-0900.png","LCCC-0900.png","D:\github\ron-english-light-cult-0001-1000\images\0801-0900\LCCC-0900.png","items/lccc-0900.html","https://ronenglish-archive.github.io/ron-english-light-cult-0001-1000/items/lccc-0900.html","https://opensea.io/item/ethereum/0xbe85fbd182af91290be7293438ae67549638189f/900","OK",""
"901","0901","Light Cult Crypto Club #0901","RE-002711","0901-1000","D:\github\ron-english-nfts\light-cult-crypto-club\images\LCCC-0901.png","23944","images/0901-1000/LCCC-0901.png","LCCC-0901.png","D:\github\ron-english-light-cult-0001-1000\images\0901-1000\LCCC-0901.png","items/lccc-0901.html","https://ronenglish-archive.github.io/ron-english-light-cult-0001-1000/items/lccc-0901.html","https://opensea.io/item/ethereum/0xbe85fbd182af91290be7293438ae67549638189f/901","OK",""
"902","0902","Light Cult Crypto Club #0902","RE-002712","0901-1000","D:\github\ron-english-nfts\light-cult-crypto-club\images\LCCC-0902.png","25991","images/0901-1000/LCCC-0902.png","LCCC-0902.png","D:\github\ron-english-light-cult-0001-1000\images\0901-1000\LCCC-0902.png","items/lccc-0902.html","https://ronenglish-archive.github.io/ron-english-light-cult-0001-1000/items/lccc-0902.html","https://opensea.io/item/ethereum/0xbe85fbd182af91290be7293438ae67549638189f/902","OK",""
"903","0903","Light Cult Crypto Club #0903","RE-002713","0901-1000","D:\github\ron-english-nfts\light-cult-crypto-club\images\LCCC-0903.png","6753","images/0901-1000/LCCC-0903.png","LCCC-0903.png","D:\github\ron-english-light-cult-0001-1000\images\0901-1000\LCCC-0903.png","items/lccc-0903.html","https://ronenglish-archive.github.io/ron-english-light-cult-0001-1000/items/lccc-0903.html","https://opensea.io/item/ethereum/0xbe85fbd182af91290be7293438ae67549638189f/903","OK",""
"904","0904","Light Cult Crypto Club #0904","RE-002714","0901-1000","D:\github\ron-english-nfts\light-cult-crypto-club\images\LCCC-0904.png","30672","images/0901-1000/LCCC-0904.png","LCCC-0904.png","D:\github\ron-english-light-cult-0001-1000\images\0901-1000\LCCC-0904.png","items/lccc-0904.html","https://ronenglish-archive.github.io/ron-english-light-cult-0001-1000/items/lccc-0904.html","https://opensea.io/item/ethereum/0xbe85fbd182af91290be7293438ae67549638189f/904","OK",""
"905","0905","Light Cult Crypto Club #0905","RE-002715","0901-1000","D:\github\ron-english-nfts\light-cult-crypto-club\images\LCCC-0905.png","31349","images/0901-1000/LCCC-0905.png","LCCC-0905.png","D:\github\ron-english-light-cult-0001-1000\images\0901-1000\LCCC-0905.png","items/lccc-0905.html","https://ronenglish-archive.github.io/ron-english-light-cult-0001-1000/items/lccc-0905.html","https://opensea.io/item/ethereum/0xbe85fbd182af91290be7293438ae67549638189f/905","OK",""
"906","0906","Light Cult Crypto Club #0906","RE-002716","0901-1000","D:\github\ron-english-nfts\light-cult-crypto-club\images\LCCC-0906.png","6036","images/0901-1000/LCCC-0906.png","LCCC-0906.png","D:\github\ron-english-light-cult-0001-1000\images\0901-1000\LCCC-0906.png","items/lccc-0906.html","https://ronenglish-archive.github.io/ron-english-light-cult-0001-1000/items/lccc-0906.html","https://opensea.io/item/ethereum/0xbe85fbd182af91290be7293438ae67549638189f/906","OK",""
"907","0907","Light Cult Crypto Club #0907","RE-002717","0901-1000","D:\github\ron-english-nfts\light-cult-crypto-club\images\LCCC-0907.png","15525","images/0901-1000/LCCC-0907.png","LCCC-0907.png","D:\github\ron-english-light-cult-0001-1000\images\0901-1000\LCCC-0907.png","items/lccc-0907.html","https://ronenglish-archive.github.io/ron-english-light-cult-0001-1000/items/lccc-0907.html","https://opensea.io/item/ethereum/0xbe85fbd182af91290be7293438ae67549638189f/907","OK",""
"908","0908","Light Cult Crypto Club #0908","RE-002718","0901-1000","D:\github\ron-english-nfts\light-cult-crypto-club\images\LCCC-0908.png","6687","images/0901-1000/LCCC-0908.png","LCCC-0908.png","D:\github\ron-english-light-cult-0001-1000\images\0901-1000\LCCC-0908.png","items/lccc-0908.html","https://ronenglish-archive.github.io/ron-english-light-cult-0001-1000/items/lccc-0908.html","https://opensea.io/item/ethereum/0xbe85fbd182af91290be7293438ae67549638189f/908","OK",""
"909","0909","Light Cult Crypto Club #0909","RE-002719","0901-1000","D:\github\ron-english-nfts\light-cult-crypto-club\images\LCCC-0909.png","34307","images/0901-1000/LCCC-0909.png","LCCC-0909.png","D:\github\ron-english-light-cult-0001-1000\images\0901-1000\LCCC-0909.png","items/lccc-0909.html","https://ronenglish-archive.github.io/ron-english-light-cult-0001-1000/items/lccc-0909.html","https://opensea.io/item/ethereum/0xbe85fbd182af91290be7293438ae67549638189f/909","OK",""
"910","0910","Light Cult Crypto Club #0910","RE-002720","0901-1000","D:\github\ron-english-nfts\light-cult-crypto-club\images\LCCC-0910.png","19868","images/0901-1000/LCCC-0910.png","LCCC-0910.png","D:\github\ron-english-light-cult-0001-1000\images\0901-1000\LCCC-0910.png","items/lccc-0910.html","https://ronenglish-archive.github.io/ron-english-light-cult-0001-1000/items/lccc-0910.html","https://opensea.io/item/ethereum/0xbe85fbd182af91290be7293438ae67549638189f/910","OK",""
"911","0911","Light Cult Crypto Club #0911","RE-002721","0901-1000","D:\github\ron-english-nfts\light-cult-crypto-club\images\LCCC-0911.png","23126","images/0901-1000/LCCC-0911.png","LCCC-0911.png","D:\github\ron-english-light-cult-0001-1000\images\0901-1000\LCCC-0911.png","items/lccc-0911.html","https://ronenglish-archive.github.io/ron-english-light-cult-0001-1000/items/lccc-0911.html","https://opensea.io/item/ethereum/0xbe85fbd182af91290be7293438ae67549638189f/911","OK",""
"912","0912","Light Cult Crypto Club #0912","RE-002722","0901-1000","D:\github\ron-english-nfts\light-cult-crypto-club\images\LCCC-0912.png","12449","images/0901-1000/LCCC-0912.png","LCCC-0912.png","D:\github\ron-english-light-cult-0001-1000\images\0901-1000\LCCC-0912.png","items/lccc-0912.html","https://ronenglish-archive.github.io/ron-english-light-cult-0001-1000/items/lccc-0912.html","https://opensea.io/item/ethereum/0xbe85fbd182af91290be7293438ae67549638189f/912","OK",""
"913","0913","Light Cult Crypto Club #0913","RE-002723","0901-1000","D:\github\ron-english-nfts\light-cult-crypto-club\images\LCCC-0913.png","12203","images/0901-1000/LCCC-0913.png","LCCC-0913.png","D:\github\ron-english-light-cult-0001-1000\images\0901-1000\LCCC-0913.png","items/lccc-0913.html","https://ronenglish-archive.github.io/ron-english-light-cult-0001-1000/items/lccc-0913.html","https://opensea.io/item/ethereum/0xbe85fbd182af91290be7293438ae67549638189f/913","OK",""
"914","0914","Light Cult Crypto Club #0914","RE-002724","0901-1000","D:\github\ron-english-nfts\light-cult-crypto-club\images\LCCC-0914.png","37034","images/0901-1000/LCCC-0914.png","LCCC-0914.png","D:\github\ron-english-light-cult-0001-1000\images\0901-1000\LCCC-0914.png","items/lccc-0914.html","https://ronenglish-archive.github.io/ron-english-light-cult-0001-1000/items/lccc-0914.html","https://opensea.io/item/ethereum/0xbe85fbd182af91290be7293438ae67549638189f/914","OK",""
"915","0915","Light Cult Crypto Club #0915","RE-002725","0901-1000","D:\github\ron-english-nfts\light-cult-crypto-club\images\LCCC-0915.png","6964","images/0901-1000/LCCC-0915.png","LCCC-0915.png","D:\github\ron-english-light-cult-0001-1000\images\0901-1000\LCCC-0915.png","items/lccc-0915.html","https://ronenglish-archive.github.io/ron-english-light-cult-0001-1000/items/lccc-0915.html","https://opensea.io/item/ethereum/0xbe85fbd182af91290be7293438ae67549638189f/915","OK",""
"916","0916","Light Cult Crypto Club #0916","RE-002726","0901-1000","D:\github\ron-english-nfts\light-cult-crypto-club\images\LCCC-0916.png","24800","images/0901-1000/LCCC-0916.png","LCCC-0916.png","D:\github\ron-english-light-cult-0001-1000\images\0901-1000\LCCC-0916.png","items/lccc-0916.html","https://ronenglish-archive.github.io/ron-english-light-cult-0001-1000/items/lccc-0916.html","https://opensea.io/item/ethereum/0xbe85fbd182af91290be7293438ae67549638189f/916","OK",""
"917","0917","Light Cult Crypto Club #0917","RE-002727","0901-1000","D:\github\ron-english-nfts\light-cult-crypto-club\images\LCCC-0917.png","9917","images/0901-1000/LCCC-0917.png","LCCC-0917.png","D:\github\ron-english-light-cult-0001-1000\images\0901-1000\LCCC-0917.png","items/lccc-0917.html","https://ronenglish-archive.github.io/ron-english-light-cult-0001-1000/items/lccc-0917.html","https://opensea.io/item/ethereum/0xbe85fbd182af91290be7293438ae67549638189f/917","OK",""
"918","0918","Light Cult Crypto Club #0918","RE-002728","0901-1000","D:\github\ron-english-nfts\light-cult-crypto-club\images\LCCC-0918.png","23704","images/0901-1000/LCCC-0918.png","LCCC-0918.png","D:\github\ron-english-light-cult-0001-1000\images\0901-1000\LCCC-0918.png","items/lccc-0918.html","https://ronenglish-archive.github.io/ron-english-light-cult-0001-1000/items/lccc-0918.html","https://opensea.io/item/ethereum/0xbe85fbd182af91290be7293438ae67549638189f/918","OK",""
"919","0919","Light Cult Crypto Club #0919","RE-002729","0901-1000","D:\github\ron-english-nfts\light-cult-crypto-club\images\LCCC-0919.png","26604","images/0901-1000/LCCC-0919.png","LCCC-0919.png","D:\github\ron-english-light-cult-0001-1000\images\0901-1000\LCCC-0919.png","items/lccc-0919.html","https://ronenglish-archive.github.io/ron-english-light-cult-0001-1000/items/lccc-0919.html","https://opensea.io/item/ethereum/0xbe85fbd182af91290be7293438ae67549638189f/919","OK",""
"920","0920","Light Cult Crypto Club #0920","RE-002730","0901-1000","D:\github\ron-english-nfts\light-cult-crypto-club\images\LCCC-0920.png","9029","images/0901-1000/LCCC-0920.png","LCCC-0920.png","D:\github\ron-english-light-cult-0001-1000\images\0901-1000\LCCC-0920.png","items/lccc-0920.html","https://ronenglish-archive.github.io/ron-english-light-cult-0001-1000/items/lccc-0920.html","https://opensea.io/item/ethereum/0xbe85fbd182af91290be7293438ae67549638189f/920","OK",""
"921","0921","Light Cult Crypto Club #0921","RE-002731","0901-1000","D:\github\ron-english-nfts\light-cult-crypto-club\images\LCCC-0921.png","6912","images/0901-1000/LCCC-0921.png","LCCC-0921.png","D:\github\ron-english-light-cult-0001-1000\images\0901-1000\LCCC-0921.png","items/lccc-0921.html","https://ronenglish-archive.github.io/ron-english-light-cult-0001-1000/items/lccc-0921.html","https://opensea.io/item/ethereum/0xbe85fbd182af91290be7293438ae67549638189f/921","OK",""
"922","0922","Light Cult Crypto Club #0922","RE-002732","0901-1000","D:\github\ron-english-nfts\light-cult-crypto-club\images\LCCC-0922.png","40165","images/0901-1000/LCCC-0922.png","LCCC-0922.png","D:\github\ron-english-light-cult-0001-1000\images\0901-1000\LCCC-0922.png","items/lccc-0922.html","https://ronenglish-archive.github.io/ron-english-light-cult-0001-1000/items/lccc-0922.html","https://opensea.io/item/ethereum/0xbe85fbd182af91290be7293438ae67549638189f/922","OK",""
"923","0923","Light Cult Crypto Club #0923","RE-002733","0901-1000","","","","","","items/lccc-0923.html","https://ronenglish-archive.github.io/ron-english-light-cult-0001-1000/items/lccc-0923.html","https://opensea.io/item/ethereum/0xbe85fbd182af91290be7293438ae67549638189f/923","MISSING SOURCE IMAGE","No source image found for token #0923"
"924","0924","Light Cult Crypto Club #0924","RE-002734","0901-1000","D:\github\ron-english-nfts\light-cult-crypto-club\images\LCCC-0924.png","46942","images/0901-1000/LCCC-0924.png","LCCC-0924.png","D:\github\ron-english-light-cult-0001-1000\images\0901-1000\LCCC-0924.png","items/lccc-0924.html","https://ronenglish-archive.github.io/ron-english-light-cult-0001-1000/items/lccc-0924.html","https://opensea.io/item/ethereum/0xbe85fbd182af91290be7293438ae67549638189f/924","OK",""
"925","0925","Light Cult Crypto Club #0925","RE-002735","0901-1000","D:\github\ron-english-nfts\light-cult-crypto-club\images\LCCC-0925.png","21399","images/0901-1000/LCCC-0925.png","LCCC-0925.png","D:\github\ron-english-light-cult-0001-1000\images\0901-1000\LCCC-0925.png","items/lccc-0925.html","https://ronenglish-archive.github.io/ron-english-light-cult-0001-1000/items/lccc-0925.html","https://opensea.io/item/ethereum/0xbe85fbd182af91290be7293438ae67549638189f/925","OK",""
"926","0926","Light Cult Crypto Club #0926","RE-002736","0901-1000","D:\github\ron-english-nfts\light-cult-crypto-club\images\LCCC-0926.png","28073","images/0901-1000/LCCC-0926.png","LCCC-0926.png","D:\github\ron-english-light-cult-0001-1000\images\0901-1000\LCCC-0926.png","items/lccc-0926.html","https://ronenglish-archive.github.io/ron-english-light-cult-0001-1000/items/lccc-0926.html","https://opensea.io/item/ethereum/0xbe85fbd182af91290be7293438ae67549638189f/926","OK",""
"927","0927","Light Cult Crypto Club #0927","RE-002737","0901-1000","D:\github\ron-english-nfts\light-cult-crypto-club\images\LCCC-0927.png","10384","images/0901-1000/LCCC-0927.png","LCCC-0927.png","D:\github\ron-english-light-cult-0001-1000\images\0901-1000\LCCC-0927.png","items/lccc-0927.html","https://ronenglish-archive.github.io/ron-english-light-cult-0001-1000/items/lccc-0927.html","https://opensea.io/item/ethereum/0xbe85fbd182af91290be7293438ae67549638189f/927","OK",""
"928","0928","Light Cult Crypto Club #0928","RE-002738","0901-1000","D:\github\ron-english-nfts\light-cult-crypto-club\images\LCCC-0928.png","37917","images/0901-1000/LCCC-0928.png","LCCC-0928.png","D:\github\ron-english-light-cult-0001-1000\images\0901-1000\LCCC-0928.png","items/lccc-0928.html","https://ronenglish-archive.github.io/ron-english-light-cult-0001-1000/items/lccc-0928.html","https://opensea.io/item/ethereum/0xbe85fbd182af91290be7293438ae67549638189f/928","OK",""
"929","0929","Light Cult Crypto Club #0929","RE-002739","0901-1000","D:\github\ron-english-nfts\light-cult-crypto-club\images\LCCC-0929.png","39340","images/0901-1000/LCCC-0929.png","LCCC-0929.png","D:\github\ron-english-light-cult-0001-1000\images\0901-1000\LCCC-0929.png","items/lccc-0929.html","https://ronenglish-archive.github.io/ron-english-light-cult-0001-1000/items/lccc-0929.html","https://opensea.io/item/ethereum/0xbe85fbd182af91290be7293438ae67549638189f/929","OK",""
"930","0930","Light Cult Crypto Club #0930","RE-002740","0901-1000","D:\github\ron-english-nfts\light-cult-crypto-club\images\LCCC-0930.png","7349","images/0901-1000/LCCC-0930.png","LCCC-0930.png","D:\github\ron-english-light-cult-0001-1000\images\0901-1000\LCCC-0930.png","items/lccc-0930.html","https://ronenglish-archive.github.io/ron-english-light-cult-0001-1000/items/lccc-0930.html","https://opensea.io/item/ethereum/0xbe85fbd182af91290be7293438ae67549638189f/930","OK",""
"931","0931","Light Cult Crypto Club #0931","RE-002741","0901-1000","D:\github\ron-english-nfts\light-cult-crypto-club\images\LCCC-0931.png","18211","images/0901-1000/LCCC-0931.png","LCCC-0931.png","D:\github\ron-english-light-cult-0001-1000\images\0901-1000\LCCC-0931.png","items/lccc-0931.html","https://ronenglish-archive.github.io/ron-english-light-cult-0001-1000/items/lccc-0931.html","https://opensea.io/item/ethereum/0xbe85fbd182af91290be7293438ae67549638189f/931","OK",""
"932","0932","Light Cult Crypto Club #0932","RE-002742","0901-1000","D:\github\ron-english-nfts\light-cult-crypto-club\images\LCCC-0932.png","27144","images/0901-1000/LCCC-0932.png","LCCC-0932.png","D:\github\ron-english-light-cult-0001-1000\images\0901-1000\LCCC-0932.png","items/lccc-0932.html","https://ronenglish-archive.github.io/ron-english-light-cult-0001-1000/items/lccc-0932.html","https://opensea.io/item/ethereum/0xbe85fbd182af91290be7293438ae67549638189f/932","OK",""
"933","0933","Light Cult Crypto Club #0933","RE-002743","0901-1000","D:\github\ron-english-nfts\light-cult-crypto-club\images\LCCC-0933.png","34009","images/0901-1000/LCCC-0933.png","LCCC-0933.png","D:\github\ron-english-light-cult-0001-1000\images\0901-1000\LCCC-0933.png","items/lccc-0933.html","https://ronenglish-archive.github.io/ron-english-light-cult-0001-1000/items/lccc-0933.html","https://opensea.io/item/ethereum/0xbe85fbd182af91290be7293438ae67549638189f/933","OK",""
"934","0934","Light Cult Crypto Club #0934","RE-002744","0901-1000","D:\github\ron-english-nfts\light-cult-crypto-club\images\LCCC-0934.png","33776","images/0901-1000/LCCC-0934.png","LCCC-0934.png","D:\github\ron-english-light-cult-0001-1000\images\0901-1000\LCCC-0934.png","items/lccc-0934.html","https://ronenglish-archive.github.io/ron-english-light-cult-0001-1000/items/lccc-0934.html","https://opensea.io/item/ethereum/0xbe85fbd182af91290be7293438ae67549638189f/934","OK",""
"935","0935","Light Cult Crypto Club #0935","RE-002745","0901-1000","D:\github\ron-english-nfts\light-cult-crypto-club\images\LCCC-0935.png","6472","images/0901-1000/LCCC-0935.png","LCCC-0935.png","D:\github\ron-english-light-cult-0001-1000\images\0901-1000\LCCC-0935.png","items/lccc-0935.html","https://ronenglish-archive.github.io/ron-english-light-cult-0001-1000/items/lccc-0935.html","https://opensea.io/item/ethereum/0xbe85fbd182af91290be7293438ae67549638189f/935","OK",""
"936","0936","Light Cult Crypto Club #0936","RE-002746","0901-1000","D:\github\ron-english-nfts\light-cult-crypto-club\images\LCCC-0936.png","31834","images/0901-1000/LCCC-0936.png","LCCC-0936.png","D:\github\ron-english-light-cult-0001-1000\images\0901-1000\LCCC-0936.png","items/lccc-0936.html","https://ronenglish-archive.github.io/ron-english-light-cult-0001-1000/items/lccc-0936.html","https://opensea.io/item/ethereum/0xbe85fbd182af91290be7293438ae67549638189f/936","OK",""
"937","0937","Light Cult Crypto Club #0937","RE-002747","0901-1000","D:\github\ron-english-nfts\light-cult-crypto-club\images\LCCC-0937.png","29910","images/0901-1000/LCCC-0937.png","LCCC-0937.png","D:\github\ron-english-light-cult-0001-1000\images\0901-1000\LCCC-0937.png","items/lccc-0937.html","https://ronenglish-archive.github.io/ron-english-light-cult-0001-1000/items/lccc-0937.html","https://opensea.io/item/ethereum/0xbe85fbd182af91290be7293438ae67549638189f/937","OK",""
"938","0938","Light Cult Crypto Club #0938","RE-002748","0901-1000","D:\github\ron-english-nfts\light-cult-crypto-club\images\LCCC-0938.png","14123","images/0901-1000/LCCC-0938.png","LCCC-0938.png","D:\github\ron-english-light-cult-0001-1000\images\0901-1000\LCCC-0938.png","items/lccc-0938.html","https://ronenglish-archive.github.io/ron-english-light-cult-0001-1000/items/lccc-0938.html","https://opensea.io/item/ethereum/0xbe85fbd182af91290be7293438ae67549638189f/938","OK",""
"939","0939","Light Cult Crypto Club #0939","RE-002749","0901-1000","D:\github\ron-english-nfts\light-cult-crypto-club\images\LCCC-0939.png","11974","images/0901-1000/LCCC-0939.png","LCCC-0939.png","D:\github\ron-english-light-cult-0001-1000\images\0901-1000\LCCC-0939.png","items/lccc-0939.html","https://ronenglish-archive.github.io/ron-english-light-cult-0001-1000/items/lccc-0939.html","https://opensea.io/item/ethereum/0xbe85fbd182af91290be7293438ae67549638189f/939","OK",""
"940","0940","Light Cult Crypto Club #0940","RE-002750","0901-1000","D:\github\ron-english-nfts\light-cult-crypto-club\images\LCCC-0940.png","20305","images/0901-1000/LCCC-0940.png","LCCC-0940.png","D:\github\ron-english-light-cult-0001-1000\images\0901-1000\LCCC-0940.png","items/lccc-0940.html","https://ronenglish-archive.github.io/ron-english-light-cult-0001-1000/items/lccc-0940.html","https://opensea.io/item/ethereum/0xbe85fbd182af91290be7293438ae67549638189f/940","OK",""
"941","0941","Light Cult Crypto Club #0941","RE-002751","0901-1000","D:\github\ron-english-nfts\light-cult-crypto-club\images\LCCC-0941.png","27609","images/0901-1000/LCCC-0941.png","LCCC-0941.png","D:\github\ron-english-light-cult-0001-1000\images\0901-1000\LCCC-0941.png","items/lccc-0941.html","https://ronenglish-archive.github.io/ron-english-light-cult-0001-1000/items/lccc-0941.html","https://opensea.io/item/ethereum/0xbe85fbd182af91290be7293438ae67549638189f/941","OK",""
"942","0942","Light Cult Crypto Club #0942","RE-002752","0901-1000","D:\github\ron-english-nfts\light-cult-crypto-club\images\LCCC-0942.png","25835","images/0901-1000/LCCC-0942.png","LCCC-0942.png","D:\github\ron-english-light-cult-0001-1000\images\0901-1000\LCCC-0942.png","items/lccc-0942.html","https://ronenglish-archive.github.io/ron-english-light-cult-0001-1000/items/lccc-0942.html","https://opensea.io/item/ethereum/0xbe85fbd182af91290be7293438ae67549638189f/942","OK",""
"943","0943","Light Cult Crypto Club #0943","RE-002753","0901-1000","D:\github\ron-english-nfts\light-cult-crypto-club\images\LCCC-0943.png","27160","images/0901-1000/LCCC-0943.png","LCCC-0943.png","D:\github\ron-english-light-cult-0001-1000\images\0901-1000\LCCC-0943.png","items/lccc-0943.html","https://ronenglish-archive.github.io/ron-english-light-cult-0001-1000/items/lccc-0943.html","https://opensea.io/item/ethereum/0xbe85fbd182af91290be7293438ae67549638189f/943","OK",""
"944","0944","Light Cult Crypto Club #0944","RE-002754","0901-1000","D:\github\ron-english-nfts\light-cult-crypto-club\images\LCCC-0944.png","20521","images/0901-1000/LCCC-0944.png","LCCC-0944.png","D:\github\ron-english-light-cult-0001-1000\images\0901-1000\LCCC-0944.png","items/lccc-0944.html","https://ronenglish-archive.github.io/ron-english-light-cult-0001-1000/items/lccc-0944.html","https://opensea.io/item/ethereum/0xbe85fbd182af91290be7293438ae67549638189f/944","OK",""
"945","0945","Light Cult Crypto Club #0945","RE-002755","0901-1000","D:\github\ron-english-nfts\light-cult-crypto-club\images\LCCC-0945.png","10263","images/0901-1000/LCCC-0945.png","LCCC-0945.png","D:\github\ron-english-light-cult-0001-1000\images\0901-1000\LCCC-0945.png","items/lccc-0945.html","https://ronenglish-archive.github.io/ron-english-light-cult-0001-1000/items/lccc-0945.html","https://opensea.io/item/ethereum/0xbe85fbd182af91290be7293438ae67549638189f/945","OK",""
"946","0946","Light Cult Crypto Club #0946","RE-002756","0901-1000","","","","","","items/lccc-0946.html","https://ronenglish-archive.github.io/ron-english-light-cult-0001-1000/items/lccc-0946.html","https://opensea.io/item/ethereum/0xbe85fbd182af91290be7293438ae67549638189f/946","MISSING SOURCE IMAGE","No source image found for token #0946"
"947","0947","Light Cult Crypto Club #0947","RE-002757","0901-1000","D:\github\ron-english-nfts\light-cult-crypto-club\images\LCCC-0947.png","31263","images/0901-1000/LCCC-0947.png","LCCC-0947.png","D:\github\ron-english-light-cult-0001-1000\images\0901-1000\LCCC-0947.png","items/lccc-0947.html","https://ronenglish-archive.github.io/ron-english-light-cult-0001-1000/items/lccc-0947.html","https://opensea.io/item/ethereum/0xbe85fbd182af91290be7293438ae67549638189f/947","OK",""
"948","0948","Light Cult Crypto Club #0948","RE-002758","0901-1000","D:\github\ron-english-nfts\light-cult-crypto-club\images\LCCC-0948.png","9702","images/0901-1000/LCCC-0948.png","LCCC-0948.png","D:\github\ron-english-light-cult-0001-1000\images\0901-1000\LCCC-0948.png","items/lccc-0948.html","https://ronenglish-archive.github.io/ron-english-light-cult-0001-1000/items/lccc-0948.html","https://opensea.io/item/ethereum/0xbe85fbd182af91290be7293438ae67549638189f/948","OK",""
"949","0949","Light Cult Crypto Club #0949","RE-002759","0901-1000","D:\github\ron-english-nfts\light-cult-crypto-club\images\LCCC-0949.png","9136","images/0901-1000/LCCC-0949.png","LCCC-0949.png","D:\github\ron-english-light-cult-0001-1000\images\0901-1000\LCCC-0949.png","items/lccc-0949.html","https://ronenglish-archive.github.io/ron-english-light-cult-0001-1000/items/lccc-0949.html","https://opensea.io/item/ethereum/0xbe85fbd182af91290be7293438ae67549638189f/949","OK",""
"950","0950","Light Cult Crypto Club #0950","RE-002760","0901-1000","D:\github\ron-english-nfts\light-cult-crypto-club\images\LCCC-0950.png","5494","images/0901-1000/LCCC-0950.png","LCCC-0950.png","D:\github\ron-english-light-cult-0001-1000\images\0901-1000\LCCC-0950.png","items/lccc-0950.html","https://ronenglish-archive.github.io/ron-english-light-cult-0001-1000/items/lccc-0950.html","https://opensea.io/item/ethereum/0xbe85fbd182af91290be7293438ae67549638189f/950","OK",""
"951","0951","Light Cult Crypto Club #0951","RE-002761","0901-1000","D:\github\ron-english-nfts\light-cult-crypto-club\images\LCCC-0951.png","26535","images/0901-1000/LCCC-0951.png","LCCC-0951.png","D:\github\ron-english-light-cult-0001-1000\images\0901-1000\LCCC-0951.png","items/lccc-0951.html","https://ronenglish-archive.github.io/ron-english-light-cult-0001-1000/items/lccc-0951.html","https://opensea.io/item/ethereum/0xbe85fbd182af91290be7293438ae67549638189f/951","OK",""
"952","0952","Light Cult Crypto Club #0952","RE-002762","0901-1000","D:\github\ron-english-nfts\light-cult-crypto-club\images\LCCC-0952.png","26360","images/0901-1000/LCCC-0952.png","LCCC-0952.png","D:\github\ron-english-light-cult-0001-1000\images\0901-1000\LCCC-0952.png","items/lccc-0952.html","https://ronenglish-archive.github.io/ron-english-light-cult-0001-1000/items/lccc-0952.html","https://opensea.io/item/ethereum/0xbe85fbd182af91290be7293438ae67549638189f/952","OK",""
"953","0953","Light Cult Crypto Club #0953","RE-002763","0901-1000","D:\github\ron-english-nfts\light-cult-crypto-club\images\LCCC-0953.png","23155","images/0901-1000/LCCC-0953.png","LCCC-0953.png","D:\github\ron-english-light-cult-0001-1000\images\0901-1000\LCCC-0953.png","items/lccc-0953.html","https://ronenglish-archive.github.io/ron-english-light-cult-0001-1000/items/lccc-0953.html","https://opensea.io/item/ethereum/0xbe85fbd182af91290be7293438ae67549638189f/953","OK",""
"954","0954","Light Cult Crypto Club #0954","RE-002764","0901-1000","","","","","","items/lccc-0954.html","https://ronenglish-archive.github.io/ron-english-light-cult-0001-1000/items/lccc-0954.html","https://opensea.io/item/ethereum/0xbe85fbd182af91290be7293438ae67549638189f/954","MISSING SOURCE IMAGE","No source image found for token #0954"
"955","0955","Light Cult Crypto Club #0955","RE-002765","0901-1000","","","","","","items/lccc-0955.html","https://ronenglish-archive.github.io/ron-english-light-cult-0001-1000/items/lccc-0955.html","https://opensea.io/item/ethereum/0xbe85fbd182af91290be7293438ae67549638189f/955","MISSING SOURCE IMAGE","No source image found for token #0955"
"956","0956","Light Cult Crypto Club #0956","RE-002766","0901-1000","D:\github\ron-english-nfts\light-cult-crypto-club\images\LCCC-0956.png","28606","images/0901-1000/LCCC-0956.png","LCCC-0956.png","D:\github\ron-english-light-cult-0001-1000\images\0901-1000\LCCC-0956.png","items/lccc-0956.html","https://ronenglish-archive.github.io/ron-english-light-cult-0001-1000/items/lccc-0956.html","https://opensea.io/item/ethereum/0xbe85fbd182af91290be7293438ae67549638189f/956","OK",""
"957","0957","Light Cult Crypto Club #0957","RE-002767","0901-1000","D:\github\ron-english-nfts\light-cult-crypto-club\images\LCCC-0957.png","28782","images/0901-1000/LCCC-0957.png","LCCC-0957.png","D:\github\ron-english-light-cult-0001-1000\images\0901-1000\LCCC-0957.png","items/lccc-0957.html","https://ronenglish-archive.github.io/ron-english-light-cult-0001-1000/items/lccc-0957.html","https://opensea.io/item/ethereum/0xbe85fbd182af91290be7293438ae67549638189f/957","OK",""
"958","0958","Light Cult Crypto Club #0958","RE-002768","0901-1000","","","","","","items/lccc-0958.html","https://ronenglish-archive.github.io/ron-english-light-cult-0001-1000/items/lccc-0958.html","https://opensea.io/item/ethereum/0xbe85fbd182af91290be7293438ae67549638189f/958","MISSING SOURCE IMAGE","No source image found for token #0958"
"959","0959","Light Cult Crypto Club #0959","RE-002769","0901-1000","D:\github\ron-english-nfts\light-cult-crypto-club\images\LCCC-0959.png","28397","images/0901-1000/LCCC-0959.png","LCCC-0959.png","D:\github\ron-english-light-cult-0001-1000\images\0901-1000\LCCC-0959.png","items/lccc-0959.html","https://ronenglish-archive.github.io/ron-english-light-cult-0001-1000/items/lccc-0959.html","https://opensea.io/item/ethereum/0xbe85fbd182af91290be7293438ae67549638189f/959","OK",""
"960","0960","Light Cult Crypto Club #0960","RE-002770","0901-1000","D:\github\ron-english-nfts\light-cult-crypto-club\images\LCCC-0960.png","32007","images/0901-1000/LCCC-0960.png","LCCC-0960.png","D:\github\ron-english-light-cult-0001-1000\images\0901-1000\LCCC-0960.png","items/lccc-0960.html","https://ronenglish-archive.github.io/ron-english-light-cult-0001-1000/items/lccc-0960.html","https://opensea.io/item/ethereum/0xbe85fbd182af91290be7293438ae67549638189f/960","OK",""
"961","0961","Light Cult Crypto Club #0961","RE-002771","0901-1000","D:\github\ron-english-nfts\light-cult-crypto-club\images\LCCC-0961.png","11306","images/0901-1000/LCCC-0961.png","LCCC-0961.png","D:\github\ron-english-light-cult-0001-1000\images\0901-1000\LCCC-0961.png","items/lccc-0961.html","https://ronenglish-archive.github.io/ron-english-light-cult-0001-1000/items/lccc-0961.html","https://opensea.io/item/ethereum/0xbe85fbd182af91290be7293438ae67549638189f/961","OK",""
"962","0962","Light Cult Crypto Club #0962","RE-002772","0901-1000","","","","","","items/lccc-0962.html","https://ronenglish-archive.github.io/ron-english-light-cult-0001-1000/items/lccc-0962.html","https://opensea.io/item/ethereum/0xbe85fbd182af91290be7293438ae67549638189f/962","MISSING SOURCE IMAGE","No source image found for token #0962"
"963","0963","Light Cult Crypto Club #0963","RE-002773","0901-1000","D:\github\ron-english-nfts\light-cult-crypto-club\images\LCCC-0963.png","65329","images/0901-1000/LCCC-0963.png","LCCC-0963.png","D:\github\ron-english-light-cult-0001-1000\images\0901-1000\LCCC-0963.png","items/lccc-0963.html","https://ronenglish-archive.github.io/ron-english-light-cult-0001-1000/items/lccc-0963.html","https://opensea.io/item/ethereum/0xbe85fbd182af91290be7293438ae67549638189f/963","OK",""
"964","0964","Light Cult Crypto Club #0964","RE-002774","0901-1000","D:\github\ron-english-nfts\light-cult-crypto-club\images\LCCC-0964.png","7900","images/0901-1000/LCCC-0964.png","LCCC-0964.png","D:\github\ron-english-light-cult-0001-1000\images\0901-1000\LCCC-0964.png","items/lccc-0964.html","https://ronenglish-archive.github.io/ron-english-light-cult-0001-1000/items/lccc-0964.html","https://opensea.io/item/ethereum/0xbe85fbd182af91290be7293438ae67549638189f/964","OK",""
"965","0965","Light Cult Crypto Club #0965","RE-002775","0901-1000","D:\github\ron-english-nfts\light-cult-crypto-club\images\LCCC-0965.png","24847","images/0901-1000/LCCC-0965.png","LCCC-0965.png","D:\github\ron-english-light-cult-0001-1000\images\0901-1000\LCCC-0965.png","items/lccc-0965.html","https://ronenglish-archive.github.io/ron-english-light-cult-0001-1000/items/lccc-0965.html","https://opensea.io/item/ethereum/0xbe85fbd182af91290be7293438ae67549638189f/965","OK",""
"966","0966","Light Cult Crypto Club #0966","RE-002776","0901-1000","D:\github\ron-english-nfts\light-cult-crypto-club\images\LCCC-0966.png","32812","images/0901-1000/LCCC-0966.png","LCCC-0966.png","D:\github\ron-english-light-cult-0001-1000\images\0901-1000\LCCC-0966.png","items/lccc-0966.html","https://ronenglish-archive.github.io/ron-english-light-cult-0001-1000/items/lccc-0966.html","https://opensea.io/item/ethereum/0xbe85fbd182af91290be7293438ae67549638189f/966","OK",""
"967","0967","Light Cult Crypto Club #0967","RE-002777","0901-1000","D:\github\ron-english-nfts\light-cult-crypto-club\images\LCCC-0967.png","9090","images/0901-1000/LCCC-0967.png","LCCC-0967.png","D:\github\ron-english-light-cult-0001-1000\images\0901-1000\LCCC-0967.png","items/lccc-0967.html","https://ronenglish-archive.github.io/ron-english-light-cult-0001-1000/items/lccc-0967.html","https://opensea.io/item/ethereum/0xbe85fbd182af91290be7293438ae67549638189f/967","OK",""
"968","0968","Light Cult Crypto Club #0968","RE-002778","0901-1000","D:\github\ron-english-nfts\light-cult-crypto-club\images\LCCC-0968.png","14969","images/0901-1000/LCCC-0968.png","LCCC-0968.png","D:\github\ron-english-light-cult-0001-1000\images\0901-1000\LCCC-0968.png","items/lccc-0968.html","https://ronenglish-archive.github.io/ron-english-light-cult-0001-1000/items/lccc-0968.html","https://opensea.io/item/ethereum/0xbe85fbd182af91290be7293438ae67549638189f/968","OK",""
"969","0969","Light Cult Crypto Club #0969","RE-002779","0901-1000","","","","","","items/lccc-0969.html","https://ronenglish-archive.github.io/ron-english-light-cult-0001-1000/items/lccc-0969.html","https://opensea.io/item/ethereum/0xbe85fbd182af91290be7293438ae67549638189f/969","MISSING SOURCE IMAGE","No source image found for token #0969"
"970","0970","Light Cult Crypto Club #0970","RE-002780","0901-1000","D:\github\ron-english-nfts\light-cult-crypto-club\images\LCCC-0970.png","29295","images/0901-1000/LCCC-0970.png","LCCC-0970.png","D:\github\ron-english-light-cult-0001-1000\images\0901-1000\LCCC-0970.png","items/lccc-0970.html","https://ronenglish-archive.github.io/ron-english-light-cult-0001-1000/items/lccc-0970.html","https://opensea.io/item/ethereum/0xbe85fbd182af91290be7293438ae67549638189f/970","OK",""
"971","0971","Light Cult Crypto Club #0971","RE-002781","0901-1000","","","","","","items/lccc-0971.html","https://ronenglish-archive.github.io/ron-english-light-cult-0001-1000/items/lccc-0971.html","https://opensea.io/item/ethereum/0xbe85fbd182af91290be7293438ae67549638189f/971","MISSING SOURCE IMAGE","No source image found for token #0971"
"972","0972","Light Cult Crypto Club #0972","RE-002782","0901-1000","D:\github\ron-english-nfts\light-cult-crypto-club\images\LCCC-0972.png","41020","images/0901-1000/LCCC-0972.png","LCCC-0972.png","D:\github\ron-english-light-cult-0001-1000\images\0901-1000\LCCC-0972.png","items/lccc-0972.html","https://ronenglish-archive.github.io/ron-english-light-cult-0001-1000/items/lccc-0972.html","https://opensea.io/item/ethereum/0xbe85fbd182af91290be7293438ae67549638189f/972","OK",""
"973","0973","Light Cult Crypto Club #0973","RE-002783","0901-1000","D:\github\ron-english-nfts\light-cult-crypto-club\images\LCCC-0973.png","14002","images/0901-1000/LCCC-0973.png","LCCC-0973.png","D:\github\ron-english-light-cult-0001-1000\images\0901-1000\LCCC-0973.png","items/lccc-0973.html","https://ronenglish-archive.github.io/ron-english-light-cult-0001-1000/items/lccc-0973.html","https://opensea.io/item/ethereum/0xbe85fbd182af91290be7293438ae67549638189f/973","OK",""
"974","0974","Light Cult Crypto Club #0974","RE-002784","0901-1000","D:\github\ron-english-nfts\light-cult-crypto-club\images\LCCC-0974.png","16381","images/0901-1000/LCCC-0974.png","LCCC-0974.png","D:\github\ron-english-light-cult-0001-1000\images\0901-1000\LCCC-0974.png","items/lccc-0974.html","https://ronenglish-archive.github.io/ron-english-light-cult-0001-1000/items/lccc-0974.html","https://opensea.io/item/ethereum/0xbe85fbd182af91290be7293438ae67549638189f/974","OK",""
"975","0975","Light Cult Crypto Club #0975","RE-002785","0901-1000","","","","","","items/lccc-0975.html","https://ronenglish-archive.github.io/ron-english-light-cult-0001-1000/items/lccc-0975.html","https://opensea.io/item/ethereum/0xbe85fbd182af91290be7293438ae67549638189f/975","MISSING SOURCE IMAGE","No source image found for token #0975"
"976","0976","Light Cult Crypto Club #0976","RE-002786","0901-1000","D:\github\ron-english-nfts\light-cult-crypto-club\images\LCCC-0976.png","11262","images/0901-1000/LCCC-0976.png","LCCC-0976.png","D:\github\ron-english-light-cult-0001-1000\images\0901-1000\LCCC-0976.png","items/lccc-0976.html","https://ronenglish-archive.github.io/ron-english-light-cult-0001-1000/items/lccc-0976.html","https://opensea.io/item/ethereum/0xbe85fbd182af91290be7293438ae67549638189f/976","OK",""
"977","0977","Light Cult Crypto Club #0977","RE-002787","0901-1000","D:\github\ron-english-nfts\light-cult-crypto-club\images\LCCC-0977.png","15755","images/0901-1000/LCCC-0977.png","LCCC-0977.png","D:\github\ron-english-light-cult-0001-1000\images\0901-1000\LCCC-0977.png","items/lccc-0977.html","https://ronenglish-archive.github.io/ron-english-light-cult-0001-1000/items/lccc-0977.html","https://opensea.io/item/ethereum/0xbe85fbd182af91290be7293438ae67549638189f/977","OK",""
"978","0978","Light Cult Crypto Club #0978","RE-002788","0901-1000","D:\github\ron-english-nfts\light-cult-crypto-club\images\LCCC-0978.png","37333","images/0901-1000/LCCC-0978.png","LCCC-0978.png","D:\github\ron-english-light-cult-0001-1000\images\0901-1000\LCCC-0978.png","items/lccc-0978.html","https://ronenglish-archive.github.io/ron-english-light-cult-0001-1000/items/lccc-0978.html","https://opensea.io/item/ethereum/0xbe85fbd182af91290be7293438ae67549638189f/978","OK",""
"979","0979","Light Cult Crypto Club #0979","RE-002789","0901-1000","D:\github\ron-english-nfts\light-cult-crypto-club\images\LCCC-0979.png","9884","images/0901-1000/LCCC-0979.png","LCCC-0979.png","D:\github\ron-english-light-cult-0001-1000\images\0901-1000\LCCC-0979.png","items/lccc-0979.html","https://ronenglish-archive.github.io/ron-english-light-cult-0001-1000/items/lccc-0979.html","https://opensea.io/item/ethereum/0xbe85fbd182af91290be7293438ae67549638189f/979","OK",""
"980","0980","Light Cult Crypto Club #0980","RE-002790","0901-1000","D:\github\ron-english-nfts\light-cult-crypto-club\images\LCCC-0980.png","7647","images/0901-1000/LCCC-0980.png","LCCC-0980.png","D:\github\ron-english-light-cult-0001-1000\images\0901-1000\LCCC-0980.png","items/lccc-0980.html","https://ronenglish-archive.github.io/ron-english-light-cult-0001-1000/items/lccc-0980.html","https://opensea.io/item/ethereum/0xbe85fbd182af91290be7293438ae67549638189f/980","OK",""
"981","0981","Light Cult Crypto Club #0981","RE-002791","0901-1000","D:\github\ron-english-nfts\light-cult-crypto-club\images\LCCC-0981.png","18773","images/0901-1000/LCCC-0981.png","LCCC-0981.png","D:\github\ron-english-light-cult-0001-1000\images\0901-1000\LCCC-0981.png","items/lccc-0981.html","https://ronenglish-archive.github.io/ron-english-light-cult-0001-1000/items/lccc-0981.html","https://opensea.io/item/ethereum/0xbe85fbd182af91290be7293438ae67549638189f/981","OK",""
"982","0982","Light Cult Crypto Club #0982","RE-002792","0901-1000","D:\github\ron-english-nfts\light-cult-crypto-club\images\LCCC-0982.png","13220","images/0901-1000/LCCC-0982.png","LCCC-0982.png","D:\github\ron-english-light-cult-0001-1000\images\0901-1000\LCCC-0982.png","items/lccc-0982.html","https://ronenglish-archive.github.io/ron-english-light-cult-0001-1000/items/lccc-0982.html","https://opensea.io/item/ethereum/0xbe85fbd182af91290be7293438ae67549638189f/982","OK",""
"983","0983","Light Cult Crypto Club #0983","RE-002793","0901-1000","D:\github\ron-english-nfts\light-cult-crypto-club\images\LCCC-0983.png","8045","images/0901-1000/LCCC-0983.png","LCCC-0983.png","D:\github\ron-english-light-cult-0001-1000\images\0901-1000\LCCC-0983.png","items/lccc-0983.html","https://ronenglish-archive.github.io/ron-english-light-cult-0001-1000/items/lccc-0983.html","https://opensea.io/item/ethereum/0xbe85fbd182af91290be7293438ae67549638189f/983","OK",""
"984","0984","Light Cult Crypto Club #0984","RE-002794","0901-1000","","","","","","items/lccc-0984.html","https://ronenglish-archive.github.io/ron-english-light-cult-0001-1000/items/lccc-0984.html","https://opensea.io/item/ethereum/0xbe85fbd182af91290be7293438ae67549638189f/984","MISSING SOURCE IMAGE","No source image found for token #0984"
"985","0985","Light Cult Crypto Club #0985","RE-002795","0901-1000","D:\github\ron-english-nfts\light-cult-crypto-club\images\LCCC-0985.png","32924","images/0901-1000/LCCC-0985.png","LCCC-0985.png","D:\github\ron-english-light-cult-0001-1000\images\0901-1000\LCCC-0985.png","items/lccc-0985.html","https://ronenglish-archive.github.io/ron-english-light-cult-0001-1000/items/lccc-0985.html","https://opensea.io/item/ethereum/0xbe85fbd182af91290be7293438ae67549638189f/985","OK",""
"986","0986","Light Cult Crypto Club #0986","RE-002796","0901-1000","D:\github\ron-english-nfts\light-cult-crypto-club\images\LCCC-0986.png","19571","images/0901-1000/LCCC-0986.png","LCCC-0986.png","D:\github\ron-english-light-cult-0001-1000\images\0901-1000\LCCC-0986.png","items/lccc-0986.html","https://ronenglish-archive.github.io/ron-english-light-cult-0001-1000/items/lccc-0986.html","https://opensea.io/item/ethereum/0xbe85fbd182af91290be7293438ae67549638189f/986","OK",""
"987","0987","Light Cult Crypto Club #0987","RE-002797","0901-1000","D:\github\ron-english-nfts\light-cult-crypto-club\images\LCCC-0987.png","13749","images/0901-1000/LCCC-0987.png","LCCC-0987.png","D:\github\ron-english-light-cult-0001-1000\images\0901-1000\LCCC-0987.png","items/lccc-0987.html","https://ronenglish-archive.github.io/ron-english-light-cult-0001-1000/items/lccc-0987.html","https://opensea.io/item/ethereum/0xbe85fbd182af91290be7293438ae67549638189f/987","OK",""
"988","0988","Light Cult Crypto Club #0988","RE-002798","0901-1000","D:\github\ron-english-nfts\light-cult-crypto-club\images\LCCC-0988.png","8049","images/0901-1000/LCCC-0988.png","LCCC-0988.png","D:\github\ron-english-light-cult-0001-1000\images\0901-1000\LCCC-0988.png","items/lccc-0988.html","https://ronenglish-archive.github.io/ron-english-light-cult-0001-1000/items/lccc-0988.html","https://opensea.io/item/ethereum/0xbe85fbd182af91290be7293438ae67549638189f/988","OK",""
"989","0989","Light Cult Crypto Club #0989","RE-002799","0901-1000","D:\github\ron-english-nfts\light-cult-crypto-club\images\LCCC-0989.png","7786","images/0901-1000/LCCC-0989.png","LCCC-0989.png","D:\github\ron-english-light-cult-0001-1000\images\0901-1000\LCCC-0989.png","items/lccc-0989.html","https://ronenglish-archive.github.io/ron-english-light-cult-0001-1000/items/lccc-0989.html","https://opensea.io/item/ethereum/0xbe85fbd182af91290be7293438ae67549638189f/989","OK",""
"990","0990","Light Cult Crypto Club #0990","RE-002800","0901-1000","D:\github\ron-english-nfts\light-cult-crypto-club\images\LCCC-0990.png","11745","images/0901-1000/LCCC-0990.png","LCCC-0990.png","D:\github\ron-english-light-cult-0001-1000\images\0901-1000\LCCC-0990.png","items/lccc-0990.html","https://ronenglish-archive.github.io/ron-english-light-cult-0001-1000/items/lccc-0990.html","https://opensea.io/item/ethereum/0xbe85fbd182af91290be7293438ae67549638189f/990","OK",""
"991","0991","Light Cult Crypto Club #0991","RE-002801","0901-1000","D:\github\ron-english-nfts\light-cult-crypto-club\images\LCCC-0991.png","10541","images/0901-1000/LCCC-0991.png","LCCC-0991.png","D:\github\ron-english-light-cult-0001-1000\images\0901-1000\LCCC-0991.png","items/lccc-0991.html","https://ronenglish-archive.github.io/ron-english-light-cult-0001-1000/items/lccc-0991.html","https://opensea.io/item/ethereum/0xbe85fbd182af91290be7293438ae67549638189f/991","OK",""
"992","0992","Light Cult Crypto Club #0992","RE-002802","0901-1000","D:\github\ron-english-nfts\light-cult-crypto-club\images\LCCC-0992.png","5120","images/0901-1000/LCCC-0992.png","LCCC-0992.png","D:\github\ron-english-light-cult-0001-1000\images\0901-1000\LCCC-0992.png","items/lccc-0992.html","https://ronenglish-archive.github.io/ron-english-light-cult-0001-1000/items/lccc-0992.html","https://opensea.io/item/ethereum/0xbe85fbd182af91290be7293438ae67549638189f/992","OK",""
"993","0993","Light Cult Crypto Club #0993","RE-002803","0901-1000","D:\github\ron-english-nfts\light-cult-crypto-club\images\LCCC-0993.png","21260","images/0901-1000/LCCC-0993.png","LCCC-0993.png","D:\github\ron-english-light-cult-0001-1000\images\0901-1000\LCCC-0993.png","items/lccc-0993.html","https://ronenglish-archive.github.io/ron-english-light-cult-0001-1000/items/lccc-0993.html","https://opensea.io/item/ethereum/0xbe85fbd182af91290be7293438ae67549638189f/993","OK",""
"994","0994","Light Cult Crypto Club #0994","RE-002804","0901-1000","D:\github\ron-english-nfts\light-cult-crypto-club\images\LCCC-0994.png","26676","images/0901-1000/LCCC-0994.png","LCCC-0994.png","D:\github\ron-english-light-cult-0001-1000\images\0901-1000\LCCC-0994.png","items/lccc-0994.html","https://ronenglish-archive.github.io/ron-english-light-cult-0001-1000/items/lccc-0994.html","https://opensea.io/item/ethereum/0xbe85fbd182af91290be7293438ae67549638189f/994","OK",""
"995","0995","Light Cult Crypto Club #0995","RE-002805","0901-1000","D:\github\ron-english-nfts\light-cult-crypto-club\images\LCCC-0995.png","12277","images/0901-1000/LCCC-0995.png","LCCC-0995.png","D:\github\ron-english-light-cult-0001-1000\images\0901-1000\LCCC-0995.png","items/lccc-0995.html","https://ronenglish-archive.github.io/ron-english-light-cult-0001-1000/items/lccc-0995.html","https://opensea.io/item/ethereum/0xbe85fbd182af91290be7293438ae67549638189f/995","OK",""
"996","0996","Light Cult Crypto Club #0996","RE-002806","0901-1000","D:\github\ron-english-nfts\light-cult-crypto-club\images\LCCC-0996.png","10868","images/0901-1000/LCCC-0996.png","LCCC-0996.png","D:\github\ron-english-light-cult-0001-1000\images\0901-1000\LCCC-0996.png","items/lccc-0996.html","https://ronenglish-archive.github.io/ron-english-light-cult-0001-1000/items/lccc-0996.html","https://opensea.io/item/ethereum/0xbe85fbd182af91290be7293438ae67549638189f/996","OK",""
"997","0997","Light Cult Crypto Club #0997","RE-002807","0901-1000","D:\github\ron-english-nfts\light-cult-crypto-club\images\LCCC-0997.png","13002","images/0901-1000/LCCC-0997.png","LCCC-0997.png","D:\github\ron-english-light-cult-0001-1000\images\0901-1000\LCCC-0997.png","items/lccc-0997.html","https://ronenglish-archive.github.io/ron-english-light-cult-0001-1000/items/lccc-0997.html","https://opensea.io/item/ethereum/0xbe85fbd182af91290be7293438ae67549638189f/997","OK",""
"998","0998","Light Cult Crypto Club #0998","RE-002808","0901-1000","D:\github\ron-english-nfts\light-cult-crypto-club\images\LCCC-0998.png","31764","images/0901-1000/LCCC-0998.png","LCCC-0998.png","D:\github\ron-english-light-cult-0001-1000\images\0901-1000\LCCC-0998.png","items/lccc-0998.html","https://ronenglish-archive.github.io/ron-english-light-cult-0001-1000/items/lccc-0998.html","https://opensea.io/item/ethereum/0xbe85fbd182af91290be7293438ae67549638189f/998","OK",""
"999","0999","Light Cult Crypto Club #0999","RE-002809","0901-1000","D:\github\ron-english-nfts\light-cult-crypto-club\images\LCCC-0999.png","24374","images/0901-1000/LCCC-0999.png","LCCC-0999.png","D:\github\ron-english-light-cult-0001-1000\images\0901-1000\LCCC-0999.png","items/lccc-0999.html","https://ronenglish-archive.github.io/ron-english-light-cult-0001-1000/items/lccc-0999.html","https://opensea.io/item/ethereum/0xbe85fbd182af91290be7293438ae67549638189f/999","OK",""
"1000","1000","Light Cult Crypto Club #1000","RE-002810","0901-1000","D:\github\ron-english-nfts\light-cult-crypto-club\images\LCCC-1000.png","32212","images/0901-1000/LCCC-1000.png","LCCC-1000.png","D:\github\ron-english-light-cult-0001-1000\images\0901-1000\LCCC-1000.png","items/lccc-1000.html","https://ronenglish-archive.github.io/ron-english-light-cult-0001-1000/items/lccc-1000.html","https://opensea.io/item/ethereum/0xbe85fbd182af91290be7293438ae67549638189f/1000","OK",""
