"TokenNumber","TokenPadded","Title","WorkID","Range","ImagePath","ImageFileName","ItemPage","PublicPageURL","OpenSeaItemURL","Status","Note"
"1","0001","Light Cult Crypto Club #0001","RE-001811","0001-0100","","","items/lccc-0001.html","https://ronenglish-archive.github.io/ron-english-light-cult-0001-1000/items/lccc-0001.html","https://opensea.io/item/ethereum/0xbe85fbd182af91290be7293438ae67549638189f/1","MISSING IMAGE","No local image file found for token #0001"
"2","0002","Light Cult Crypto Club #0002","RE-001812","0001-0100","","","items/lccc-0002.html","https://ronenglish-archive.github.io/ron-english-light-cult-0001-1000/items/lccc-0002.html","https://opensea.io/item/ethereum/0xbe85fbd182af91290be7293438ae67549638189f/2","MISSING IMAGE","No local image file found for token #0002"
"3","0003","Light Cult Crypto Club #0003","RE-001813","0001-0100","","","items/lccc-0003.html","https://ronenglish-archive.github.io/ron-english-light-cult-0001-1000/items/lccc-0003.html","https://opensea.io/item/ethereum/0xbe85fbd182af91290be7293438ae67549638189f/3","MISSING IMAGE","No local image file found for token #0003"
"4","0004","Light Cult Crypto Club #0004","RE-001814","0001-0100","","","items/lccc-0004.html","https://ronenglish-archive.github.io/ron-english-light-cult-0001-1000/items/lccc-0004.html","https://opensea.io/item/ethereum/0xbe85fbd182af91290be7293438ae67549638189f/4","MISSING IMAGE","No local image file found for token #0004"
"5","0005","Light Cult Crypto Club #0005","RE-001815","0001-0100","","","items/lccc-0005.html","https://ronenglish-archive.github.io/ron-english-light-cult-0001-1000/items/lccc-0005.html","https://opensea.io/item/ethereum/0xbe85fbd182af91290be7293438ae67549638189f/5","MISSING IMAGE","No local image file found for token #0005"
"6","0006","Light Cult Crypto Club #0006","RE-001816","0001-0100","","","items/lccc-0006.html","https://ronenglish-archive.github.io/ron-english-light-cult-0001-1000/items/lccc-0006.html","https://opensea.io/item/ethereum/0xbe85fbd182af91290be7293438ae67549638189f/6","MISSING IMAGE","No local image file found for token #0006"
"7","0007","Light Cult Crypto Club #0007","RE-001817","0001-0100","","","items/lccc-0007.html","https://ronenglish-archive.github.io/ron-english-light-cult-0001-1000/items/lccc-0007.html","https://opensea.io/item/ethereum/0xbe85fbd182af91290be7293438ae67549638189f/7","MISSING IMAGE","No local image file found for token #0007"
"8","0008","Light Cult Crypto Club #0008","RE-001818","0001-0100","","","items/lccc-0008.html","https://ronenglish-archive.github.io/ron-english-light-cult-0001-1000/items/lccc-0008.html","https://opensea.io/item/ethereum/0xbe85fbd182af91290be7293438ae67549638189f/8","MISSING IMAGE","No local image file found for token #0008"
"9","0009","Light Cult Crypto Club #0009","RE-001819","0001-0100","","","items/lccc-0009.html","https://ronenglish-archive.github.io/ron-english-light-cult-0001-1000/items/lccc-0009.html","https://opensea.io/item/ethereum/0xbe85fbd182af91290be7293438ae67549638189f/9","MISSING IMAGE","No local image file found for token #0009"
"10","0010","Light Cult Crypto Club #0010","RE-001820","0001-0100","","","items/lccc-0010.html","https://ronenglish-archive.github.io/ron-english-light-cult-0001-1000/items/lccc-0010.html","https://opensea.io/item/ethereum/0xbe85fbd182af91290be7293438ae67549638189f/10","MISSING IMAGE","No local image file found for token #0010"
"11","0011","Light Cult Crypto Club #0011","RE-001821","0001-0100","","","items/lccc-0011.html","https://ronenglish-archive.github.io/ron-english-light-cult-0001-1000/items/lccc-0011.html","https://opensea.io/item/ethereum/0xbe85fbd182af91290be7293438ae67549638189f/11","MISSING IMAGE","No local image file found for token #0011"
"12","0012","Light Cult Crypto Club #0012","RE-001822","0001-0100","","","items/lccc-0012.html","https://ronenglish-archive.github.io/ron-english-light-cult-0001-1000/items/lccc-0012.html","https://opensea.io/item/ethereum/0xbe85fbd182af91290be7293438ae67549638189f/12","MISSING IMAGE","No local image file found for token #0012"
"13","0013","Light Cult Crypto Club #0013","RE-001823","0001-0100","","","items/lccc-0013.html","https://ronenglish-archive.github.io/ron-english-light-cult-0001-1000/items/lccc-0013.html","https://opensea.io/item/ethereum/0xbe85fbd182af91290be7293438ae67549638189f/13","MISSING IMAGE","No local image file found for token #0013"
"14","0014","Light Cult Crypto Club #0014","RE-001824","0001-0100","","","items/lccc-0014.html","https://ronenglish-archive.github.io/ron-english-light-cult-0001-1000/items/lccc-0014.html","https://opensea.io/item/ethereum/0xbe85fbd182af91290be7293438ae67549638189f/14","MISSING IMAGE","No local image file found for token #0014"
"15","0015","Light Cult Crypto Club #0015","RE-001825","0001-0100","","","items/lccc-0015.html","https://ronenglish-archive.github.io/ron-english-light-cult-0001-1000/items/lccc-0015.html","https://opensea.io/item/ethereum/0xbe85fbd182af91290be7293438ae67549638189f/15","MISSING IMAGE","No local image file found for token #0015"
"16","0016","Light Cult Crypto Club #0016","RE-001826","0001-0100","","","items/lccc-0016.html","https://ronenglish-archive.github.io/ron-english-light-cult-0001-1000/items/lccc-0016.html","https://opensea.io/item/ethereum/0xbe85fbd182af91290be7293438ae67549638189f/16","MISSING IMAGE","No local image file found for token #0016"
"17","0017","Light Cult Crypto Club #0017","RE-001827","0001-0100","","","items/lccc-0017.html","https://ronenglish-archive.github.io/ron-english-light-cult-0001-1000/items/lccc-0017.html","https://opensea.io/item/ethereum/0xbe85fbd182af91290be7293438ae67549638189f/17","MISSING IMAGE","No local image file found for token #0017"
"18","0018","Light Cult Crypto Club #0018","RE-001828","0001-0100","","","items/lccc-0018.html","https://ronenglish-archive.github.io/ron-english-light-cult-0001-1000/items/lccc-0018.html","https://opensea.io/item/ethereum/0xbe85fbd182af91290be7293438ae67549638189f/18","MISSING IMAGE","No local image file found for token #0018"
"19","0019","Light Cult Crypto Club #0019","RE-001829","0001-0100","","","items/lccc-0019.html","https://ronenglish-archive.github.io/ron-english-light-cult-0001-1000/items/lccc-0019.html","https://opensea.io/item/ethereum/0xbe85fbd182af91290be7293438ae67549638189f/19","MISSING IMAGE","No local image file found for token #0019"
"20","0020","Light Cult Crypto Club #0020","RE-001830","0001-0100","","","items/lccc-0020.html","https://ronenglish-archive.github.io/ron-english-light-cult-0001-1000/items/lccc-0020.html","https://opensea.io/item/ethereum/0xbe85fbd182af91290be7293438ae67549638189f/20","MISSING IMAGE","No local image file found for token #0020"
"21","0021","Light Cult Crypto Club #0021","RE-001831","0001-0100","","","items/lccc-0021.html","https://ronenglish-archive.github.io/ron-english-light-cult-0001-1000/items/lccc-0021.html","https://opensea.io/item/ethereum/0xbe85fbd182af91290be7293438ae67549638189f/21","MISSING IMAGE","No local image file found for token #0021"
"22","0022","Light Cult Crypto Club #0022","RE-001832","0001-0100","","","items/lccc-0022.html","https://ronenglish-archive.github.io/ron-english-light-cult-0001-1000/items/lccc-0022.html","https://opensea.io/item/ethereum/0xbe85fbd182af91290be7293438ae67549638189f/22","MISSING IMAGE","No local image file found for token #0022"
"23","0023","Light Cult Crypto Club #0023","RE-001833","0001-0100","","","items/lccc-0023.html","https://ronenglish-archive.github.io/ron-english-light-cult-0001-1000/items/lccc-0023.html","https://opensea.io/item/ethereum/0xbe85fbd182af91290be7293438ae67549638189f/23","MISSING IMAGE","No local image file found for token #0023"
"24","0024","Light Cult Crypto Club #0024","RE-001834","0001-0100","","","items/lccc-0024.html","https://ronenglish-archive.github.io/ron-english-light-cult-0001-1000/items/lccc-0024.html","https://opensea.io/item/ethereum/0xbe85fbd182af91290be7293438ae67549638189f/24","MISSING IMAGE","No local image file found for token #0024"
"25","0025","Light Cult Crypto Club #0025","RE-001835","0001-0100","","","items/lccc-0025.html","https://ronenglish-archive.github.io/ron-english-light-cult-0001-1000/items/lccc-0025.html","https://opensea.io/item/ethereum/0xbe85fbd182af91290be7293438ae67549638189f/25","MISSING IMAGE","No local image file found for token #0025"
"26","0026","Light Cult Crypto Club #0026","RE-001836","0001-0100","","","items/lccc-0026.html","https://ronenglish-archive.github.io/ron-english-light-cult-0001-1000/items/lccc-0026.html","https://opensea.io/item/ethereum/0xbe85fbd182af91290be7293438ae67549638189f/26","MISSING IMAGE","No local image file found for token #0026"
"27","0027","Light Cult Crypto Club #0027","RE-001837","0001-0100","","","items/lccc-0027.html","https://ronenglish-archive.github.io/ron-english-light-cult-0001-1000/items/lccc-0027.html","https://opensea.io/item/ethereum/0xbe85fbd182af91290be7293438ae67549638189f/27","MISSING IMAGE","No local image file found for token #0027"
"28","0028","Light Cult Crypto Club #0028","RE-001838","0001-0100","","","items/lccc-0028.html","https://ronenglish-archive.github.io/ron-english-light-cult-0001-1000/items/lccc-0028.html","https://opensea.io/item/ethereum/0xbe85fbd182af91290be7293438ae67549638189f/28","MISSING IMAGE","No local image file found for token #0028"
"29","0029","Light Cult Crypto Club #0029","RE-001839","0001-0100","","","items/lccc-0029.html","https://ronenglish-archive.github.io/ron-english-light-cult-0001-1000/items/lccc-0029.html","https://opensea.io/item/ethereum/0xbe85fbd182af91290be7293438ae67549638189f/29","MISSING IMAGE","No local image file found for token #0029"
"30","0030","Light Cult Crypto Club #0030","RE-001840","0001-0100","","","items/lccc-0030.html","https://ronenglish-archive.github.io/ron-english-light-cult-0001-1000/items/lccc-0030.html","https://opensea.io/item/ethereum/0xbe85fbd182af91290be7293438ae67549638189f/30","MISSING IMAGE","No local image file found for token #0030"
"31","0031","Light Cult Crypto Club #0031","RE-001841","0001-0100","","","items/lccc-0031.html","https://ronenglish-archive.github.io/ron-english-light-cult-0001-1000/items/lccc-0031.html","https://opensea.io/item/ethereum/0xbe85fbd182af91290be7293438ae67549638189f/31","MISSING IMAGE","No local image file found for token #0031"
"32","0032","Light Cult Crypto Club #0032","RE-001842","0001-0100","","","items/lccc-0032.html","https://ronenglish-archive.github.io/ron-english-light-cult-0001-1000/items/lccc-0032.html","https://opensea.io/item/ethereum/0xbe85fbd182af91290be7293438ae67549638189f/32","MISSING IMAGE","No local image file found for token #0032"
"33","0033","Light Cult Crypto Club #0033","RE-001843","0001-0100","","","items/lccc-0033.html","https://ronenglish-archive.github.io/ron-english-light-cult-0001-1000/items/lccc-0033.html","https://opensea.io/item/ethereum/0xbe85fbd182af91290be7293438ae67549638189f/33","MISSING IMAGE","No local image file found for token #0033"
"34","0034","Light Cult Crypto Club #0034","RE-001844","0001-0100","","","items/lccc-0034.html","https://ronenglish-archive.github.io/ron-english-light-cult-0001-1000/items/lccc-0034.html","https://opensea.io/item/ethereum/0xbe85fbd182af91290be7293438ae67549638189f/34","MISSING IMAGE","No local image file found for token #0034"
"35","0035","Light Cult Crypto Club #0035","RE-001845","0001-0100","","","items/lccc-0035.html","https://ronenglish-archive.github.io/ron-english-light-cult-0001-1000/items/lccc-0035.html","https://opensea.io/item/ethereum/0xbe85fbd182af91290be7293438ae67549638189f/35","MISSING IMAGE","No local image file found for token #0035"
"36","0036","Light Cult Crypto Club #0036","RE-001846","0001-0100","","","items/lccc-0036.html","https://ronenglish-archive.github.io/ron-english-light-cult-0001-1000/items/lccc-0036.html","https://opensea.io/item/ethereum/0xbe85fbd182af91290be7293438ae67549638189f/36","MISSING IMAGE","No local image file found for token #0036"
"37","0037","Light Cult Crypto Club #0037","RE-001847","0001-0100","","","items/lccc-0037.html","https://ronenglish-archive.github.io/ron-english-light-cult-0001-1000/items/lccc-0037.html","https://opensea.io/item/ethereum/0xbe85fbd182af91290be7293438ae67549638189f/37","MISSING IMAGE","No local image file found for token #0037"
"38","0038","Light Cult Crypto Club #0038","RE-001848","0001-0100","","","items/lccc-0038.html","https://ronenglish-archive.github.io/ron-english-light-cult-0001-1000/items/lccc-0038.html","https://opensea.io/item/ethereum/0xbe85fbd182af91290be7293438ae67549638189f/38","MISSING IMAGE","No local image file found for token #0038"
"39","0039","Light Cult Crypto Club #0039","RE-001849","0001-0100","","","items/lccc-0039.html","https://ronenglish-archive.github.io/ron-english-light-cult-0001-1000/items/lccc-0039.html","https://opensea.io/item/ethereum/0xbe85fbd182af91290be7293438ae67549638189f/39","MISSING IMAGE","No local image file found for token #0039"
"40","0040","Light Cult Crypto Club #0040","RE-001850","0001-0100","","","items/lccc-0040.html","https://ronenglish-archive.github.io/ron-english-light-cult-0001-1000/items/lccc-0040.html","https://opensea.io/item/ethereum/0xbe85fbd182af91290be7293438ae67549638189f/40","MISSING IMAGE","No local image file found for token #0040"
"41","0041","Light Cult Crypto Club #0041","RE-001851","0001-0100","","","items/lccc-0041.html","https://ronenglish-archive.github.io/ron-english-light-cult-0001-1000/items/lccc-0041.html","https://opensea.io/item/ethereum/0xbe85fbd182af91290be7293438ae67549638189f/41","MISSING IMAGE","No local image file found for token #0041"
"42","0042","Light Cult Crypto Club #0042","RE-001852","0001-0100","","","items/lccc-0042.html","https://ronenglish-archive.github.io/ron-english-light-cult-0001-1000/items/lccc-0042.html","https://opensea.io/item/ethereum/0xbe85fbd182af91290be7293438ae67549638189f/42","MISSING IMAGE","No local image file found for token #0042"
"43","0043","Light Cult Crypto Club #0043","RE-001853","0001-0100","","","items/lccc-0043.html","https://ronenglish-archive.github.io/ron-english-light-cult-0001-1000/items/lccc-0043.html","https://opensea.io/item/ethereum/0xbe85fbd182af91290be7293438ae67549638189f/43","MISSING IMAGE","No local image file found for token #0043"
"44","0044","Light Cult Crypto Club #0044","RE-001854","0001-0100","","","items/lccc-0044.html","https://ronenglish-archive.github.io/ron-english-light-cult-0001-1000/items/lccc-0044.html","https://opensea.io/item/ethereum/0xbe85fbd182af91290be7293438ae67549638189f/44","MISSING IMAGE","No local image file found for token #0044"
"45","0045","Light Cult Crypto Club #0045","RE-001855","0001-0100","","","items/lccc-0045.html","https://ronenglish-archive.github.io/ron-english-light-cult-0001-1000/items/lccc-0045.html","https://opensea.io/item/ethereum/0xbe85fbd182af91290be7293438ae67549638189f/45","MISSING IMAGE","No local image file found for token #0045"
"46","0046","Light Cult Crypto Club #0046","RE-001856","0001-0100","","","items/lccc-0046.html","https://ronenglish-archive.github.io/ron-english-light-cult-0001-1000/items/lccc-0046.html","https://opensea.io/item/ethereum/0xbe85fbd182af91290be7293438ae67549638189f/46","MISSING IMAGE","No local image file found for token #0046"
"47","0047","Light Cult Crypto Club #0047","RE-001857","0001-0100","","","items/lccc-0047.html","https://ronenglish-archive.github.io/ron-english-light-cult-0001-1000/items/lccc-0047.html","https://opensea.io/item/ethereum/0xbe85fbd182af91290be7293438ae67549638189f/47","MISSING IMAGE","No local image file found for token #0047"
"48","0048","Light Cult Crypto Club #0048","RE-001858","0001-0100","","","items/lccc-0048.html","https://ronenglish-archive.github.io/ron-english-light-cult-0001-1000/items/lccc-0048.html","https://opensea.io/item/ethereum/0xbe85fbd182af91290be7293438ae67549638189f/48","MISSING IMAGE","No local image file found for token #0048"
"49","0049","Light Cult Crypto Club #0049","RE-001859","0001-0100","","","items/lccc-0049.html","https://ronenglish-archive.github.io/ron-english-light-cult-0001-1000/items/lccc-0049.html","https://opensea.io/item/ethereum/0xbe85fbd182af91290be7293438ae67549638189f/49","MISSING IMAGE","No local image file found for token #0049"
"50","0050","Light Cult Crypto Club #0050","RE-001860","0001-0100","","","items/lccc-0050.html","https://ronenglish-archive.github.io/ron-english-light-cult-0001-1000/items/lccc-0050.html","https://opensea.io/item/ethereum/0xbe85fbd182af91290be7293438ae67549638189f/50","MISSING IMAGE","No local image file found for token #0050"
"51","0051","Light Cult Crypto Club #0051","RE-001861","0001-0100","","","items/lccc-0051.html","https://ronenglish-archive.github.io/ron-english-light-cult-0001-1000/items/lccc-0051.html","https://opensea.io/item/ethereum/0xbe85fbd182af91290be7293438ae67549638189f/51","MISSING IMAGE","No local image file found for token #0051"
"52","0052","Light Cult Crypto Club #0052","RE-001862","0001-0100","","","items/lccc-0052.html","https://ronenglish-archive.github.io/ron-english-light-cult-0001-1000/items/lccc-0052.html","https://opensea.io/item/ethereum/0xbe85fbd182af91290be7293438ae67549638189f/52","MISSING IMAGE","No local image file found for token #0052"
"53","0053","Light Cult Crypto Club #0053","RE-001863","0001-0100","","","items/lccc-0053.html","https://ronenglish-archive.github.io/ron-english-light-cult-0001-1000/items/lccc-0053.html","https://opensea.io/item/ethereum/0xbe85fbd182af91290be7293438ae67549638189f/53","MISSING IMAGE","No local image file found for token #0053"
"54","0054","Light Cult Crypto Club #0054","RE-001864","0001-0100","","","items/lccc-0054.html","https://ronenglish-archive.github.io/ron-english-light-cult-0001-1000/items/lccc-0054.html","https://opensea.io/item/ethereum/0xbe85fbd182af91290be7293438ae67549638189f/54","MISSING IMAGE","No local image file found for token #0054"
"55","0055","Light Cult Crypto Club #0055","RE-001865","0001-0100","","","items/lccc-0055.html","https://ronenglish-archive.github.io/ron-english-light-cult-0001-1000/items/lccc-0055.html","https://opensea.io/item/ethereum/0xbe85fbd182af91290be7293438ae67549638189f/55","MISSING IMAGE","No local image file found for token #0055"
"56","0056","Light Cult Crypto Club #0056","RE-001866","0001-0100","","","items/lccc-0056.html","https://ronenglish-archive.github.io/ron-english-light-cult-0001-1000/items/lccc-0056.html","https://opensea.io/item/ethereum/0xbe85fbd182af91290be7293438ae67549638189f/56","MISSING IMAGE","No local image file found for token #0056"
"57","0057","Light Cult Crypto Club #0057","RE-001867","0001-0100","","","items/lccc-0057.html","https://ronenglish-archive.github.io/ron-english-light-cult-0001-1000/items/lccc-0057.html","https://opensea.io/item/ethereum/0xbe85fbd182af91290be7293438ae67549638189f/57","MISSING IMAGE","No local image file found for token #0057"
"58","0058","Light Cult Crypto Club #0058","RE-001868","0001-0100","","","items/lccc-0058.html","https://ronenglish-archive.github.io/ron-english-light-cult-0001-1000/items/lccc-0058.html","https://opensea.io/item/ethereum/0xbe85fbd182af91290be7293438ae67549638189f/58","MISSING IMAGE","No local image file found for token #0058"
"59","0059","Light Cult Crypto Club #0059","RE-001869","0001-0100","","","items/lccc-0059.html","https://ronenglish-archive.github.io/ron-english-light-cult-0001-1000/items/lccc-0059.html","https://opensea.io/item/ethereum/0xbe85fbd182af91290be7293438ae67549638189f/59","MISSING IMAGE","No local image file found for token #0059"
"60","0060","Light Cult Crypto Club #0060","RE-001870","0001-0100","","","items/lccc-0060.html","https://ronenglish-archive.github.io/ron-english-light-cult-0001-1000/items/lccc-0060.html","https://opensea.io/item/ethereum/0xbe85fbd182af91290be7293438ae67549638189f/60","MISSING IMAGE","No local image file found for token #0060"
"61","0061","Light Cult Crypto Club #0061","RE-001871","0001-0100","","","items/lccc-0061.html","https://ronenglish-archive.github.io/ron-english-light-cult-0001-1000/items/lccc-0061.html","https://opensea.io/item/ethereum/0xbe85fbd182af91290be7293438ae67549638189f/61","MISSING IMAGE","No local image file found for token #0061"
"62","0062","Light Cult Crypto Club #0062","RE-001872","0001-0100","","","items/lccc-0062.html","https://ronenglish-archive.github.io/ron-english-light-cult-0001-1000/items/lccc-0062.html","https://opensea.io/item/ethereum/0xbe85fbd182af91290be7293438ae67549638189f/62","MISSING IMAGE","No local image file found for token #0062"
"63","0063","Light Cult Crypto Club #0063","RE-001873","0001-0100","","","items/lccc-0063.html","https://ronenglish-archive.github.io/ron-english-light-cult-0001-1000/items/lccc-0063.html","https://opensea.io/item/ethereum/0xbe85fbd182af91290be7293438ae67549638189f/63","MISSING IMAGE","No local image file found for token #0063"
"64","0064","Light Cult Crypto Club #0064","RE-001874","0001-0100","","","items/lccc-0064.html","https://ronenglish-archive.github.io/ron-english-light-cult-0001-1000/items/lccc-0064.html","https://opensea.io/item/ethereum/0xbe85fbd182af91290be7293438ae67549638189f/64","MISSING IMAGE","No local image file found for token #0064"
"65","0065","Light Cult Crypto Club #0065","RE-001875","0001-0100","","","items/lccc-0065.html","https://ronenglish-archive.github.io/ron-english-light-cult-0001-1000/items/lccc-0065.html","https://opensea.io/item/ethereum/0xbe85fbd182af91290be7293438ae67549638189f/65","MISSING IMAGE","No local image file found for token #0065"
"66","0066","Light Cult Crypto Club #0066","RE-001876","0001-0100","","","items/lccc-0066.html","https://ronenglish-archive.github.io/ron-english-light-cult-0001-1000/items/lccc-0066.html","https://opensea.io/item/ethereum/0xbe85fbd182af91290be7293438ae67549638189f/66","MISSING IMAGE","No local image file found for token #0066"
"67","0067","Light Cult Crypto Club #0067","RE-001877","0001-0100","","","items/lccc-0067.html","https://ronenglish-archive.github.io/ron-english-light-cult-0001-1000/items/lccc-0067.html","https://opensea.io/item/ethereum/0xbe85fbd182af91290be7293438ae67549638189f/67","MISSING IMAGE","No local image file found for token #0067"
"68","0068","Light Cult Crypto Club #0068","RE-001878","0001-0100","","","items/lccc-0068.html","https://ronenglish-archive.github.io/ron-english-light-cult-0001-1000/items/lccc-0068.html","https://opensea.io/item/ethereum/0xbe85fbd182af91290be7293438ae67549638189f/68","MISSING IMAGE","No local image file found for token #0068"
"69","0069","Light Cult Crypto Club #0069","RE-001879","0001-0100","","","items/lccc-0069.html","https://ronenglish-archive.github.io/ron-english-light-cult-0001-1000/items/lccc-0069.html","https://opensea.io/item/ethereum/0xbe85fbd182af91290be7293438ae67549638189f/69","MISSING IMAGE","No local image file found for token #0069"
"70","0070","Light Cult Crypto Club #0070","RE-001880","0001-0100","","","items/lccc-0070.html","https://ronenglish-archive.github.io/ron-english-light-cult-0001-1000/items/lccc-0070.html","https://opensea.io/item/ethereum/0xbe85fbd182af91290be7293438ae67549638189f/70","MISSING IMAGE","No local image file found for token #0070"
"71","0071","Light Cult Crypto Club #0071","RE-001881","0001-0100","","","items/lccc-0071.html","https://ronenglish-archive.github.io/ron-english-light-cult-0001-1000/items/lccc-0071.html","https://opensea.io/item/ethereum/0xbe85fbd182af91290be7293438ae67549638189f/71","MISSING IMAGE","No local image file found for token #0071"
"72","0072","Light Cult Crypto Club #0072","RE-001882","0001-0100","","","items/lccc-0072.html","https://ronenglish-archive.github.io/ron-english-light-cult-0001-1000/items/lccc-0072.html","https://opensea.io/item/ethereum/0xbe85fbd182af91290be7293438ae67549638189f/72","MISSING IMAGE","No local image file found for token #0072"
"73","0073","Light Cult Crypto Club #0073","RE-001883","0001-0100","","","items/lccc-0073.html","https://ronenglish-archive.github.io/ron-english-light-cult-0001-1000/items/lccc-0073.html","https://opensea.io/item/ethereum/0xbe85fbd182af91290be7293438ae67549638189f/73","MISSING IMAGE","No local image file found for token #0073"
"74","0074","Light Cult Crypto Club #0074","RE-001884","0001-0100","","","items/lccc-0074.html","https://ronenglish-archive.github.io/ron-english-light-cult-0001-1000/items/lccc-0074.html","https://opensea.io/item/ethereum/0xbe85fbd182af91290be7293438ae67549638189f/74","MISSING IMAGE","No local image file found for token #0074"
"75","0075","Light Cult Crypto Club #0075","RE-001885","0001-0100","","","items/lccc-0075.html","https://ronenglish-archive.github.io/ron-english-light-cult-0001-1000/items/lccc-0075.html","https://opensea.io/item/ethereum/0xbe85fbd182af91290be7293438ae67549638189f/75","MISSING IMAGE","No local image file found for token #0075"
"76","0076","Light Cult Crypto Club #0076","RE-001886","0001-0100","","","items/lccc-0076.html","https://ronenglish-archive.github.io/ron-english-light-cult-0001-1000/items/lccc-0076.html","https://opensea.io/item/ethereum/0xbe85fbd182af91290be7293438ae67549638189f/76","MISSING IMAGE","No local image file found for token #0076"
"77","0077","Light Cult Crypto Club #0077","RE-001887","0001-0100","","","items/lccc-0077.html","https://ronenglish-archive.github.io/ron-english-light-cult-0001-1000/items/lccc-0077.html","https://opensea.io/item/ethereum/0xbe85fbd182af91290be7293438ae67549638189f/77","MISSING IMAGE","No local image file found for token #0077"
"78","0078","Light Cult Crypto Club #0078","RE-001888","0001-0100","","","items/lccc-0078.html","https://ronenglish-archive.github.io/ron-english-light-cult-0001-1000/items/lccc-0078.html","https://opensea.io/item/ethereum/0xbe85fbd182af91290be7293438ae67549638189f/78","MISSING IMAGE","No local image file found for token #0078"
"79","0079","Light Cult Crypto Club #0079","RE-001889","0001-0100","","","items/lccc-0079.html","https://ronenglish-archive.github.io/ron-english-light-cult-0001-1000/items/lccc-0079.html","https://opensea.io/item/ethereum/0xbe85fbd182af91290be7293438ae67549638189f/79","MISSING IMAGE","No local image file found for token #0079"
"80","0080","Light Cult Crypto Club #0080","RE-001890","0001-0100","","","items/lccc-0080.html","https://ronenglish-archive.github.io/ron-english-light-cult-0001-1000/items/lccc-0080.html","https://opensea.io/item/ethereum/0xbe85fbd182af91290be7293438ae67549638189f/80","MISSING IMAGE","No local image file found for token #0080"
"81","0081","Light Cult Crypto Club #0081","RE-001891","0001-0100","","","items/lccc-0081.html","https://ronenglish-archive.github.io/ron-english-light-cult-0001-1000/items/lccc-0081.html","https://opensea.io/item/ethereum/0xbe85fbd182af91290be7293438ae67549638189f/81","MISSING IMAGE","No local image file found for token #0081"
"82","0082","Light Cult Crypto Club #0082","RE-001892","0001-0100","","","items/lccc-0082.html","https://ronenglish-archive.github.io/ron-english-light-cult-0001-1000/items/lccc-0082.html","https://opensea.io/item/ethereum/0xbe85fbd182af91290be7293438ae67549638189f/82","MISSING IMAGE","No local image file found for token #0082"
"83","0083","Light Cult Crypto Club #0083","RE-001893","0001-0100","","","items/lccc-0083.html","https://ronenglish-archive.github.io/ron-english-light-cult-0001-1000/items/lccc-0083.html","https://opensea.io/item/ethereum/0xbe85fbd182af91290be7293438ae67549638189f/83","MISSING IMAGE","No local image file found for token #0083"
"84","0084","Light Cult Crypto Club #0084","RE-001894","0001-0100","","","items/lccc-0084.html","https://ronenglish-archive.github.io/ron-english-light-cult-0001-1000/items/lccc-0084.html","https://opensea.io/item/ethereum/0xbe85fbd182af91290be7293438ae67549638189f/84","MISSING IMAGE","No local image file found for token #0084"
"85","0085","Light Cult Crypto Club #0085","RE-001895","0001-0100","","","items/lccc-0085.html","https://ronenglish-archive.github.io/ron-english-light-cult-0001-1000/items/lccc-0085.html","https://opensea.io/item/ethereum/0xbe85fbd182af91290be7293438ae67549638189f/85","MISSING IMAGE","No local image file found for token #0085"
"86","0086","Light Cult Crypto Club #0086","RE-001896","0001-0100","","","items/lccc-0086.html","https://ronenglish-archive.github.io/ron-english-light-cult-0001-1000/items/lccc-0086.html","https://opensea.io/item/ethereum/0xbe85fbd182af91290be7293438ae67549638189f/86","MISSING IMAGE","No local image file found for token #0086"
"87","0087","Light Cult Crypto Club #0087","RE-001897","0001-0100","","","items/lccc-0087.html","https://ronenglish-archive.github.io/ron-english-light-cult-0001-1000/items/lccc-0087.html","https://opensea.io/item/ethereum/0xbe85fbd182af91290be7293438ae67549638189f/87","MISSING IMAGE","No local image file found for token #0087"
"88","0088","Light Cult Crypto Club #0088","RE-001898","0001-0100","","","items/lccc-0088.html","https://ronenglish-archive.github.io/ron-english-light-cult-0001-1000/items/lccc-0088.html","https://opensea.io/item/ethereum/0xbe85fbd182af91290be7293438ae67549638189f/88","MISSING IMAGE","No local image file found for token #0088"
"89","0089","Light Cult Crypto Club #0089","RE-001899","0001-0100","","","items/lccc-0089.html","https://ronenglish-archive.github.io/ron-english-light-cult-0001-1000/items/lccc-0089.html","https://opensea.io/item/ethereum/0xbe85fbd182af91290be7293438ae67549638189f/89","MISSING IMAGE","No local image file found for token #0089"
"90","0090","Light Cult Crypto Club #0090","RE-001900","0001-0100","","","items/lccc-0090.html","https://ronenglish-archive.github.io/ron-english-light-cult-0001-1000/items/lccc-0090.html","https://opensea.io/item/ethereum/0xbe85fbd182af91290be7293438ae67549638189f/90","MISSING IMAGE","No local image file found for token #0090"
"91","0091","Light Cult Crypto Club #0091","RE-001901","0001-0100","","","items/lccc-0091.html","https://ronenglish-archive.github.io/ron-english-light-cult-0001-1000/items/lccc-0091.html","https://opensea.io/item/ethereum/0xbe85fbd182af91290be7293438ae67549638189f/91","MISSING IMAGE","No local image file found for token #0091"
"92","0092","Light Cult Crypto Club #0092","RE-001902","0001-0100","","","items/lccc-0092.html","https://ronenglish-archive.github.io/ron-english-light-cult-0001-1000/items/lccc-0092.html","https://opensea.io/item/ethereum/0xbe85fbd182af91290be7293438ae67549638189f/92","MISSING IMAGE","No local image file found for token #0092"
"93","0093","Light Cult Crypto Club #0093","RE-001903","0001-0100","","","items/lccc-0093.html","https://ronenglish-archive.github.io/ron-english-light-cult-0001-1000/items/lccc-0093.html","https://opensea.io/item/ethereum/0xbe85fbd182af91290be7293438ae67549638189f/93","MISSING IMAGE","No local image file found for token #0093"
"94","0094","Light Cult Crypto Club #0094","RE-001904","0001-0100","","","items/lccc-0094.html","https://ronenglish-archive.github.io/ron-english-light-cult-0001-1000/items/lccc-0094.html","https://opensea.io/item/ethereum/0xbe85fbd182af91290be7293438ae67549638189f/94","MISSING IMAGE","No local image file found for token #0094"
"95","0095","Light Cult Crypto Club #0095","RE-001905","0001-0100","","","items/lccc-0095.html","https://ronenglish-archive.github.io/ron-english-light-cult-0001-1000/items/lccc-0095.html","https://opensea.io/item/ethereum/0xbe85fbd182af91290be7293438ae67549638189f/95","MISSING IMAGE","No local image file found for token #0095"
"96","0096","Light Cult Crypto Club #0096","RE-001906","0001-0100","","","items/lccc-0096.html","https://ronenglish-archive.github.io/ron-english-light-cult-0001-1000/items/lccc-0096.html","https://opensea.io/item/ethereum/0xbe85fbd182af91290be7293438ae67549638189f/96","MISSING IMAGE","No local image file found for token #0096"
"97","0097","Light Cult Crypto Club #0097","RE-001907","0001-0100","","","items/lccc-0097.html","https://ronenglish-archive.github.io/ron-english-light-cult-0001-1000/items/lccc-0097.html","https://opensea.io/item/ethereum/0xbe85fbd182af91290be7293438ae67549638189f/97","MISSING IMAGE","No local image file found for token #0097"
"98","0098","Light Cult Crypto Club #0098","RE-001908","0001-0100","","","items/lccc-0098.html","https://ronenglish-archive.github.io/ron-english-light-cult-0001-1000/items/lccc-0098.html","https://opensea.io/item/ethereum/0xbe85fbd182af91290be7293438ae67549638189f/98","MISSING IMAGE","No local image file found for token #0098"
"99","0099","Light Cult Crypto Club #0099","RE-001909","0001-0100","","","items/lccc-0099.html","https://ronenglish-archive.github.io/ron-english-light-cult-0001-1000/items/lccc-0099.html","https://opensea.io/item/ethereum/0xbe85fbd182af91290be7293438ae67549638189f/99","MISSING IMAGE","No local image file found for token #0099"
"100","0100","Light Cult Crypto Club #0100","RE-001910","0001-0100","","","items/lccc-0100.html","https://ronenglish-archive.github.io/ron-english-light-cult-0001-1000/items/lccc-0100.html","https://opensea.io/item/ethereum/0xbe85fbd182af91290be7293438ae67549638189f/100","MISSING IMAGE","No local image file found for token #0100"
"101","0101","Light Cult Crypto Club #0101","RE-001911","0101-0200","","","items/lccc-0101.html","https://ronenglish-archive.github.io/ron-english-light-cult-0001-1000/items/lccc-0101.html","https://opensea.io/item/ethereum/0xbe85fbd182af91290be7293438ae67549638189f/101","MISSING IMAGE","No local image file found for token #0101"
"102","0102","Light Cult Crypto Club #0102","RE-001912","0101-0200","","","items/lccc-0102.html","https://ronenglish-archive.github.io/ron-english-light-cult-0001-1000/items/lccc-0102.html","https://opensea.io/item/ethereum/0xbe85fbd182af91290be7293438ae67549638189f/102","MISSING IMAGE","No local image file found for token #0102"
"103","0103","Light Cult Crypto Club #0103","RE-001913","0101-0200","","","items/lccc-0103.html","https://ronenglish-archive.github.io/ron-english-light-cult-0001-1000/items/lccc-0103.html","https://opensea.io/item/ethereum/0xbe85fbd182af91290be7293438ae67549638189f/103","MISSING IMAGE","No local image file found for token #0103"
"104","0104","Light Cult Crypto Club #0104","RE-001914","0101-0200","","","items/lccc-0104.html","https://ronenglish-archive.github.io/ron-english-light-cult-0001-1000/items/lccc-0104.html","https://opensea.io/item/ethereum/0xbe85fbd182af91290be7293438ae67549638189f/104","MISSING IMAGE","No local image file found for token #0104"
"105","0105","Light Cult Crypto Club #0105","RE-001915","0101-0200","","","items/lccc-0105.html","https://ronenglish-archive.github.io/ron-english-light-cult-0001-1000/items/lccc-0105.html","https://opensea.io/item/ethereum/0xbe85fbd182af91290be7293438ae67549638189f/105","MISSING IMAGE","No local image file found for token #0105"
"106","0106","Light Cult Crypto Club #0106","RE-001916","0101-0200","","","items/lccc-0106.html","https://ronenglish-archive.github.io/ron-english-light-cult-0001-1000/items/lccc-0106.html","https://opensea.io/item/ethereum/0xbe85fbd182af91290be7293438ae67549638189f/106","MISSING IMAGE","No local image file found for token #0106"
"107","0107","Light Cult Crypto Club #0107","RE-001917","0101-0200","","","items/lccc-0107.html","https://ronenglish-archive.github.io/ron-english-light-cult-0001-1000/items/lccc-0107.html","https://opensea.io/item/ethereum/0xbe85fbd182af91290be7293438ae67549638189f/107","MISSING IMAGE","No local image file found for token #0107"
"108","0108","Light Cult Crypto Club #0108","RE-001918","0101-0200","","","items/lccc-0108.html","https://ronenglish-archive.github.io/ron-english-light-cult-0001-1000/items/lccc-0108.html","https://opensea.io/item/ethereum/0xbe85fbd182af91290be7293438ae67549638189f/108","MISSING IMAGE","No local image file found for token #0108"
"109","0109","Light Cult Crypto Club #0109","RE-001919","0101-0200","","","items/lccc-0109.html","https://ronenglish-archive.github.io/ron-english-light-cult-0001-1000/items/lccc-0109.html","https://opensea.io/item/ethereum/0xbe85fbd182af91290be7293438ae67549638189f/109","MISSING IMAGE","No local image file found for token #0109"
"110","0110","Light Cult Crypto Club #0110","RE-001920","0101-0200","","","items/lccc-0110.html","https://ronenglish-archive.github.io/ron-english-light-cult-0001-1000/items/lccc-0110.html","https://opensea.io/item/ethereum/0xbe85fbd182af91290be7293438ae67549638189f/110","MISSING IMAGE","No local image file found for token #0110"
"111","0111","Light Cult Crypto Club #0111","RE-001921","0101-0200","","","items/lccc-0111.html","https://ronenglish-archive.github.io/ron-english-light-cult-0001-1000/items/lccc-0111.html","https://opensea.io/item/ethereum/0xbe85fbd182af91290be7293438ae67549638189f/111","MISSING IMAGE","No local image file found for token #0111"
"112","0112","Light Cult Crypto Club #0112","RE-001922","0101-0200","","","items/lccc-0112.html","https://ronenglish-archive.github.io/ron-english-light-cult-0001-1000/items/lccc-0112.html","https://opensea.io/item/ethereum/0xbe85fbd182af91290be7293438ae67549638189f/112","MISSING IMAGE","No local image file found for token #0112"
"113","0113","Light Cult Crypto Club #0113","RE-001923","0101-0200","","","items/lccc-0113.html","https://ronenglish-archive.github.io/ron-english-light-cult-0001-1000/items/lccc-0113.html","https://opensea.io/item/ethereum/0xbe85fbd182af91290be7293438ae67549638189f/113","MISSING IMAGE","No local image file found for token #0113"
"114","0114","Light Cult Crypto Club #0114","RE-001924","0101-0200","","","items/lccc-0114.html","https://ronenglish-archive.github.io/ron-english-light-cult-0001-1000/items/lccc-0114.html","https://opensea.io/item/ethereum/0xbe85fbd182af91290be7293438ae67549638189f/114","MISSING IMAGE","No local image file found for token #0114"
"115","0115","Light Cult Crypto Club #0115","RE-001925","0101-0200","","","items/lccc-0115.html","https://ronenglish-archive.github.io/ron-english-light-cult-0001-1000/items/lccc-0115.html","https://opensea.io/item/ethereum/0xbe85fbd182af91290be7293438ae67549638189f/115","MISSING IMAGE","No local image file found for token #0115"
"116","0116","Light Cult Crypto Club #0116","RE-001926","0101-0200","","","items/lccc-0116.html","https://ronenglish-archive.github.io/ron-english-light-cult-0001-1000/items/lccc-0116.html","https://opensea.io/item/ethereum/0xbe85fbd182af91290be7293438ae67549638189f/116","MISSING IMAGE","No local image file found for token #0116"
"117","0117","Light Cult Crypto Club #0117","RE-001927","0101-0200","","","items/lccc-0117.html","https://ronenglish-archive.github.io/ron-english-light-cult-0001-1000/items/lccc-0117.html","https://opensea.io/item/ethereum/0xbe85fbd182af91290be7293438ae67549638189f/117","MISSING IMAGE","No local image file found for token #0117"
"118","0118","Light Cult Crypto Club #0118","RE-001928","0101-0200","","","items/lccc-0118.html","https://ronenglish-archive.github.io/ron-english-light-cult-0001-1000/items/lccc-0118.html","https://opensea.io/item/ethereum/0xbe85fbd182af91290be7293438ae67549638189f/118","MISSING IMAGE","No local image file found for token #0118"
"119","0119","Light Cult Crypto Club #0119","RE-001929","0101-0200","","","items/lccc-0119.html","https://ronenglish-archive.github.io/ron-english-light-cult-0001-1000/items/lccc-0119.html","https://opensea.io/item/ethereum/0xbe85fbd182af91290be7293438ae67549638189f/119","MISSING IMAGE","No local image file found for token #0119"
"120","0120","Light Cult Crypto Club #0120","RE-001930","0101-0200","","","items/lccc-0120.html","https://ronenglish-archive.github.io/ron-english-light-cult-0001-1000/items/lccc-0120.html","https://opensea.io/item/ethereum/0xbe85fbd182af91290be7293438ae67549638189f/120","MISSING IMAGE","No local image file found for token #0120"
"121","0121","Light Cult Crypto Club #0121","RE-001931","0101-0200","","","items/lccc-0121.html","https://ronenglish-archive.github.io/ron-english-light-cult-0001-1000/items/lccc-0121.html","https://opensea.io/item/ethereum/0xbe85fbd182af91290be7293438ae67549638189f/121","MISSING IMAGE","No local image file found for token #0121"
"122","0122","Light Cult Crypto Club #0122","RE-001932","0101-0200","","","items/lccc-0122.html","https://ronenglish-archive.github.io/ron-english-light-cult-0001-1000/items/lccc-0122.html","https://opensea.io/item/ethereum/0xbe85fbd182af91290be7293438ae67549638189f/122","MISSING IMAGE","No local image file found for token #0122"
"123","0123","Light Cult Crypto Club #0123","RE-001933","0101-0200","","","items/lccc-0123.html","https://ronenglish-archive.github.io/ron-english-light-cult-0001-1000/items/lccc-0123.html","https://opensea.io/item/ethereum/0xbe85fbd182af91290be7293438ae67549638189f/123","MISSING IMAGE","No local image file found for token #0123"
"124","0124","Light Cult Crypto Club #0124","RE-001934","0101-0200","","","items/lccc-0124.html","https://ronenglish-archive.github.io/ron-english-light-cult-0001-1000/items/lccc-0124.html","https://opensea.io/item/ethereum/0xbe85fbd182af91290be7293438ae67549638189f/124","MISSING IMAGE","No local image file found for token #0124"
"125","0125","Light Cult Crypto Club #0125","RE-001935","0101-0200","","","items/lccc-0125.html","https://ronenglish-archive.github.io/ron-english-light-cult-0001-1000/items/lccc-0125.html","https://opensea.io/item/ethereum/0xbe85fbd182af91290be7293438ae67549638189f/125","MISSING IMAGE","No local image file found for token #0125"
"126","0126","Light Cult Crypto Club #0126","RE-001936","0101-0200","","","items/lccc-0126.html","https://ronenglish-archive.github.io/ron-english-light-cult-0001-1000/items/lccc-0126.html","https://opensea.io/item/ethereum/0xbe85fbd182af91290be7293438ae67549638189f/126","MISSING IMAGE","No local image file found for token #0126"
"127","0127","Light Cult Crypto Club #0127","RE-001937","0101-0200","","","items/lccc-0127.html","https://ronenglish-archive.github.io/ron-english-light-cult-0001-1000/items/lccc-0127.html","https://opensea.io/item/ethereum/0xbe85fbd182af91290be7293438ae67549638189f/127","MISSING IMAGE","No local image file found for token #0127"
"128","0128","Light Cult Crypto Club #0128","RE-001938","0101-0200","","","items/lccc-0128.html","https://ronenglish-archive.github.io/ron-english-light-cult-0001-1000/items/lccc-0128.html","https://opensea.io/item/ethereum/0xbe85fbd182af91290be7293438ae67549638189f/128","MISSING IMAGE","No local image file found for token #0128"
"129","0129","Light Cult Crypto Club #0129","RE-001939","0101-0200","","","items/lccc-0129.html","https://ronenglish-archive.github.io/ron-english-light-cult-0001-1000/items/lccc-0129.html","https://opensea.io/item/ethereum/0xbe85fbd182af91290be7293438ae67549638189f/129","MISSING IMAGE","No local image file found for token #0129"
"130","0130","Light Cult Crypto Club #0130","RE-001940","0101-0200","","","items/lccc-0130.html","https://ronenglish-archive.github.io/ron-english-light-cult-0001-1000/items/lccc-0130.html","https://opensea.io/item/ethereum/0xbe85fbd182af91290be7293438ae67549638189f/130","MISSING IMAGE","No local image file found for token #0130"
"131","0131","Light Cult Crypto Club #0131","RE-001941","0101-0200","","","items/lccc-0131.html","https://ronenglish-archive.github.io/ron-english-light-cult-0001-1000/items/lccc-0131.html","https://opensea.io/item/ethereum/0xbe85fbd182af91290be7293438ae67549638189f/131","MISSING IMAGE","No local image file found for token #0131"
"132","0132","Light Cult Crypto Club #0132","RE-001942","0101-0200","","","items/lccc-0132.html","https://ronenglish-archive.github.io/ron-english-light-cult-0001-1000/items/lccc-0132.html","https://opensea.io/item/ethereum/0xbe85fbd182af91290be7293438ae67549638189f/132","MISSING IMAGE","No local image file found for token #0132"
"133","0133","Light Cult Crypto Club #0133","RE-001943","0101-0200","","","items/lccc-0133.html","https://ronenglish-archive.github.io/ron-english-light-cult-0001-1000/items/lccc-0133.html","https://opensea.io/item/ethereum/0xbe85fbd182af91290be7293438ae67549638189f/133","MISSING IMAGE","No local image file found for token #0133"
"134","0134","Light Cult Crypto Club #0134","RE-001944","0101-0200","","","items/lccc-0134.html","https://ronenglish-archive.github.io/ron-english-light-cult-0001-1000/items/lccc-0134.html","https://opensea.io/item/ethereum/0xbe85fbd182af91290be7293438ae67549638189f/134","MISSING IMAGE","No local image file found for token #0134"
"135","0135","Light Cult Crypto Club #0135","RE-001945","0101-0200","","","items/lccc-0135.html","https://ronenglish-archive.github.io/ron-english-light-cult-0001-1000/items/lccc-0135.html","https://opensea.io/item/ethereum/0xbe85fbd182af91290be7293438ae67549638189f/135","MISSING IMAGE","No local image file found for token #0135"
"136","0136","Light Cult Crypto Club #0136","RE-001946","0101-0200","","","items/lccc-0136.html","https://ronenglish-archive.github.io/ron-english-light-cult-0001-1000/items/lccc-0136.html","https://opensea.io/item/ethereum/0xbe85fbd182af91290be7293438ae67549638189f/136","MISSING IMAGE","No local image file found for token #0136"
"137","0137","Light Cult Crypto Club #0137","RE-001947","0101-0200","","","items/lccc-0137.html","https://ronenglish-archive.github.io/ron-english-light-cult-0001-1000/items/lccc-0137.html","https://opensea.io/item/ethereum/0xbe85fbd182af91290be7293438ae67549638189f/137","MISSING IMAGE","No local image file found for token #0137"
"138","0138","Light Cult Crypto Club #0138","RE-001948","0101-0200","","","items/lccc-0138.html","https://ronenglish-archive.github.io/ron-english-light-cult-0001-1000/items/lccc-0138.html","https://opensea.io/item/ethereum/0xbe85fbd182af91290be7293438ae67549638189f/138","MISSING IMAGE","No local image file found for token #0138"
"139","0139","Light Cult Crypto Club #0139","RE-001949","0101-0200","","","items/lccc-0139.html","https://ronenglish-archive.github.io/ron-english-light-cult-0001-1000/items/lccc-0139.html","https://opensea.io/item/ethereum/0xbe85fbd182af91290be7293438ae67549638189f/139","MISSING IMAGE","No local image file found for token #0139"
"140","0140","Light Cult Crypto Club #0140","RE-001950","0101-0200","","","items/lccc-0140.html","https://ronenglish-archive.github.io/ron-english-light-cult-0001-1000/items/lccc-0140.html","https://opensea.io/item/ethereum/0xbe85fbd182af91290be7293438ae67549638189f/140","MISSING IMAGE","No local image file found for token #0140"
"141","0141","Light Cult Crypto Club #0141","RE-001951","0101-0200","","","items/lccc-0141.html","https://ronenglish-archive.github.io/ron-english-light-cult-0001-1000/items/lccc-0141.html","https://opensea.io/item/ethereum/0xbe85fbd182af91290be7293438ae67549638189f/141","MISSING IMAGE","No local image file found for token #0141"
"142","0142","Light Cult Crypto Club #0142","RE-001952","0101-0200","","","items/lccc-0142.html","https://ronenglish-archive.github.io/ron-english-light-cult-0001-1000/items/lccc-0142.html","https://opensea.io/item/ethereum/0xbe85fbd182af91290be7293438ae67549638189f/142","MISSING IMAGE","No local image file found for token #0142"
"143","0143","Light Cult Crypto Club #0143","RE-001953","0101-0200","","","items/lccc-0143.html","https://ronenglish-archive.github.io/ron-english-light-cult-0001-1000/items/lccc-0143.html","https://opensea.io/item/ethereum/0xbe85fbd182af91290be7293438ae67549638189f/143","MISSING IMAGE","No local image file found for token #0143"
"144","0144","Light Cult Crypto Club #0144","RE-001954","0101-0200","","","items/lccc-0144.html","https://ronenglish-archive.github.io/ron-english-light-cult-0001-1000/items/lccc-0144.html","https://opensea.io/item/ethereum/0xbe85fbd182af91290be7293438ae67549638189f/144","MISSING IMAGE","No local image file found for token #0144"
"145","0145","Light Cult Crypto Club #0145","RE-001955","0101-0200","","","items/lccc-0145.html","https://ronenglish-archive.github.io/ron-english-light-cult-0001-1000/items/lccc-0145.html","https://opensea.io/item/ethereum/0xbe85fbd182af91290be7293438ae67549638189f/145","MISSING IMAGE","No local image file found for token #0145"
"146","0146","Light Cult Crypto Club #0146","RE-001956","0101-0200","","","items/lccc-0146.html","https://ronenglish-archive.github.io/ron-english-light-cult-0001-1000/items/lccc-0146.html","https://opensea.io/item/ethereum/0xbe85fbd182af91290be7293438ae67549638189f/146","MISSING IMAGE","No local image file found for token #0146"
"147","0147","Light Cult Crypto Club #0147","RE-001957","0101-0200","","","items/lccc-0147.html","https://ronenglish-archive.github.io/ron-english-light-cult-0001-1000/items/lccc-0147.html","https://opensea.io/item/ethereum/0xbe85fbd182af91290be7293438ae67549638189f/147","MISSING IMAGE","No local image file found for token #0147"
"148","0148","Light Cult Crypto Club #0148","RE-001958","0101-0200","","","items/lccc-0148.html","https://ronenglish-archive.github.io/ron-english-light-cult-0001-1000/items/lccc-0148.html","https://opensea.io/item/ethereum/0xbe85fbd182af91290be7293438ae67549638189f/148","MISSING IMAGE","No local image file found for token #0148"
"149","0149","Light Cult Crypto Club #0149","RE-001959","0101-0200","","","items/lccc-0149.html","https://ronenglish-archive.github.io/ron-english-light-cult-0001-1000/items/lccc-0149.html","https://opensea.io/item/ethereum/0xbe85fbd182af91290be7293438ae67549638189f/149","MISSING IMAGE","No local image file found for token #0149"
"150","0150","Light Cult Crypto Club #0150","RE-001960","0101-0200","","","items/lccc-0150.html","https://ronenglish-archive.github.io/ron-english-light-cult-0001-1000/items/lccc-0150.html","https://opensea.io/item/ethereum/0xbe85fbd182af91290be7293438ae67549638189f/150","MISSING IMAGE","No local image file found for token #0150"
"151","0151","Light Cult Crypto Club #0151","RE-001961","0101-0200","","","items/lccc-0151.html","https://ronenglish-archive.github.io/ron-english-light-cult-0001-1000/items/lccc-0151.html","https://opensea.io/item/ethereum/0xbe85fbd182af91290be7293438ae67549638189f/151","MISSING IMAGE","No local image file found for token #0151"
"152","0152","Light Cult Crypto Club #0152","RE-001962","0101-0200","","","items/lccc-0152.html","https://ronenglish-archive.github.io/ron-english-light-cult-0001-1000/items/lccc-0152.html","https://opensea.io/item/ethereum/0xbe85fbd182af91290be7293438ae67549638189f/152","MISSING IMAGE","No local image file found for token #0152"
"153","0153","Light Cult Crypto Club #0153","RE-001963","0101-0200","","","items/lccc-0153.html","https://ronenglish-archive.github.io/ron-english-light-cult-0001-1000/items/lccc-0153.html","https://opensea.io/item/ethereum/0xbe85fbd182af91290be7293438ae67549638189f/153","MISSING IMAGE","No local image file found for token #0153"
"154","0154","Light Cult Crypto Club #0154","RE-001964","0101-0200","","","items/lccc-0154.html","https://ronenglish-archive.github.io/ron-english-light-cult-0001-1000/items/lccc-0154.html","https://opensea.io/item/ethereum/0xbe85fbd182af91290be7293438ae67549638189f/154","MISSING IMAGE","No local image file found for token #0154"
"155","0155","Light Cult Crypto Club #0155","RE-001965","0101-0200","","","items/lccc-0155.html","https://ronenglish-archive.github.io/ron-english-light-cult-0001-1000/items/lccc-0155.html","https://opensea.io/item/ethereum/0xbe85fbd182af91290be7293438ae67549638189f/155","MISSING IMAGE","No local image file found for token #0155"
"156","0156","Light Cult Crypto Club #0156","RE-001966","0101-0200","","","items/lccc-0156.html","https://ronenglish-archive.github.io/ron-english-light-cult-0001-1000/items/lccc-0156.html","https://opensea.io/item/ethereum/0xbe85fbd182af91290be7293438ae67549638189f/156","MISSING IMAGE","No local image file found for token #0156"
"157","0157","Light Cult Crypto Club #0157","RE-001967","0101-0200","","","items/lccc-0157.html","https://ronenglish-archive.github.io/ron-english-light-cult-0001-1000/items/lccc-0157.html","https://opensea.io/item/ethereum/0xbe85fbd182af91290be7293438ae67549638189f/157","MISSING IMAGE","No local image file found for token #0157"
"158","0158","Light Cult Crypto Club #0158","RE-001968","0101-0200","","","items/lccc-0158.html","https://ronenglish-archive.github.io/ron-english-light-cult-0001-1000/items/lccc-0158.html","https://opensea.io/item/ethereum/0xbe85fbd182af91290be7293438ae67549638189f/158","MISSING IMAGE","No local image file found for token #0158"
"159","0159","Light Cult Crypto Club #0159","RE-001969","0101-0200","","","items/lccc-0159.html","https://ronenglish-archive.github.io/ron-english-light-cult-0001-1000/items/lccc-0159.html","https://opensea.io/item/ethereum/0xbe85fbd182af91290be7293438ae67549638189f/159","MISSING IMAGE","No local image file found for token #0159"
"160","0160","Light Cult Crypto Club #0160","RE-001970","0101-0200","","","items/lccc-0160.html","https://ronenglish-archive.github.io/ron-english-light-cult-0001-1000/items/lccc-0160.html","https://opensea.io/item/ethereum/0xbe85fbd182af91290be7293438ae67549638189f/160","MISSING IMAGE","No local image file found for token #0160"
"161","0161","Light Cult Crypto Club #0161","RE-001971","0101-0200","","","items/lccc-0161.html","https://ronenglish-archive.github.io/ron-english-light-cult-0001-1000/items/lccc-0161.html","https://opensea.io/item/ethereum/0xbe85fbd182af91290be7293438ae67549638189f/161","MISSING IMAGE","No local image file found for token #0161"
"162","0162","Light Cult Crypto Club #0162","RE-001972","0101-0200","","","items/lccc-0162.html","https://ronenglish-archive.github.io/ron-english-light-cult-0001-1000/items/lccc-0162.html","https://opensea.io/item/ethereum/0xbe85fbd182af91290be7293438ae67549638189f/162","MISSING IMAGE","No local image file found for token #0162"
"163","0163","Light Cult Crypto Club #0163","RE-001973","0101-0200","","","items/lccc-0163.html","https://ronenglish-archive.github.io/ron-english-light-cult-0001-1000/items/lccc-0163.html","https://opensea.io/item/ethereum/0xbe85fbd182af91290be7293438ae67549638189f/163","MISSING IMAGE","No local image file found for token #0163"
"164","0164","Light Cult Crypto Club #0164","RE-001974","0101-0200","","","items/lccc-0164.html","https://ronenglish-archive.github.io/ron-english-light-cult-0001-1000/items/lccc-0164.html","https://opensea.io/item/ethereum/0xbe85fbd182af91290be7293438ae67549638189f/164","MISSING IMAGE","No local image file found for token #0164"
"165","0165","Light Cult Crypto Club #0165","RE-001975","0101-0200","","","items/lccc-0165.html","https://ronenglish-archive.github.io/ron-english-light-cult-0001-1000/items/lccc-0165.html","https://opensea.io/item/ethereum/0xbe85fbd182af91290be7293438ae67549638189f/165","MISSING IMAGE","No local image file found for token #0165"
"166","0166","Light Cult Crypto Club #0166","RE-001976","0101-0200","","","items/lccc-0166.html","https://ronenglish-archive.github.io/ron-english-light-cult-0001-1000/items/lccc-0166.html","https://opensea.io/item/ethereum/0xbe85fbd182af91290be7293438ae67549638189f/166","MISSING IMAGE","No local image file found for token #0166"
"167","0167","Light Cult Crypto Club #0167","RE-001977","0101-0200","","","items/lccc-0167.html","https://ronenglish-archive.github.io/ron-english-light-cult-0001-1000/items/lccc-0167.html","https://opensea.io/item/ethereum/0xbe85fbd182af91290be7293438ae67549638189f/167","MISSING IMAGE","No local image file found for token #0167"
"168","0168","Light Cult Crypto Club #0168","RE-001978","0101-0200","","","items/lccc-0168.html","https://ronenglish-archive.github.io/ron-english-light-cult-0001-1000/items/lccc-0168.html","https://opensea.io/item/ethereum/0xbe85fbd182af91290be7293438ae67549638189f/168","MISSING IMAGE","No local image file found for token #0168"
"169","0169","Light Cult Crypto Club #0169","RE-001979","0101-0200","","","items/lccc-0169.html","https://ronenglish-archive.github.io/ron-english-light-cult-0001-1000/items/lccc-0169.html","https://opensea.io/item/ethereum/0xbe85fbd182af91290be7293438ae67549638189f/169","MISSING IMAGE","No local image file found for token #0169"
"170","0170","Light Cult Crypto Club #0170","RE-001980","0101-0200","","","items/lccc-0170.html","https://ronenglish-archive.github.io/ron-english-light-cult-0001-1000/items/lccc-0170.html","https://opensea.io/item/ethereum/0xbe85fbd182af91290be7293438ae67549638189f/170","MISSING IMAGE","No local image file found for token #0170"
"171","0171","Light Cult Crypto Club #0171","RE-001981","0101-0200","","","items/lccc-0171.html","https://ronenglish-archive.github.io/ron-english-light-cult-0001-1000/items/lccc-0171.html","https://opensea.io/item/ethereum/0xbe85fbd182af91290be7293438ae67549638189f/171","MISSING IMAGE","No local image file found for token #0171"
"172","0172","Light Cult Crypto Club #0172","RE-001982","0101-0200","","","items/lccc-0172.html","https://ronenglish-archive.github.io/ron-english-light-cult-0001-1000/items/lccc-0172.html","https://opensea.io/item/ethereum/0xbe85fbd182af91290be7293438ae67549638189f/172","MISSING IMAGE","No local image file found for token #0172"
"173","0173","Light Cult Crypto Club #0173","RE-001983","0101-0200","","","items/lccc-0173.html","https://ronenglish-archive.github.io/ron-english-light-cult-0001-1000/items/lccc-0173.html","https://opensea.io/item/ethereum/0xbe85fbd182af91290be7293438ae67549638189f/173","MISSING IMAGE","No local image file found for token #0173"
"174","0174","Light Cult Crypto Club #0174","RE-001984","0101-0200","","","items/lccc-0174.html","https://ronenglish-archive.github.io/ron-english-light-cult-0001-1000/items/lccc-0174.html","https://opensea.io/item/ethereum/0xbe85fbd182af91290be7293438ae67549638189f/174","MISSING IMAGE","No local image file found for token #0174"
"175","0175","Light Cult Crypto Club #0175","RE-001985","0101-0200","","","items/lccc-0175.html","https://ronenglish-archive.github.io/ron-english-light-cult-0001-1000/items/lccc-0175.html","https://opensea.io/item/ethereum/0xbe85fbd182af91290be7293438ae67549638189f/175","MISSING IMAGE","No local image file found for token #0175"
"176","0176","Light Cult Crypto Club #0176","RE-001986","0101-0200","","","items/lccc-0176.html","https://ronenglish-archive.github.io/ron-english-light-cult-0001-1000/items/lccc-0176.html","https://opensea.io/item/ethereum/0xbe85fbd182af91290be7293438ae67549638189f/176","MISSING IMAGE","No local image file found for token #0176"
"177","0177","Light Cult Crypto Club #0177","RE-001987","0101-0200","","","items/lccc-0177.html","https://ronenglish-archive.github.io/ron-english-light-cult-0001-1000/items/lccc-0177.html","https://opensea.io/item/ethereum/0xbe85fbd182af91290be7293438ae67549638189f/177","MISSING IMAGE","No local image file found for token #0177"
"178","0178","Light Cult Crypto Club #0178","RE-001988","0101-0200","","","items/lccc-0178.html","https://ronenglish-archive.github.io/ron-english-light-cult-0001-1000/items/lccc-0178.html","https://opensea.io/item/ethereum/0xbe85fbd182af91290be7293438ae67549638189f/178","MISSING IMAGE","No local image file found for token #0178"
"179","0179","Light Cult Crypto Club #0179","RE-001989","0101-0200","","","items/lccc-0179.html","https://ronenglish-archive.github.io/ron-english-light-cult-0001-1000/items/lccc-0179.html","https://opensea.io/item/ethereum/0xbe85fbd182af91290be7293438ae67549638189f/179","MISSING IMAGE","No local image file found for token #0179"
"180","0180","Light Cult Crypto Club #0180","RE-001990","0101-0200","","","items/lccc-0180.html","https://ronenglish-archive.github.io/ron-english-light-cult-0001-1000/items/lccc-0180.html","https://opensea.io/item/ethereum/0xbe85fbd182af91290be7293438ae67549638189f/180","MISSING IMAGE","No local image file found for token #0180"
"181","0181","Light Cult Crypto Club #0181","RE-001991","0101-0200","","","items/lccc-0181.html","https://ronenglish-archive.github.io/ron-english-light-cult-0001-1000/items/lccc-0181.html","https://opensea.io/item/ethereum/0xbe85fbd182af91290be7293438ae67549638189f/181","MISSING IMAGE","No local image file found for token #0181"
"182","0182","Light Cult Crypto Club #0182","RE-001992","0101-0200","","","items/lccc-0182.html","https://ronenglish-archive.github.io/ron-english-light-cult-0001-1000/items/lccc-0182.html","https://opensea.io/item/ethereum/0xbe85fbd182af91290be7293438ae67549638189f/182","MISSING IMAGE","No local image file found for token #0182"
"183","0183","Light Cult Crypto Club #0183","RE-001993","0101-0200","","","items/lccc-0183.html","https://ronenglish-archive.github.io/ron-english-light-cult-0001-1000/items/lccc-0183.html","https://opensea.io/item/ethereum/0xbe85fbd182af91290be7293438ae67549638189f/183","MISSING IMAGE","No local image file found for token #0183"
"184","0184","Light Cult Crypto Club #0184","RE-001994","0101-0200","","","items/lccc-0184.html","https://ronenglish-archive.github.io/ron-english-light-cult-0001-1000/items/lccc-0184.html","https://opensea.io/item/ethereum/0xbe85fbd182af91290be7293438ae67549638189f/184","MISSING IMAGE","No local image file found for token #0184"
"185","0185","Light Cult Crypto Club #0185","RE-001995","0101-0200","","","items/lccc-0185.html","https://ronenglish-archive.github.io/ron-english-light-cult-0001-1000/items/lccc-0185.html","https://opensea.io/item/ethereum/0xbe85fbd182af91290be7293438ae67549638189f/185","MISSING IMAGE","No local image file found for token #0185"
"186","0186","Light Cult Crypto Club #0186","RE-001996","0101-0200","","","items/lccc-0186.html","https://ronenglish-archive.github.io/ron-english-light-cult-0001-1000/items/lccc-0186.html","https://opensea.io/item/ethereum/0xbe85fbd182af91290be7293438ae67549638189f/186","MISSING IMAGE","No local image file found for token #0186"
"187","0187","Light Cult Crypto Club #0187","RE-001997","0101-0200","","","items/lccc-0187.html","https://ronenglish-archive.github.io/ron-english-light-cult-0001-1000/items/lccc-0187.html","https://opensea.io/item/ethereum/0xbe85fbd182af91290be7293438ae67549638189f/187","MISSING IMAGE","No local image file found for token #0187"
"188","0188","Light Cult Crypto Club #0188","RE-001998","0101-0200","","","items/lccc-0188.html","https://ronenglish-archive.github.io/ron-english-light-cult-0001-1000/items/lccc-0188.html","https://opensea.io/item/ethereum/0xbe85fbd182af91290be7293438ae67549638189f/188","MISSING IMAGE","No local image file found for token #0188"
"189","0189","Light Cult Crypto Club #0189","RE-001999","0101-0200","","","items/lccc-0189.html","https://ronenglish-archive.github.io/ron-english-light-cult-0001-1000/items/lccc-0189.html","https://opensea.io/item/ethereum/0xbe85fbd182af91290be7293438ae67549638189f/189","MISSING IMAGE","No local image file found for token #0189"
"190","0190","Light Cult Crypto Club #0190","RE-002000","0101-0200","","","items/lccc-0190.html","https://ronenglish-archive.github.io/ron-english-light-cult-0001-1000/items/lccc-0190.html","https://opensea.io/item/ethereum/0xbe85fbd182af91290be7293438ae67549638189f/190","MISSING IMAGE","No local image file found for token #0190"
"191","0191","Light Cult Crypto Club #0191","RE-002001","0101-0200","","","items/lccc-0191.html","https://ronenglish-archive.github.io/ron-english-light-cult-0001-1000/items/lccc-0191.html","https://opensea.io/item/ethereum/0xbe85fbd182af91290be7293438ae67549638189f/191","MISSING IMAGE","No local image file found for token #0191"
"192","0192","Light Cult Crypto Club #0192","RE-002002","0101-0200","","","items/lccc-0192.html","https://ronenglish-archive.github.io/ron-english-light-cult-0001-1000/items/lccc-0192.html","https://opensea.io/item/ethereum/0xbe85fbd182af91290be7293438ae67549638189f/192","MISSING IMAGE","No local image file found for token #0192"
"193","0193","Light Cult Crypto Club #0193","RE-002003","0101-0200","","","items/lccc-0193.html","https://ronenglish-archive.github.io/ron-english-light-cult-0001-1000/items/lccc-0193.html","https://opensea.io/item/ethereum/0xbe85fbd182af91290be7293438ae67549638189f/193","MISSING IMAGE","No local image file found for token #0193"
"194","0194","Light Cult Crypto Club #0194","RE-002004","0101-0200","","","items/lccc-0194.html","https://ronenglish-archive.github.io/ron-english-light-cult-0001-1000/items/lccc-0194.html","https://opensea.io/item/ethereum/0xbe85fbd182af91290be7293438ae67549638189f/194","MISSING IMAGE","No local image file found for token #0194"
"195","0195","Light Cult Crypto Club #0195","RE-002005","0101-0200","","","items/lccc-0195.html","https://ronenglish-archive.github.io/ron-english-light-cult-0001-1000/items/lccc-0195.html","https://opensea.io/item/ethereum/0xbe85fbd182af91290be7293438ae67549638189f/195","MISSING IMAGE","No local image file found for token #0195"
"196","0196","Light Cult Crypto Club #0196","RE-002006","0101-0200","","","items/lccc-0196.html","https://ronenglish-archive.github.io/ron-english-light-cult-0001-1000/items/lccc-0196.html","https://opensea.io/item/ethereum/0xbe85fbd182af91290be7293438ae67549638189f/196","MISSING IMAGE","No local image file found for token #0196"
"197","0197","Light Cult Crypto Club #0197","RE-002007","0101-0200","","","items/lccc-0197.html","https://ronenglish-archive.github.io/ron-english-light-cult-0001-1000/items/lccc-0197.html","https://opensea.io/item/ethereum/0xbe85fbd182af91290be7293438ae67549638189f/197","MISSING IMAGE","No local image file found for token #0197"
"198","0198","Light Cult Crypto Club #0198","RE-002008","0101-0200","","","items/lccc-0198.html","https://ronenglish-archive.github.io/ron-english-light-cult-0001-1000/items/lccc-0198.html","https://opensea.io/item/ethereum/0xbe85fbd182af91290be7293438ae67549638189f/198","MISSING IMAGE","No local image file found for token #0198"
"199","0199","Light Cult Crypto Club #0199","RE-002009","0101-0200","","","items/lccc-0199.html","https://ronenglish-archive.github.io/ron-english-light-cult-0001-1000/items/lccc-0199.html","https://opensea.io/item/ethereum/0xbe85fbd182af91290be7293438ae67549638189f/199","MISSING IMAGE","No local image file found for token #0199"
"200","0200","Light Cult Crypto Club #0200","RE-002010","0101-0200","","","items/lccc-0200.html","https://ronenglish-archive.github.io/ron-english-light-cult-0001-1000/items/lccc-0200.html","https://opensea.io/item/ethereum/0xbe85fbd182af91290be7293438ae67549638189f/200","MISSING IMAGE","No local image file found for token #0200"
"201","0201","Light Cult Crypto Club #0201","RE-002011","0201-0300","","","items/lccc-0201.html","https://ronenglish-archive.github.io/ron-english-light-cult-0001-1000/items/lccc-0201.html","https://opensea.io/item/ethereum/0xbe85fbd182af91290be7293438ae67549638189f/201","MISSING IMAGE","No local image file found for token #0201"
"202","0202","Light Cult Crypto Club #0202","RE-002012","0201-0300","","","items/lccc-0202.html","https://ronenglish-archive.github.io/ron-english-light-cult-0001-1000/items/lccc-0202.html","https://opensea.io/item/ethereum/0xbe85fbd182af91290be7293438ae67549638189f/202","MISSING IMAGE","No local image file found for token #0202"
"203","0203","Light Cult Crypto Club #0203","RE-002013","0201-0300","","","items/lccc-0203.html","https://ronenglish-archive.github.io/ron-english-light-cult-0001-1000/items/lccc-0203.html","https://opensea.io/item/ethereum/0xbe85fbd182af91290be7293438ae67549638189f/203","MISSING IMAGE","No local image file found for token #0203"
"204","0204","Light Cult Crypto Club #0204","RE-002014","0201-0300","","","items/lccc-0204.html","https://ronenglish-archive.github.io/ron-english-light-cult-0001-1000/items/lccc-0204.html","https://opensea.io/item/ethereum/0xbe85fbd182af91290be7293438ae67549638189f/204","MISSING IMAGE","No local image file found for token #0204"
"205","0205","Light Cult Crypto Club #0205","RE-002015","0201-0300","","","items/lccc-0205.html","https://ronenglish-archive.github.io/ron-english-light-cult-0001-1000/items/lccc-0205.html","https://opensea.io/item/ethereum/0xbe85fbd182af91290be7293438ae67549638189f/205","MISSING IMAGE","No local image file found for token #0205"
"206","0206","Light Cult Crypto Club #0206","RE-002016","0201-0300","","","items/lccc-0206.html","https://ronenglish-archive.github.io/ron-english-light-cult-0001-1000/items/lccc-0206.html","https://opensea.io/item/ethereum/0xbe85fbd182af91290be7293438ae67549638189f/206","MISSING IMAGE","No local image file found for token #0206"
"207","0207","Light Cult Crypto Club #0207","RE-002017","0201-0300","","","items/lccc-0207.html","https://ronenglish-archive.github.io/ron-english-light-cult-0001-1000/items/lccc-0207.html","https://opensea.io/item/ethereum/0xbe85fbd182af91290be7293438ae67549638189f/207","MISSING IMAGE","No local image file found for token #0207"
"208","0208","Light Cult Crypto Club #0208","RE-002018","0201-0300","","","items/lccc-0208.html","https://ronenglish-archive.github.io/ron-english-light-cult-0001-1000/items/lccc-0208.html","https://opensea.io/item/ethereum/0xbe85fbd182af91290be7293438ae67549638189f/208","MISSING IMAGE","No local image file found for token #0208"
"209","0209","Light Cult Crypto Club #0209","RE-002019","0201-0300","","","items/lccc-0209.html","https://ronenglish-archive.github.io/ron-english-light-cult-0001-1000/items/lccc-0209.html","https://opensea.io/item/ethereum/0xbe85fbd182af91290be7293438ae67549638189f/209","MISSING IMAGE","No local image file found for token #0209"
"210","0210","Light Cult Crypto Club #0210","RE-002020","0201-0300","","","items/lccc-0210.html","https://ronenglish-archive.github.io/ron-english-light-cult-0001-1000/items/lccc-0210.html","https://opensea.io/item/ethereum/0xbe85fbd182af91290be7293438ae67549638189f/210","MISSING IMAGE","No local image file found for token #0210"
"211","0211","Light Cult Crypto Club #0211","RE-002021","0201-0300","","","items/lccc-0211.html","https://ronenglish-archive.github.io/ron-english-light-cult-0001-1000/items/lccc-0211.html","https://opensea.io/item/ethereum/0xbe85fbd182af91290be7293438ae67549638189f/211","MISSING IMAGE","No local image file found for token #0211"
"212","0212","Light Cult Crypto Club #0212","RE-002022","0201-0300","","","items/lccc-0212.html","https://ronenglish-archive.github.io/ron-english-light-cult-0001-1000/items/lccc-0212.html","https://opensea.io/item/ethereum/0xbe85fbd182af91290be7293438ae67549638189f/212","MISSING IMAGE","No local image file found for token #0212"
"213","0213","Light Cult Crypto Club #0213","RE-002023","0201-0300","","","items/lccc-0213.html","https://ronenglish-archive.github.io/ron-english-light-cult-0001-1000/items/lccc-0213.html","https://opensea.io/item/ethereum/0xbe85fbd182af91290be7293438ae67549638189f/213","MISSING IMAGE","No local image file found for token #0213"
"214","0214","Light Cult Crypto Club #0214","RE-002024","0201-0300","","","items/lccc-0214.html","https://ronenglish-archive.github.io/ron-english-light-cult-0001-1000/items/lccc-0214.html","https://opensea.io/item/ethereum/0xbe85fbd182af91290be7293438ae67549638189f/214","MISSING IMAGE","No local image file found for token #0214"
"215","0215","Light Cult Crypto Club #0215","RE-002025","0201-0300","","","items/lccc-0215.html","https://ronenglish-archive.github.io/ron-english-light-cult-0001-1000/items/lccc-0215.html","https://opensea.io/item/ethereum/0xbe85fbd182af91290be7293438ae67549638189f/215","MISSING IMAGE","No local image file found for token #0215"
"216","0216","Light Cult Crypto Club #0216","RE-002026","0201-0300","","","items/lccc-0216.html","https://ronenglish-archive.github.io/ron-english-light-cult-0001-1000/items/lccc-0216.html","https://opensea.io/item/ethereum/0xbe85fbd182af91290be7293438ae67549638189f/216","MISSING IMAGE","No local image file found for token #0216"
"217","0217","Light Cult Crypto Club #0217","RE-002027","0201-0300","","","items/lccc-0217.html","https://ronenglish-archive.github.io/ron-english-light-cult-0001-1000/items/lccc-0217.html","https://opensea.io/item/ethereum/0xbe85fbd182af91290be7293438ae67549638189f/217","MISSING IMAGE","No local image file found for token #0217"
"218","0218","Light Cult Crypto Club #0218","RE-002028","0201-0300","","","items/lccc-0218.html","https://ronenglish-archive.github.io/ron-english-light-cult-0001-1000/items/lccc-0218.html","https://opensea.io/item/ethereum/0xbe85fbd182af91290be7293438ae67549638189f/218","MISSING IMAGE","No local image file found for token #0218"
"219","0219","Light Cult Crypto Club #0219","RE-002029","0201-0300","","","items/lccc-0219.html","https://ronenglish-archive.github.io/ron-english-light-cult-0001-1000/items/lccc-0219.html","https://opensea.io/item/ethereum/0xbe85fbd182af91290be7293438ae67549638189f/219","MISSING IMAGE","No local image file found for token #0219"
"220","0220","Light Cult Crypto Club #0220","RE-002030","0201-0300","","","items/lccc-0220.html","https://ronenglish-archive.github.io/ron-english-light-cult-0001-1000/items/lccc-0220.html","https://opensea.io/item/ethereum/0xbe85fbd182af91290be7293438ae67549638189f/220","MISSING IMAGE","No local image file found for token #0220"
"221","0221","Light Cult Crypto Club #0221","RE-002031","0201-0300","","","items/lccc-0221.html","https://ronenglish-archive.github.io/ron-english-light-cult-0001-1000/items/lccc-0221.html","https://opensea.io/item/ethereum/0xbe85fbd182af91290be7293438ae67549638189f/221","MISSING IMAGE","No local image file found for token #0221"
"222","0222","Light Cult Crypto Club #0222","RE-002032","0201-0300","","","items/lccc-0222.html","https://ronenglish-archive.github.io/ron-english-light-cult-0001-1000/items/lccc-0222.html","https://opensea.io/item/ethereum/0xbe85fbd182af91290be7293438ae67549638189f/222","MISSING IMAGE","No local image file found for token #0222"
"223","0223","Light Cult Crypto Club #0223","RE-002033","0201-0300","","","items/lccc-0223.html","https://ronenglish-archive.github.io/ron-english-light-cult-0001-1000/items/lccc-0223.html","https://opensea.io/item/ethereum/0xbe85fbd182af91290be7293438ae67549638189f/223","MISSING IMAGE","No local image file found for token #0223"
"224","0224","Light Cult Crypto Club #0224","RE-002034","0201-0300","","","items/lccc-0224.html","https://ronenglish-archive.github.io/ron-english-light-cult-0001-1000/items/lccc-0224.html","https://opensea.io/item/ethereum/0xbe85fbd182af91290be7293438ae67549638189f/224","MISSING IMAGE","No local image file found for token #0224"
"225","0225","Light Cult Crypto Club #0225","RE-002035","0201-0300","","","items/lccc-0225.html","https://ronenglish-archive.github.io/ron-english-light-cult-0001-1000/items/lccc-0225.html","https://opensea.io/item/ethereum/0xbe85fbd182af91290be7293438ae67549638189f/225","MISSING IMAGE","No local image file found for token #0225"
"226","0226","Light Cult Crypto Club #0226","RE-002036","0201-0300","","","items/lccc-0226.html","https://ronenglish-archive.github.io/ron-english-light-cult-0001-1000/items/lccc-0226.html","https://opensea.io/item/ethereum/0xbe85fbd182af91290be7293438ae67549638189f/226","MISSING IMAGE","No local image file found for token #0226"
"227","0227","Light Cult Crypto Club #0227","RE-002037","0201-0300","","","items/lccc-0227.html","https://ronenglish-archive.github.io/ron-english-light-cult-0001-1000/items/lccc-0227.html","https://opensea.io/item/ethereum/0xbe85fbd182af91290be7293438ae67549638189f/227","MISSING IMAGE","No local image file found for token #0227"
"228","0228","Light Cult Crypto Club #0228","RE-002038","0201-0300","","","items/lccc-0228.html","https://ronenglish-archive.github.io/ron-english-light-cult-0001-1000/items/lccc-0228.html","https://opensea.io/item/ethereum/0xbe85fbd182af91290be7293438ae67549638189f/228","MISSING IMAGE","No local image file found for token #0228"
"229","0229","Light Cult Crypto Club #0229","RE-002039","0201-0300","","","items/lccc-0229.html","https://ronenglish-archive.github.io/ron-english-light-cult-0001-1000/items/lccc-0229.html","https://opensea.io/item/ethereum/0xbe85fbd182af91290be7293438ae67549638189f/229","MISSING IMAGE","No local image file found for token #0229"
"230","0230","Light Cult Crypto Club #0230","RE-002040","0201-0300","","","items/lccc-0230.html","https://ronenglish-archive.github.io/ron-english-light-cult-0001-1000/items/lccc-0230.html","https://opensea.io/item/ethereum/0xbe85fbd182af91290be7293438ae67549638189f/230","MISSING IMAGE","No local image file found for token #0230"
"231","0231","Light Cult Crypto Club #0231","RE-002041","0201-0300","","","items/lccc-0231.html","https://ronenglish-archive.github.io/ron-english-light-cult-0001-1000/items/lccc-0231.html","https://opensea.io/item/ethereum/0xbe85fbd182af91290be7293438ae67549638189f/231","MISSING IMAGE","No local image file found for token #0231"
"232","0232","Light Cult Crypto Club #0232","RE-002042","0201-0300","","","items/lccc-0232.html","https://ronenglish-archive.github.io/ron-english-light-cult-0001-1000/items/lccc-0232.html","https://opensea.io/item/ethereum/0xbe85fbd182af91290be7293438ae67549638189f/232","MISSING IMAGE","No local image file found for token #0232"
"233","0233","Light Cult Crypto Club #0233","RE-002043","0201-0300","","","items/lccc-0233.html","https://ronenglish-archive.github.io/ron-english-light-cult-0001-1000/items/lccc-0233.html","https://opensea.io/item/ethereum/0xbe85fbd182af91290be7293438ae67549638189f/233","MISSING IMAGE","No local image file found for token #0233"
"234","0234","Light Cult Crypto Club #0234","RE-002044","0201-0300","","","items/lccc-0234.html","https://ronenglish-archive.github.io/ron-english-light-cult-0001-1000/items/lccc-0234.html","https://opensea.io/item/ethereum/0xbe85fbd182af91290be7293438ae67549638189f/234","MISSING IMAGE","No local image file found for token #0234"
"235","0235","Light Cult Crypto Club #0235","RE-002045","0201-0300","","","items/lccc-0235.html","https://ronenglish-archive.github.io/ron-english-light-cult-0001-1000/items/lccc-0235.html","https://opensea.io/item/ethereum/0xbe85fbd182af91290be7293438ae67549638189f/235","MISSING IMAGE","No local image file found for token #0235"
"236","0236","Light Cult Crypto Club #0236","RE-002046","0201-0300","","","items/lccc-0236.html","https://ronenglish-archive.github.io/ron-english-light-cult-0001-1000/items/lccc-0236.html","https://opensea.io/item/ethereum/0xbe85fbd182af91290be7293438ae67549638189f/236","MISSING IMAGE","No local image file found for token #0236"
"237","0237","Light Cult Crypto Club #0237","RE-002047","0201-0300","","","items/lccc-0237.html","https://ronenglish-archive.github.io/ron-english-light-cult-0001-1000/items/lccc-0237.html","https://opensea.io/item/ethereum/0xbe85fbd182af91290be7293438ae67549638189f/237","MISSING IMAGE","No local image file found for token #0237"
"238","0238","Light Cult Crypto Club #0238","RE-002048","0201-0300","","","items/lccc-0238.html","https://ronenglish-archive.github.io/ron-english-light-cult-0001-1000/items/lccc-0238.html","https://opensea.io/item/ethereum/0xbe85fbd182af91290be7293438ae67549638189f/238","MISSING IMAGE","No local image file found for token #0238"
"239","0239","Light Cult Crypto Club #0239","RE-002049","0201-0300","","","items/lccc-0239.html","https://ronenglish-archive.github.io/ron-english-light-cult-0001-1000/items/lccc-0239.html","https://opensea.io/item/ethereum/0xbe85fbd182af91290be7293438ae67549638189f/239","MISSING IMAGE","No local image file found for token #0239"
"240","0240","Light Cult Crypto Club #0240","RE-002050","0201-0300","","","items/lccc-0240.html","https://ronenglish-archive.github.io/ron-english-light-cult-0001-1000/items/lccc-0240.html","https://opensea.io/item/ethereum/0xbe85fbd182af91290be7293438ae67549638189f/240","MISSING IMAGE","No local image file found for token #0240"
"241","0241","Light Cult Crypto Club #0241","RE-002051","0201-0300","","","items/lccc-0241.html","https://ronenglish-archive.github.io/ron-english-light-cult-0001-1000/items/lccc-0241.html","https://opensea.io/item/ethereum/0xbe85fbd182af91290be7293438ae67549638189f/241","MISSING IMAGE","No local image file found for token #0241"
"242","0242","Light Cult Crypto Club #0242","RE-002052","0201-0300","","","items/lccc-0242.html","https://ronenglish-archive.github.io/ron-english-light-cult-0001-1000/items/lccc-0242.html","https://opensea.io/item/ethereum/0xbe85fbd182af91290be7293438ae67549638189f/242","MISSING IMAGE","No local image file found for token #0242"
"243","0243","Light Cult Crypto Club #0243","RE-002053","0201-0300","","","items/lccc-0243.html","https://ronenglish-archive.github.io/ron-english-light-cult-0001-1000/items/lccc-0243.html","https://opensea.io/item/ethereum/0xbe85fbd182af91290be7293438ae67549638189f/243","MISSING IMAGE","No local image file found for token #0243"
"244","0244","Light Cult Crypto Club #0244","RE-002054","0201-0300","","","items/lccc-0244.html","https://ronenglish-archive.github.io/ron-english-light-cult-0001-1000/items/lccc-0244.html","https://opensea.io/item/ethereum/0xbe85fbd182af91290be7293438ae67549638189f/244","MISSING IMAGE","No local image file found for token #0244"
"245","0245","Light Cult Crypto Club #0245","RE-002055","0201-0300","","","items/lccc-0245.html","https://ronenglish-archive.github.io/ron-english-light-cult-0001-1000/items/lccc-0245.html","https://opensea.io/item/ethereum/0xbe85fbd182af91290be7293438ae67549638189f/245","MISSING IMAGE","No local image file found for token #0245"
"246","0246","Light Cult Crypto Club #0246","RE-002056","0201-0300","","","items/lccc-0246.html","https://ronenglish-archive.github.io/ron-english-light-cult-0001-1000/items/lccc-0246.html","https://opensea.io/item/ethereum/0xbe85fbd182af91290be7293438ae67549638189f/246","MISSING IMAGE","No local image file found for token #0246"
"247","0247","Light Cult Crypto Club #0247","RE-002057","0201-0300","","","items/lccc-0247.html","https://ronenglish-archive.github.io/ron-english-light-cult-0001-1000/items/lccc-0247.html","https://opensea.io/item/ethereum/0xbe85fbd182af91290be7293438ae67549638189f/247","MISSING IMAGE","No local image file found for token #0247"
"248","0248","Light Cult Crypto Club #0248","RE-002058","0201-0300","","","items/lccc-0248.html","https://ronenglish-archive.github.io/ron-english-light-cult-0001-1000/items/lccc-0248.html","https://opensea.io/item/ethereum/0xbe85fbd182af91290be7293438ae67549638189f/248","MISSING IMAGE","No local image file found for token #0248"
"249","0249","Light Cult Crypto Club #0249","RE-002059","0201-0300","","","items/lccc-0249.html","https://ronenglish-archive.github.io/ron-english-light-cult-0001-1000/items/lccc-0249.html","https://opensea.io/item/ethereum/0xbe85fbd182af91290be7293438ae67549638189f/249","MISSING IMAGE","No local image file found for token #0249"
"250","0250","Light Cult Crypto Club #0250","RE-002060","0201-0300","","","items/lccc-0250.html","https://ronenglish-archive.github.io/ron-english-light-cult-0001-1000/items/lccc-0250.html","https://opensea.io/item/ethereum/0xbe85fbd182af91290be7293438ae67549638189f/250","MISSING IMAGE","No local image file found for token #0250"
"251","0251","Light Cult Crypto Club #0251","RE-002061","0201-0300","","","items/lccc-0251.html","https://ronenglish-archive.github.io/ron-english-light-cult-0001-1000/items/lccc-0251.html","https://opensea.io/item/ethereum/0xbe85fbd182af91290be7293438ae67549638189f/251","MISSING IMAGE","No local image file found for token #0251"
"252","0252","Light Cult Crypto Club #0252","RE-002062","0201-0300","","","items/lccc-0252.html","https://ronenglish-archive.github.io/ron-english-light-cult-0001-1000/items/lccc-0252.html","https://opensea.io/item/ethereum/0xbe85fbd182af91290be7293438ae67549638189f/252","MISSING IMAGE","No local image file found for token #0252"
"253","0253","Light Cult Crypto Club #0253","RE-002063","0201-0300","","","items/lccc-0253.html","https://ronenglish-archive.github.io/ron-english-light-cult-0001-1000/items/lccc-0253.html","https://opensea.io/item/ethereum/0xbe85fbd182af91290be7293438ae67549638189f/253","MISSING IMAGE","No local image file found for token #0253"
"254","0254","Light Cult Crypto Club #0254","RE-002064","0201-0300","","","items/lccc-0254.html","https://ronenglish-archive.github.io/ron-english-light-cult-0001-1000/items/lccc-0254.html","https://opensea.io/item/ethereum/0xbe85fbd182af91290be7293438ae67549638189f/254","MISSING IMAGE","No local image file found for token #0254"
"255","0255","Light Cult Crypto Club #0255","RE-002065","0201-0300","","","items/lccc-0255.html","https://ronenglish-archive.github.io/ron-english-light-cult-0001-1000/items/lccc-0255.html","https://opensea.io/item/ethereum/0xbe85fbd182af91290be7293438ae67549638189f/255","MISSING IMAGE","No local image file found for token #0255"
"256","0256","Light Cult Crypto Club #0256","RE-002066","0201-0300","","","items/lccc-0256.html","https://ronenglish-archive.github.io/ron-english-light-cult-0001-1000/items/lccc-0256.html","https://opensea.io/item/ethereum/0xbe85fbd182af91290be7293438ae67549638189f/256","MISSING IMAGE","No local image file found for token #0256"
"257","0257","Light Cult Crypto Club #0257","RE-002067","0201-0300","","","items/lccc-0257.html","https://ronenglish-archive.github.io/ron-english-light-cult-0001-1000/items/lccc-0257.html","https://opensea.io/item/ethereum/0xbe85fbd182af91290be7293438ae67549638189f/257","MISSING IMAGE","No local image file found for token #0257"
"258","0258","Light Cult Crypto Club #0258","RE-002068","0201-0300","","","items/lccc-0258.html","https://ronenglish-archive.github.io/ron-english-light-cult-0001-1000/items/lccc-0258.html","https://opensea.io/item/ethereum/0xbe85fbd182af91290be7293438ae67549638189f/258","MISSING IMAGE","No local image file found for token #0258"
"259","0259","Light Cult Crypto Club #0259","RE-002069","0201-0300","","","items/lccc-0259.html","https://ronenglish-archive.github.io/ron-english-light-cult-0001-1000/items/lccc-0259.html","https://opensea.io/item/ethereum/0xbe85fbd182af91290be7293438ae67549638189f/259","MISSING IMAGE","No local image file found for token #0259"
"260","0260","Light Cult Crypto Club #0260","RE-002070","0201-0300","","","items/lccc-0260.html","https://ronenglish-archive.github.io/ron-english-light-cult-0001-1000/items/lccc-0260.html","https://opensea.io/item/ethereum/0xbe85fbd182af91290be7293438ae67549638189f/260","MISSING IMAGE","No local image file found for token #0260"
"261","0261","Light Cult Crypto Club #0261","RE-002071","0201-0300","","","items/lccc-0261.html","https://ronenglish-archive.github.io/ron-english-light-cult-0001-1000/items/lccc-0261.html","https://opensea.io/item/ethereum/0xbe85fbd182af91290be7293438ae67549638189f/261","MISSING IMAGE","No local image file found for token #0261"
"262","0262","Light Cult Crypto Club #0262","RE-002072","0201-0300","","","items/lccc-0262.html","https://ronenglish-archive.github.io/ron-english-light-cult-0001-1000/items/lccc-0262.html","https://opensea.io/item/ethereum/0xbe85fbd182af91290be7293438ae67549638189f/262","MISSING IMAGE","No local image file found for token #0262"
"263","0263","Light Cult Crypto Club #0263","RE-002073","0201-0300","","","items/lccc-0263.html","https://ronenglish-archive.github.io/ron-english-light-cult-0001-1000/items/lccc-0263.html","https://opensea.io/item/ethereum/0xbe85fbd182af91290be7293438ae67549638189f/263","MISSING IMAGE","No local image file found for token #0263"
"264","0264","Light Cult Crypto Club #0264","RE-002074","0201-0300","","","items/lccc-0264.html","https://ronenglish-archive.github.io/ron-english-light-cult-0001-1000/items/lccc-0264.html","https://opensea.io/item/ethereum/0xbe85fbd182af91290be7293438ae67549638189f/264","MISSING IMAGE","No local image file found for token #0264"
"265","0265","Light Cult Crypto Club #0265","RE-002075","0201-0300","","","items/lccc-0265.html","https://ronenglish-archive.github.io/ron-english-light-cult-0001-1000/items/lccc-0265.html","https://opensea.io/item/ethereum/0xbe85fbd182af91290be7293438ae67549638189f/265","MISSING IMAGE","No local image file found for token #0265"
"266","0266","Light Cult Crypto Club #0266","RE-002076","0201-0300","","","items/lccc-0266.html","https://ronenglish-archive.github.io/ron-english-light-cult-0001-1000/items/lccc-0266.html","https://opensea.io/item/ethereum/0xbe85fbd182af91290be7293438ae67549638189f/266","MISSING IMAGE","No local image file found for token #0266"
"267","0267","Light Cult Crypto Club #0267","RE-002077","0201-0300","","","items/lccc-0267.html","https://ronenglish-archive.github.io/ron-english-light-cult-0001-1000/items/lccc-0267.html","https://opensea.io/item/ethereum/0xbe85fbd182af91290be7293438ae67549638189f/267","MISSING IMAGE","No local image file found for token #0267"
"268","0268","Light Cult Crypto Club #0268","RE-002078","0201-0300","","","items/lccc-0268.html","https://ronenglish-archive.github.io/ron-english-light-cult-0001-1000/items/lccc-0268.html","https://opensea.io/item/ethereum/0xbe85fbd182af91290be7293438ae67549638189f/268","MISSING IMAGE","No local image file found for token #0268"
"269","0269","Light Cult Crypto Club #0269","RE-002079","0201-0300","","","items/lccc-0269.html","https://ronenglish-archive.github.io/ron-english-light-cult-0001-1000/items/lccc-0269.html","https://opensea.io/item/ethereum/0xbe85fbd182af91290be7293438ae67549638189f/269","MISSING IMAGE","No local image file found for token #0269"
"270","0270","Light Cult Crypto Club #0270","RE-002080","0201-0300","","","items/lccc-0270.html","https://ronenglish-archive.github.io/ron-english-light-cult-0001-1000/items/lccc-0270.html","https://opensea.io/item/ethereum/0xbe85fbd182af91290be7293438ae67549638189f/270","MISSING IMAGE","No local image file found for token #0270"
"271","0271","Light Cult Crypto Club #0271","RE-002081","0201-0300","","","items/lccc-0271.html","https://ronenglish-archive.github.io/ron-english-light-cult-0001-1000/items/lccc-0271.html","https://opensea.io/item/ethereum/0xbe85fbd182af91290be7293438ae67549638189f/271","MISSING IMAGE","No local image file found for token #0271"
"272","0272","Light Cult Crypto Club #0272","RE-002082","0201-0300","","","items/lccc-0272.html","https://ronenglish-archive.github.io/ron-english-light-cult-0001-1000/items/lccc-0272.html","https://opensea.io/item/ethereum/0xbe85fbd182af91290be7293438ae67549638189f/272","MISSING IMAGE","No local image file found for token #0272"
"273","0273","Light Cult Crypto Club #0273","RE-002083","0201-0300","","","items/lccc-0273.html","https://ronenglish-archive.github.io/ron-english-light-cult-0001-1000/items/lccc-0273.html","https://opensea.io/item/ethereum/0xbe85fbd182af91290be7293438ae67549638189f/273","MISSING IMAGE","No local image file found for token #0273"
"274","0274","Light Cult Crypto Club #0274","RE-002084","0201-0300","","","items/lccc-0274.html","https://ronenglish-archive.github.io/ron-english-light-cult-0001-1000/items/lccc-0274.html","https://opensea.io/item/ethereum/0xbe85fbd182af91290be7293438ae67549638189f/274","MISSING IMAGE","No local image file found for token #0274"
"275","0275","Light Cult Crypto Club #0275","RE-002085","0201-0300","","","items/lccc-0275.html","https://ronenglish-archive.github.io/ron-english-light-cult-0001-1000/items/lccc-0275.html","https://opensea.io/item/ethereum/0xbe85fbd182af91290be7293438ae67549638189f/275","MISSING IMAGE","No local image file found for token #0275"
"276","0276","Light Cult Crypto Club #0276","RE-002086","0201-0300","","","items/lccc-0276.html","https://ronenglish-archive.github.io/ron-english-light-cult-0001-1000/items/lccc-0276.html","https://opensea.io/item/ethereum/0xbe85fbd182af91290be7293438ae67549638189f/276","MISSING IMAGE","No local image file found for token #0276"
"277","0277","Light Cult Crypto Club #0277","RE-002087","0201-0300","","","items/lccc-0277.html","https://ronenglish-archive.github.io/ron-english-light-cult-0001-1000/items/lccc-0277.html","https://opensea.io/item/ethereum/0xbe85fbd182af91290be7293438ae67549638189f/277","MISSING IMAGE","No local image file found for token #0277"
"278","0278","Light Cult Crypto Club #0278","RE-002088","0201-0300","","","items/lccc-0278.html","https://ronenglish-archive.github.io/ron-english-light-cult-0001-1000/items/lccc-0278.html","https://opensea.io/item/ethereum/0xbe85fbd182af91290be7293438ae67549638189f/278","MISSING IMAGE","No local image file found for token #0278"
"279","0279","Light Cult Crypto Club #0279","RE-002089","0201-0300","","","items/lccc-0279.html","https://ronenglish-archive.github.io/ron-english-light-cult-0001-1000/items/lccc-0279.html","https://opensea.io/item/ethereum/0xbe85fbd182af91290be7293438ae67549638189f/279","MISSING IMAGE","No local image file found for token #0279"
"280","0280","Light Cult Crypto Club #0280","RE-002090","0201-0300","","","items/lccc-0280.html","https://ronenglish-archive.github.io/ron-english-light-cult-0001-1000/items/lccc-0280.html","https://opensea.io/item/ethereum/0xbe85fbd182af91290be7293438ae67549638189f/280","MISSING IMAGE","No local image file found for token #0280"
"281","0281","Light Cult Crypto Club #0281","RE-002091","0201-0300","","","items/lccc-0281.html","https://ronenglish-archive.github.io/ron-english-light-cult-0001-1000/items/lccc-0281.html","https://opensea.io/item/ethereum/0xbe85fbd182af91290be7293438ae67549638189f/281","MISSING IMAGE","No local image file found for token #0281"
"282","0282","Light Cult Crypto Club #0282","RE-002092","0201-0300","","","items/lccc-0282.html","https://ronenglish-archive.github.io/ron-english-light-cult-0001-1000/items/lccc-0282.html","https://opensea.io/item/ethereum/0xbe85fbd182af91290be7293438ae67549638189f/282","MISSING IMAGE","No local image file found for token #0282"
"283","0283","Light Cult Crypto Club #0283","RE-002093","0201-0300","","","items/lccc-0283.html","https://ronenglish-archive.github.io/ron-english-light-cult-0001-1000/items/lccc-0283.html","https://opensea.io/item/ethereum/0xbe85fbd182af91290be7293438ae67549638189f/283","MISSING IMAGE","No local image file found for token #0283"
"284","0284","Light Cult Crypto Club #0284","RE-002094","0201-0300","","","items/lccc-0284.html","https://ronenglish-archive.github.io/ron-english-light-cult-0001-1000/items/lccc-0284.html","https://opensea.io/item/ethereum/0xbe85fbd182af91290be7293438ae67549638189f/284","MISSING IMAGE","No local image file found for token #0284"
"285","0285","Light Cult Crypto Club #0285","RE-002095","0201-0300","","","items/lccc-0285.html","https://ronenglish-archive.github.io/ron-english-light-cult-0001-1000/items/lccc-0285.html","https://opensea.io/item/ethereum/0xbe85fbd182af91290be7293438ae67549638189f/285","MISSING IMAGE","No local image file found for token #0285"
"286","0286","Light Cult Crypto Club #0286","RE-002096","0201-0300","","","items/lccc-0286.html","https://ronenglish-archive.github.io/ron-english-light-cult-0001-1000/items/lccc-0286.html","https://opensea.io/item/ethereum/0xbe85fbd182af91290be7293438ae67549638189f/286","MISSING IMAGE","No local image file found for token #0286"
"287","0287","Light Cult Crypto Club #0287","RE-002097","0201-0300","","","items/lccc-0287.html","https://ronenglish-archive.github.io/ron-english-light-cult-0001-1000/items/lccc-0287.html","https://opensea.io/item/ethereum/0xbe85fbd182af91290be7293438ae67549638189f/287","MISSING IMAGE","No local image file found for token #0287"
"288","0288","Light Cult Crypto Club #0288","RE-002098","0201-0300","","","items/lccc-0288.html","https://ronenglish-archive.github.io/ron-english-light-cult-0001-1000/items/lccc-0288.html","https://opensea.io/item/ethereum/0xbe85fbd182af91290be7293438ae67549638189f/288","MISSING IMAGE","No local image file found for token #0288"
"289","0289","Light Cult Crypto Club #0289","RE-002099","0201-0300","","","items/lccc-0289.html","https://ronenglish-archive.github.io/ron-english-light-cult-0001-1000/items/lccc-0289.html","https://opensea.io/item/ethereum/0xbe85fbd182af91290be7293438ae67549638189f/289","MISSING IMAGE","No local image file found for token #0289"
"290","0290","Light Cult Crypto Club #0290","RE-002100","0201-0300","","","items/lccc-0290.html","https://ronenglish-archive.github.io/ron-english-light-cult-0001-1000/items/lccc-0290.html","https://opensea.io/item/ethereum/0xbe85fbd182af91290be7293438ae67549638189f/290","MISSING IMAGE","No local image file found for token #0290"
"291","0291","Light Cult Crypto Club #0291","RE-002101","0201-0300","","","items/lccc-0291.html","https://ronenglish-archive.github.io/ron-english-light-cult-0001-1000/items/lccc-0291.html","https://opensea.io/item/ethereum/0xbe85fbd182af91290be7293438ae67549638189f/291","MISSING IMAGE","No local image file found for token #0291"
"292","0292","Light Cult Crypto Club #0292","RE-002102","0201-0300","","","items/lccc-0292.html","https://ronenglish-archive.github.io/ron-english-light-cult-0001-1000/items/lccc-0292.html","https://opensea.io/item/ethereum/0xbe85fbd182af91290be7293438ae67549638189f/292","MISSING IMAGE","No local image file found for token #0292"
"293","0293","Light Cult Crypto Club #0293","RE-002103","0201-0300","","","items/lccc-0293.html","https://ronenglish-archive.github.io/ron-english-light-cult-0001-1000/items/lccc-0293.html","https://opensea.io/item/ethereum/0xbe85fbd182af91290be7293438ae67549638189f/293","MISSING IMAGE","No local image file found for token #0293"
"294","0294","Light Cult Crypto Club #0294","RE-002104","0201-0300","","","items/lccc-0294.html","https://ronenglish-archive.github.io/ron-english-light-cult-0001-1000/items/lccc-0294.html","https://opensea.io/item/ethereum/0xbe85fbd182af91290be7293438ae67549638189f/294","MISSING IMAGE","No local image file found for token #0294"
"295","0295","Light Cult Crypto Club #0295","RE-002105","0201-0300","","","items/lccc-0295.html","https://ronenglish-archive.github.io/ron-english-light-cult-0001-1000/items/lccc-0295.html","https://opensea.io/item/ethereum/0xbe85fbd182af91290be7293438ae67549638189f/295","MISSING IMAGE","No local image file found for token #0295"
"296","0296","Light Cult Crypto Club #0296","RE-002106","0201-0300","","","items/lccc-0296.html","https://ronenglish-archive.github.io/ron-english-light-cult-0001-1000/items/lccc-0296.html","https://opensea.io/item/ethereum/0xbe85fbd182af91290be7293438ae67549638189f/296","MISSING IMAGE","No local image file found for token #0296"
"297","0297","Light Cult Crypto Club #0297","RE-002107","0201-0300","","","items/lccc-0297.html","https://ronenglish-archive.github.io/ron-english-light-cult-0001-1000/items/lccc-0297.html","https://opensea.io/item/ethereum/0xbe85fbd182af91290be7293438ae67549638189f/297","MISSING IMAGE","No local image file found for token #0297"
"298","0298","Light Cult Crypto Club #0298","RE-002108","0201-0300","","","items/lccc-0298.html","https://ronenglish-archive.github.io/ron-english-light-cult-0001-1000/items/lccc-0298.html","https://opensea.io/item/ethereum/0xbe85fbd182af91290be7293438ae67549638189f/298","MISSING IMAGE","No local image file found for token #0298"
"299","0299","Light Cult Crypto Club #0299","RE-002109","0201-0300","","","items/lccc-0299.html","https://ronenglish-archive.github.io/ron-english-light-cult-0001-1000/items/lccc-0299.html","https://opensea.io/item/ethereum/0xbe85fbd182af91290be7293438ae67549638189f/299","MISSING IMAGE","No local image file found for token #0299"
"300","0300","Light Cult Crypto Club #0300","RE-002110","0201-0300","","","items/lccc-0300.html","https://ronenglish-archive.github.io/ron-english-light-cult-0001-1000/items/lccc-0300.html","https://opensea.io/item/ethereum/0xbe85fbd182af91290be7293438ae67549638189f/300","MISSING IMAGE","No local image file found for token #0300"
"301","0301","Light Cult Crypto Club #0301","RE-002111","0301-0400","","","items/lccc-0301.html","https://ronenglish-archive.github.io/ron-english-light-cult-0001-1000/items/lccc-0301.html","https://opensea.io/item/ethereum/0xbe85fbd182af91290be7293438ae67549638189f/301","MISSING IMAGE","No local image file found for token #0301"
"302","0302","Light Cult Crypto Club #0302","RE-002112","0301-0400","","","items/lccc-0302.html","https://ronenglish-archive.github.io/ron-english-light-cult-0001-1000/items/lccc-0302.html","https://opensea.io/item/ethereum/0xbe85fbd182af91290be7293438ae67549638189f/302","MISSING IMAGE","No local image file found for token #0302"
"303","0303","Light Cult Crypto Club #0303","RE-002113","0301-0400","","","items/lccc-0303.html","https://ronenglish-archive.github.io/ron-english-light-cult-0001-1000/items/lccc-0303.html","https://opensea.io/item/ethereum/0xbe85fbd182af91290be7293438ae67549638189f/303","MISSING IMAGE","No local image file found for token #0303"
"304","0304","Light Cult Crypto Club #0304","RE-002114","0301-0400","","","items/lccc-0304.html","https://ronenglish-archive.github.io/ron-english-light-cult-0001-1000/items/lccc-0304.html","https://opensea.io/item/ethereum/0xbe85fbd182af91290be7293438ae67549638189f/304","MISSING IMAGE","No local image file found for token #0304"
"305","0305","Light Cult Crypto Club #0305","RE-002115","0301-0400","","","items/lccc-0305.html","https://ronenglish-archive.github.io/ron-english-light-cult-0001-1000/items/lccc-0305.html","https://opensea.io/item/ethereum/0xbe85fbd182af91290be7293438ae67549638189f/305","MISSING IMAGE","No local image file found for token #0305"
"306","0306","Light Cult Crypto Club #0306","RE-002116","0301-0400","","","items/lccc-0306.html","https://ronenglish-archive.github.io/ron-english-light-cult-0001-1000/items/lccc-0306.html","https://opensea.io/item/ethereum/0xbe85fbd182af91290be7293438ae67549638189f/306","MISSING IMAGE","No local image file found for token #0306"
"307","0307","Light Cult Crypto Club #0307","RE-002117","0301-0400","","","items/lccc-0307.html","https://ronenglish-archive.github.io/ron-english-light-cult-0001-1000/items/lccc-0307.html","https://opensea.io/item/ethereum/0xbe85fbd182af91290be7293438ae67549638189f/307","MISSING IMAGE","No local image file found for token #0307"
"308","0308","Light Cult Crypto Club #0308","RE-002118","0301-0400","","","items/lccc-0308.html","https://ronenglish-archive.github.io/ron-english-light-cult-0001-1000/items/lccc-0308.html","https://opensea.io/item/ethereum/0xbe85fbd182af91290be7293438ae67549638189f/308","MISSING IMAGE","No local image file found for token #0308"
"309","0309","Light Cult Crypto Club #0309","RE-002119","0301-0400","","","items/lccc-0309.html","https://ronenglish-archive.github.io/ron-english-light-cult-0001-1000/items/lccc-0309.html","https://opensea.io/item/ethereum/0xbe85fbd182af91290be7293438ae67549638189f/309","MISSING IMAGE","No local image file found for token #0309"
"310","0310","Light Cult Crypto Club #0310","RE-002120","0301-0400","","","items/lccc-0310.html","https://ronenglish-archive.github.io/ron-english-light-cult-0001-1000/items/lccc-0310.html","https://opensea.io/item/ethereum/0xbe85fbd182af91290be7293438ae67549638189f/310","MISSING IMAGE","No local image file found for token #0310"
"311","0311","Light Cult Crypto Club #0311","RE-002121","0301-0400","","","items/lccc-0311.html","https://ronenglish-archive.github.io/ron-english-light-cult-0001-1000/items/lccc-0311.html","https://opensea.io/item/ethereum/0xbe85fbd182af91290be7293438ae67549638189f/311","MISSING IMAGE","No local image file found for token #0311"
"312","0312","Light Cult Crypto Club #0312","RE-002122","0301-0400","","","items/lccc-0312.html","https://ronenglish-archive.github.io/ron-english-light-cult-0001-1000/items/lccc-0312.html","https://opensea.io/item/ethereum/0xbe85fbd182af91290be7293438ae67549638189f/312","MISSING IMAGE","No local image file found for token #0312"
"313","0313","Light Cult Crypto Club #0313","RE-002123","0301-0400","","","items/lccc-0313.html","https://ronenglish-archive.github.io/ron-english-light-cult-0001-1000/items/lccc-0313.html","https://opensea.io/item/ethereum/0xbe85fbd182af91290be7293438ae67549638189f/313","MISSING IMAGE","No local image file found for token #0313"
"314","0314","Light Cult Crypto Club #0314","RE-002124","0301-0400","","","items/lccc-0314.html","https://ronenglish-archive.github.io/ron-english-light-cult-0001-1000/items/lccc-0314.html","https://opensea.io/item/ethereum/0xbe85fbd182af91290be7293438ae67549638189f/314","MISSING IMAGE","No local image file found for token #0314"
"315","0315","Light Cult Crypto Club #0315","RE-002125","0301-0400","","","items/lccc-0315.html","https://ronenglish-archive.github.io/ron-english-light-cult-0001-1000/items/lccc-0315.html","https://opensea.io/item/ethereum/0xbe85fbd182af91290be7293438ae67549638189f/315","MISSING IMAGE","No local image file found for token #0315"
"316","0316","Light Cult Crypto Club #0316","RE-002126","0301-0400","","","items/lccc-0316.html","https://ronenglish-archive.github.io/ron-english-light-cult-0001-1000/items/lccc-0316.html","https://opensea.io/item/ethereum/0xbe85fbd182af91290be7293438ae67549638189f/316","MISSING IMAGE","No local image file found for token #0316"
"317","0317","Light Cult Crypto Club #0317","RE-002127","0301-0400","","","items/lccc-0317.html","https://ronenglish-archive.github.io/ron-english-light-cult-0001-1000/items/lccc-0317.html","https://opensea.io/item/ethereum/0xbe85fbd182af91290be7293438ae67549638189f/317","MISSING IMAGE","No local image file found for token #0317"
"318","0318","Light Cult Crypto Club #0318","RE-002128","0301-0400","","","items/lccc-0318.html","https://ronenglish-archive.github.io/ron-english-light-cult-0001-1000/items/lccc-0318.html","https://opensea.io/item/ethereum/0xbe85fbd182af91290be7293438ae67549638189f/318","MISSING IMAGE","No local image file found for token #0318"
"319","0319","Light Cult Crypto Club #0319","RE-002129","0301-0400","","","items/lccc-0319.html","https://ronenglish-archive.github.io/ron-english-light-cult-0001-1000/items/lccc-0319.html","https://opensea.io/item/ethereum/0xbe85fbd182af91290be7293438ae67549638189f/319","MISSING IMAGE","No local image file found for token #0319"
"320","0320","Light Cult Crypto Club #0320","RE-002130","0301-0400","","","items/lccc-0320.html","https://ronenglish-archive.github.io/ron-english-light-cult-0001-1000/items/lccc-0320.html","https://opensea.io/item/ethereum/0xbe85fbd182af91290be7293438ae67549638189f/320","MISSING IMAGE","No local image file found for token #0320"
"321","0321","Light Cult Crypto Club #0321","RE-002131","0301-0400","","","items/lccc-0321.html","https://ronenglish-archive.github.io/ron-english-light-cult-0001-1000/items/lccc-0321.html","https://opensea.io/item/ethereum/0xbe85fbd182af91290be7293438ae67549638189f/321","MISSING IMAGE","No local image file found for token #0321"
"322","0322","Light Cult Crypto Club #0322","RE-002132","0301-0400","","","items/lccc-0322.html","https://ronenglish-archive.github.io/ron-english-light-cult-0001-1000/items/lccc-0322.html","https://opensea.io/item/ethereum/0xbe85fbd182af91290be7293438ae67549638189f/322","MISSING IMAGE","No local image file found for token #0322"
"323","0323","Light Cult Crypto Club #0323","RE-002133","0301-0400","","","items/lccc-0323.html","https://ronenglish-archive.github.io/ron-english-light-cult-0001-1000/items/lccc-0323.html","https://opensea.io/item/ethereum/0xbe85fbd182af91290be7293438ae67549638189f/323","MISSING IMAGE","No local image file found for token #0323"
"324","0324","Light Cult Crypto Club #0324","RE-002134","0301-0400","","","items/lccc-0324.html","https://ronenglish-archive.github.io/ron-english-light-cult-0001-1000/items/lccc-0324.html","https://opensea.io/item/ethereum/0xbe85fbd182af91290be7293438ae67549638189f/324","MISSING IMAGE","No local image file found for token #0324"
"325","0325","Light Cult Crypto Club #0325","RE-002135","0301-0400","","","items/lccc-0325.html","https://ronenglish-archive.github.io/ron-english-light-cult-0001-1000/items/lccc-0325.html","https://opensea.io/item/ethereum/0xbe85fbd182af91290be7293438ae67549638189f/325","MISSING IMAGE","No local image file found for token #0325"
"326","0326","Light Cult Crypto Club #0326","RE-002136","0301-0400","","","items/lccc-0326.html","https://ronenglish-archive.github.io/ron-english-light-cult-0001-1000/items/lccc-0326.html","https://opensea.io/item/ethereum/0xbe85fbd182af91290be7293438ae67549638189f/326","MISSING IMAGE","No local image file found for token #0326"
"327","0327","Light Cult Crypto Club #0327","RE-002137","0301-0400","","","items/lccc-0327.html","https://ronenglish-archive.github.io/ron-english-light-cult-0001-1000/items/lccc-0327.html","https://opensea.io/item/ethereum/0xbe85fbd182af91290be7293438ae67549638189f/327","MISSING IMAGE","No local image file found for token #0327"
"328","0328","Light Cult Crypto Club #0328","RE-002138","0301-0400","","","items/lccc-0328.html","https://ronenglish-archive.github.io/ron-english-light-cult-0001-1000/items/lccc-0328.html","https://opensea.io/item/ethereum/0xbe85fbd182af91290be7293438ae67549638189f/328","MISSING IMAGE","No local image file found for token #0328"
"329","0329","Light Cult Crypto Club #0329","RE-002139","0301-0400","","","items/lccc-0329.html","https://ronenglish-archive.github.io/ron-english-light-cult-0001-1000/items/lccc-0329.html","https://opensea.io/item/ethereum/0xbe85fbd182af91290be7293438ae67549638189f/329","MISSING IMAGE","No local image file found for token #0329"
"330","0330","Light Cult Crypto Club #0330","RE-002140","0301-0400","","","items/lccc-0330.html","https://ronenglish-archive.github.io/ron-english-light-cult-0001-1000/items/lccc-0330.html","https://opensea.io/item/ethereum/0xbe85fbd182af91290be7293438ae67549638189f/330","MISSING IMAGE","No local image file found for token #0330"
"331","0331","Light Cult Crypto Club #0331","RE-002141","0301-0400","","","items/lccc-0331.html","https://ronenglish-archive.github.io/ron-english-light-cult-0001-1000/items/lccc-0331.html","https://opensea.io/item/ethereum/0xbe85fbd182af91290be7293438ae67549638189f/331","MISSING IMAGE","No local image file found for token #0331"
"332","0332","Light Cult Crypto Club #0332","RE-002142","0301-0400","","","items/lccc-0332.html","https://ronenglish-archive.github.io/ron-english-light-cult-0001-1000/items/lccc-0332.html","https://opensea.io/item/ethereum/0xbe85fbd182af91290be7293438ae67549638189f/332","MISSING IMAGE","No local image file found for token #0332"
"333","0333","Light Cult Crypto Club #0333","RE-002143","0301-0400","","","items/lccc-0333.html","https://ronenglish-archive.github.io/ron-english-light-cult-0001-1000/items/lccc-0333.html","https://opensea.io/item/ethereum/0xbe85fbd182af91290be7293438ae67549638189f/333","MISSING IMAGE","No local image file found for token #0333"
"334","0334","Light Cult Crypto Club #0334","RE-002144","0301-0400","","","items/lccc-0334.html","https://ronenglish-archive.github.io/ron-english-light-cult-0001-1000/items/lccc-0334.html","https://opensea.io/item/ethereum/0xbe85fbd182af91290be7293438ae67549638189f/334","MISSING IMAGE","No local image file found for token #0334"
"335","0335","Light Cult Crypto Club #0335","RE-002145","0301-0400","","","items/lccc-0335.html","https://ronenglish-archive.github.io/ron-english-light-cult-0001-1000/items/lccc-0335.html","https://opensea.io/item/ethereum/0xbe85fbd182af91290be7293438ae67549638189f/335","MISSING IMAGE","No local image file found for token #0335"
"336","0336","Light Cult Crypto Club #0336","RE-002146","0301-0400","","","items/lccc-0336.html","https://ronenglish-archive.github.io/ron-english-light-cult-0001-1000/items/lccc-0336.html","https://opensea.io/item/ethereum/0xbe85fbd182af91290be7293438ae67549638189f/336","MISSING IMAGE","No local image file found for token #0336"
"337","0337","Light Cult Crypto Club #0337","RE-002147","0301-0400","","","items/lccc-0337.html","https://ronenglish-archive.github.io/ron-english-light-cult-0001-1000/items/lccc-0337.html","https://opensea.io/item/ethereum/0xbe85fbd182af91290be7293438ae67549638189f/337","MISSING IMAGE","No local image file found for token #0337"
"338","0338","Light Cult Crypto Club #0338","RE-002148","0301-0400","","","items/lccc-0338.html","https://ronenglish-archive.github.io/ron-english-light-cult-0001-1000/items/lccc-0338.html","https://opensea.io/item/ethereum/0xbe85fbd182af91290be7293438ae67549638189f/338","MISSING IMAGE","No local image file found for token #0338"
"339","0339","Light Cult Crypto Club #0339","RE-002149","0301-0400","","","items/lccc-0339.html","https://ronenglish-archive.github.io/ron-english-light-cult-0001-1000/items/lccc-0339.html","https://opensea.io/item/ethereum/0xbe85fbd182af91290be7293438ae67549638189f/339","MISSING IMAGE","No local image file found for token #0339"
"340","0340","Light Cult Crypto Club #0340","RE-002150","0301-0400","","","items/lccc-0340.html","https://ronenglish-archive.github.io/ron-english-light-cult-0001-1000/items/lccc-0340.html","https://opensea.io/item/ethereum/0xbe85fbd182af91290be7293438ae67549638189f/340","MISSING IMAGE","No local image file found for token #0340"
"341","0341","Light Cult Crypto Club #0341","RE-002151","0301-0400","","","items/lccc-0341.html","https://ronenglish-archive.github.io/ron-english-light-cult-0001-1000/items/lccc-0341.html","https://opensea.io/item/ethereum/0xbe85fbd182af91290be7293438ae67549638189f/341","MISSING IMAGE","No local image file found for token #0341"
"342","0342","Light Cult Crypto Club #0342","RE-002152","0301-0400","","","items/lccc-0342.html","https://ronenglish-archive.github.io/ron-english-light-cult-0001-1000/items/lccc-0342.html","https://opensea.io/item/ethereum/0xbe85fbd182af91290be7293438ae67549638189f/342","MISSING IMAGE","No local image file found for token #0342"
"343","0343","Light Cult Crypto Club #0343","RE-002153","0301-0400","","","items/lccc-0343.html","https://ronenglish-archive.github.io/ron-english-light-cult-0001-1000/items/lccc-0343.html","https://opensea.io/item/ethereum/0xbe85fbd182af91290be7293438ae67549638189f/343","MISSING IMAGE","No local image file found for token #0343"
"344","0344","Light Cult Crypto Club #0344","RE-002154","0301-0400","","","items/lccc-0344.html","https://ronenglish-archive.github.io/ron-english-light-cult-0001-1000/items/lccc-0344.html","https://opensea.io/item/ethereum/0xbe85fbd182af91290be7293438ae67549638189f/344","MISSING IMAGE","No local image file found for token #0344"
"345","0345","Light Cult Crypto Club #0345","RE-002155","0301-0400","","","items/lccc-0345.html","https://ronenglish-archive.github.io/ron-english-light-cult-0001-1000/items/lccc-0345.html","https://opensea.io/item/ethereum/0xbe85fbd182af91290be7293438ae67549638189f/345","MISSING IMAGE","No local image file found for token #0345"
"346","0346","Light Cult Crypto Club #0346","RE-002156","0301-0400","","","items/lccc-0346.html","https://ronenglish-archive.github.io/ron-english-light-cult-0001-1000/items/lccc-0346.html","https://opensea.io/item/ethereum/0xbe85fbd182af91290be7293438ae67549638189f/346","MISSING IMAGE","No local image file found for token #0346"
"347","0347","Light Cult Crypto Club #0347","RE-002157","0301-0400","","","items/lccc-0347.html","https://ronenglish-archive.github.io/ron-english-light-cult-0001-1000/items/lccc-0347.html","https://opensea.io/item/ethereum/0xbe85fbd182af91290be7293438ae67549638189f/347","MISSING IMAGE","No local image file found for token #0347"
"348","0348","Light Cult Crypto Club #0348","RE-002158","0301-0400","","","items/lccc-0348.html","https://ronenglish-archive.github.io/ron-english-light-cult-0001-1000/items/lccc-0348.html","https://opensea.io/item/ethereum/0xbe85fbd182af91290be7293438ae67549638189f/348","MISSING IMAGE","No local image file found for token #0348"
"349","0349","Light Cult Crypto Club #0349","RE-002159","0301-0400","","","items/lccc-0349.html","https://ronenglish-archive.github.io/ron-english-light-cult-0001-1000/items/lccc-0349.html","https://opensea.io/item/ethereum/0xbe85fbd182af91290be7293438ae67549638189f/349","MISSING IMAGE","No local image file found for token #0349"
"350","0350","Light Cult Crypto Club #0350","RE-002160","0301-0400","","","items/lccc-0350.html","https://ronenglish-archive.github.io/ron-english-light-cult-0001-1000/items/lccc-0350.html","https://opensea.io/item/ethereum/0xbe85fbd182af91290be7293438ae67549638189f/350","MISSING IMAGE","No local image file found for token #0350"
"351","0351","Light Cult Crypto Club #0351","RE-002161","0301-0400","","","items/lccc-0351.html","https://ronenglish-archive.github.io/ron-english-light-cult-0001-1000/items/lccc-0351.html","https://opensea.io/item/ethereum/0xbe85fbd182af91290be7293438ae67549638189f/351","MISSING IMAGE","No local image file found for token #0351"
"352","0352","Light Cult Crypto Club #0352","RE-002162","0301-0400","","","items/lccc-0352.html","https://ronenglish-archive.github.io/ron-english-light-cult-0001-1000/items/lccc-0352.html","https://opensea.io/item/ethereum/0xbe85fbd182af91290be7293438ae67549638189f/352","MISSING IMAGE","No local image file found for token #0352"
"353","0353","Light Cult Crypto Club #0353","RE-002163","0301-0400","","","items/lccc-0353.html","https://ronenglish-archive.github.io/ron-english-light-cult-0001-1000/items/lccc-0353.html","https://opensea.io/item/ethereum/0xbe85fbd182af91290be7293438ae67549638189f/353","MISSING IMAGE","No local image file found for token #0353"
"354","0354","Light Cult Crypto Club #0354","RE-002164","0301-0400","","","items/lccc-0354.html","https://ronenglish-archive.github.io/ron-english-light-cult-0001-1000/items/lccc-0354.html","https://opensea.io/item/ethereum/0xbe85fbd182af91290be7293438ae67549638189f/354","MISSING IMAGE","No local image file found for token #0354"
"355","0355","Light Cult Crypto Club #0355","RE-002165","0301-0400","","","items/lccc-0355.html","https://ronenglish-archive.github.io/ron-english-light-cult-0001-1000/items/lccc-0355.html","https://opensea.io/item/ethereum/0xbe85fbd182af91290be7293438ae67549638189f/355","MISSING IMAGE","No local image file found for token #0355"
"356","0356","Light Cult Crypto Club #0356","RE-002166","0301-0400","","","items/lccc-0356.html","https://ronenglish-archive.github.io/ron-english-light-cult-0001-1000/items/lccc-0356.html","https://opensea.io/item/ethereum/0xbe85fbd182af91290be7293438ae67549638189f/356","MISSING IMAGE","No local image file found for token #0356"
"357","0357","Light Cult Crypto Club #0357","RE-002167","0301-0400","","","items/lccc-0357.html","https://ronenglish-archive.github.io/ron-english-light-cult-0001-1000/items/lccc-0357.html","https://opensea.io/item/ethereum/0xbe85fbd182af91290be7293438ae67549638189f/357","MISSING IMAGE","No local image file found for token #0357"
"358","0358","Light Cult Crypto Club #0358","RE-002168","0301-0400","","","items/lccc-0358.html","https://ronenglish-archive.github.io/ron-english-light-cult-0001-1000/items/lccc-0358.html","https://opensea.io/item/ethereum/0xbe85fbd182af91290be7293438ae67549638189f/358","MISSING IMAGE","No local image file found for token #0358"
"359","0359","Light Cult Crypto Club #0359","RE-002169","0301-0400","","","items/lccc-0359.html","https://ronenglish-archive.github.io/ron-english-light-cult-0001-1000/items/lccc-0359.html","https://opensea.io/item/ethereum/0xbe85fbd182af91290be7293438ae67549638189f/359","MISSING IMAGE","No local image file found for token #0359"
"360","0360","Light Cult Crypto Club #0360","RE-002170","0301-0400","","","items/lccc-0360.html","https://ronenglish-archive.github.io/ron-english-light-cult-0001-1000/items/lccc-0360.html","https://opensea.io/item/ethereum/0xbe85fbd182af91290be7293438ae67549638189f/360","MISSING IMAGE","No local image file found for token #0360"
"361","0361","Light Cult Crypto Club #0361","RE-002171","0301-0400","","","items/lccc-0361.html","https://ronenglish-archive.github.io/ron-english-light-cult-0001-1000/items/lccc-0361.html","https://opensea.io/item/ethereum/0xbe85fbd182af91290be7293438ae67549638189f/361","MISSING IMAGE","No local image file found for token #0361"
"362","0362","Light Cult Crypto Club #0362","RE-002172","0301-0400","","","items/lccc-0362.html","https://ronenglish-archive.github.io/ron-english-light-cult-0001-1000/items/lccc-0362.html","https://opensea.io/item/ethereum/0xbe85fbd182af91290be7293438ae67549638189f/362","MISSING IMAGE","No local image file found for token #0362"
"363","0363","Light Cult Crypto Club #0363","RE-002173","0301-0400","","","items/lccc-0363.html","https://ronenglish-archive.github.io/ron-english-light-cult-0001-1000/items/lccc-0363.html","https://opensea.io/item/ethereum/0xbe85fbd182af91290be7293438ae67549638189f/363","MISSING IMAGE","No local image file found for token #0363"
"364","0364","Light Cult Crypto Club #0364","RE-002174","0301-0400","","","items/lccc-0364.html","https://ronenglish-archive.github.io/ron-english-light-cult-0001-1000/items/lccc-0364.html","https://opensea.io/item/ethereum/0xbe85fbd182af91290be7293438ae67549638189f/364","MISSING IMAGE","No local image file found for token #0364"
"365","0365","Light Cult Crypto Club #0365","RE-002175","0301-0400","","","items/lccc-0365.html","https://ronenglish-archive.github.io/ron-english-light-cult-0001-1000/items/lccc-0365.html","https://opensea.io/item/ethereum/0xbe85fbd182af91290be7293438ae67549638189f/365","MISSING IMAGE","No local image file found for token #0365"
"366","0366","Light Cult Crypto Club #0366","RE-002176","0301-0400","","","items/lccc-0366.html","https://ronenglish-archive.github.io/ron-english-light-cult-0001-1000/items/lccc-0366.html","https://opensea.io/item/ethereum/0xbe85fbd182af91290be7293438ae67549638189f/366","MISSING IMAGE","No local image file found for token #0366"
"367","0367","Light Cult Crypto Club #0367","RE-002177","0301-0400","","","items/lccc-0367.html","https://ronenglish-archive.github.io/ron-english-light-cult-0001-1000/items/lccc-0367.html","https://opensea.io/item/ethereum/0xbe85fbd182af91290be7293438ae67549638189f/367","MISSING IMAGE","No local image file found for token #0367"
"368","0368","Light Cult Crypto Club #0368","RE-002178","0301-0400","","","items/lccc-0368.html","https://ronenglish-archive.github.io/ron-english-light-cult-0001-1000/items/lccc-0368.html","https://opensea.io/item/ethereum/0xbe85fbd182af91290be7293438ae67549638189f/368","MISSING IMAGE","No local image file found for token #0368"
"369","0369","Light Cult Crypto Club #0369","RE-002179","0301-0400","","","items/lccc-0369.html","https://ronenglish-archive.github.io/ron-english-light-cult-0001-1000/items/lccc-0369.html","https://opensea.io/item/ethereum/0xbe85fbd182af91290be7293438ae67549638189f/369","MISSING IMAGE","No local image file found for token #0369"
"370","0370","Light Cult Crypto Club #0370","RE-002180","0301-0400","","","items/lccc-0370.html","https://ronenglish-archive.github.io/ron-english-light-cult-0001-1000/items/lccc-0370.html","https://opensea.io/item/ethereum/0xbe85fbd182af91290be7293438ae67549638189f/370","MISSING IMAGE","No local image file found for token #0370"
"371","0371","Light Cult Crypto Club #0371","RE-002181","0301-0400","","","items/lccc-0371.html","https://ronenglish-archive.github.io/ron-english-light-cult-0001-1000/items/lccc-0371.html","https://opensea.io/item/ethereum/0xbe85fbd182af91290be7293438ae67549638189f/371","MISSING IMAGE","No local image file found for token #0371"
"372","0372","Light Cult Crypto Club #0372","RE-002182","0301-0400","","","items/lccc-0372.html","https://ronenglish-archive.github.io/ron-english-light-cult-0001-1000/items/lccc-0372.html","https://opensea.io/item/ethereum/0xbe85fbd182af91290be7293438ae67549638189f/372","MISSING IMAGE","No local image file found for token #0372"
"373","0373","Light Cult Crypto Club #0373","RE-002183","0301-0400","","","items/lccc-0373.html","https://ronenglish-archive.github.io/ron-english-light-cult-0001-1000/items/lccc-0373.html","https://opensea.io/item/ethereum/0xbe85fbd182af91290be7293438ae67549638189f/373","MISSING IMAGE","No local image file found for token #0373"
"374","0374","Light Cult Crypto Club #0374","RE-002184","0301-0400","","","items/lccc-0374.html","https://ronenglish-archive.github.io/ron-english-light-cult-0001-1000/items/lccc-0374.html","https://opensea.io/item/ethereum/0xbe85fbd182af91290be7293438ae67549638189f/374","MISSING IMAGE","No local image file found for token #0374"
"375","0375","Light Cult Crypto Club #0375","RE-002185","0301-0400","","","items/lccc-0375.html","https://ronenglish-archive.github.io/ron-english-light-cult-0001-1000/items/lccc-0375.html","https://opensea.io/item/ethereum/0xbe85fbd182af91290be7293438ae67549638189f/375","MISSING IMAGE","No local image file found for token #0375"
"376","0376","Light Cult Crypto Club #0376","RE-002186","0301-0400","","","items/lccc-0376.html","https://ronenglish-archive.github.io/ron-english-light-cult-0001-1000/items/lccc-0376.html","https://opensea.io/item/ethereum/0xbe85fbd182af91290be7293438ae67549638189f/376","MISSING IMAGE","No local image file found for token #0376"
"377","0377","Light Cult Crypto Club #0377","RE-002187","0301-0400","","","items/lccc-0377.html","https://ronenglish-archive.github.io/ron-english-light-cult-0001-1000/items/lccc-0377.html","https://opensea.io/item/ethereum/0xbe85fbd182af91290be7293438ae67549638189f/377","MISSING IMAGE","No local image file found for token #0377"
"378","0378","Light Cult Crypto Club #0378","RE-002188","0301-0400","","","items/lccc-0378.html","https://ronenglish-archive.github.io/ron-english-light-cult-0001-1000/items/lccc-0378.html","https://opensea.io/item/ethereum/0xbe85fbd182af91290be7293438ae67549638189f/378","MISSING IMAGE","No local image file found for token #0378"
"379","0379","Light Cult Crypto Club #0379","RE-002189","0301-0400","","","items/lccc-0379.html","https://ronenglish-archive.github.io/ron-english-light-cult-0001-1000/items/lccc-0379.html","https://opensea.io/item/ethereum/0xbe85fbd182af91290be7293438ae67549638189f/379","MISSING IMAGE","No local image file found for token #0379"
"380","0380","Light Cult Crypto Club #0380","RE-002190","0301-0400","","","items/lccc-0380.html","https://ronenglish-archive.github.io/ron-english-light-cult-0001-1000/items/lccc-0380.html","https://opensea.io/item/ethereum/0xbe85fbd182af91290be7293438ae67549638189f/380","MISSING IMAGE","No local image file found for token #0380"
"381","0381","Light Cult Crypto Club #0381","RE-002191","0301-0400","","","items/lccc-0381.html","https://ronenglish-archive.github.io/ron-english-light-cult-0001-1000/items/lccc-0381.html","https://opensea.io/item/ethereum/0xbe85fbd182af91290be7293438ae67549638189f/381","MISSING IMAGE","No local image file found for token #0381"
"382","0382","Light Cult Crypto Club #0382","RE-002192","0301-0400","","","items/lccc-0382.html","https://ronenglish-archive.github.io/ron-english-light-cult-0001-1000/items/lccc-0382.html","https://opensea.io/item/ethereum/0xbe85fbd182af91290be7293438ae67549638189f/382","MISSING IMAGE","No local image file found for token #0382"
"383","0383","Light Cult Crypto Club #0383","RE-002193","0301-0400","","","items/lccc-0383.html","https://ronenglish-archive.github.io/ron-english-light-cult-0001-1000/items/lccc-0383.html","https://opensea.io/item/ethereum/0xbe85fbd182af91290be7293438ae67549638189f/383","MISSING IMAGE","No local image file found for token #0383"
"384","0384","Light Cult Crypto Club #0384","RE-002194","0301-0400","","","items/lccc-0384.html","https://ronenglish-archive.github.io/ron-english-light-cult-0001-1000/items/lccc-0384.html","https://opensea.io/item/ethereum/0xbe85fbd182af91290be7293438ae67549638189f/384","MISSING IMAGE","No local image file found for token #0384"
"385","0385","Light Cult Crypto Club #0385","RE-002195","0301-0400","","","items/lccc-0385.html","https://ronenglish-archive.github.io/ron-english-light-cult-0001-1000/items/lccc-0385.html","https://opensea.io/item/ethereum/0xbe85fbd182af91290be7293438ae67549638189f/385","MISSING IMAGE","No local image file found for token #0385"
"386","0386","Light Cult Crypto Club #0386","RE-002196","0301-0400","","","items/lccc-0386.html","https://ronenglish-archive.github.io/ron-english-light-cult-0001-1000/items/lccc-0386.html","https://opensea.io/item/ethereum/0xbe85fbd182af91290be7293438ae67549638189f/386","MISSING IMAGE","No local image file found for token #0386"
"387","0387","Light Cult Crypto Club #0387","RE-002197","0301-0400","","","items/lccc-0387.html","https://ronenglish-archive.github.io/ron-english-light-cult-0001-1000/items/lccc-0387.html","https://opensea.io/item/ethereum/0xbe85fbd182af91290be7293438ae67549638189f/387","MISSING IMAGE","No local image file found for token #0387"
"388","0388","Light Cult Crypto Club #0388","RE-002198","0301-0400","","","items/lccc-0388.html","https://ronenglish-archive.github.io/ron-english-light-cult-0001-1000/items/lccc-0388.html","https://opensea.io/item/ethereum/0xbe85fbd182af91290be7293438ae67549638189f/388","MISSING IMAGE","No local image file found for token #0388"
"389","0389","Light Cult Crypto Club #0389","RE-002199","0301-0400","","","items/lccc-0389.html","https://ronenglish-archive.github.io/ron-english-light-cult-0001-1000/items/lccc-0389.html","https://opensea.io/item/ethereum/0xbe85fbd182af91290be7293438ae67549638189f/389","MISSING IMAGE","No local image file found for token #0389"
"390","0390","Light Cult Crypto Club #0390","RE-002200","0301-0400","","","items/lccc-0390.html","https://ronenglish-archive.github.io/ron-english-light-cult-0001-1000/items/lccc-0390.html","https://opensea.io/item/ethereum/0xbe85fbd182af91290be7293438ae67549638189f/390","MISSING IMAGE","No local image file found for token #0390"
"391","0391","Light Cult Crypto Club #0391","RE-002201","0301-0400","","","items/lccc-0391.html","https://ronenglish-archive.github.io/ron-english-light-cult-0001-1000/items/lccc-0391.html","https://opensea.io/item/ethereum/0xbe85fbd182af91290be7293438ae67549638189f/391","MISSING IMAGE","No local image file found for token #0391"
"392","0392","Light Cult Crypto Club #0392","RE-002202","0301-0400","","","items/lccc-0392.html","https://ronenglish-archive.github.io/ron-english-light-cult-0001-1000/items/lccc-0392.html","https://opensea.io/item/ethereum/0xbe85fbd182af91290be7293438ae67549638189f/392","MISSING IMAGE","No local image file found for token #0392"
"393","0393","Light Cult Crypto Club #0393","RE-002203","0301-0400","","","items/lccc-0393.html","https://ronenglish-archive.github.io/ron-english-light-cult-0001-1000/items/lccc-0393.html","https://opensea.io/item/ethereum/0xbe85fbd182af91290be7293438ae67549638189f/393","MISSING IMAGE","No local image file found for token #0393"
"394","0394","Light Cult Crypto Club #0394","RE-002204","0301-0400","","","items/lccc-0394.html","https://ronenglish-archive.github.io/ron-english-light-cult-0001-1000/items/lccc-0394.html","https://opensea.io/item/ethereum/0xbe85fbd182af91290be7293438ae67549638189f/394","MISSING IMAGE","No local image file found for token #0394"
"395","0395","Light Cult Crypto Club #0395","RE-002205","0301-0400","","","items/lccc-0395.html","https://ronenglish-archive.github.io/ron-english-light-cult-0001-1000/items/lccc-0395.html","https://opensea.io/item/ethereum/0xbe85fbd182af91290be7293438ae67549638189f/395","MISSING IMAGE","No local image file found for token #0395"
"396","0396","Light Cult Crypto Club #0396","RE-002206","0301-0400","","","items/lccc-0396.html","https://ronenglish-archive.github.io/ron-english-light-cult-0001-1000/items/lccc-0396.html","https://opensea.io/item/ethereum/0xbe85fbd182af91290be7293438ae67549638189f/396","MISSING IMAGE","No local image file found for token #0396"
"397","0397","Light Cult Crypto Club #0397","RE-002207","0301-0400","","","items/lccc-0397.html","https://ronenglish-archive.github.io/ron-english-light-cult-0001-1000/items/lccc-0397.html","https://opensea.io/item/ethereum/0xbe85fbd182af91290be7293438ae67549638189f/397","MISSING IMAGE","No local image file found for token #0397"
"398","0398","Light Cult Crypto Club #0398","RE-002208","0301-0400","","","items/lccc-0398.html","https://ronenglish-archive.github.io/ron-english-light-cult-0001-1000/items/lccc-0398.html","https://opensea.io/item/ethereum/0xbe85fbd182af91290be7293438ae67549638189f/398","MISSING IMAGE","No local image file found for token #0398"
"399","0399","Light Cult Crypto Club #0399","RE-002209","0301-0400","","","items/lccc-0399.html","https://ronenglish-archive.github.io/ron-english-light-cult-0001-1000/items/lccc-0399.html","https://opensea.io/item/ethereum/0xbe85fbd182af91290be7293438ae67549638189f/399","MISSING IMAGE","No local image file found for token #0399"
"400","0400","Light Cult Crypto Club #0400","RE-002210","0301-0400","","","items/lccc-0400.html","https://ronenglish-archive.github.io/ron-english-light-cult-0001-1000/items/lccc-0400.html","https://opensea.io/item/ethereum/0xbe85fbd182af91290be7293438ae67549638189f/400","MISSING IMAGE","No local image file found for token #0400"
"401","0401","Light Cult Crypto Club #0401","RE-002211","0401-0500","","","items/lccc-0401.html","https://ronenglish-archive.github.io/ron-english-light-cult-0001-1000/items/lccc-0401.html","https://opensea.io/item/ethereum/0xbe85fbd182af91290be7293438ae67549638189f/401","MISSING IMAGE","No local image file found for token #0401"
"402","0402","Light Cult Crypto Club #0402","RE-002212","0401-0500","","","items/lccc-0402.html","https://ronenglish-archive.github.io/ron-english-light-cult-0001-1000/items/lccc-0402.html","https://opensea.io/item/ethereum/0xbe85fbd182af91290be7293438ae67549638189f/402","MISSING IMAGE","No local image file found for token #0402"
"403","0403","Light Cult Crypto Club #0403","RE-002213","0401-0500","","","items/lccc-0403.html","https://ronenglish-archive.github.io/ron-english-light-cult-0001-1000/items/lccc-0403.html","https://opensea.io/item/ethereum/0xbe85fbd182af91290be7293438ae67549638189f/403","MISSING IMAGE","No local image file found for token #0403"
"404","0404","Light Cult Crypto Club #0404","RE-002214","0401-0500","","","items/lccc-0404.html","https://ronenglish-archive.github.io/ron-english-light-cult-0001-1000/items/lccc-0404.html","https://opensea.io/item/ethereum/0xbe85fbd182af91290be7293438ae67549638189f/404","MISSING IMAGE","No local image file found for token #0404"
"405","0405","Light Cult Crypto Club #0405","RE-002215","0401-0500","","","items/lccc-0405.html","https://ronenglish-archive.github.io/ron-english-light-cult-0001-1000/items/lccc-0405.html","https://opensea.io/item/ethereum/0xbe85fbd182af91290be7293438ae67549638189f/405","MISSING IMAGE","No local image file found for token #0405"
"406","0406","Light Cult Crypto Club #0406","RE-002216","0401-0500","","","items/lccc-0406.html","https://ronenglish-archive.github.io/ron-english-light-cult-0001-1000/items/lccc-0406.html","https://opensea.io/item/ethereum/0xbe85fbd182af91290be7293438ae67549638189f/406","MISSING IMAGE","No local image file found for token #0406"
"407","0407","Light Cult Crypto Club #0407","RE-002217","0401-0500","","","items/lccc-0407.html","https://ronenglish-archive.github.io/ron-english-light-cult-0001-1000/items/lccc-0407.html","https://opensea.io/item/ethereum/0xbe85fbd182af91290be7293438ae67549638189f/407","MISSING IMAGE","No local image file found for token #0407"
"408","0408","Light Cult Crypto Club #0408","RE-002218","0401-0500","","","items/lccc-0408.html","https://ronenglish-archive.github.io/ron-english-light-cult-0001-1000/items/lccc-0408.html","https://opensea.io/item/ethereum/0xbe85fbd182af91290be7293438ae67549638189f/408","MISSING IMAGE","No local image file found for token #0408"
"409","0409","Light Cult Crypto Club #0409","RE-002219","0401-0500","","","items/lccc-0409.html","https://ronenglish-archive.github.io/ron-english-light-cult-0001-1000/items/lccc-0409.html","https://opensea.io/item/ethereum/0xbe85fbd182af91290be7293438ae67549638189f/409","MISSING IMAGE","No local image file found for token #0409"
"410","0410","Light Cult Crypto Club #0410","RE-002220","0401-0500","","","items/lccc-0410.html","https://ronenglish-archive.github.io/ron-english-light-cult-0001-1000/items/lccc-0410.html","https://opensea.io/item/ethereum/0xbe85fbd182af91290be7293438ae67549638189f/410","MISSING IMAGE","No local image file found for token #0410"
"411","0411","Light Cult Crypto Club #0411","RE-002221","0401-0500","","","items/lccc-0411.html","https://ronenglish-archive.github.io/ron-english-light-cult-0001-1000/items/lccc-0411.html","https://opensea.io/item/ethereum/0xbe85fbd182af91290be7293438ae67549638189f/411","MISSING IMAGE","No local image file found for token #0411"
"412","0412","Light Cult Crypto Club #0412","RE-002222","0401-0500","","","items/lccc-0412.html","https://ronenglish-archive.github.io/ron-english-light-cult-0001-1000/items/lccc-0412.html","https://opensea.io/item/ethereum/0xbe85fbd182af91290be7293438ae67549638189f/412","MISSING IMAGE","No local image file found for token #0412"
"413","0413","Light Cult Crypto Club #0413","RE-002223","0401-0500","","","items/lccc-0413.html","https://ronenglish-archive.github.io/ron-english-light-cult-0001-1000/items/lccc-0413.html","https://opensea.io/item/ethereum/0xbe85fbd182af91290be7293438ae67549638189f/413","MISSING IMAGE","No local image file found for token #0413"
"414","0414","Light Cult Crypto Club #0414","RE-002224","0401-0500","","","items/lccc-0414.html","https://ronenglish-archive.github.io/ron-english-light-cult-0001-1000/items/lccc-0414.html","https://opensea.io/item/ethereum/0xbe85fbd182af91290be7293438ae67549638189f/414","MISSING IMAGE","No local image file found for token #0414"
"415","0415","Light Cult Crypto Club #0415","RE-002225","0401-0500","","","items/lccc-0415.html","https://ronenglish-archive.github.io/ron-english-light-cult-0001-1000/items/lccc-0415.html","https://opensea.io/item/ethereum/0xbe85fbd182af91290be7293438ae67549638189f/415","MISSING IMAGE","No local image file found for token #0415"
"416","0416","Light Cult Crypto Club #0416","RE-002226","0401-0500","","","items/lccc-0416.html","https://ronenglish-archive.github.io/ron-english-light-cult-0001-1000/items/lccc-0416.html","https://opensea.io/item/ethereum/0xbe85fbd182af91290be7293438ae67549638189f/416","MISSING IMAGE","No local image file found for token #0416"
"417","0417","Light Cult Crypto Club #0417","RE-002227","0401-0500","","","items/lccc-0417.html","https://ronenglish-archive.github.io/ron-english-light-cult-0001-1000/items/lccc-0417.html","https://opensea.io/item/ethereum/0xbe85fbd182af91290be7293438ae67549638189f/417","MISSING IMAGE","No local image file found for token #0417"
"418","0418","Light Cult Crypto Club #0418","RE-002228","0401-0500","","","items/lccc-0418.html","https://ronenglish-archive.github.io/ron-english-light-cult-0001-1000/items/lccc-0418.html","https://opensea.io/item/ethereum/0xbe85fbd182af91290be7293438ae67549638189f/418","MISSING IMAGE","No local image file found for token #0418"
"419","0419","Light Cult Crypto Club #0419","RE-002229","0401-0500","","","items/lccc-0419.html","https://ronenglish-archive.github.io/ron-english-light-cult-0001-1000/items/lccc-0419.html","https://opensea.io/item/ethereum/0xbe85fbd182af91290be7293438ae67549638189f/419","MISSING IMAGE","No local image file found for token #0419"
"420","0420","Light Cult Crypto Club #0420","RE-002230","0401-0500","","","items/lccc-0420.html","https://ronenglish-archive.github.io/ron-english-light-cult-0001-1000/items/lccc-0420.html","https://opensea.io/item/ethereum/0xbe85fbd182af91290be7293438ae67549638189f/420","MISSING IMAGE","No local image file found for token #0420"
"421","0421","Light Cult Crypto Club #0421","RE-002231","0401-0500","","","items/lccc-0421.html","https://ronenglish-archive.github.io/ron-english-light-cult-0001-1000/items/lccc-0421.html","https://opensea.io/item/ethereum/0xbe85fbd182af91290be7293438ae67549638189f/421","MISSING IMAGE","No local image file found for token #0421"
"422","0422","Light Cult Crypto Club #0422","RE-002232","0401-0500","","","items/lccc-0422.html","https://ronenglish-archive.github.io/ron-english-light-cult-0001-1000/items/lccc-0422.html","https://opensea.io/item/ethereum/0xbe85fbd182af91290be7293438ae67549638189f/422","MISSING IMAGE","No local image file found for token #0422"
"423","0423","Light Cult Crypto Club #0423","RE-002233","0401-0500","","","items/lccc-0423.html","https://ronenglish-archive.github.io/ron-english-light-cult-0001-1000/items/lccc-0423.html","https://opensea.io/item/ethereum/0xbe85fbd182af91290be7293438ae67549638189f/423","MISSING IMAGE","No local image file found for token #0423"
"424","0424","Light Cult Crypto Club #0424","RE-002234","0401-0500","","","items/lccc-0424.html","https://ronenglish-archive.github.io/ron-english-light-cult-0001-1000/items/lccc-0424.html","https://opensea.io/item/ethereum/0xbe85fbd182af91290be7293438ae67549638189f/424","MISSING IMAGE","No local image file found for token #0424"
"425","0425","Light Cult Crypto Club #0425","RE-002235","0401-0500","","","items/lccc-0425.html","https://ronenglish-archive.github.io/ron-english-light-cult-0001-1000/items/lccc-0425.html","https://opensea.io/item/ethereum/0xbe85fbd182af91290be7293438ae67549638189f/425","MISSING IMAGE","No local image file found for token #0425"
"426","0426","Light Cult Crypto Club #0426","RE-002236","0401-0500","","","items/lccc-0426.html","https://ronenglish-archive.github.io/ron-english-light-cult-0001-1000/items/lccc-0426.html","https://opensea.io/item/ethereum/0xbe85fbd182af91290be7293438ae67549638189f/426","MISSING IMAGE","No local image file found for token #0426"
"427","0427","Light Cult Crypto Club #0427","RE-002237","0401-0500","","","items/lccc-0427.html","https://ronenglish-archive.github.io/ron-english-light-cult-0001-1000/items/lccc-0427.html","https://opensea.io/item/ethereum/0xbe85fbd182af91290be7293438ae67549638189f/427","MISSING IMAGE","No local image file found for token #0427"
"428","0428","Light Cult Crypto Club #0428","RE-002238","0401-0500","","","items/lccc-0428.html","https://ronenglish-archive.github.io/ron-english-light-cult-0001-1000/items/lccc-0428.html","https://opensea.io/item/ethereum/0xbe85fbd182af91290be7293438ae67549638189f/428","MISSING IMAGE","No local image file found for token #0428"
"429","0429","Light Cult Crypto Club #0429","RE-002239","0401-0500","","","items/lccc-0429.html","https://ronenglish-archive.github.io/ron-english-light-cult-0001-1000/items/lccc-0429.html","https://opensea.io/item/ethereum/0xbe85fbd182af91290be7293438ae67549638189f/429","MISSING IMAGE","No local image file found for token #0429"
"430","0430","Light Cult Crypto Club #0430","RE-002240","0401-0500","","","items/lccc-0430.html","https://ronenglish-archive.github.io/ron-english-light-cult-0001-1000/items/lccc-0430.html","https://opensea.io/item/ethereum/0xbe85fbd182af91290be7293438ae67549638189f/430","MISSING IMAGE","No local image file found for token #0430"
"431","0431","Light Cult Crypto Club #0431","RE-002241","0401-0500","","","items/lccc-0431.html","https://ronenglish-archive.github.io/ron-english-light-cult-0001-1000/items/lccc-0431.html","https://opensea.io/item/ethereum/0xbe85fbd182af91290be7293438ae67549638189f/431","MISSING IMAGE","No local image file found for token #0431"
"432","0432","Light Cult Crypto Club #0432","RE-002242","0401-0500","","","items/lccc-0432.html","https://ronenglish-archive.github.io/ron-english-light-cult-0001-1000/items/lccc-0432.html","https://opensea.io/item/ethereum/0xbe85fbd182af91290be7293438ae67549638189f/432","MISSING IMAGE","No local image file found for token #0432"
"433","0433","Light Cult Crypto Club #0433","RE-002243","0401-0500","","","items/lccc-0433.html","https://ronenglish-archive.github.io/ron-english-light-cult-0001-1000/items/lccc-0433.html","https://opensea.io/item/ethereum/0xbe85fbd182af91290be7293438ae67549638189f/433","MISSING IMAGE","No local image file found for token #0433"
"434","0434","Light Cult Crypto Club #0434","RE-002244","0401-0500","","","items/lccc-0434.html","https://ronenglish-archive.github.io/ron-english-light-cult-0001-1000/items/lccc-0434.html","https://opensea.io/item/ethereum/0xbe85fbd182af91290be7293438ae67549638189f/434","MISSING IMAGE","No local image file found for token #0434"
"435","0435","Light Cult Crypto Club #0435","RE-002245","0401-0500","","","items/lccc-0435.html","https://ronenglish-archive.github.io/ron-english-light-cult-0001-1000/items/lccc-0435.html","https://opensea.io/item/ethereum/0xbe85fbd182af91290be7293438ae67549638189f/435","MISSING IMAGE","No local image file found for token #0435"
"436","0436","Light Cult Crypto Club #0436","RE-002246","0401-0500","","","items/lccc-0436.html","https://ronenglish-archive.github.io/ron-english-light-cult-0001-1000/items/lccc-0436.html","https://opensea.io/item/ethereum/0xbe85fbd182af91290be7293438ae67549638189f/436","MISSING IMAGE","No local image file found for token #0436"
"437","0437","Light Cult Crypto Club #0437","RE-002247","0401-0500","","","items/lccc-0437.html","https://ronenglish-archive.github.io/ron-english-light-cult-0001-1000/items/lccc-0437.html","https://opensea.io/item/ethereum/0xbe85fbd182af91290be7293438ae67549638189f/437","MISSING IMAGE","No local image file found for token #0437"
"438","0438","Light Cult Crypto Club #0438","RE-002248","0401-0500","","","items/lccc-0438.html","https://ronenglish-archive.github.io/ron-english-light-cult-0001-1000/items/lccc-0438.html","https://opensea.io/item/ethereum/0xbe85fbd182af91290be7293438ae67549638189f/438","MISSING IMAGE","No local image file found for token #0438"
"439","0439","Light Cult Crypto Club #0439","RE-002249","0401-0500","","","items/lccc-0439.html","https://ronenglish-archive.github.io/ron-english-light-cult-0001-1000/items/lccc-0439.html","https://opensea.io/item/ethereum/0xbe85fbd182af91290be7293438ae67549638189f/439","MISSING IMAGE","No local image file found for token #0439"
"440","0440","Light Cult Crypto Club #0440","RE-002250","0401-0500","","","items/lccc-0440.html","https://ronenglish-archive.github.io/ron-english-light-cult-0001-1000/items/lccc-0440.html","https://opensea.io/item/ethereum/0xbe85fbd182af91290be7293438ae67549638189f/440","MISSING IMAGE","No local image file found for token #0440"
"441","0441","Light Cult Crypto Club #0441","RE-002251","0401-0500","","","items/lccc-0441.html","https://ronenglish-archive.github.io/ron-english-light-cult-0001-1000/items/lccc-0441.html","https://opensea.io/item/ethereum/0xbe85fbd182af91290be7293438ae67549638189f/441","MISSING IMAGE","No local image file found for token #0441"
"442","0442","Light Cult Crypto Club #0442","RE-002252","0401-0500","","","items/lccc-0442.html","https://ronenglish-archive.github.io/ron-english-light-cult-0001-1000/items/lccc-0442.html","https://opensea.io/item/ethereum/0xbe85fbd182af91290be7293438ae67549638189f/442","MISSING IMAGE","No local image file found for token #0442"
"443","0443","Light Cult Crypto Club #0443","RE-002253","0401-0500","","","items/lccc-0443.html","https://ronenglish-archive.github.io/ron-english-light-cult-0001-1000/items/lccc-0443.html","https://opensea.io/item/ethereum/0xbe85fbd182af91290be7293438ae67549638189f/443","MISSING IMAGE","No local image file found for token #0443"
"444","0444","Light Cult Crypto Club #0444","RE-002254","0401-0500","","","items/lccc-0444.html","https://ronenglish-archive.github.io/ron-english-light-cult-0001-1000/items/lccc-0444.html","https://opensea.io/item/ethereum/0xbe85fbd182af91290be7293438ae67549638189f/444","MISSING IMAGE","No local image file found for token #0444"
"445","0445","Light Cult Crypto Club #0445","RE-002255","0401-0500","","","items/lccc-0445.html","https://ronenglish-archive.github.io/ron-english-light-cult-0001-1000/items/lccc-0445.html","https://opensea.io/item/ethereum/0xbe85fbd182af91290be7293438ae67549638189f/445","MISSING IMAGE","No local image file found for token #0445"
"446","0446","Light Cult Crypto Club #0446","RE-002256","0401-0500","","","items/lccc-0446.html","https://ronenglish-archive.github.io/ron-english-light-cult-0001-1000/items/lccc-0446.html","https://opensea.io/item/ethereum/0xbe85fbd182af91290be7293438ae67549638189f/446","MISSING IMAGE","No local image file found for token #0446"
"447","0447","Light Cult Crypto Club #0447","RE-002257","0401-0500","","","items/lccc-0447.html","https://ronenglish-archive.github.io/ron-english-light-cult-0001-1000/items/lccc-0447.html","https://opensea.io/item/ethereum/0xbe85fbd182af91290be7293438ae67549638189f/447","MISSING IMAGE","No local image file found for token #0447"
"448","0448","Light Cult Crypto Club #0448","RE-002258","0401-0500","","","items/lccc-0448.html","https://ronenglish-archive.github.io/ron-english-light-cult-0001-1000/items/lccc-0448.html","https://opensea.io/item/ethereum/0xbe85fbd182af91290be7293438ae67549638189f/448","MISSING IMAGE","No local image file found for token #0448"
"449","0449","Light Cult Crypto Club #0449","RE-002259","0401-0500","","","items/lccc-0449.html","https://ronenglish-archive.github.io/ron-english-light-cult-0001-1000/items/lccc-0449.html","https://opensea.io/item/ethereum/0xbe85fbd182af91290be7293438ae67549638189f/449","MISSING IMAGE","No local image file found for token #0449"
"450","0450","Light Cult Crypto Club #0450","RE-002260","0401-0500","","","items/lccc-0450.html","https://ronenglish-archive.github.io/ron-english-light-cult-0001-1000/items/lccc-0450.html","https://opensea.io/item/ethereum/0xbe85fbd182af91290be7293438ae67549638189f/450","MISSING IMAGE","No local image file found for token #0450"
"451","0451","Light Cult Crypto Club #0451","RE-002261","0401-0500","","","items/lccc-0451.html","https://ronenglish-archive.github.io/ron-english-light-cult-0001-1000/items/lccc-0451.html","https://opensea.io/item/ethereum/0xbe85fbd182af91290be7293438ae67549638189f/451","MISSING IMAGE","No local image file found for token #0451"
"452","0452","Light Cult Crypto Club #0452","RE-002262","0401-0500","","","items/lccc-0452.html","https://ronenglish-archive.github.io/ron-english-light-cult-0001-1000/items/lccc-0452.html","https://opensea.io/item/ethereum/0xbe85fbd182af91290be7293438ae67549638189f/452","MISSING IMAGE","No local image file found for token #0452"
"453","0453","Light Cult Crypto Club #0453","RE-002263","0401-0500","","","items/lccc-0453.html","https://ronenglish-archive.github.io/ron-english-light-cult-0001-1000/items/lccc-0453.html","https://opensea.io/item/ethereum/0xbe85fbd182af91290be7293438ae67549638189f/453","MISSING IMAGE","No local image file found for token #0453"
"454","0454","Light Cult Crypto Club #0454","RE-002264","0401-0500","","","items/lccc-0454.html","https://ronenglish-archive.github.io/ron-english-light-cult-0001-1000/items/lccc-0454.html","https://opensea.io/item/ethereum/0xbe85fbd182af91290be7293438ae67549638189f/454","MISSING IMAGE","No local image file found for token #0454"
"455","0455","Light Cult Crypto Club #0455","RE-002265","0401-0500","","","items/lccc-0455.html","https://ronenglish-archive.github.io/ron-english-light-cult-0001-1000/items/lccc-0455.html","https://opensea.io/item/ethereum/0xbe85fbd182af91290be7293438ae67549638189f/455","MISSING IMAGE","No local image file found for token #0455"
"456","0456","Light Cult Crypto Club #0456","RE-002266","0401-0500","","","items/lccc-0456.html","https://ronenglish-archive.github.io/ron-english-light-cult-0001-1000/items/lccc-0456.html","https://opensea.io/item/ethereum/0xbe85fbd182af91290be7293438ae67549638189f/456","MISSING IMAGE","No local image file found for token #0456"
"457","0457","Light Cult Crypto Club #0457","RE-002267","0401-0500","","","items/lccc-0457.html","https://ronenglish-archive.github.io/ron-english-light-cult-0001-1000/items/lccc-0457.html","https://opensea.io/item/ethereum/0xbe85fbd182af91290be7293438ae67549638189f/457","MISSING IMAGE","No local image file found for token #0457"
"458","0458","Light Cult Crypto Club #0458","RE-002268","0401-0500","","","items/lccc-0458.html","https://ronenglish-archive.github.io/ron-english-light-cult-0001-1000/items/lccc-0458.html","https://opensea.io/item/ethereum/0xbe85fbd182af91290be7293438ae67549638189f/458","MISSING IMAGE","No local image file found for token #0458"
"459","0459","Light Cult Crypto Club #0459","RE-002269","0401-0500","","","items/lccc-0459.html","https://ronenglish-archive.github.io/ron-english-light-cult-0001-1000/items/lccc-0459.html","https://opensea.io/item/ethereum/0xbe85fbd182af91290be7293438ae67549638189f/459","MISSING IMAGE","No local image file found for token #0459"
"460","0460","Light Cult Crypto Club #0460","RE-002270","0401-0500","","","items/lccc-0460.html","https://ronenglish-archive.github.io/ron-english-light-cult-0001-1000/items/lccc-0460.html","https://opensea.io/item/ethereum/0xbe85fbd182af91290be7293438ae67549638189f/460","MISSING IMAGE","No local image file found for token #0460"
"461","0461","Light Cult Crypto Club #0461","RE-002271","0401-0500","","","items/lccc-0461.html","https://ronenglish-archive.github.io/ron-english-light-cult-0001-1000/items/lccc-0461.html","https://opensea.io/item/ethereum/0xbe85fbd182af91290be7293438ae67549638189f/461","MISSING IMAGE","No local image file found for token #0461"
"462","0462","Light Cult Crypto Club #0462","RE-002272","0401-0500","","","items/lccc-0462.html","https://ronenglish-archive.github.io/ron-english-light-cult-0001-1000/items/lccc-0462.html","https://opensea.io/item/ethereum/0xbe85fbd182af91290be7293438ae67549638189f/462","MISSING IMAGE","No local image file found for token #0462"
"463","0463","Light Cult Crypto Club #0463","RE-002273","0401-0500","","","items/lccc-0463.html","https://ronenglish-archive.github.io/ron-english-light-cult-0001-1000/items/lccc-0463.html","https://opensea.io/item/ethereum/0xbe85fbd182af91290be7293438ae67549638189f/463","MISSING IMAGE","No local image file found for token #0463"
"464","0464","Light Cult Crypto Club #0464","RE-002274","0401-0500","","","items/lccc-0464.html","https://ronenglish-archive.github.io/ron-english-light-cult-0001-1000/items/lccc-0464.html","https://opensea.io/item/ethereum/0xbe85fbd182af91290be7293438ae67549638189f/464","MISSING IMAGE","No local image file found for token #0464"
"465","0465","Light Cult Crypto Club #0465","RE-002275","0401-0500","","","items/lccc-0465.html","https://ronenglish-archive.github.io/ron-english-light-cult-0001-1000/items/lccc-0465.html","https://opensea.io/item/ethereum/0xbe85fbd182af91290be7293438ae67549638189f/465","MISSING IMAGE","No local image file found for token #0465"
"466","0466","Light Cult Crypto Club #0466","RE-002276","0401-0500","","","items/lccc-0466.html","https://ronenglish-archive.github.io/ron-english-light-cult-0001-1000/items/lccc-0466.html","https://opensea.io/item/ethereum/0xbe85fbd182af91290be7293438ae67549638189f/466","MISSING IMAGE","No local image file found for token #0466"
"467","0467","Light Cult Crypto Club #0467","RE-002277","0401-0500","","","items/lccc-0467.html","https://ronenglish-archive.github.io/ron-english-light-cult-0001-1000/items/lccc-0467.html","https://opensea.io/item/ethereum/0xbe85fbd182af91290be7293438ae67549638189f/467","MISSING IMAGE","No local image file found for token #0467"
"468","0468","Light Cult Crypto Club #0468","RE-002278","0401-0500","","","items/lccc-0468.html","https://ronenglish-archive.github.io/ron-english-light-cult-0001-1000/items/lccc-0468.html","https://opensea.io/item/ethereum/0xbe85fbd182af91290be7293438ae67549638189f/468","MISSING IMAGE","No local image file found for token #0468"
"469","0469","Light Cult Crypto Club #0469","RE-002279","0401-0500","","","items/lccc-0469.html","https://ronenglish-archive.github.io/ron-english-light-cult-0001-1000/items/lccc-0469.html","https://opensea.io/item/ethereum/0xbe85fbd182af91290be7293438ae67549638189f/469","MISSING IMAGE","No local image file found for token #0469"
"470","0470","Light Cult Crypto Club #0470","RE-002280","0401-0500","","","items/lccc-0470.html","https://ronenglish-archive.github.io/ron-english-light-cult-0001-1000/items/lccc-0470.html","https://opensea.io/item/ethereum/0xbe85fbd182af91290be7293438ae67549638189f/470","MISSING IMAGE","No local image file found for token #0470"
"471","0471","Light Cult Crypto Club #0471","RE-002281","0401-0500","","","items/lccc-0471.html","https://ronenglish-archive.github.io/ron-english-light-cult-0001-1000/items/lccc-0471.html","https://opensea.io/item/ethereum/0xbe85fbd182af91290be7293438ae67549638189f/471","MISSING IMAGE","No local image file found for token #0471"
"472","0472","Light Cult Crypto Club #0472","RE-002282","0401-0500","","","items/lccc-0472.html","https://ronenglish-archive.github.io/ron-english-light-cult-0001-1000/items/lccc-0472.html","https://opensea.io/item/ethereum/0xbe85fbd182af91290be7293438ae67549638189f/472","MISSING IMAGE","No local image file found for token #0472"
"473","0473","Light Cult Crypto Club #0473","RE-002283","0401-0500","","","items/lccc-0473.html","https://ronenglish-archive.github.io/ron-english-light-cult-0001-1000/items/lccc-0473.html","https://opensea.io/item/ethereum/0xbe85fbd182af91290be7293438ae67549638189f/473","MISSING IMAGE","No local image file found for token #0473"
"474","0474","Light Cult Crypto Club #0474","RE-002284","0401-0500","","","items/lccc-0474.html","https://ronenglish-archive.github.io/ron-english-light-cult-0001-1000/items/lccc-0474.html","https://opensea.io/item/ethereum/0xbe85fbd182af91290be7293438ae67549638189f/474","MISSING IMAGE","No local image file found for token #0474"
"475","0475","Light Cult Crypto Club #0475","RE-002285","0401-0500","","","items/lccc-0475.html","https://ronenglish-archive.github.io/ron-english-light-cult-0001-1000/items/lccc-0475.html","https://opensea.io/item/ethereum/0xbe85fbd182af91290be7293438ae67549638189f/475","MISSING IMAGE","No local image file found for token #0475"
"476","0476","Light Cult Crypto Club #0476","RE-002286","0401-0500","","","items/lccc-0476.html","https://ronenglish-archive.github.io/ron-english-light-cult-0001-1000/items/lccc-0476.html","https://opensea.io/item/ethereum/0xbe85fbd182af91290be7293438ae67549638189f/476","MISSING IMAGE","No local image file found for token #0476"
"477","0477","Light Cult Crypto Club #0477","RE-002287","0401-0500","","","items/lccc-0477.html","https://ronenglish-archive.github.io/ron-english-light-cult-0001-1000/items/lccc-0477.html","https://opensea.io/item/ethereum/0xbe85fbd182af91290be7293438ae67549638189f/477","MISSING IMAGE","No local image file found for token #0477"
"478","0478","Light Cult Crypto Club #0478","RE-002288","0401-0500","","","items/lccc-0478.html","https://ronenglish-archive.github.io/ron-english-light-cult-0001-1000/items/lccc-0478.html","https://opensea.io/item/ethereum/0xbe85fbd182af91290be7293438ae67549638189f/478","MISSING IMAGE","No local image file found for token #0478"
"479","0479","Light Cult Crypto Club #0479","RE-002289","0401-0500","","","items/lccc-0479.html","https://ronenglish-archive.github.io/ron-english-light-cult-0001-1000/items/lccc-0479.html","https://opensea.io/item/ethereum/0xbe85fbd182af91290be7293438ae67549638189f/479","MISSING IMAGE","No local image file found for token #0479"
"480","0480","Light Cult Crypto Club #0480","RE-002290","0401-0500","","","items/lccc-0480.html","https://ronenglish-archive.github.io/ron-english-light-cult-0001-1000/items/lccc-0480.html","https://opensea.io/item/ethereum/0xbe85fbd182af91290be7293438ae67549638189f/480","MISSING IMAGE","No local image file found for token #0480"
"481","0481","Light Cult Crypto Club #0481","RE-002291","0401-0500","","","items/lccc-0481.html","https://ronenglish-archive.github.io/ron-english-light-cult-0001-1000/items/lccc-0481.html","https://opensea.io/item/ethereum/0xbe85fbd182af91290be7293438ae67549638189f/481","MISSING IMAGE","No local image file found for token #0481"
"482","0482","Light Cult Crypto Club #0482","RE-002292","0401-0500","","","items/lccc-0482.html","https://ronenglish-archive.github.io/ron-english-light-cult-0001-1000/items/lccc-0482.html","https://opensea.io/item/ethereum/0xbe85fbd182af91290be7293438ae67549638189f/482","MISSING IMAGE","No local image file found for token #0482"
"483","0483","Light Cult Crypto Club #0483","RE-002293","0401-0500","","","items/lccc-0483.html","https://ronenglish-archive.github.io/ron-english-light-cult-0001-1000/items/lccc-0483.html","https://opensea.io/item/ethereum/0xbe85fbd182af91290be7293438ae67549638189f/483","MISSING IMAGE","No local image file found for token #0483"
"484","0484","Light Cult Crypto Club #0484","RE-002294","0401-0500","","","items/lccc-0484.html","https://ronenglish-archive.github.io/ron-english-light-cult-0001-1000/items/lccc-0484.html","https://opensea.io/item/ethereum/0xbe85fbd182af91290be7293438ae67549638189f/484","MISSING IMAGE","No local image file found for token #0484"
"485","0485","Light Cult Crypto Club #0485","RE-002295","0401-0500","","","items/lccc-0485.html","https://ronenglish-archive.github.io/ron-english-light-cult-0001-1000/items/lccc-0485.html","https://opensea.io/item/ethereum/0xbe85fbd182af91290be7293438ae67549638189f/485","MISSING IMAGE","No local image file found for token #0485"
"486","0486","Light Cult Crypto Club #0486","RE-002296","0401-0500","","","items/lccc-0486.html","https://ronenglish-archive.github.io/ron-english-light-cult-0001-1000/items/lccc-0486.html","https://opensea.io/item/ethereum/0xbe85fbd182af91290be7293438ae67549638189f/486","MISSING IMAGE","No local image file found for token #0486"
"487","0487","Light Cult Crypto Club #0487","RE-002297","0401-0500","","","items/lccc-0487.html","https://ronenglish-archive.github.io/ron-english-light-cult-0001-1000/items/lccc-0487.html","https://opensea.io/item/ethereum/0xbe85fbd182af91290be7293438ae67549638189f/487","MISSING IMAGE","No local image file found for token #0487"
"488","0488","Light Cult Crypto Club #0488","RE-002298","0401-0500","","","items/lccc-0488.html","https://ronenglish-archive.github.io/ron-english-light-cult-0001-1000/items/lccc-0488.html","https://opensea.io/item/ethereum/0xbe85fbd182af91290be7293438ae67549638189f/488","MISSING IMAGE","No local image file found for token #0488"
"489","0489","Light Cult Crypto Club #0489","RE-002299","0401-0500","","","items/lccc-0489.html","https://ronenglish-archive.github.io/ron-english-light-cult-0001-1000/items/lccc-0489.html","https://opensea.io/item/ethereum/0xbe85fbd182af91290be7293438ae67549638189f/489","MISSING IMAGE","No local image file found for token #0489"
"490","0490","Light Cult Crypto Club #0490","RE-002300","0401-0500","","","items/lccc-0490.html","https://ronenglish-archive.github.io/ron-english-light-cult-0001-1000/items/lccc-0490.html","https://opensea.io/item/ethereum/0xbe85fbd182af91290be7293438ae67549638189f/490","MISSING IMAGE","No local image file found for token #0490"
"491","0491","Light Cult Crypto Club #0491","RE-002301","0401-0500","","","items/lccc-0491.html","https://ronenglish-archive.github.io/ron-english-light-cult-0001-1000/items/lccc-0491.html","https://opensea.io/item/ethereum/0xbe85fbd182af91290be7293438ae67549638189f/491","MISSING IMAGE","No local image file found for token #0491"
"492","0492","Light Cult Crypto Club #0492","RE-002302","0401-0500","","","items/lccc-0492.html","https://ronenglish-archive.github.io/ron-english-light-cult-0001-1000/items/lccc-0492.html","https://opensea.io/item/ethereum/0xbe85fbd182af91290be7293438ae67549638189f/492","MISSING IMAGE","No local image file found for token #0492"
"493","0493","Light Cult Crypto Club #0493","RE-002303","0401-0500","","","items/lccc-0493.html","https://ronenglish-archive.github.io/ron-english-light-cult-0001-1000/items/lccc-0493.html","https://opensea.io/item/ethereum/0xbe85fbd182af91290be7293438ae67549638189f/493","MISSING IMAGE","No local image file found for token #0493"
"494","0494","Light Cult Crypto Club #0494","RE-002304","0401-0500","","","items/lccc-0494.html","https://ronenglish-archive.github.io/ron-english-light-cult-0001-1000/items/lccc-0494.html","https://opensea.io/item/ethereum/0xbe85fbd182af91290be7293438ae67549638189f/494","MISSING IMAGE","No local image file found for token #0494"
"495","0495","Light Cult Crypto Club #0495","RE-002305","0401-0500","","","items/lccc-0495.html","https://ronenglish-archive.github.io/ron-english-light-cult-0001-1000/items/lccc-0495.html","https://opensea.io/item/ethereum/0xbe85fbd182af91290be7293438ae67549638189f/495","MISSING IMAGE","No local image file found for token #0495"
"496","0496","Light Cult Crypto Club #0496","RE-002306","0401-0500","","","items/lccc-0496.html","https://ronenglish-archive.github.io/ron-english-light-cult-0001-1000/items/lccc-0496.html","https://opensea.io/item/ethereum/0xbe85fbd182af91290be7293438ae67549638189f/496","MISSING IMAGE","No local image file found for token #0496"
"497","0497","Light Cult Crypto Club #0497","RE-002307","0401-0500","","","items/lccc-0497.html","https://ronenglish-archive.github.io/ron-english-light-cult-0001-1000/items/lccc-0497.html","https://opensea.io/item/ethereum/0xbe85fbd182af91290be7293438ae67549638189f/497","MISSING IMAGE","No local image file found for token #0497"
"498","0498","Light Cult Crypto Club #0498","RE-002308","0401-0500","","","items/lccc-0498.html","https://ronenglish-archive.github.io/ron-english-light-cult-0001-1000/items/lccc-0498.html","https://opensea.io/item/ethereum/0xbe85fbd182af91290be7293438ae67549638189f/498","MISSING IMAGE","No local image file found for token #0498"
"499","0499","Light Cult Crypto Club #0499","RE-002309","0401-0500","","","items/lccc-0499.html","https://ronenglish-archive.github.io/ron-english-light-cult-0001-1000/items/lccc-0499.html","https://opensea.io/item/ethereum/0xbe85fbd182af91290be7293438ae67549638189f/499","MISSING IMAGE","No local image file found for token #0499"
"500","0500","Light Cult Crypto Club #0500","RE-002310","0401-0500","","","items/lccc-0500.html","https://ronenglish-archive.github.io/ron-english-light-cult-0001-1000/items/lccc-0500.html","https://opensea.io/item/ethereum/0xbe85fbd182af91290be7293438ae67549638189f/500","MISSING IMAGE","No local image file found for token #0500"
"501","0501","Light Cult Crypto Club #0501","RE-002311","0501-0600","","","items/lccc-0501.html","https://ronenglish-archive.github.io/ron-english-light-cult-0001-1000/items/lccc-0501.html","https://opensea.io/item/ethereum/0xbe85fbd182af91290be7293438ae67549638189f/501","MISSING IMAGE","No local image file found for token #0501"
"502","0502","Light Cult Crypto Club #0502","RE-002312","0501-0600","","","items/lccc-0502.html","https://ronenglish-archive.github.io/ron-english-light-cult-0001-1000/items/lccc-0502.html","https://opensea.io/item/ethereum/0xbe85fbd182af91290be7293438ae67549638189f/502","MISSING IMAGE","No local image file found for token #0502"
"503","0503","Light Cult Crypto Club #0503","RE-002313","0501-0600","","","items/lccc-0503.html","https://ronenglish-archive.github.io/ron-english-light-cult-0001-1000/items/lccc-0503.html","https://opensea.io/item/ethereum/0xbe85fbd182af91290be7293438ae67549638189f/503","MISSING IMAGE","No local image file found for token #0503"
"504","0504","Light Cult Crypto Club #0504","RE-002314","0501-0600","","","items/lccc-0504.html","https://ronenglish-archive.github.io/ron-english-light-cult-0001-1000/items/lccc-0504.html","https://opensea.io/item/ethereum/0xbe85fbd182af91290be7293438ae67549638189f/504","MISSING IMAGE","No local image file found for token #0504"
"505","0505","Light Cult Crypto Club #0505","RE-002315","0501-0600","","","items/lccc-0505.html","https://ronenglish-archive.github.io/ron-english-light-cult-0001-1000/items/lccc-0505.html","https://opensea.io/item/ethereum/0xbe85fbd182af91290be7293438ae67549638189f/505","MISSING IMAGE","No local image file found for token #0505"
"506","0506","Light Cult Crypto Club #0506","RE-002316","0501-0600","","","items/lccc-0506.html","https://ronenglish-archive.github.io/ron-english-light-cult-0001-1000/items/lccc-0506.html","https://opensea.io/item/ethereum/0xbe85fbd182af91290be7293438ae67549638189f/506","MISSING IMAGE","No local image file found for token #0506"
"507","0507","Light Cult Crypto Club #0507","RE-002317","0501-0600","","","items/lccc-0507.html","https://ronenglish-archive.github.io/ron-english-light-cult-0001-1000/items/lccc-0507.html","https://opensea.io/item/ethereum/0xbe85fbd182af91290be7293438ae67549638189f/507","MISSING IMAGE","No local image file found for token #0507"
"508","0508","Light Cult Crypto Club #0508","RE-002318","0501-0600","","","items/lccc-0508.html","https://ronenglish-archive.github.io/ron-english-light-cult-0001-1000/items/lccc-0508.html","https://opensea.io/item/ethereum/0xbe85fbd182af91290be7293438ae67549638189f/508","MISSING IMAGE","No local image file found for token #0508"
"509","0509","Light Cult Crypto Club #0509","RE-002319","0501-0600","","","items/lccc-0509.html","https://ronenglish-archive.github.io/ron-english-light-cult-0001-1000/items/lccc-0509.html","https://opensea.io/item/ethereum/0xbe85fbd182af91290be7293438ae67549638189f/509","MISSING IMAGE","No local image file found for token #0509"
"510","0510","Light Cult Crypto Club #0510","RE-002320","0501-0600","","","items/lccc-0510.html","https://ronenglish-archive.github.io/ron-english-light-cult-0001-1000/items/lccc-0510.html","https://opensea.io/item/ethereum/0xbe85fbd182af91290be7293438ae67549638189f/510","MISSING IMAGE","No local image file found for token #0510"
"511","0511","Light Cult Crypto Club #0511","RE-002321","0501-0600","","","items/lccc-0511.html","https://ronenglish-archive.github.io/ron-english-light-cult-0001-1000/items/lccc-0511.html","https://opensea.io/item/ethereum/0xbe85fbd182af91290be7293438ae67549638189f/511","MISSING IMAGE","No local image file found for token #0511"
"512","0512","Light Cult Crypto Club #0512","RE-002322","0501-0600","","","items/lccc-0512.html","https://ronenglish-archive.github.io/ron-english-light-cult-0001-1000/items/lccc-0512.html","https://opensea.io/item/ethereum/0xbe85fbd182af91290be7293438ae67549638189f/512","MISSING IMAGE","No local image file found for token #0512"
"513","0513","Light Cult Crypto Club #0513","RE-002323","0501-0600","","","items/lccc-0513.html","https://ronenglish-archive.github.io/ron-english-light-cult-0001-1000/items/lccc-0513.html","https://opensea.io/item/ethereum/0xbe85fbd182af91290be7293438ae67549638189f/513","MISSING IMAGE","No local image file found for token #0513"
"514","0514","Light Cult Crypto Club #0514","RE-002324","0501-0600","","","items/lccc-0514.html","https://ronenglish-archive.github.io/ron-english-light-cult-0001-1000/items/lccc-0514.html","https://opensea.io/item/ethereum/0xbe85fbd182af91290be7293438ae67549638189f/514","MISSING IMAGE","No local image file found for token #0514"
"515","0515","Light Cult Crypto Club #0515","RE-002325","0501-0600","","","items/lccc-0515.html","https://ronenglish-archive.github.io/ron-english-light-cult-0001-1000/items/lccc-0515.html","https://opensea.io/item/ethereum/0xbe85fbd182af91290be7293438ae67549638189f/515","MISSING IMAGE","No local image file found for token #0515"
"516","0516","Light Cult Crypto Club #0516","RE-002326","0501-0600","","","items/lccc-0516.html","https://ronenglish-archive.github.io/ron-english-light-cult-0001-1000/items/lccc-0516.html","https://opensea.io/item/ethereum/0xbe85fbd182af91290be7293438ae67549638189f/516","MISSING IMAGE","No local image file found for token #0516"
"517","0517","Light Cult Crypto Club #0517","RE-002327","0501-0600","","","items/lccc-0517.html","https://ronenglish-archive.github.io/ron-english-light-cult-0001-1000/items/lccc-0517.html","https://opensea.io/item/ethereum/0xbe85fbd182af91290be7293438ae67549638189f/517","MISSING IMAGE","No local image file found for token #0517"
"518","0518","Light Cult Crypto Club #0518","RE-002328","0501-0600","","","items/lccc-0518.html","https://ronenglish-archive.github.io/ron-english-light-cult-0001-1000/items/lccc-0518.html","https://opensea.io/item/ethereum/0xbe85fbd182af91290be7293438ae67549638189f/518","MISSING IMAGE","No local image file found for token #0518"
"519","0519","Light Cult Crypto Club #0519","RE-002329","0501-0600","","","items/lccc-0519.html","https://ronenglish-archive.github.io/ron-english-light-cult-0001-1000/items/lccc-0519.html","https://opensea.io/item/ethereum/0xbe85fbd182af91290be7293438ae67549638189f/519","MISSING IMAGE","No local image file found for token #0519"
"520","0520","Light Cult Crypto Club #0520","RE-002330","0501-0600","","","items/lccc-0520.html","https://ronenglish-archive.github.io/ron-english-light-cult-0001-1000/items/lccc-0520.html","https://opensea.io/item/ethereum/0xbe85fbd182af91290be7293438ae67549638189f/520","MISSING IMAGE","No local image file found for token #0520"
"521","0521","Light Cult Crypto Club #0521","RE-002331","0501-0600","","","items/lccc-0521.html","https://ronenglish-archive.github.io/ron-english-light-cult-0001-1000/items/lccc-0521.html","https://opensea.io/item/ethereum/0xbe85fbd182af91290be7293438ae67549638189f/521","MISSING IMAGE","No local image file found for token #0521"
"522","0522","Light Cult Crypto Club #0522","RE-002332","0501-0600","","","items/lccc-0522.html","https://ronenglish-archive.github.io/ron-english-light-cult-0001-1000/items/lccc-0522.html","https://opensea.io/item/ethereum/0xbe85fbd182af91290be7293438ae67549638189f/522","MISSING IMAGE","No local image file found for token #0522"
"523","0523","Light Cult Crypto Club #0523","RE-002333","0501-0600","","","items/lccc-0523.html","https://ronenglish-archive.github.io/ron-english-light-cult-0001-1000/items/lccc-0523.html","https://opensea.io/item/ethereum/0xbe85fbd182af91290be7293438ae67549638189f/523","MISSING IMAGE","No local image file found for token #0523"
"524","0524","Light Cult Crypto Club #0524","RE-002334","0501-0600","","","items/lccc-0524.html","https://ronenglish-archive.github.io/ron-english-light-cult-0001-1000/items/lccc-0524.html","https://opensea.io/item/ethereum/0xbe85fbd182af91290be7293438ae67549638189f/524","MISSING IMAGE","No local image file found for token #0524"
"525","0525","Light Cult Crypto Club #0525","RE-002335","0501-0600","","","items/lccc-0525.html","https://ronenglish-archive.github.io/ron-english-light-cult-0001-1000/items/lccc-0525.html","https://opensea.io/item/ethereum/0xbe85fbd182af91290be7293438ae67549638189f/525","MISSING IMAGE","No local image file found for token #0525"
"526","0526","Light Cult Crypto Club #0526","RE-002336","0501-0600","","","items/lccc-0526.html","https://ronenglish-archive.github.io/ron-english-light-cult-0001-1000/items/lccc-0526.html","https://opensea.io/item/ethereum/0xbe85fbd182af91290be7293438ae67549638189f/526","MISSING IMAGE","No local image file found for token #0526"
"527","0527","Light Cult Crypto Club #0527","RE-002337","0501-0600","","","items/lccc-0527.html","https://ronenglish-archive.github.io/ron-english-light-cult-0001-1000/items/lccc-0527.html","https://opensea.io/item/ethereum/0xbe85fbd182af91290be7293438ae67549638189f/527","MISSING IMAGE","No local image file found for token #0527"
"528","0528","Light Cult Crypto Club #0528","RE-002338","0501-0600","","","items/lccc-0528.html","https://ronenglish-archive.github.io/ron-english-light-cult-0001-1000/items/lccc-0528.html","https://opensea.io/item/ethereum/0xbe85fbd182af91290be7293438ae67549638189f/528","MISSING IMAGE","No local image file found for token #0528"
"529","0529","Light Cult Crypto Club #0529","RE-002339","0501-0600","","","items/lccc-0529.html","https://ronenglish-archive.github.io/ron-english-light-cult-0001-1000/items/lccc-0529.html","https://opensea.io/item/ethereum/0xbe85fbd182af91290be7293438ae67549638189f/529","MISSING IMAGE","No local image file found for token #0529"
"530","0530","Light Cult Crypto Club #0530","RE-002340","0501-0600","","","items/lccc-0530.html","https://ronenglish-archive.github.io/ron-english-light-cult-0001-1000/items/lccc-0530.html","https://opensea.io/item/ethereum/0xbe85fbd182af91290be7293438ae67549638189f/530","MISSING IMAGE","No local image file found for token #0530"
"531","0531","Light Cult Crypto Club #0531","RE-002341","0501-0600","","","items/lccc-0531.html","https://ronenglish-archive.github.io/ron-english-light-cult-0001-1000/items/lccc-0531.html","https://opensea.io/item/ethereum/0xbe85fbd182af91290be7293438ae67549638189f/531","MISSING IMAGE","No local image file found for token #0531"
"532","0532","Light Cult Crypto Club #0532","RE-002342","0501-0600","","","items/lccc-0532.html","https://ronenglish-archive.github.io/ron-english-light-cult-0001-1000/items/lccc-0532.html","https://opensea.io/item/ethereum/0xbe85fbd182af91290be7293438ae67549638189f/532","MISSING IMAGE","No local image file found for token #0532"
"533","0533","Light Cult Crypto Club #0533","RE-002343","0501-0600","","","items/lccc-0533.html","https://ronenglish-archive.github.io/ron-english-light-cult-0001-1000/items/lccc-0533.html","https://opensea.io/item/ethereum/0xbe85fbd182af91290be7293438ae67549638189f/533","MISSING IMAGE","No local image file found for token #0533"
"534","0534","Light Cult Crypto Club #0534","RE-002344","0501-0600","","","items/lccc-0534.html","https://ronenglish-archive.github.io/ron-english-light-cult-0001-1000/items/lccc-0534.html","https://opensea.io/item/ethereum/0xbe85fbd182af91290be7293438ae67549638189f/534","MISSING IMAGE","No local image file found for token #0534"
"535","0535","Light Cult Crypto Club #0535","RE-002345","0501-0600","","","items/lccc-0535.html","https://ronenglish-archive.github.io/ron-english-light-cult-0001-1000/items/lccc-0535.html","https://opensea.io/item/ethereum/0xbe85fbd182af91290be7293438ae67549638189f/535","MISSING IMAGE","No local image file found for token #0535"
"536","0536","Light Cult Crypto Club #0536","RE-002346","0501-0600","","","items/lccc-0536.html","https://ronenglish-archive.github.io/ron-english-light-cult-0001-1000/items/lccc-0536.html","https://opensea.io/item/ethereum/0xbe85fbd182af91290be7293438ae67549638189f/536","MISSING IMAGE","No local image file found for token #0536"
"537","0537","Light Cult Crypto Club #0537","RE-002347","0501-0600","","","items/lccc-0537.html","https://ronenglish-archive.github.io/ron-english-light-cult-0001-1000/items/lccc-0537.html","https://opensea.io/item/ethereum/0xbe85fbd182af91290be7293438ae67549638189f/537","MISSING IMAGE","No local image file found for token #0537"
"538","0538","Light Cult Crypto Club #0538","RE-002348","0501-0600","","","items/lccc-0538.html","https://ronenglish-archive.github.io/ron-english-light-cult-0001-1000/items/lccc-0538.html","https://opensea.io/item/ethereum/0xbe85fbd182af91290be7293438ae67549638189f/538","MISSING IMAGE","No local image file found for token #0538"
"539","0539","Light Cult Crypto Club #0539","RE-002349","0501-0600","","","items/lccc-0539.html","https://ronenglish-archive.github.io/ron-english-light-cult-0001-1000/items/lccc-0539.html","https://opensea.io/item/ethereum/0xbe85fbd182af91290be7293438ae67549638189f/539","MISSING IMAGE","No local image file found for token #0539"
"540","0540","Light Cult Crypto Club #0540","RE-002350","0501-0600","","","items/lccc-0540.html","https://ronenglish-archive.github.io/ron-english-light-cult-0001-1000/items/lccc-0540.html","https://opensea.io/item/ethereum/0xbe85fbd182af91290be7293438ae67549638189f/540","MISSING IMAGE","No local image file found for token #0540"
"541","0541","Light Cult Crypto Club #0541","RE-002351","0501-0600","","","items/lccc-0541.html","https://ronenglish-archive.github.io/ron-english-light-cult-0001-1000/items/lccc-0541.html","https://opensea.io/item/ethereum/0xbe85fbd182af91290be7293438ae67549638189f/541","MISSING IMAGE","No local image file found for token #0541"
"542","0542","Light Cult Crypto Club #0542","RE-002352","0501-0600","","","items/lccc-0542.html","https://ronenglish-archive.github.io/ron-english-light-cult-0001-1000/items/lccc-0542.html","https://opensea.io/item/ethereum/0xbe85fbd182af91290be7293438ae67549638189f/542","MISSING IMAGE","No local image file found for token #0542"
"543","0543","Light Cult Crypto Club #0543","RE-002353","0501-0600","","","items/lccc-0543.html","https://ronenglish-archive.github.io/ron-english-light-cult-0001-1000/items/lccc-0543.html","https://opensea.io/item/ethereum/0xbe85fbd182af91290be7293438ae67549638189f/543","MISSING IMAGE","No local image file found for token #0543"
"544","0544","Light Cult Crypto Club #0544","RE-002354","0501-0600","","","items/lccc-0544.html","https://ronenglish-archive.github.io/ron-english-light-cult-0001-1000/items/lccc-0544.html","https://opensea.io/item/ethereum/0xbe85fbd182af91290be7293438ae67549638189f/544","MISSING IMAGE","No local image file found for token #0544"
"545","0545","Light Cult Crypto Club #0545","RE-002355","0501-0600","","","items/lccc-0545.html","https://ronenglish-archive.github.io/ron-english-light-cult-0001-1000/items/lccc-0545.html","https://opensea.io/item/ethereum/0xbe85fbd182af91290be7293438ae67549638189f/545","MISSING IMAGE","No local image file found for token #0545"
"546","0546","Light Cult Crypto Club #0546","RE-002356","0501-0600","","","items/lccc-0546.html","https://ronenglish-archive.github.io/ron-english-light-cult-0001-1000/items/lccc-0546.html","https://opensea.io/item/ethereum/0xbe85fbd182af91290be7293438ae67549638189f/546","MISSING IMAGE","No local image file found for token #0546"
"547","0547","Light Cult Crypto Club #0547","RE-002357","0501-0600","","","items/lccc-0547.html","https://ronenglish-archive.github.io/ron-english-light-cult-0001-1000/items/lccc-0547.html","https://opensea.io/item/ethereum/0xbe85fbd182af91290be7293438ae67549638189f/547","MISSING IMAGE","No local image file found for token #0547"
"548","0548","Light Cult Crypto Club #0548","RE-002358","0501-0600","","","items/lccc-0548.html","https://ronenglish-archive.github.io/ron-english-light-cult-0001-1000/items/lccc-0548.html","https://opensea.io/item/ethereum/0xbe85fbd182af91290be7293438ae67549638189f/548","MISSING IMAGE","No local image file found for token #0548"
"549","0549","Light Cult Crypto Club #0549","RE-002359","0501-0600","","","items/lccc-0549.html","https://ronenglish-archive.github.io/ron-english-light-cult-0001-1000/items/lccc-0549.html","https://opensea.io/item/ethereum/0xbe85fbd182af91290be7293438ae67549638189f/549","MISSING IMAGE","No local image file found for token #0549"
"550","0550","Light Cult Crypto Club #0550","RE-002360","0501-0600","","","items/lccc-0550.html","https://ronenglish-archive.github.io/ron-english-light-cult-0001-1000/items/lccc-0550.html","https://opensea.io/item/ethereum/0xbe85fbd182af91290be7293438ae67549638189f/550","MISSING IMAGE","No local image file found for token #0550"
"551","0551","Light Cult Crypto Club #0551","RE-002361","0501-0600","","","items/lccc-0551.html","https://ronenglish-archive.github.io/ron-english-light-cult-0001-1000/items/lccc-0551.html","https://opensea.io/item/ethereum/0xbe85fbd182af91290be7293438ae67549638189f/551","MISSING IMAGE","No local image file found for token #0551"
"552","0552","Light Cult Crypto Club #0552","RE-002362","0501-0600","","","items/lccc-0552.html","https://ronenglish-archive.github.io/ron-english-light-cult-0001-1000/items/lccc-0552.html","https://opensea.io/item/ethereum/0xbe85fbd182af91290be7293438ae67549638189f/552","MISSING IMAGE","No local image file found for token #0552"
"553","0553","Light Cult Crypto Club #0553","RE-002363","0501-0600","","","items/lccc-0553.html","https://ronenglish-archive.github.io/ron-english-light-cult-0001-1000/items/lccc-0553.html","https://opensea.io/item/ethereum/0xbe85fbd182af91290be7293438ae67549638189f/553","MISSING IMAGE","No local image file found for token #0553"
"554","0554","Light Cult Crypto Club #0554","RE-002364","0501-0600","","","items/lccc-0554.html","https://ronenglish-archive.github.io/ron-english-light-cult-0001-1000/items/lccc-0554.html","https://opensea.io/item/ethereum/0xbe85fbd182af91290be7293438ae67549638189f/554","MISSING IMAGE","No local image file found for token #0554"
"555","0555","Light Cult Crypto Club #0555","RE-002365","0501-0600","","","items/lccc-0555.html","https://ronenglish-archive.github.io/ron-english-light-cult-0001-1000/items/lccc-0555.html","https://opensea.io/item/ethereum/0xbe85fbd182af91290be7293438ae67549638189f/555","MISSING IMAGE","No local image file found for token #0555"
"556","0556","Light Cult Crypto Club #0556","RE-002366","0501-0600","","","items/lccc-0556.html","https://ronenglish-archive.github.io/ron-english-light-cult-0001-1000/items/lccc-0556.html","https://opensea.io/item/ethereum/0xbe85fbd182af91290be7293438ae67549638189f/556","MISSING IMAGE","No local image file found for token #0556"
"557","0557","Light Cult Crypto Club #0557","RE-002367","0501-0600","","","items/lccc-0557.html","https://ronenglish-archive.github.io/ron-english-light-cult-0001-1000/items/lccc-0557.html","https://opensea.io/item/ethereum/0xbe85fbd182af91290be7293438ae67549638189f/557","MISSING IMAGE","No local image file found for token #0557"
"558","0558","Light Cult Crypto Club #0558","RE-002368","0501-0600","","","items/lccc-0558.html","https://ronenglish-archive.github.io/ron-english-light-cult-0001-1000/items/lccc-0558.html","https://opensea.io/item/ethereum/0xbe85fbd182af91290be7293438ae67549638189f/558","MISSING IMAGE","No local image file found for token #0558"
"559","0559","Light Cult Crypto Club #0559","RE-002369","0501-0600","","","items/lccc-0559.html","https://ronenglish-archive.github.io/ron-english-light-cult-0001-1000/items/lccc-0559.html","https://opensea.io/item/ethereum/0xbe85fbd182af91290be7293438ae67549638189f/559","MISSING IMAGE","No local image file found for token #0559"
"560","0560","Light Cult Crypto Club #0560","RE-002370","0501-0600","","","items/lccc-0560.html","https://ronenglish-archive.github.io/ron-english-light-cult-0001-1000/items/lccc-0560.html","https://opensea.io/item/ethereum/0xbe85fbd182af91290be7293438ae67549638189f/560","MISSING IMAGE","No local image file found for token #0560"
"561","0561","Light Cult Crypto Club #0561","RE-002371","0501-0600","","","items/lccc-0561.html","https://ronenglish-archive.github.io/ron-english-light-cult-0001-1000/items/lccc-0561.html","https://opensea.io/item/ethereum/0xbe85fbd182af91290be7293438ae67549638189f/561","MISSING IMAGE","No local image file found for token #0561"
"562","0562","Light Cult Crypto Club #0562","RE-002372","0501-0600","","","items/lccc-0562.html","https://ronenglish-archive.github.io/ron-english-light-cult-0001-1000/items/lccc-0562.html","https://opensea.io/item/ethereum/0xbe85fbd182af91290be7293438ae67549638189f/562","MISSING IMAGE","No local image file found for token #0562"
"563","0563","Light Cult Crypto Club #0563","RE-002373","0501-0600","","","items/lccc-0563.html","https://ronenglish-archive.github.io/ron-english-light-cult-0001-1000/items/lccc-0563.html","https://opensea.io/item/ethereum/0xbe85fbd182af91290be7293438ae67549638189f/563","MISSING IMAGE","No local image file found for token #0563"
"564","0564","Light Cult Crypto Club #0564","RE-002374","0501-0600","","","items/lccc-0564.html","https://ronenglish-archive.github.io/ron-english-light-cult-0001-1000/items/lccc-0564.html","https://opensea.io/item/ethereum/0xbe85fbd182af91290be7293438ae67549638189f/564","MISSING IMAGE","No local image file found for token #0564"
"565","0565","Light Cult Crypto Club #0565","RE-002375","0501-0600","","","items/lccc-0565.html","https://ronenglish-archive.github.io/ron-english-light-cult-0001-1000/items/lccc-0565.html","https://opensea.io/item/ethereum/0xbe85fbd182af91290be7293438ae67549638189f/565","MISSING IMAGE","No local image file found for token #0565"
"566","0566","Light Cult Crypto Club #0566","RE-002376","0501-0600","","","items/lccc-0566.html","https://ronenglish-archive.github.io/ron-english-light-cult-0001-1000/items/lccc-0566.html","https://opensea.io/item/ethereum/0xbe85fbd182af91290be7293438ae67549638189f/566","MISSING IMAGE","No local image file found for token #0566"
"567","0567","Light Cult Crypto Club #0567","RE-002377","0501-0600","","","items/lccc-0567.html","https://ronenglish-archive.github.io/ron-english-light-cult-0001-1000/items/lccc-0567.html","https://opensea.io/item/ethereum/0xbe85fbd182af91290be7293438ae67549638189f/567","MISSING IMAGE","No local image file found for token #0567"
"568","0568","Light Cult Crypto Club #0568","RE-002378","0501-0600","","","items/lccc-0568.html","https://ronenglish-archive.github.io/ron-english-light-cult-0001-1000/items/lccc-0568.html","https://opensea.io/item/ethereum/0xbe85fbd182af91290be7293438ae67549638189f/568","MISSING IMAGE","No local image file found for token #0568"
"569","0569","Light Cult Crypto Club #0569","RE-002379","0501-0600","","","items/lccc-0569.html","https://ronenglish-archive.github.io/ron-english-light-cult-0001-1000/items/lccc-0569.html","https://opensea.io/item/ethereum/0xbe85fbd182af91290be7293438ae67549638189f/569","MISSING IMAGE","No local image file found for token #0569"
"570","0570","Light Cult Crypto Club #0570","RE-002380","0501-0600","","","items/lccc-0570.html","https://ronenglish-archive.github.io/ron-english-light-cult-0001-1000/items/lccc-0570.html","https://opensea.io/item/ethereum/0xbe85fbd182af91290be7293438ae67549638189f/570","MISSING IMAGE","No local image file found for token #0570"
"571","0571","Light Cult Crypto Club #0571","RE-002381","0501-0600","","","items/lccc-0571.html","https://ronenglish-archive.github.io/ron-english-light-cult-0001-1000/items/lccc-0571.html","https://opensea.io/item/ethereum/0xbe85fbd182af91290be7293438ae67549638189f/571","MISSING IMAGE","No local image file found for token #0571"
"572","0572","Light Cult Crypto Club #0572","RE-002382","0501-0600","","","items/lccc-0572.html","https://ronenglish-archive.github.io/ron-english-light-cult-0001-1000/items/lccc-0572.html","https://opensea.io/item/ethereum/0xbe85fbd182af91290be7293438ae67549638189f/572","MISSING IMAGE","No local image file found for token #0572"
"573","0573","Light Cult Crypto Club #0573","RE-002383","0501-0600","","","items/lccc-0573.html","https://ronenglish-archive.github.io/ron-english-light-cult-0001-1000/items/lccc-0573.html","https://opensea.io/item/ethereum/0xbe85fbd182af91290be7293438ae67549638189f/573","MISSING IMAGE","No local image file found for token #0573"
"574","0574","Light Cult Crypto Club #0574","RE-002384","0501-0600","","","items/lccc-0574.html","https://ronenglish-archive.github.io/ron-english-light-cult-0001-1000/items/lccc-0574.html","https://opensea.io/item/ethereum/0xbe85fbd182af91290be7293438ae67549638189f/574","MISSING IMAGE","No local image file found for token #0574"
"575","0575","Light Cult Crypto Club #0575","RE-002385","0501-0600","","","items/lccc-0575.html","https://ronenglish-archive.github.io/ron-english-light-cult-0001-1000/items/lccc-0575.html","https://opensea.io/item/ethereum/0xbe85fbd182af91290be7293438ae67549638189f/575","MISSING IMAGE","No local image file found for token #0575"
"576","0576","Light Cult Crypto Club #0576","RE-002386","0501-0600","","","items/lccc-0576.html","https://ronenglish-archive.github.io/ron-english-light-cult-0001-1000/items/lccc-0576.html","https://opensea.io/item/ethereum/0xbe85fbd182af91290be7293438ae67549638189f/576","MISSING IMAGE","No local image file found for token #0576"
"577","0577","Light Cult Crypto Club #0577","RE-002387","0501-0600","","","items/lccc-0577.html","https://ronenglish-archive.github.io/ron-english-light-cult-0001-1000/items/lccc-0577.html","https://opensea.io/item/ethereum/0xbe85fbd182af91290be7293438ae67549638189f/577","MISSING IMAGE","No local image file found for token #0577"
"578","0578","Light Cult Crypto Club #0578","RE-002388","0501-0600","","","items/lccc-0578.html","https://ronenglish-archive.github.io/ron-english-light-cult-0001-1000/items/lccc-0578.html","https://opensea.io/item/ethereum/0xbe85fbd182af91290be7293438ae67549638189f/578","MISSING IMAGE","No local image file found for token #0578"
"579","0579","Light Cult Crypto Club #0579","RE-002389","0501-0600","","","items/lccc-0579.html","https://ronenglish-archive.github.io/ron-english-light-cult-0001-1000/items/lccc-0579.html","https://opensea.io/item/ethereum/0xbe85fbd182af91290be7293438ae67549638189f/579","MISSING IMAGE","No local image file found for token #0579"
"580","0580","Light Cult Crypto Club #0580","RE-002390","0501-0600","","","items/lccc-0580.html","https://ronenglish-archive.github.io/ron-english-light-cult-0001-1000/items/lccc-0580.html","https://opensea.io/item/ethereum/0xbe85fbd182af91290be7293438ae67549638189f/580","MISSING IMAGE","No local image file found for token #0580"
"581","0581","Light Cult Crypto Club #0581","RE-002391","0501-0600","","","items/lccc-0581.html","https://ronenglish-archive.github.io/ron-english-light-cult-0001-1000/items/lccc-0581.html","https://opensea.io/item/ethereum/0xbe85fbd182af91290be7293438ae67549638189f/581","MISSING IMAGE","No local image file found for token #0581"
"582","0582","Light Cult Crypto Club #0582","RE-002392","0501-0600","","","items/lccc-0582.html","https://ronenglish-archive.github.io/ron-english-light-cult-0001-1000/items/lccc-0582.html","https://opensea.io/item/ethereum/0xbe85fbd182af91290be7293438ae67549638189f/582","MISSING IMAGE","No local image file found for token #0582"
"583","0583","Light Cult Crypto Club #0583","RE-002393","0501-0600","","","items/lccc-0583.html","https://ronenglish-archive.github.io/ron-english-light-cult-0001-1000/items/lccc-0583.html","https://opensea.io/item/ethereum/0xbe85fbd182af91290be7293438ae67549638189f/583","MISSING IMAGE","No local image file found for token #0583"
"584","0584","Light Cult Crypto Club #0584","RE-002394","0501-0600","","","items/lccc-0584.html","https://ronenglish-archive.github.io/ron-english-light-cult-0001-1000/items/lccc-0584.html","https://opensea.io/item/ethereum/0xbe85fbd182af91290be7293438ae67549638189f/584","MISSING IMAGE","No local image file found for token #0584"
"585","0585","Light Cult Crypto Club #0585","RE-002395","0501-0600","","","items/lccc-0585.html","https://ronenglish-archive.github.io/ron-english-light-cult-0001-1000/items/lccc-0585.html","https://opensea.io/item/ethereum/0xbe85fbd182af91290be7293438ae67549638189f/585","MISSING IMAGE","No local image file found for token #0585"
"586","0586","Light Cult Crypto Club #0586","RE-002396","0501-0600","","","items/lccc-0586.html","https://ronenglish-archive.github.io/ron-english-light-cult-0001-1000/items/lccc-0586.html","https://opensea.io/item/ethereum/0xbe85fbd182af91290be7293438ae67549638189f/586","MISSING IMAGE","No local image file found for token #0586"
"587","0587","Light Cult Crypto Club #0587","RE-002397","0501-0600","","","items/lccc-0587.html","https://ronenglish-archive.github.io/ron-english-light-cult-0001-1000/items/lccc-0587.html","https://opensea.io/item/ethereum/0xbe85fbd182af91290be7293438ae67549638189f/587","MISSING IMAGE","No local image file found for token #0587"
"588","0588","Light Cult Crypto Club #0588","RE-002398","0501-0600","","","items/lccc-0588.html","https://ronenglish-archive.github.io/ron-english-light-cult-0001-1000/items/lccc-0588.html","https://opensea.io/item/ethereum/0xbe85fbd182af91290be7293438ae67549638189f/588","MISSING IMAGE","No local image file found for token #0588"
"589","0589","Light Cult Crypto Club #0589","RE-002399","0501-0600","","","items/lccc-0589.html","https://ronenglish-archive.github.io/ron-english-light-cult-0001-1000/items/lccc-0589.html","https://opensea.io/item/ethereum/0xbe85fbd182af91290be7293438ae67549638189f/589","MISSING IMAGE","No local image file found for token #0589"
"590","0590","Light Cult Crypto Club #0590","RE-002400","0501-0600","","","items/lccc-0590.html","https://ronenglish-archive.github.io/ron-english-light-cult-0001-1000/items/lccc-0590.html","https://opensea.io/item/ethereum/0xbe85fbd182af91290be7293438ae67549638189f/590","MISSING IMAGE","No local image file found for token #0590"
"591","0591","Light Cult Crypto Club #0591","RE-002401","0501-0600","","","items/lccc-0591.html","https://ronenglish-archive.github.io/ron-english-light-cult-0001-1000/items/lccc-0591.html","https://opensea.io/item/ethereum/0xbe85fbd182af91290be7293438ae67549638189f/591","MISSING IMAGE","No local image file found for token #0591"
"592","0592","Light Cult Crypto Club #0592","RE-002402","0501-0600","","","items/lccc-0592.html","https://ronenglish-archive.github.io/ron-english-light-cult-0001-1000/items/lccc-0592.html","https://opensea.io/item/ethereum/0xbe85fbd182af91290be7293438ae67549638189f/592","MISSING IMAGE","No local image file found for token #0592"
"593","0593","Light Cult Crypto Club #0593","RE-002403","0501-0600","","","items/lccc-0593.html","https://ronenglish-archive.github.io/ron-english-light-cult-0001-1000/items/lccc-0593.html","https://opensea.io/item/ethereum/0xbe85fbd182af91290be7293438ae67549638189f/593","MISSING IMAGE","No local image file found for token #0593"
"594","0594","Light Cult Crypto Club #0594","RE-002404","0501-0600","","","items/lccc-0594.html","https://ronenglish-archive.github.io/ron-english-light-cult-0001-1000/items/lccc-0594.html","https://opensea.io/item/ethereum/0xbe85fbd182af91290be7293438ae67549638189f/594","MISSING IMAGE","No local image file found for token #0594"
"595","0595","Light Cult Crypto Club #0595","RE-002405","0501-0600","","","items/lccc-0595.html","https://ronenglish-archive.github.io/ron-english-light-cult-0001-1000/items/lccc-0595.html","https://opensea.io/item/ethereum/0xbe85fbd182af91290be7293438ae67549638189f/595","MISSING IMAGE","No local image file found for token #0595"
"596","0596","Light Cult Crypto Club #0596","RE-002406","0501-0600","","","items/lccc-0596.html","https://ronenglish-archive.github.io/ron-english-light-cult-0001-1000/items/lccc-0596.html","https://opensea.io/item/ethereum/0xbe85fbd182af91290be7293438ae67549638189f/596","MISSING IMAGE","No local image file found for token #0596"
"597","0597","Light Cult Crypto Club #0597","RE-002407","0501-0600","","","items/lccc-0597.html","https://ronenglish-archive.github.io/ron-english-light-cult-0001-1000/items/lccc-0597.html","https://opensea.io/item/ethereum/0xbe85fbd182af91290be7293438ae67549638189f/597","MISSING IMAGE","No local image file found for token #0597"
"598","0598","Light Cult Crypto Club #0598","RE-002408","0501-0600","","","items/lccc-0598.html","https://ronenglish-archive.github.io/ron-english-light-cult-0001-1000/items/lccc-0598.html","https://opensea.io/item/ethereum/0xbe85fbd182af91290be7293438ae67549638189f/598","MISSING IMAGE","No local image file found for token #0598"
"599","0599","Light Cult Crypto Club #0599","RE-002409","0501-0600","","","items/lccc-0599.html","https://ronenglish-archive.github.io/ron-english-light-cult-0001-1000/items/lccc-0599.html","https://opensea.io/item/ethereum/0xbe85fbd182af91290be7293438ae67549638189f/599","MISSING IMAGE","No local image file found for token #0599"
"600","0600","Light Cult Crypto Club #0600","RE-002410","0501-0600","","","items/lccc-0600.html","https://ronenglish-archive.github.io/ron-english-light-cult-0001-1000/items/lccc-0600.html","https://opensea.io/item/ethereum/0xbe85fbd182af91290be7293438ae67549638189f/600","MISSING IMAGE","No local image file found for token #0600"
"601","0601","Light Cult Crypto Club #0601","RE-002411","0601-0700","","","items/lccc-0601.html","https://ronenglish-archive.github.io/ron-english-light-cult-0001-1000/items/lccc-0601.html","https://opensea.io/item/ethereum/0xbe85fbd182af91290be7293438ae67549638189f/601","MISSING IMAGE","No local image file found for token #0601"
"602","0602","Light Cult Crypto Club #0602","RE-002412","0601-0700","","","items/lccc-0602.html","https://ronenglish-archive.github.io/ron-english-light-cult-0001-1000/items/lccc-0602.html","https://opensea.io/item/ethereum/0xbe85fbd182af91290be7293438ae67549638189f/602","MISSING IMAGE","No local image file found for token #0602"
"603","0603","Light Cult Crypto Club #0603","RE-002413","0601-0700","","","items/lccc-0603.html","https://ronenglish-archive.github.io/ron-english-light-cult-0001-1000/items/lccc-0603.html","https://opensea.io/item/ethereum/0xbe85fbd182af91290be7293438ae67549638189f/603","MISSING IMAGE","No local image file found for token #0603"
"604","0604","Light Cult Crypto Club #0604","RE-002414","0601-0700","","","items/lccc-0604.html","https://ronenglish-archive.github.io/ron-english-light-cult-0001-1000/items/lccc-0604.html","https://opensea.io/item/ethereum/0xbe85fbd182af91290be7293438ae67549638189f/604","MISSING IMAGE","No local image file found for token #0604"
"605","0605","Light Cult Crypto Club #0605","RE-002415","0601-0700","","","items/lccc-0605.html","https://ronenglish-archive.github.io/ron-english-light-cult-0001-1000/items/lccc-0605.html","https://opensea.io/item/ethereum/0xbe85fbd182af91290be7293438ae67549638189f/605","MISSING IMAGE","No local image file found for token #0605"
"606","0606","Light Cult Crypto Club #0606","RE-002416","0601-0700","","","items/lccc-0606.html","https://ronenglish-archive.github.io/ron-english-light-cult-0001-1000/items/lccc-0606.html","https://opensea.io/item/ethereum/0xbe85fbd182af91290be7293438ae67549638189f/606","MISSING IMAGE","No local image file found for token #0606"
"607","0607","Light Cult Crypto Club #0607","RE-002417","0601-0700","","","items/lccc-0607.html","https://ronenglish-archive.github.io/ron-english-light-cult-0001-1000/items/lccc-0607.html","https://opensea.io/item/ethereum/0xbe85fbd182af91290be7293438ae67549638189f/607","MISSING IMAGE","No local image file found for token #0607"
"608","0608","Light Cult Crypto Club #0608","RE-002418","0601-0700","","","items/lccc-0608.html","https://ronenglish-archive.github.io/ron-english-light-cult-0001-1000/items/lccc-0608.html","https://opensea.io/item/ethereum/0xbe85fbd182af91290be7293438ae67549638189f/608","MISSING IMAGE","No local image file found for token #0608"
"609","0609","Light Cult Crypto Club #0609","RE-002419","0601-0700","","","items/lccc-0609.html","https://ronenglish-archive.github.io/ron-english-light-cult-0001-1000/items/lccc-0609.html","https://opensea.io/item/ethereum/0xbe85fbd182af91290be7293438ae67549638189f/609","MISSING IMAGE","No local image file found for token #0609"
"610","0610","Light Cult Crypto Club #0610","RE-002420","0601-0700","","","items/lccc-0610.html","https://ronenglish-archive.github.io/ron-english-light-cult-0001-1000/items/lccc-0610.html","https://opensea.io/item/ethereum/0xbe85fbd182af91290be7293438ae67549638189f/610","MISSING IMAGE","No local image file found for token #0610"
"611","0611","Light Cult Crypto Club #0611","RE-002421","0601-0700","","","items/lccc-0611.html","https://ronenglish-archive.github.io/ron-english-light-cult-0001-1000/items/lccc-0611.html","https://opensea.io/item/ethereum/0xbe85fbd182af91290be7293438ae67549638189f/611","MISSING IMAGE","No local image file found for token #0611"
"612","0612","Light Cult Crypto Club #0612","RE-002422","0601-0700","","","items/lccc-0612.html","https://ronenglish-archive.github.io/ron-english-light-cult-0001-1000/items/lccc-0612.html","https://opensea.io/item/ethereum/0xbe85fbd182af91290be7293438ae67549638189f/612","MISSING IMAGE","No local image file found for token #0612"
"613","0613","Light Cult Crypto Club #0613","RE-002423","0601-0700","","","items/lccc-0613.html","https://ronenglish-archive.github.io/ron-english-light-cult-0001-1000/items/lccc-0613.html","https://opensea.io/item/ethereum/0xbe85fbd182af91290be7293438ae67549638189f/613","MISSING IMAGE","No local image file found for token #0613"
"614","0614","Light Cult Crypto Club #0614","RE-002424","0601-0700","","","items/lccc-0614.html","https://ronenglish-archive.github.io/ron-english-light-cult-0001-1000/items/lccc-0614.html","https://opensea.io/item/ethereum/0xbe85fbd182af91290be7293438ae67549638189f/614","MISSING IMAGE","No local image file found for token #0614"
"615","0615","Light Cult Crypto Club #0615","RE-002425","0601-0700","","","items/lccc-0615.html","https://ronenglish-archive.github.io/ron-english-light-cult-0001-1000/items/lccc-0615.html","https://opensea.io/item/ethereum/0xbe85fbd182af91290be7293438ae67549638189f/615","MISSING IMAGE","No local image file found for token #0615"
"616","0616","Light Cult Crypto Club #0616","RE-002426","0601-0700","","","items/lccc-0616.html","https://ronenglish-archive.github.io/ron-english-light-cult-0001-1000/items/lccc-0616.html","https://opensea.io/item/ethereum/0xbe85fbd182af91290be7293438ae67549638189f/616","MISSING IMAGE","No local image file found for token #0616"
"617","0617","Light Cult Crypto Club #0617","RE-002427","0601-0700","","","items/lccc-0617.html","https://ronenglish-archive.github.io/ron-english-light-cult-0001-1000/items/lccc-0617.html","https://opensea.io/item/ethereum/0xbe85fbd182af91290be7293438ae67549638189f/617","MISSING IMAGE","No local image file found for token #0617"
"618","0618","Light Cult Crypto Club #0618","RE-002428","0601-0700","","","items/lccc-0618.html","https://ronenglish-archive.github.io/ron-english-light-cult-0001-1000/items/lccc-0618.html","https://opensea.io/item/ethereum/0xbe85fbd182af91290be7293438ae67549638189f/618","MISSING IMAGE","No local image file found for token #0618"
"619","0619","Light Cult Crypto Club #0619","RE-002429","0601-0700","","","items/lccc-0619.html","https://ronenglish-archive.github.io/ron-english-light-cult-0001-1000/items/lccc-0619.html","https://opensea.io/item/ethereum/0xbe85fbd182af91290be7293438ae67549638189f/619","MISSING IMAGE","No local image file found for token #0619"
"620","0620","Light Cult Crypto Club #0620","RE-002430","0601-0700","","","items/lccc-0620.html","https://ronenglish-archive.github.io/ron-english-light-cult-0001-1000/items/lccc-0620.html","https://opensea.io/item/ethereum/0xbe85fbd182af91290be7293438ae67549638189f/620","MISSING IMAGE","No local image file found for token #0620"
"621","0621","Light Cult Crypto Club #0621","RE-002431","0601-0700","","","items/lccc-0621.html","https://ronenglish-archive.github.io/ron-english-light-cult-0001-1000/items/lccc-0621.html","https://opensea.io/item/ethereum/0xbe85fbd182af91290be7293438ae67549638189f/621","MISSING IMAGE","No local image file found for token #0621"
"622","0622","Light Cult Crypto Club #0622","RE-002432","0601-0700","","","items/lccc-0622.html","https://ronenglish-archive.github.io/ron-english-light-cult-0001-1000/items/lccc-0622.html","https://opensea.io/item/ethereum/0xbe85fbd182af91290be7293438ae67549638189f/622","MISSING IMAGE","No local image file found for token #0622"
"623","0623","Light Cult Crypto Club #0623","RE-002433","0601-0700","","","items/lccc-0623.html","https://ronenglish-archive.github.io/ron-english-light-cult-0001-1000/items/lccc-0623.html","https://opensea.io/item/ethereum/0xbe85fbd182af91290be7293438ae67549638189f/623","MISSING IMAGE","No local image file found for token #0623"
"624","0624","Light Cult Crypto Club #0624","RE-002434","0601-0700","","","items/lccc-0624.html","https://ronenglish-archive.github.io/ron-english-light-cult-0001-1000/items/lccc-0624.html","https://opensea.io/item/ethereum/0xbe85fbd182af91290be7293438ae67549638189f/624","MISSING IMAGE","No local image file found for token #0624"
"625","0625","Light Cult Crypto Club #0625","RE-002435","0601-0700","","","items/lccc-0625.html","https://ronenglish-archive.github.io/ron-english-light-cult-0001-1000/items/lccc-0625.html","https://opensea.io/item/ethereum/0xbe85fbd182af91290be7293438ae67549638189f/625","MISSING IMAGE","No local image file found for token #0625"
"626","0626","Light Cult Crypto Club #0626","RE-002436","0601-0700","","","items/lccc-0626.html","https://ronenglish-archive.github.io/ron-english-light-cult-0001-1000/items/lccc-0626.html","https://opensea.io/item/ethereum/0xbe85fbd182af91290be7293438ae67549638189f/626","MISSING IMAGE","No local image file found for token #0626"
"627","0627","Light Cult Crypto Club #0627","RE-002437","0601-0700","","","items/lccc-0627.html","https://ronenglish-archive.github.io/ron-english-light-cult-0001-1000/items/lccc-0627.html","https://opensea.io/item/ethereum/0xbe85fbd182af91290be7293438ae67549638189f/627","MISSING IMAGE","No local image file found for token #0627"
"628","0628","Light Cult Crypto Club #0628","RE-002438","0601-0700","","","items/lccc-0628.html","https://ronenglish-archive.github.io/ron-english-light-cult-0001-1000/items/lccc-0628.html","https://opensea.io/item/ethereum/0xbe85fbd182af91290be7293438ae67549638189f/628","MISSING IMAGE","No local image file found for token #0628"
"629","0629","Light Cult Crypto Club #0629","RE-002439","0601-0700","","","items/lccc-0629.html","https://ronenglish-archive.github.io/ron-english-light-cult-0001-1000/items/lccc-0629.html","https://opensea.io/item/ethereum/0xbe85fbd182af91290be7293438ae67549638189f/629","MISSING IMAGE","No local image file found for token #0629"
"630","0630","Light Cult Crypto Club #0630","RE-002440","0601-0700","","","items/lccc-0630.html","https://ronenglish-archive.github.io/ron-english-light-cult-0001-1000/items/lccc-0630.html","https://opensea.io/item/ethereum/0xbe85fbd182af91290be7293438ae67549638189f/630","MISSING IMAGE","No local image file found for token #0630"
"631","0631","Light Cult Crypto Club #0631","RE-002441","0601-0700","","","items/lccc-0631.html","https://ronenglish-archive.github.io/ron-english-light-cult-0001-1000/items/lccc-0631.html","https://opensea.io/item/ethereum/0xbe85fbd182af91290be7293438ae67549638189f/631","MISSING IMAGE","No local image file found for token #0631"
"632","0632","Light Cult Crypto Club #0632","RE-002442","0601-0700","","","items/lccc-0632.html","https://ronenglish-archive.github.io/ron-english-light-cult-0001-1000/items/lccc-0632.html","https://opensea.io/item/ethereum/0xbe85fbd182af91290be7293438ae67549638189f/632","MISSING IMAGE","No local image file found for token #0632"
"633","0633","Light Cult Crypto Club #0633","RE-002443","0601-0700","","","items/lccc-0633.html","https://ronenglish-archive.github.io/ron-english-light-cult-0001-1000/items/lccc-0633.html","https://opensea.io/item/ethereum/0xbe85fbd182af91290be7293438ae67549638189f/633","MISSING IMAGE","No local image file found for token #0633"
"634","0634","Light Cult Crypto Club #0634","RE-002444","0601-0700","","","items/lccc-0634.html","https://ronenglish-archive.github.io/ron-english-light-cult-0001-1000/items/lccc-0634.html","https://opensea.io/item/ethereum/0xbe85fbd182af91290be7293438ae67549638189f/634","MISSING IMAGE","No local image file found for token #0634"
"635","0635","Light Cult Crypto Club #0635","RE-002445","0601-0700","","","items/lccc-0635.html","https://ronenglish-archive.github.io/ron-english-light-cult-0001-1000/items/lccc-0635.html","https://opensea.io/item/ethereum/0xbe85fbd182af91290be7293438ae67549638189f/635","MISSING IMAGE","No local image file found for token #0635"
"636","0636","Light Cult Crypto Club #0636","RE-002446","0601-0700","","","items/lccc-0636.html","https://ronenglish-archive.github.io/ron-english-light-cult-0001-1000/items/lccc-0636.html","https://opensea.io/item/ethereum/0xbe85fbd182af91290be7293438ae67549638189f/636","MISSING IMAGE","No local image file found for token #0636"
"637","0637","Light Cult Crypto Club #0637","RE-002447","0601-0700","","","items/lccc-0637.html","https://ronenglish-archive.github.io/ron-english-light-cult-0001-1000/items/lccc-0637.html","https://opensea.io/item/ethereum/0xbe85fbd182af91290be7293438ae67549638189f/637","MISSING IMAGE","No local image file found for token #0637"
"638","0638","Light Cult Crypto Club #0638","RE-002448","0601-0700","","","items/lccc-0638.html","https://ronenglish-archive.github.io/ron-english-light-cult-0001-1000/items/lccc-0638.html","https://opensea.io/item/ethereum/0xbe85fbd182af91290be7293438ae67549638189f/638","MISSING IMAGE","No local image file found for token #0638"
"639","0639","Light Cult Crypto Club #0639","RE-002449","0601-0700","","","items/lccc-0639.html","https://ronenglish-archive.github.io/ron-english-light-cult-0001-1000/items/lccc-0639.html","https://opensea.io/item/ethereum/0xbe85fbd182af91290be7293438ae67549638189f/639","MISSING IMAGE","No local image file found for token #0639"
"640","0640","Light Cult Crypto Club #0640","RE-002450","0601-0700","","","items/lccc-0640.html","https://ronenglish-archive.github.io/ron-english-light-cult-0001-1000/items/lccc-0640.html","https://opensea.io/item/ethereum/0xbe85fbd182af91290be7293438ae67549638189f/640","MISSING IMAGE","No local image file found for token #0640"
"641","0641","Light Cult Crypto Club #0641","RE-002451","0601-0700","","","items/lccc-0641.html","https://ronenglish-archive.github.io/ron-english-light-cult-0001-1000/items/lccc-0641.html","https://opensea.io/item/ethereum/0xbe85fbd182af91290be7293438ae67549638189f/641","MISSING IMAGE","No local image file found for token #0641"
"642","0642","Light Cult Crypto Club #0642","RE-002452","0601-0700","","","items/lccc-0642.html","https://ronenglish-archive.github.io/ron-english-light-cult-0001-1000/items/lccc-0642.html","https://opensea.io/item/ethereum/0xbe85fbd182af91290be7293438ae67549638189f/642","MISSING IMAGE","No local image file found for token #0642"
"643","0643","Light Cult Crypto Club #0643","RE-002453","0601-0700","","","items/lccc-0643.html","https://ronenglish-archive.github.io/ron-english-light-cult-0001-1000/items/lccc-0643.html","https://opensea.io/item/ethereum/0xbe85fbd182af91290be7293438ae67549638189f/643","MISSING IMAGE","No local image file found for token #0643"
"644","0644","Light Cult Crypto Club #0644","RE-002454","0601-0700","","","items/lccc-0644.html","https://ronenglish-archive.github.io/ron-english-light-cult-0001-1000/items/lccc-0644.html","https://opensea.io/item/ethereum/0xbe85fbd182af91290be7293438ae67549638189f/644","MISSING IMAGE","No local image file found for token #0644"
"645","0645","Light Cult Crypto Club #0645","RE-002455","0601-0700","","","items/lccc-0645.html","https://ronenglish-archive.github.io/ron-english-light-cult-0001-1000/items/lccc-0645.html","https://opensea.io/item/ethereum/0xbe85fbd182af91290be7293438ae67549638189f/645","MISSING IMAGE","No local image file found for token #0645"
"646","0646","Light Cult Crypto Club #0646","RE-002456","0601-0700","","","items/lccc-0646.html","https://ronenglish-archive.github.io/ron-english-light-cult-0001-1000/items/lccc-0646.html","https://opensea.io/item/ethereum/0xbe85fbd182af91290be7293438ae67549638189f/646","MISSING IMAGE","No local image file found for token #0646"
"647","0647","Light Cult Crypto Club #0647","RE-002457","0601-0700","","","items/lccc-0647.html","https://ronenglish-archive.github.io/ron-english-light-cult-0001-1000/items/lccc-0647.html","https://opensea.io/item/ethereum/0xbe85fbd182af91290be7293438ae67549638189f/647","MISSING IMAGE","No local image file found for token #0647"
"648","0648","Light Cult Crypto Club #0648","RE-002458","0601-0700","","","items/lccc-0648.html","https://ronenglish-archive.github.io/ron-english-light-cult-0001-1000/items/lccc-0648.html","https://opensea.io/item/ethereum/0xbe85fbd182af91290be7293438ae67549638189f/648","MISSING IMAGE","No local image file found for token #0648"
"649","0649","Light Cult Crypto Club #0649","RE-002459","0601-0700","","","items/lccc-0649.html","https://ronenglish-archive.github.io/ron-english-light-cult-0001-1000/items/lccc-0649.html","https://opensea.io/item/ethereum/0xbe85fbd182af91290be7293438ae67549638189f/649","MISSING IMAGE","No local image file found for token #0649"
"650","0650","Light Cult Crypto Club #0650","RE-002460","0601-0700","","","items/lccc-0650.html","https://ronenglish-archive.github.io/ron-english-light-cult-0001-1000/items/lccc-0650.html","https://opensea.io/item/ethereum/0xbe85fbd182af91290be7293438ae67549638189f/650","MISSING IMAGE","No local image file found for token #0650"
"651","0651","Light Cult Crypto Club #0651","RE-002461","0601-0700","","","items/lccc-0651.html","https://ronenglish-archive.github.io/ron-english-light-cult-0001-1000/items/lccc-0651.html","https://opensea.io/item/ethereum/0xbe85fbd182af91290be7293438ae67549638189f/651","MISSING IMAGE","No local image file found for token #0651"
"652","0652","Light Cult Crypto Club #0652","RE-002462","0601-0700","","","items/lccc-0652.html","https://ronenglish-archive.github.io/ron-english-light-cult-0001-1000/items/lccc-0652.html","https://opensea.io/item/ethereum/0xbe85fbd182af91290be7293438ae67549638189f/652","MISSING IMAGE","No local image file found for token #0652"
"653","0653","Light Cult Crypto Club #0653","RE-002463","0601-0700","","","items/lccc-0653.html","https://ronenglish-archive.github.io/ron-english-light-cult-0001-1000/items/lccc-0653.html","https://opensea.io/item/ethereum/0xbe85fbd182af91290be7293438ae67549638189f/653","MISSING IMAGE","No local image file found for token #0653"
"654","0654","Light Cult Crypto Club #0654","RE-002464","0601-0700","","","items/lccc-0654.html","https://ronenglish-archive.github.io/ron-english-light-cult-0001-1000/items/lccc-0654.html","https://opensea.io/item/ethereum/0xbe85fbd182af91290be7293438ae67549638189f/654","MISSING IMAGE","No local image file found for token #0654"
"655","0655","Light Cult Crypto Club #0655","RE-002465","0601-0700","","","items/lccc-0655.html","https://ronenglish-archive.github.io/ron-english-light-cult-0001-1000/items/lccc-0655.html","https://opensea.io/item/ethereum/0xbe85fbd182af91290be7293438ae67549638189f/655","MISSING IMAGE","No local image file found for token #0655"
"656","0656","Light Cult Crypto Club #0656","RE-002466","0601-0700","","","items/lccc-0656.html","https://ronenglish-archive.github.io/ron-english-light-cult-0001-1000/items/lccc-0656.html","https://opensea.io/item/ethereum/0xbe85fbd182af91290be7293438ae67549638189f/656","MISSING IMAGE","No local image file found for token #0656"
"657","0657","Light Cult Crypto Club #0657","RE-002467","0601-0700","","","items/lccc-0657.html","https://ronenglish-archive.github.io/ron-english-light-cult-0001-1000/items/lccc-0657.html","https://opensea.io/item/ethereum/0xbe85fbd182af91290be7293438ae67549638189f/657","MISSING IMAGE","No local image file found for token #0657"
"658","0658","Light Cult Crypto Club #0658","RE-002468","0601-0700","","","items/lccc-0658.html","https://ronenglish-archive.github.io/ron-english-light-cult-0001-1000/items/lccc-0658.html","https://opensea.io/item/ethereum/0xbe85fbd182af91290be7293438ae67549638189f/658","MISSING IMAGE","No local image file found for token #0658"
"659","0659","Light Cult Crypto Club #0659","RE-002469","0601-0700","","","items/lccc-0659.html","https://ronenglish-archive.github.io/ron-english-light-cult-0001-1000/items/lccc-0659.html","https://opensea.io/item/ethereum/0xbe85fbd182af91290be7293438ae67549638189f/659","MISSING IMAGE","No local image file found for token #0659"
"660","0660","Light Cult Crypto Club #0660","RE-002470","0601-0700","","","items/lccc-0660.html","https://ronenglish-archive.github.io/ron-english-light-cult-0001-1000/items/lccc-0660.html","https://opensea.io/item/ethereum/0xbe85fbd182af91290be7293438ae67549638189f/660","MISSING IMAGE","No local image file found for token #0660"
"661","0661","Light Cult Crypto Club #0661","RE-002471","0601-0700","","","items/lccc-0661.html","https://ronenglish-archive.github.io/ron-english-light-cult-0001-1000/items/lccc-0661.html","https://opensea.io/item/ethereum/0xbe85fbd182af91290be7293438ae67549638189f/661","MISSING IMAGE","No local image file found for token #0661"
"662","0662","Light Cult Crypto Club #0662","RE-002472","0601-0700","","","items/lccc-0662.html","https://ronenglish-archive.github.io/ron-english-light-cult-0001-1000/items/lccc-0662.html","https://opensea.io/item/ethereum/0xbe85fbd182af91290be7293438ae67549638189f/662","MISSING IMAGE","No local image file found for token #0662"
"663","0663","Light Cult Crypto Club #0663","RE-002473","0601-0700","","","items/lccc-0663.html","https://ronenglish-archive.github.io/ron-english-light-cult-0001-1000/items/lccc-0663.html","https://opensea.io/item/ethereum/0xbe85fbd182af91290be7293438ae67549638189f/663","MISSING IMAGE","No local image file found for token #0663"
"664","0664","Light Cult Crypto Club #0664","RE-002474","0601-0700","","","items/lccc-0664.html","https://ronenglish-archive.github.io/ron-english-light-cult-0001-1000/items/lccc-0664.html","https://opensea.io/item/ethereum/0xbe85fbd182af91290be7293438ae67549638189f/664","MISSING IMAGE","No local image file found for token #0664"
"665","0665","Light Cult Crypto Club #0665","RE-002475","0601-0700","","","items/lccc-0665.html","https://ronenglish-archive.github.io/ron-english-light-cult-0001-1000/items/lccc-0665.html","https://opensea.io/item/ethereum/0xbe85fbd182af91290be7293438ae67549638189f/665","MISSING IMAGE","No local image file found for token #0665"
"666","0666","Light Cult Crypto Club #0666","RE-002476","0601-0700","","","items/lccc-0666.html","https://ronenglish-archive.github.io/ron-english-light-cult-0001-1000/items/lccc-0666.html","https://opensea.io/item/ethereum/0xbe85fbd182af91290be7293438ae67549638189f/666","MISSING IMAGE","No local image file found for token #0666"
"667","0667","Light Cult Crypto Club #0667","RE-002477","0601-0700","","","items/lccc-0667.html","https://ronenglish-archive.github.io/ron-english-light-cult-0001-1000/items/lccc-0667.html","https://opensea.io/item/ethereum/0xbe85fbd182af91290be7293438ae67549638189f/667","MISSING IMAGE","No local image file found for token #0667"
"668","0668","Light Cult Crypto Club #0668","RE-002478","0601-0700","","","items/lccc-0668.html","https://ronenglish-archive.github.io/ron-english-light-cult-0001-1000/items/lccc-0668.html","https://opensea.io/item/ethereum/0xbe85fbd182af91290be7293438ae67549638189f/668","MISSING IMAGE","No local image file found for token #0668"
"669","0669","Light Cult Crypto Club #0669","RE-002479","0601-0700","","","items/lccc-0669.html","https://ronenglish-archive.github.io/ron-english-light-cult-0001-1000/items/lccc-0669.html","https://opensea.io/item/ethereum/0xbe85fbd182af91290be7293438ae67549638189f/669","MISSING IMAGE","No local image file found for token #0669"
"670","0670","Light Cult Crypto Club #0670","RE-002480","0601-0700","","","items/lccc-0670.html","https://ronenglish-archive.github.io/ron-english-light-cult-0001-1000/items/lccc-0670.html","https://opensea.io/item/ethereum/0xbe85fbd182af91290be7293438ae67549638189f/670","MISSING IMAGE","No local image file found for token #0670"
"671","0671","Light Cult Crypto Club #0671","RE-002481","0601-0700","","","items/lccc-0671.html","https://ronenglish-archive.github.io/ron-english-light-cult-0001-1000/items/lccc-0671.html","https://opensea.io/item/ethereum/0xbe85fbd182af91290be7293438ae67549638189f/671","MISSING IMAGE","No local image file found for token #0671"
"672","0672","Light Cult Crypto Club #0672","RE-002482","0601-0700","","","items/lccc-0672.html","https://ronenglish-archive.github.io/ron-english-light-cult-0001-1000/items/lccc-0672.html","https://opensea.io/item/ethereum/0xbe85fbd182af91290be7293438ae67549638189f/672","MISSING IMAGE","No local image file found for token #0672"
"673","0673","Light Cult Crypto Club #0673","RE-002483","0601-0700","","","items/lccc-0673.html","https://ronenglish-archive.github.io/ron-english-light-cult-0001-1000/items/lccc-0673.html","https://opensea.io/item/ethereum/0xbe85fbd182af91290be7293438ae67549638189f/673","MISSING IMAGE","No local image file found for token #0673"
"674","0674","Light Cult Crypto Club #0674","RE-002484","0601-0700","","","items/lccc-0674.html","https://ronenglish-archive.github.io/ron-english-light-cult-0001-1000/items/lccc-0674.html","https://opensea.io/item/ethereum/0xbe85fbd182af91290be7293438ae67549638189f/674","MISSING IMAGE","No local image file found for token #0674"
"675","0675","Light Cult Crypto Club #0675","RE-002485","0601-0700","","","items/lccc-0675.html","https://ronenglish-archive.github.io/ron-english-light-cult-0001-1000/items/lccc-0675.html","https://opensea.io/item/ethereum/0xbe85fbd182af91290be7293438ae67549638189f/675","MISSING IMAGE","No local image file found for token #0675"
"676","0676","Light Cult Crypto Club #0676","RE-002486","0601-0700","","","items/lccc-0676.html","https://ronenglish-archive.github.io/ron-english-light-cult-0001-1000/items/lccc-0676.html","https://opensea.io/item/ethereum/0xbe85fbd182af91290be7293438ae67549638189f/676","MISSING IMAGE","No local image file found for token #0676"
"677","0677","Light Cult Crypto Club #0677","RE-002487","0601-0700","","","items/lccc-0677.html","https://ronenglish-archive.github.io/ron-english-light-cult-0001-1000/items/lccc-0677.html","https://opensea.io/item/ethereum/0xbe85fbd182af91290be7293438ae67549638189f/677","MISSING IMAGE","No local image file found for token #0677"
"678","0678","Light Cult Crypto Club #0678","RE-002488","0601-0700","","","items/lccc-0678.html","https://ronenglish-archive.github.io/ron-english-light-cult-0001-1000/items/lccc-0678.html","https://opensea.io/item/ethereum/0xbe85fbd182af91290be7293438ae67549638189f/678","MISSING IMAGE","No local image file found for token #0678"
"679","0679","Light Cult Crypto Club #0679","RE-002489","0601-0700","","","items/lccc-0679.html","https://ronenglish-archive.github.io/ron-english-light-cult-0001-1000/items/lccc-0679.html","https://opensea.io/item/ethereum/0xbe85fbd182af91290be7293438ae67549638189f/679","MISSING IMAGE","No local image file found for token #0679"
"680","0680","Light Cult Crypto Club #0680","RE-002490","0601-0700","","","items/lccc-0680.html","https://ronenglish-archive.github.io/ron-english-light-cult-0001-1000/items/lccc-0680.html","https://opensea.io/item/ethereum/0xbe85fbd182af91290be7293438ae67549638189f/680","MISSING IMAGE","No local image file found for token #0680"
"681","0681","Light Cult Crypto Club #0681","RE-002491","0601-0700","","","items/lccc-0681.html","https://ronenglish-archive.github.io/ron-english-light-cult-0001-1000/items/lccc-0681.html","https://opensea.io/item/ethereum/0xbe85fbd182af91290be7293438ae67549638189f/681","MISSING IMAGE","No local image file found for token #0681"
"682","0682","Light Cult Crypto Club #0682","RE-002492","0601-0700","","","items/lccc-0682.html","https://ronenglish-archive.github.io/ron-english-light-cult-0001-1000/items/lccc-0682.html","https://opensea.io/item/ethereum/0xbe85fbd182af91290be7293438ae67549638189f/682","MISSING IMAGE","No local image file found for token #0682"
"683","0683","Light Cult Crypto Club #0683","RE-002493","0601-0700","","","items/lccc-0683.html","https://ronenglish-archive.github.io/ron-english-light-cult-0001-1000/items/lccc-0683.html","https://opensea.io/item/ethereum/0xbe85fbd182af91290be7293438ae67549638189f/683","MISSING IMAGE","No local image file found for token #0683"
"684","0684","Light Cult Crypto Club #0684","RE-002494","0601-0700","","","items/lccc-0684.html","https://ronenglish-archive.github.io/ron-english-light-cult-0001-1000/items/lccc-0684.html","https://opensea.io/item/ethereum/0xbe85fbd182af91290be7293438ae67549638189f/684","MISSING IMAGE","No local image file found for token #0684"
"685","0685","Light Cult Crypto Club #0685","RE-002495","0601-0700","","","items/lccc-0685.html","https://ronenglish-archive.github.io/ron-english-light-cult-0001-1000/items/lccc-0685.html","https://opensea.io/item/ethereum/0xbe85fbd182af91290be7293438ae67549638189f/685","MISSING IMAGE","No local image file found for token #0685"
"686","0686","Light Cult Crypto Club #0686","RE-002496","0601-0700","","","items/lccc-0686.html","https://ronenglish-archive.github.io/ron-english-light-cult-0001-1000/items/lccc-0686.html","https://opensea.io/item/ethereum/0xbe85fbd182af91290be7293438ae67549638189f/686","MISSING IMAGE","No local image file found for token #0686"
"687","0687","Light Cult Crypto Club #0687","RE-002497","0601-0700","","","items/lccc-0687.html","https://ronenglish-archive.github.io/ron-english-light-cult-0001-1000/items/lccc-0687.html","https://opensea.io/item/ethereum/0xbe85fbd182af91290be7293438ae67549638189f/687","MISSING IMAGE","No local image file found for token #0687"
"688","0688","Light Cult Crypto Club #0688","RE-002498","0601-0700","","","items/lccc-0688.html","https://ronenglish-archive.github.io/ron-english-light-cult-0001-1000/items/lccc-0688.html","https://opensea.io/item/ethereum/0xbe85fbd182af91290be7293438ae67549638189f/688","MISSING IMAGE","No local image file found for token #0688"
"689","0689","Light Cult Crypto Club #0689","RE-002499","0601-0700","","","items/lccc-0689.html","https://ronenglish-archive.github.io/ron-english-light-cult-0001-1000/items/lccc-0689.html","https://opensea.io/item/ethereum/0xbe85fbd182af91290be7293438ae67549638189f/689","MISSING IMAGE","No local image file found for token #0689"
"690","0690","Light Cult Crypto Club #0690","RE-002500","0601-0700","","","items/lccc-0690.html","https://ronenglish-archive.github.io/ron-english-light-cult-0001-1000/items/lccc-0690.html","https://opensea.io/item/ethereum/0xbe85fbd182af91290be7293438ae67549638189f/690","MISSING IMAGE","No local image file found for token #0690"
"691","0691","Light Cult Crypto Club #0691","RE-002501","0601-0700","","","items/lccc-0691.html","https://ronenglish-archive.github.io/ron-english-light-cult-0001-1000/items/lccc-0691.html","https://opensea.io/item/ethereum/0xbe85fbd182af91290be7293438ae67549638189f/691","MISSING IMAGE","No local image file found for token #0691"
"692","0692","Light Cult Crypto Club #0692","RE-002502","0601-0700","","","items/lccc-0692.html","https://ronenglish-archive.github.io/ron-english-light-cult-0001-1000/items/lccc-0692.html","https://opensea.io/item/ethereum/0xbe85fbd182af91290be7293438ae67549638189f/692","MISSING IMAGE","No local image file found for token #0692"
"693","0693","Light Cult Crypto Club #0693","RE-002503","0601-0700","","","items/lccc-0693.html","https://ronenglish-archive.github.io/ron-english-light-cult-0001-1000/items/lccc-0693.html","https://opensea.io/item/ethereum/0xbe85fbd182af91290be7293438ae67549638189f/693","MISSING IMAGE","No local image file found for token #0693"
"694","0694","Light Cult Crypto Club #0694","RE-002504","0601-0700","","","items/lccc-0694.html","https://ronenglish-archive.github.io/ron-english-light-cult-0001-1000/items/lccc-0694.html","https://opensea.io/item/ethereum/0xbe85fbd182af91290be7293438ae67549638189f/694","MISSING IMAGE","No local image file found for token #0694"
"695","0695","Light Cult Crypto Club #0695","RE-002505","0601-0700","","","items/lccc-0695.html","https://ronenglish-archive.github.io/ron-english-light-cult-0001-1000/items/lccc-0695.html","https://opensea.io/item/ethereum/0xbe85fbd182af91290be7293438ae67549638189f/695","MISSING IMAGE","No local image file found for token #0695"
"696","0696","Light Cult Crypto Club #0696","RE-002506","0601-0700","","","items/lccc-0696.html","https://ronenglish-archive.github.io/ron-english-light-cult-0001-1000/items/lccc-0696.html","https://opensea.io/item/ethereum/0xbe85fbd182af91290be7293438ae67549638189f/696","MISSING IMAGE","No local image file found for token #0696"
"697","0697","Light Cult Crypto Club #0697","RE-002507","0601-0700","","","items/lccc-0697.html","https://ronenglish-archive.github.io/ron-english-light-cult-0001-1000/items/lccc-0697.html","https://opensea.io/item/ethereum/0xbe85fbd182af91290be7293438ae67549638189f/697","MISSING IMAGE","No local image file found for token #0697"
"698","0698","Light Cult Crypto Club #0698","RE-002508","0601-0700","","","items/lccc-0698.html","https://ronenglish-archive.github.io/ron-english-light-cult-0001-1000/items/lccc-0698.html","https://opensea.io/item/ethereum/0xbe85fbd182af91290be7293438ae67549638189f/698","MISSING IMAGE","No local image file found for token #0698"
"699","0699","Light Cult Crypto Club #0699","RE-002509","0601-0700","","","items/lccc-0699.html","https://ronenglish-archive.github.io/ron-english-light-cult-0001-1000/items/lccc-0699.html","https://opensea.io/item/ethereum/0xbe85fbd182af91290be7293438ae67549638189f/699","MISSING IMAGE","No local image file found for token #0699"
"700","0700","Light Cult Crypto Club #0700","RE-002510","0601-0700","","","items/lccc-0700.html","https://ronenglish-archive.github.io/ron-english-light-cult-0001-1000/items/lccc-0700.html","https://opensea.io/item/ethereum/0xbe85fbd182af91290be7293438ae67549638189f/700","MISSING IMAGE","No local image file found for token #0700"
"701","0701","Light Cult Crypto Club #0701","RE-002511","0701-0800","","","items/lccc-0701.html","https://ronenglish-archive.github.io/ron-english-light-cult-0001-1000/items/lccc-0701.html","https://opensea.io/item/ethereum/0xbe85fbd182af91290be7293438ae67549638189f/701","MISSING IMAGE","No local image file found for token #0701"
"702","0702","Light Cult Crypto Club #0702","RE-002512","0701-0800","","","items/lccc-0702.html","https://ronenglish-archive.github.io/ron-english-light-cult-0001-1000/items/lccc-0702.html","https://opensea.io/item/ethereum/0xbe85fbd182af91290be7293438ae67549638189f/702","MISSING IMAGE","No local image file found for token #0702"
"703","0703","Light Cult Crypto Club #0703","RE-002513","0701-0800","","","items/lccc-0703.html","https://ronenglish-archive.github.io/ron-english-light-cult-0001-1000/items/lccc-0703.html","https://opensea.io/item/ethereum/0xbe85fbd182af91290be7293438ae67549638189f/703","MISSING IMAGE","No local image file found for token #0703"
"704","0704","Light Cult Crypto Club #0704","RE-002514","0701-0800","","","items/lccc-0704.html","https://ronenglish-archive.github.io/ron-english-light-cult-0001-1000/items/lccc-0704.html","https://opensea.io/item/ethereum/0xbe85fbd182af91290be7293438ae67549638189f/704","MISSING IMAGE","No local image file found for token #0704"
"705","0705","Light Cult Crypto Club #0705","RE-002515","0701-0800","","","items/lccc-0705.html","https://ronenglish-archive.github.io/ron-english-light-cult-0001-1000/items/lccc-0705.html","https://opensea.io/item/ethereum/0xbe85fbd182af91290be7293438ae67549638189f/705","MISSING IMAGE","No local image file found for token #0705"
"706","0706","Light Cult Crypto Club #0706","RE-002516","0701-0800","","","items/lccc-0706.html","https://ronenglish-archive.github.io/ron-english-light-cult-0001-1000/items/lccc-0706.html","https://opensea.io/item/ethereum/0xbe85fbd182af91290be7293438ae67549638189f/706","MISSING IMAGE","No local image file found for token #0706"
"707","0707","Light Cult Crypto Club #0707","RE-002517","0701-0800","","","items/lccc-0707.html","https://ronenglish-archive.github.io/ron-english-light-cult-0001-1000/items/lccc-0707.html","https://opensea.io/item/ethereum/0xbe85fbd182af91290be7293438ae67549638189f/707","MISSING IMAGE","No local image file found for token #0707"
"708","0708","Light Cult Crypto Club #0708","RE-002518","0701-0800","","","items/lccc-0708.html","https://ronenglish-archive.github.io/ron-english-light-cult-0001-1000/items/lccc-0708.html","https://opensea.io/item/ethereum/0xbe85fbd182af91290be7293438ae67549638189f/708","MISSING IMAGE","No local image file found for token #0708"
"709","0709","Light Cult Crypto Club #0709","RE-002519","0701-0800","","","items/lccc-0709.html","https://ronenglish-archive.github.io/ron-english-light-cult-0001-1000/items/lccc-0709.html","https://opensea.io/item/ethereum/0xbe85fbd182af91290be7293438ae67549638189f/709","MISSING IMAGE","No local image file found for token #0709"
"710","0710","Light Cult Crypto Club #0710","RE-002520","0701-0800","","","items/lccc-0710.html","https://ronenglish-archive.github.io/ron-english-light-cult-0001-1000/items/lccc-0710.html","https://opensea.io/item/ethereum/0xbe85fbd182af91290be7293438ae67549638189f/710","MISSING IMAGE","No local image file found for token #0710"
"711","0711","Light Cult Crypto Club #0711","RE-002521","0701-0800","","","items/lccc-0711.html","https://ronenglish-archive.github.io/ron-english-light-cult-0001-1000/items/lccc-0711.html","https://opensea.io/item/ethereum/0xbe85fbd182af91290be7293438ae67549638189f/711","MISSING IMAGE","No local image file found for token #0711"
"712","0712","Light Cult Crypto Club #0712","RE-002522","0701-0800","","","items/lccc-0712.html","https://ronenglish-archive.github.io/ron-english-light-cult-0001-1000/items/lccc-0712.html","https://opensea.io/item/ethereum/0xbe85fbd182af91290be7293438ae67549638189f/712","MISSING IMAGE","No local image file found for token #0712"
"713","0713","Light Cult Crypto Club #0713","RE-002523","0701-0800","","","items/lccc-0713.html","https://ronenglish-archive.github.io/ron-english-light-cult-0001-1000/items/lccc-0713.html","https://opensea.io/item/ethereum/0xbe85fbd182af91290be7293438ae67549638189f/713","MISSING IMAGE","No local image file found for token #0713"
"714","0714","Light Cult Crypto Club #0714","RE-002524","0701-0800","","","items/lccc-0714.html","https://ronenglish-archive.github.io/ron-english-light-cult-0001-1000/items/lccc-0714.html","https://opensea.io/item/ethereum/0xbe85fbd182af91290be7293438ae67549638189f/714","MISSING IMAGE","No local image file found for token #0714"
"715","0715","Light Cult Crypto Club #0715","RE-002525","0701-0800","","","items/lccc-0715.html","https://ronenglish-archive.github.io/ron-english-light-cult-0001-1000/items/lccc-0715.html","https://opensea.io/item/ethereum/0xbe85fbd182af91290be7293438ae67549638189f/715","MISSING IMAGE","No local image file found for token #0715"
"716","0716","Light Cult Crypto Club #0716","RE-002526","0701-0800","","","items/lccc-0716.html","https://ronenglish-archive.github.io/ron-english-light-cult-0001-1000/items/lccc-0716.html","https://opensea.io/item/ethereum/0xbe85fbd182af91290be7293438ae67549638189f/716","MISSING IMAGE","No local image file found for token #0716"
"717","0717","Light Cult Crypto Club #0717","RE-002527","0701-0800","","","items/lccc-0717.html","https://ronenglish-archive.github.io/ron-english-light-cult-0001-1000/items/lccc-0717.html","https://opensea.io/item/ethereum/0xbe85fbd182af91290be7293438ae67549638189f/717","MISSING IMAGE","No local image file found for token #0717"
"718","0718","Light Cult Crypto Club #0718","RE-002528","0701-0800","","","items/lccc-0718.html","https://ronenglish-archive.github.io/ron-english-light-cult-0001-1000/items/lccc-0718.html","https://opensea.io/item/ethereum/0xbe85fbd182af91290be7293438ae67549638189f/718","MISSING IMAGE","No local image file found for token #0718"
"719","0719","Light Cult Crypto Club #0719","RE-002529","0701-0800","","","items/lccc-0719.html","https://ronenglish-archive.github.io/ron-english-light-cult-0001-1000/items/lccc-0719.html","https://opensea.io/item/ethereum/0xbe85fbd182af91290be7293438ae67549638189f/719","MISSING IMAGE","No local image file found for token #0719"
"720","0720","Light Cult Crypto Club #0720","RE-002530","0701-0800","","","items/lccc-0720.html","https://ronenglish-archive.github.io/ron-english-light-cult-0001-1000/items/lccc-0720.html","https://opensea.io/item/ethereum/0xbe85fbd182af91290be7293438ae67549638189f/720","MISSING IMAGE","No local image file found for token #0720"
"721","0721","Light Cult Crypto Club #0721","RE-002531","0701-0800","","","items/lccc-0721.html","https://ronenglish-archive.github.io/ron-english-light-cult-0001-1000/items/lccc-0721.html","https://opensea.io/item/ethereum/0xbe85fbd182af91290be7293438ae67549638189f/721","MISSING IMAGE","No local image file found for token #0721"
"722","0722","Light Cult Crypto Club #0722","RE-002532","0701-0800","","","items/lccc-0722.html","https://ronenglish-archive.github.io/ron-english-light-cult-0001-1000/items/lccc-0722.html","https://opensea.io/item/ethereum/0xbe85fbd182af91290be7293438ae67549638189f/722","MISSING IMAGE","No local image file found for token #0722"
"723","0723","Light Cult Crypto Club #0723","RE-002533","0701-0800","","","items/lccc-0723.html","https://ronenglish-archive.github.io/ron-english-light-cult-0001-1000/items/lccc-0723.html","https://opensea.io/item/ethereum/0xbe85fbd182af91290be7293438ae67549638189f/723","MISSING IMAGE","No local image file found for token #0723"
"724","0724","Light Cult Crypto Club #0724","RE-002534","0701-0800","","","items/lccc-0724.html","https://ronenglish-archive.github.io/ron-english-light-cult-0001-1000/items/lccc-0724.html","https://opensea.io/item/ethereum/0xbe85fbd182af91290be7293438ae67549638189f/724","MISSING IMAGE","No local image file found for token #0724"
"725","0725","Light Cult Crypto Club #0725","RE-002535","0701-0800","","","items/lccc-0725.html","https://ronenglish-archive.github.io/ron-english-light-cult-0001-1000/items/lccc-0725.html","https://opensea.io/item/ethereum/0xbe85fbd182af91290be7293438ae67549638189f/725","MISSING IMAGE","No local image file found for token #0725"
"726","0726","Light Cult Crypto Club #0726","RE-002536","0701-0800","","","items/lccc-0726.html","https://ronenglish-archive.github.io/ron-english-light-cult-0001-1000/items/lccc-0726.html","https://opensea.io/item/ethereum/0xbe85fbd182af91290be7293438ae67549638189f/726","MISSING IMAGE","No local image file found for token #0726"
"727","0727","Light Cult Crypto Club #0727","RE-002537","0701-0800","","","items/lccc-0727.html","https://ronenglish-archive.github.io/ron-english-light-cult-0001-1000/items/lccc-0727.html","https://opensea.io/item/ethereum/0xbe85fbd182af91290be7293438ae67549638189f/727","MISSING IMAGE","No local image file found for token #0727"
"728","0728","Light Cult Crypto Club #0728","RE-002538","0701-0800","","","items/lccc-0728.html","https://ronenglish-archive.github.io/ron-english-light-cult-0001-1000/items/lccc-0728.html","https://opensea.io/item/ethereum/0xbe85fbd182af91290be7293438ae67549638189f/728","MISSING IMAGE","No local image file found for token #0728"
"729","0729","Light Cult Crypto Club #0729","RE-002539","0701-0800","","","items/lccc-0729.html","https://ronenglish-archive.github.io/ron-english-light-cult-0001-1000/items/lccc-0729.html","https://opensea.io/item/ethereum/0xbe85fbd182af91290be7293438ae67549638189f/729","MISSING IMAGE","No local image file found for token #0729"
"730","0730","Light Cult Crypto Club #0730","RE-002540","0701-0800","","","items/lccc-0730.html","https://ronenglish-archive.github.io/ron-english-light-cult-0001-1000/items/lccc-0730.html","https://opensea.io/item/ethereum/0xbe85fbd182af91290be7293438ae67549638189f/730","MISSING IMAGE","No local image file found for token #0730"
"731","0731","Light Cult Crypto Club #0731","RE-002541","0701-0800","","","items/lccc-0731.html","https://ronenglish-archive.github.io/ron-english-light-cult-0001-1000/items/lccc-0731.html","https://opensea.io/item/ethereum/0xbe85fbd182af91290be7293438ae67549638189f/731","MISSING IMAGE","No local image file found for token #0731"
"732","0732","Light Cult Crypto Club #0732","RE-002542","0701-0800","","","items/lccc-0732.html","https://ronenglish-archive.github.io/ron-english-light-cult-0001-1000/items/lccc-0732.html","https://opensea.io/item/ethereum/0xbe85fbd182af91290be7293438ae67549638189f/732","MISSING IMAGE","No local image file found for token #0732"
"733","0733","Light Cult Crypto Club #0733","RE-002543","0701-0800","","","items/lccc-0733.html","https://ronenglish-archive.github.io/ron-english-light-cult-0001-1000/items/lccc-0733.html","https://opensea.io/item/ethereum/0xbe85fbd182af91290be7293438ae67549638189f/733","MISSING IMAGE","No local image file found for token #0733"
"734","0734","Light Cult Crypto Club #0734","RE-002544","0701-0800","","","items/lccc-0734.html","https://ronenglish-archive.github.io/ron-english-light-cult-0001-1000/items/lccc-0734.html","https://opensea.io/item/ethereum/0xbe85fbd182af91290be7293438ae67549638189f/734","MISSING IMAGE","No local image file found for token #0734"
"735","0735","Light Cult Crypto Club #0735","RE-002545","0701-0800","","","items/lccc-0735.html","https://ronenglish-archive.github.io/ron-english-light-cult-0001-1000/items/lccc-0735.html","https://opensea.io/item/ethereum/0xbe85fbd182af91290be7293438ae67549638189f/735","MISSING IMAGE","No local image file found for token #0735"
"736","0736","Light Cult Crypto Club #0736","RE-002546","0701-0800","","","items/lccc-0736.html","https://ronenglish-archive.github.io/ron-english-light-cult-0001-1000/items/lccc-0736.html","https://opensea.io/item/ethereum/0xbe85fbd182af91290be7293438ae67549638189f/736","MISSING IMAGE","No local image file found for token #0736"
"737","0737","Light Cult Crypto Club #0737","RE-002547","0701-0800","","","items/lccc-0737.html","https://ronenglish-archive.github.io/ron-english-light-cult-0001-1000/items/lccc-0737.html","https://opensea.io/item/ethereum/0xbe85fbd182af91290be7293438ae67549638189f/737","MISSING IMAGE","No local image file found for token #0737"
"738","0738","Light Cult Crypto Club #0738","RE-002548","0701-0800","","","items/lccc-0738.html","https://ronenglish-archive.github.io/ron-english-light-cult-0001-1000/items/lccc-0738.html","https://opensea.io/item/ethereum/0xbe85fbd182af91290be7293438ae67549638189f/738","MISSING IMAGE","No local image file found for token #0738"
"739","0739","Light Cult Crypto Club #0739","RE-002549","0701-0800","","","items/lccc-0739.html","https://ronenglish-archive.github.io/ron-english-light-cult-0001-1000/items/lccc-0739.html","https://opensea.io/item/ethereum/0xbe85fbd182af91290be7293438ae67549638189f/739","MISSING IMAGE","No local image file found for token #0739"
"740","0740","Light Cult Crypto Club #0740","RE-002550","0701-0800","","","items/lccc-0740.html","https://ronenglish-archive.github.io/ron-english-light-cult-0001-1000/items/lccc-0740.html","https://opensea.io/item/ethereum/0xbe85fbd182af91290be7293438ae67549638189f/740","MISSING IMAGE","No local image file found for token #0740"
"741","0741","Light Cult Crypto Club #0741","RE-002551","0701-0800","","","items/lccc-0741.html","https://ronenglish-archive.github.io/ron-english-light-cult-0001-1000/items/lccc-0741.html","https://opensea.io/item/ethereum/0xbe85fbd182af91290be7293438ae67549638189f/741","MISSING IMAGE","No local image file found for token #0741"
"742","0742","Light Cult Crypto Club #0742","RE-002552","0701-0800","","","items/lccc-0742.html","https://ronenglish-archive.github.io/ron-english-light-cult-0001-1000/items/lccc-0742.html","https://opensea.io/item/ethereum/0xbe85fbd182af91290be7293438ae67549638189f/742","MISSING IMAGE","No local image file found for token #0742"
"743","0743","Light Cult Crypto Club #0743","RE-002553","0701-0800","","","items/lccc-0743.html","https://ronenglish-archive.github.io/ron-english-light-cult-0001-1000/items/lccc-0743.html","https://opensea.io/item/ethereum/0xbe85fbd182af91290be7293438ae67549638189f/743","MISSING IMAGE","No local image file found for token #0743"
"744","0744","Light Cult Crypto Club #0744","RE-002554","0701-0800","","","items/lccc-0744.html","https://ronenglish-archive.github.io/ron-english-light-cult-0001-1000/items/lccc-0744.html","https://opensea.io/item/ethereum/0xbe85fbd182af91290be7293438ae67549638189f/744","MISSING IMAGE","No local image file found for token #0744"
"745","0745","Light Cult Crypto Club #0745","RE-002555","0701-0800","","","items/lccc-0745.html","https://ronenglish-archive.github.io/ron-english-light-cult-0001-1000/items/lccc-0745.html","https://opensea.io/item/ethereum/0xbe85fbd182af91290be7293438ae67549638189f/745","MISSING IMAGE","No local image file found for token #0745"
"746","0746","Light Cult Crypto Club #0746","RE-002556","0701-0800","","","items/lccc-0746.html","https://ronenglish-archive.github.io/ron-english-light-cult-0001-1000/items/lccc-0746.html","https://opensea.io/item/ethereum/0xbe85fbd182af91290be7293438ae67549638189f/746","MISSING IMAGE","No local image file found for token #0746"
"747","0747","Light Cult Crypto Club #0747","RE-002557","0701-0800","","","items/lccc-0747.html","https://ronenglish-archive.github.io/ron-english-light-cult-0001-1000/items/lccc-0747.html","https://opensea.io/item/ethereum/0xbe85fbd182af91290be7293438ae67549638189f/747","MISSING IMAGE","No local image file found for token #0747"
"748","0748","Light Cult Crypto Club #0748","RE-002558","0701-0800","","","items/lccc-0748.html","https://ronenglish-archive.github.io/ron-english-light-cult-0001-1000/items/lccc-0748.html","https://opensea.io/item/ethereum/0xbe85fbd182af91290be7293438ae67549638189f/748","MISSING IMAGE","No local image file found for token #0748"
"749","0749","Light Cult Crypto Club #0749","RE-002559","0701-0800","","","items/lccc-0749.html","https://ronenglish-archive.github.io/ron-english-light-cult-0001-1000/items/lccc-0749.html","https://opensea.io/item/ethereum/0xbe85fbd182af91290be7293438ae67549638189f/749","MISSING IMAGE","No local image file found for token #0749"
"750","0750","Light Cult Crypto Club #0750","RE-002560","0701-0800","","","items/lccc-0750.html","https://ronenglish-archive.github.io/ron-english-light-cult-0001-1000/items/lccc-0750.html","https://opensea.io/item/ethereum/0xbe85fbd182af91290be7293438ae67549638189f/750","MISSING IMAGE","No local image file found for token #0750"
"751","0751","Light Cult Crypto Club #0751","RE-002561","0701-0800","","","items/lccc-0751.html","https://ronenglish-archive.github.io/ron-english-light-cult-0001-1000/items/lccc-0751.html","https://opensea.io/item/ethereum/0xbe85fbd182af91290be7293438ae67549638189f/751","MISSING IMAGE","No local image file found for token #0751"
"752","0752","Light Cult Crypto Club #0752","RE-002562","0701-0800","","","items/lccc-0752.html","https://ronenglish-archive.github.io/ron-english-light-cult-0001-1000/items/lccc-0752.html","https://opensea.io/item/ethereum/0xbe85fbd182af91290be7293438ae67549638189f/752","MISSING IMAGE","No local image file found for token #0752"
"753","0753","Light Cult Crypto Club #0753","RE-002563","0701-0800","","","items/lccc-0753.html","https://ronenglish-archive.github.io/ron-english-light-cult-0001-1000/items/lccc-0753.html","https://opensea.io/item/ethereum/0xbe85fbd182af91290be7293438ae67549638189f/753","MISSING IMAGE","No local image file found for token #0753"
"754","0754","Light Cult Crypto Club #0754","RE-002564","0701-0800","","","items/lccc-0754.html","https://ronenglish-archive.github.io/ron-english-light-cult-0001-1000/items/lccc-0754.html","https://opensea.io/item/ethereum/0xbe85fbd182af91290be7293438ae67549638189f/754","MISSING IMAGE","No local image file found for token #0754"
"755","0755","Light Cult Crypto Club #0755","RE-002565","0701-0800","","","items/lccc-0755.html","https://ronenglish-archive.github.io/ron-english-light-cult-0001-1000/items/lccc-0755.html","https://opensea.io/item/ethereum/0xbe85fbd182af91290be7293438ae67549638189f/755","MISSING IMAGE","No local image file found for token #0755"
"756","0756","Light Cult Crypto Club #0756","RE-002566","0701-0800","","","items/lccc-0756.html","https://ronenglish-archive.github.io/ron-english-light-cult-0001-1000/items/lccc-0756.html","https://opensea.io/item/ethereum/0xbe85fbd182af91290be7293438ae67549638189f/756","MISSING IMAGE","No local image file found for token #0756"
"757","0757","Light Cult Crypto Club #0757","RE-002567","0701-0800","","","items/lccc-0757.html","https://ronenglish-archive.github.io/ron-english-light-cult-0001-1000/items/lccc-0757.html","https://opensea.io/item/ethereum/0xbe85fbd182af91290be7293438ae67549638189f/757","MISSING IMAGE","No local image file found for token #0757"
"758","0758","Light Cult Crypto Club #0758","RE-002568","0701-0800","","","items/lccc-0758.html","https://ronenglish-archive.github.io/ron-english-light-cult-0001-1000/items/lccc-0758.html","https://opensea.io/item/ethereum/0xbe85fbd182af91290be7293438ae67549638189f/758","MISSING IMAGE","No local image file found for token #0758"
"759","0759","Light Cult Crypto Club #0759","RE-002569","0701-0800","","","items/lccc-0759.html","https://ronenglish-archive.github.io/ron-english-light-cult-0001-1000/items/lccc-0759.html","https://opensea.io/item/ethereum/0xbe85fbd182af91290be7293438ae67549638189f/759","MISSING IMAGE","No local image file found for token #0759"
"760","0760","Light Cult Crypto Club #0760","RE-002570","0701-0800","","","items/lccc-0760.html","https://ronenglish-archive.github.io/ron-english-light-cult-0001-1000/items/lccc-0760.html","https://opensea.io/item/ethereum/0xbe85fbd182af91290be7293438ae67549638189f/760","MISSING IMAGE","No local image file found for token #0760"
"761","0761","Light Cult Crypto Club #0761","RE-002571","0701-0800","","","items/lccc-0761.html","https://ronenglish-archive.github.io/ron-english-light-cult-0001-1000/items/lccc-0761.html","https://opensea.io/item/ethereum/0xbe85fbd182af91290be7293438ae67549638189f/761","MISSING IMAGE","No local image file found for token #0761"
"762","0762","Light Cult Crypto Club #0762","RE-002572","0701-0800","","","items/lccc-0762.html","https://ronenglish-archive.github.io/ron-english-light-cult-0001-1000/items/lccc-0762.html","https://opensea.io/item/ethereum/0xbe85fbd182af91290be7293438ae67549638189f/762","MISSING IMAGE","No local image file found for token #0762"
"763","0763","Light Cult Crypto Club #0763","RE-002573","0701-0800","","","items/lccc-0763.html","https://ronenglish-archive.github.io/ron-english-light-cult-0001-1000/items/lccc-0763.html","https://opensea.io/item/ethereum/0xbe85fbd182af91290be7293438ae67549638189f/763","MISSING IMAGE","No local image file found for token #0763"
"764","0764","Light Cult Crypto Club #0764","RE-002574","0701-0800","","","items/lccc-0764.html","https://ronenglish-archive.github.io/ron-english-light-cult-0001-1000/items/lccc-0764.html","https://opensea.io/item/ethereum/0xbe85fbd182af91290be7293438ae67549638189f/764","MISSING IMAGE","No local image file found for token #0764"
"765","0765","Light Cult Crypto Club #0765","RE-002575","0701-0800","","","items/lccc-0765.html","https://ronenglish-archive.github.io/ron-english-light-cult-0001-1000/items/lccc-0765.html","https://opensea.io/item/ethereum/0xbe85fbd182af91290be7293438ae67549638189f/765","MISSING IMAGE","No local image file found for token #0765"
"766","0766","Light Cult Crypto Club #0766","RE-002576","0701-0800","","","items/lccc-0766.html","https://ronenglish-archive.github.io/ron-english-light-cult-0001-1000/items/lccc-0766.html","https://opensea.io/item/ethereum/0xbe85fbd182af91290be7293438ae67549638189f/766","MISSING IMAGE","No local image file found for token #0766"
"767","0767","Light Cult Crypto Club #0767","RE-002577","0701-0800","","","items/lccc-0767.html","https://ronenglish-archive.github.io/ron-english-light-cult-0001-1000/items/lccc-0767.html","https://opensea.io/item/ethereum/0xbe85fbd182af91290be7293438ae67549638189f/767","MISSING IMAGE","No local image file found for token #0767"
"768","0768","Light Cult Crypto Club #0768","RE-002578","0701-0800","","","items/lccc-0768.html","https://ronenglish-archive.github.io/ron-english-light-cult-0001-1000/items/lccc-0768.html","https://opensea.io/item/ethereum/0xbe85fbd182af91290be7293438ae67549638189f/768","MISSING IMAGE","No local image file found for token #0768"
"769","0769","Light Cult Crypto Club #0769","RE-002579","0701-0800","","","items/lccc-0769.html","https://ronenglish-archive.github.io/ron-english-light-cult-0001-1000/items/lccc-0769.html","https://opensea.io/item/ethereum/0xbe85fbd182af91290be7293438ae67549638189f/769","MISSING IMAGE","No local image file found for token #0769"
"770","0770","Light Cult Crypto Club #0770","RE-002580","0701-0800","","","items/lccc-0770.html","https://ronenglish-archive.github.io/ron-english-light-cult-0001-1000/items/lccc-0770.html","https://opensea.io/item/ethereum/0xbe85fbd182af91290be7293438ae67549638189f/770","MISSING IMAGE","No local image file found for token #0770"
"771","0771","Light Cult Crypto Club #0771","RE-002581","0701-0800","","","items/lccc-0771.html","https://ronenglish-archive.github.io/ron-english-light-cult-0001-1000/items/lccc-0771.html","https://opensea.io/item/ethereum/0xbe85fbd182af91290be7293438ae67549638189f/771","MISSING IMAGE","No local image file found for token #0771"
"772","0772","Light Cult Crypto Club #0772","RE-002582","0701-0800","","","items/lccc-0772.html","https://ronenglish-archive.github.io/ron-english-light-cult-0001-1000/items/lccc-0772.html","https://opensea.io/item/ethereum/0xbe85fbd182af91290be7293438ae67549638189f/772","MISSING IMAGE","No local image file found for token #0772"
"773","0773","Light Cult Crypto Club #0773","RE-002583","0701-0800","","","items/lccc-0773.html","https://ronenglish-archive.github.io/ron-english-light-cult-0001-1000/items/lccc-0773.html","https://opensea.io/item/ethereum/0xbe85fbd182af91290be7293438ae67549638189f/773","MISSING IMAGE","No local image file found for token #0773"
"774","0774","Light Cult Crypto Club #0774","RE-002584","0701-0800","","","items/lccc-0774.html","https://ronenglish-archive.github.io/ron-english-light-cult-0001-1000/items/lccc-0774.html","https://opensea.io/item/ethereum/0xbe85fbd182af91290be7293438ae67549638189f/774","MISSING IMAGE","No local image file found for token #0774"
"775","0775","Light Cult Crypto Club #0775","RE-002585","0701-0800","","","items/lccc-0775.html","https://ronenglish-archive.github.io/ron-english-light-cult-0001-1000/items/lccc-0775.html","https://opensea.io/item/ethereum/0xbe85fbd182af91290be7293438ae67549638189f/775","MISSING IMAGE","No local image file found for token #0775"
"776","0776","Light Cult Crypto Club #0776","RE-002586","0701-0800","","","items/lccc-0776.html","https://ronenglish-archive.github.io/ron-english-light-cult-0001-1000/items/lccc-0776.html","https://opensea.io/item/ethereum/0xbe85fbd182af91290be7293438ae67549638189f/776","MISSING IMAGE","No local image file found for token #0776"
"777","0777","Light Cult Crypto Club #0777","RE-002587","0701-0800","","","items/lccc-0777.html","https://ronenglish-archive.github.io/ron-english-light-cult-0001-1000/items/lccc-0777.html","https://opensea.io/item/ethereum/0xbe85fbd182af91290be7293438ae67549638189f/777","MISSING IMAGE","No local image file found for token #0777"
"778","0778","Light Cult Crypto Club #0778","RE-002588","0701-0800","","","items/lccc-0778.html","https://ronenglish-archive.github.io/ron-english-light-cult-0001-1000/items/lccc-0778.html","https://opensea.io/item/ethereum/0xbe85fbd182af91290be7293438ae67549638189f/778","MISSING IMAGE","No local image file found for token #0778"
"779","0779","Light Cult Crypto Club #0779","RE-002589","0701-0800","","","items/lccc-0779.html","https://ronenglish-archive.github.io/ron-english-light-cult-0001-1000/items/lccc-0779.html","https://opensea.io/item/ethereum/0xbe85fbd182af91290be7293438ae67549638189f/779","MISSING IMAGE","No local image file found for token #0779"
"780","0780","Light Cult Crypto Club #0780","RE-002590","0701-0800","","","items/lccc-0780.html","https://ronenglish-archive.github.io/ron-english-light-cult-0001-1000/items/lccc-0780.html","https://opensea.io/item/ethereum/0xbe85fbd182af91290be7293438ae67549638189f/780","MISSING IMAGE","No local image file found for token #0780"
"781","0781","Light Cult Crypto Club #0781","RE-002591","0701-0800","","","items/lccc-0781.html","https://ronenglish-archive.github.io/ron-english-light-cult-0001-1000/items/lccc-0781.html","https://opensea.io/item/ethereum/0xbe85fbd182af91290be7293438ae67549638189f/781","MISSING IMAGE","No local image file found for token #0781"
"782","0782","Light Cult Crypto Club #0782","RE-002592","0701-0800","","","items/lccc-0782.html","https://ronenglish-archive.github.io/ron-english-light-cult-0001-1000/items/lccc-0782.html","https://opensea.io/item/ethereum/0xbe85fbd182af91290be7293438ae67549638189f/782","MISSING IMAGE","No local image file found for token #0782"
"783","0783","Light Cult Crypto Club #0783","RE-002593","0701-0800","","","items/lccc-0783.html","https://ronenglish-archive.github.io/ron-english-light-cult-0001-1000/items/lccc-0783.html","https://opensea.io/item/ethereum/0xbe85fbd182af91290be7293438ae67549638189f/783","MISSING IMAGE","No local image file found for token #0783"
"784","0784","Light Cult Crypto Club #0784","RE-002594","0701-0800","","","items/lccc-0784.html","https://ronenglish-archive.github.io/ron-english-light-cult-0001-1000/items/lccc-0784.html","https://opensea.io/item/ethereum/0xbe85fbd182af91290be7293438ae67549638189f/784","MISSING IMAGE","No local image file found for token #0784"
"785","0785","Light Cult Crypto Club #0785","RE-002595","0701-0800","","","items/lccc-0785.html","https://ronenglish-archive.github.io/ron-english-light-cult-0001-1000/items/lccc-0785.html","https://opensea.io/item/ethereum/0xbe85fbd182af91290be7293438ae67549638189f/785","MISSING IMAGE","No local image file found for token #0785"
"786","0786","Light Cult Crypto Club #0786","RE-002596","0701-0800","","","items/lccc-0786.html","https://ronenglish-archive.github.io/ron-english-light-cult-0001-1000/items/lccc-0786.html","https://opensea.io/item/ethereum/0xbe85fbd182af91290be7293438ae67549638189f/786","MISSING IMAGE","No local image file found for token #0786"
"787","0787","Light Cult Crypto Club #0787","RE-002597","0701-0800","","","items/lccc-0787.html","https://ronenglish-archive.github.io/ron-english-light-cult-0001-1000/items/lccc-0787.html","https://opensea.io/item/ethereum/0xbe85fbd182af91290be7293438ae67549638189f/787","MISSING IMAGE","No local image file found for token #0787"
"788","0788","Light Cult Crypto Club #0788","RE-002598","0701-0800","","","items/lccc-0788.html","https://ronenglish-archive.github.io/ron-english-light-cult-0001-1000/items/lccc-0788.html","https://opensea.io/item/ethereum/0xbe85fbd182af91290be7293438ae67549638189f/788","MISSING IMAGE","No local image file found for token #0788"
"789","0789","Light Cult Crypto Club #0789","RE-002599","0701-0800","","","items/lccc-0789.html","https://ronenglish-archive.github.io/ron-english-light-cult-0001-1000/items/lccc-0789.html","https://opensea.io/item/ethereum/0xbe85fbd182af91290be7293438ae67549638189f/789","MISSING IMAGE","No local image file found for token #0789"
"790","0790","Light Cult Crypto Club #0790","RE-002600","0701-0800","","","items/lccc-0790.html","https://ronenglish-archive.github.io/ron-english-light-cult-0001-1000/items/lccc-0790.html","https://opensea.io/item/ethereum/0xbe85fbd182af91290be7293438ae67549638189f/790","MISSING IMAGE","No local image file found for token #0790"
"791","0791","Light Cult Crypto Club #0791","RE-002601","0701-0800","","","items/lccc-0791.html","https://ronenglish-archive.github.io/ron-english-light-cult-0001-1000/items/lccc-0791.html","https://opensea.io/item/ethereum/0xbe85fbd182af91290be7293438ae67549638189f/791","MISSING IMAGE","No local image file found for token #0791"
"792","0792","Light Cult Crypto Club #0792","RE-002602","0701-0800","","","items/lccc-0792.html","https://ronenglish-archive.github.io/ron-english-light-cult-0001-1000/items/lccc-0792.html","https://opensea.io/item/ethereum/0xbe85fbd182af91290be7293438ae67549638189f/792","MISSING IMAGE","No local image file found for token #0792"
"793","0793","Light Cult Crypto Club #0793","RE-002603","0701-0800","","","items/lccc-0793.html","https://ronenglish-archive.github.io/ron-english-light-cult-0001-1000/items/lccc-0793.html","https://opensea.io/item/ethereum/0xbe85fbd182af91290be7293438ae67549638189f/793","MISSING IMAGE","No local image file found for token #0793"
"794","0794","Light Cult Crypto Club #0794","RE-002604","0701-0800","","","items/lccc-0794.html","https://ronenglish-archive.github.io/ron-english-light-cult-0001-1000/items/lccc-0794.html","https://opensea.io/item/ethereum/0xbe85fbd182af91290be7293438ae67549638189f/794","MISSING IMAGE","No local image file found for token #0794"
"795","0795","Light Cult Crypto Club #0795","RE-002605","0701-0800","","","items/lccc-0795.html","https://ronenglish-archive.github.io/ron-english-light-cult-0001-1000/items/lccc-0795.html","https://opensea.io/item/ethereum/0xbe85fbd182af91290be7293438ae67549638189f/795","MISSING IMAGE","No local image file found for token #0795"
"796","0796","Light Cult Crypto Club #0796","RE-002606","0701-0800","","","items/lccc-0796.html","https://ronenglish-archive.github.io/ron-english-light-cult-0001-1000/items/lccc-0796.html","https://opensea.io/item/ethereum/0xbe85fbd182af91290be7293438ae67549638189f/796","MISSING IMAGE","No local image file found for token #0796"
"797","0797","Light Cult Crypto Club #0797","RE-002607","0701-0800","","","items/lccc-0797.html","https://ronenglish-archive.github.io/ron-english-light-cult-0001-1000/items/lccc-0797.html","https://opensea.io/item/ethereum/0xbe85fbd182af91290be7293438ae67549638189f/797","MISSING IMAGE","No local image file found for token #0797"
"798","0798","Light Cult Crypto Club #0798","RE-002608","0701-0800","","","items/lccc-0798.html","https://ronenglish-archive.github.io/ron-english-light-cult-0001-1000/items/lccc-0798.html","https://opensea.io/item/ethereum/0xbe85fbd182af91290be7293438ae67549638189f/798","MISSING IMAGE","No local image file found for token #0798"
"799","0799","Light Cult Crypto Club #0799","RE-002609","0701-0800","","","items/lccc-0799.html","https://ronenglish-archive.github.io/ron-english-light-cult-0001-1000/items/lccc-0799.html","https://opensea.io/item/ethereum/0xbe85fbd182af91290be7293438ae67549638189f/799","MISSING IMAGE","No local image file found for token #0799"
"800","0800","Light Cult Crypto Club #0800","RE-002610","0701-0800","","","items/lccc-0800.html","https://ronenglish-archive.github.io/ron-english-light-cult-0001-1000/items/lccc-0800.html","https://opensea.io/item/ethereum/0xbe85fbd182af91290be7293438ae67549638189f/800","MISSING IMAGE","No local image file found for token #0800"
"801","0801","Light Cult Crypto Club #0801","RE-002611","0801-0900","","","items/lccc-0801.html","https://ronenglish-archive.github.io/ron-english-light-cult-0001-1000/items/lccc-0801.html","https://opensea.io/item/ethereum/0xbe85fbd182af91290be7293438ae67549638189f/801","MISSING IMAGE","No local image file found for token #0801"
"802","0802","Light Cult Crypto Club #0802","RE-002612","0801-0900","","","items/lccc-0802.html","https://ronenglish-archive.github.io/ron-english-light-cult-0001-1000/items/lccc-0802.html","https://opensea.io/item/ethereum/0xbe85fbd182af91290be7293438ae67549638189f/802","MISSING IMAGE","No local image file found for token #0802"
"803","0803","Light Cult Crypto Club #0803","RE-002613","0801-0900","","","items/lccc-0803.html","https://ronenglish-archive.github.io/ron-english-light-cult-0001-1000/items/lccc-0803.html","https://opensea.io/item/ethereum/0xbe85fbd182af91290be7293438ae67549638189f/803","MISSING IMAGE","No local image file found for token #0803"
"804","0804","Light Cult Crypto Club #0804","RE-002614","0801-0900","","","items/lccc-0804.html","https://ronenglish-archive.github.io/ron-english-light-cult-0001-1000/items/lccc-0804.html","https://opensea.io/item/ethereum/0xbe85fbd182af91290be7293438ae67549638189f/804","MISSING IMAGE","No local image file found for token #0804"
"805","0805","Light Cult Crypto Club #0805","RE-002615","0801-0900","","","items/lccc-0805.html","https://ronenglish-archive.github.io/ron-english-light-cult-0001-1000/items/lccc-0805.html","https://opensea.io/item/ethereum/0xbe85fbd182af91290be7293438ae67549638189f/805","MISSING IMAGE","No local image file found for token #0805"
"806","0806","Light Cult Crypto Club #0806","RE-002616","0801-0900","","","items/lccc-0806.html","https://ronenglish-archive.github.io/ron-english-light-cult-0001-1000/items/lccc-0806.html","https://opensea.io/item/ethereum/0xbe85fbd182af91290be7293438ae67549638189f/806","MISSING IMAGE","No local image file found for token #0806"
"807","0807","Light Cult Crypto Club #0807","RE-002617","0801-0900","","","items/lccc-0807.html","https://ronenglish-archive.github.io/ron-english-light-cult-0001-1000/items/lccc-0807.html","https://opensea.io/item/ethereum/0xbe85fbd182af91290be7293438ae67549638189f/807","MISSING IMAGE","No local image file found for token #0807"
"808","0808","Light Cult Crypto Club #0808","RE-002618","0801-0900","","","items/lccc-0808.html","https://ronenglish-archive.github.io/ron-english-light-cult-0001-1000/items/lccc-0808.html","https://opensea.io/item/ethereum/0xbe85fbd182af91290be7293438ae67549638189f/808","MISSING IMAGE","No local image file found for token #0808"
"809","0809","Light Cult Crypto Club #0809","RE-002619","0801-0900","","","items/lccc-0809.html","https://ronenglish-archive.github.io/ron-english-light-cult-0001-1000/items/lccc-0809.html","https://opensea.io/item/ethereum/0xbe85fbd182af91290be7293438ae67549638189f/809","MISSING IMAGE","No local image file found for token #0809"
"810","0810","Light Cult Crypto Club #0810","RE-002620","0801-0900","","","items/lccc-0810.html","https://ronenglish-archive.github.io/ron-english-light-cult-0001-1000/items/lccc-0810.html","https://opensea.io/item/ethereum/0xbe85fbd182af91290be7293438ae67549638189f/810","MISSING IMAGE","No local image file found for token #0810"
"811","0811","Light Cult Crypto Club #0811","RE-002621","0801-0900","","","items/lccc-0811.html","https://ronenglish-archive.github.io/ron-english-light-cult-0001-1000/items/lccc-0811.html","https://opensea.io/item/ethereum/0xbe85fbd182af91290be7293438ae67549638189f/811","MISSING IMAGE","No local image file found for token #0811"
"812","0812","Light Cult Crypto Club #0812","RE-002622","0801-0900","","","items/lccc-0812.html","https://ronenglish-archive.github.io/ron-english-light-cult-0001-1000/items/lccc-0812.html","https://opensea.io/item/ethereum/0xbe85fbd182af91290be7293438ae67549638189f/812","MISSING IMAGE","No local image file found for token #0812"
"813","0813","Light Cult Crypto Club #0813","RE-002623","0801-0900","","","items/lccc-0813.html","https://ronenglish-archive.github.io/ron-english-light-cult-0001-1000/items/lccc-0813.html","https://opensea.io/item/ethereum/0xbe85fbd182af91290be7293438ae67549638189f/813","MISSING IMAGE","No local image file found for token #0813"
"814","0814","Light Cult Crypto Club #0814","RE-002624","0801-0900","","","items/lccc-0814.html","https://ronenglish-archive.github.io/ron-english-light-cult-0001-1000/items/lccc-0814.html","https://opensea.io/item/ethereum/0xbe85fbd182af91290be7293438ae67549638189f/814","MISSING IMAGE","No local image file found for token #0814"
"815","0815","Light Cult Crypto Club #0815","RE-002625","0801-0900","","","items/lccc-0815.html","https://ronenglish-archive.github.io/ron-english-light-cult-0001-1000/items/lccc-0815.html","https://opensea.io/item/ethereum/0xbe85fbd182af91290be7293438ae67549638189f/815","MISSING IMAGE","No local image file found for token #0815"
"816","0816","Light Cult Crypto Club #0816","RE-002626","0801-0900","","","items/lccc-0816.html","https://ronenglish-archive.github.io/ron-english-light-cult-0001-1000/items/lccc-0816.html","https://opensea.io/item/ethereum/0xbe85fbd182af91290be7293438ae67549638189f/816","MISSING IMAGE","No local image file found for token #0816"
"817","0817","Light Cult Crypto Club #0817","RE-002627","0801-0900","","","items/lccc-0817.html","https://ronenglish-archive.github.io/ron-english-light-cult-0001-1000/items/lccc-0817.html","https://opensea.io/item/ethereum/0xbe85fbd182af91290be7293438ae67549638189f/817","MISSING IMAGE","No local image file found for token #0817"
"818","0818","Light Cult Crypto Club #0818","RE-002628","0801-0900","","","items/lccc-0818.html","https://ronenglish-archive.github.io/ron-english-light-cult-0001-1000/items/lccc-0818.html","https://opensea.io/item/ethereum/0xbe85fbd182af91290be7293438ae67549638189f/818","MISSING IMAGE","No local image file found for token #0818"
"819","0819","Light Cult Crypto Club #0819","RE-002629","0801-0900","","","items/lccc-0819.html","https://ronenglish-archive.github.io/ron-english-light-cult-0001-1000/items/lccc-0819.html","https://opensea.io/item/ethereum/0xbe85fbd182af91290be7293438ae67549638189f/819","MISSING IMAGE","No local image file found for token #0819"
"820","0820","Light Cult Crypto Club #0820","RE-002630","0801-0900","","","items/lccc-0820.html","https://ronenglish-archive.github.io/ron-english-light-cult-0001-1000/items/lccc-0820.html","https://opensea.io/item/ethereum/0xbe85fbd182af91290be7293438ae67549638189f/820","MISSING IMAGE","No local image file found for token #0820"
"821","0821","Light Cult Crypto Club #0821","RE-002631","0801-0900","","","items/lccc-0821.html","https://ronenglish-archive.github.io/ron-english-light-cult-0001-1000/items/lccc-0821.html","https://opensea.io/item/ethereum/0xbe85fbd182af91290be7293438ae67549638189f/821","MISSING IMAGE","No local image file found for token #0821"
"822","0822","Light Cult Crypto Club #0822","RE-002632","0801-0900","","","items/lccc-0822.html","https://ronenglish-archive.github.io/ron-english-light-cult-0001-1000/items/lccc-0822.html","https://opensea.io/item/ethereum/0xbe85fbd182af91290be7293438ae67549638189f/822","MISSING IMAGE","No local image file found for token #0822"
"823","0823","Light Cult Crypto Club #0823","RE-002633","0801-0900","","","items/lccc-0823.html","https://ronenglish-archive.github.io/ron-english-light-cult-0001-1000/items/lccc-0823.html","https://opensea.io/item/ethereum/0xbe85fbd182af91290be7293438ae67549638189f/823","MISSING IMAGE","No local image file found for token #0823"
"824","0824","Light Cult Crypto Club #0824","RE-002634","0801-0900","","","items/lccc-0824.html","https://ronenglish-archive.github.io/ron-english-light-cult-0001-1000/items/lccc-0824.html","https://opensea.io/item/ethereum/0xbe85fbd182af91290be7293438ae67549638189f/824","MISSING IMAGE","No local image file found for token #0824"
"825","0825","Light Cult Crypto Club #0825","RE-002635","0801-0900","","","items/lccc-0825.html","https://ronenglish-archive.github.io/ron-english-light-cult-0001-1000/items/lccc-0825.html","https://opensea.io/item/ethereum/0xbe85fbd182af91290be7293438ae67549638189f/825","MISSING IMAGE","No local image file found for token #0825"
"826","0826","Light Cult Crypto Club #0826","RE-002636","0801-0900","","","items/lccc-0826.html","https://ronenglish-archive.github.io/ron-english-light-cult-0001-1000/items/lccc-0826.html","https://opensea.io/item/ethereum/0xbe85fbd182af91290be7293438ae67549638189f/826","MISSING IMAGE","No local image file found for token #0826"
"827","0827","Light Cult Crypto Club #0827","RE-002637","0801-0900","","","items/lccc-0827.html","https://ronenglish-archive.github.io/ron-english-light-cult-0001-1000/items/lccc-0827.html","https://opensea.io/item/ethereum/0xbe85fbd182af91290be7293438ae67549638189f/827","MISSING IMAGE","No local image file found for token #0827"
"828","0828","Light Cult Crypto Club #0828","RE-002638","0801-0900","","","items/lccc-0828.html","https://ronenglish-archive.github.io/ron-english-light-cult-0001-1000/items/lccc-0828.html","https://opensea.io/item/ethereum/0xbe85fbd182af91290be7293438ae67549638189f/828","MISSING IMAGE","No local image file found for token #0828"
"829","0829","Light Cult Crypto Club #0829","RE-002639","0801-0900","","","items/lccc-0829.html","https://ronenglish-archive.github.io/ron-english-light-cult-0001-1000/items/lccc-0829.html","https://opensea.io/item/ethereum/0xbe85fbd182af91290be7293438ae67549638189f/829","MISSING IMAGE","No local image file found for token #0829"
"830","0830","Light Cult Crypto Club #0830","RE-002640","0801-0900","","","items/lccc-0830.html","https://ronenglish-archive.github.io/ron-english-light-cult-0001-1000/items/lccc-0830.html","https://opensea.io/item/ethereum/0xbe85fbd182af91290be7293438ae67549638189f/830","MISSING IMAGE","No local image file found for token #0830"
"831","0831","Light Cult Crypto Club #0831","RE-002641","0801-0900","","","items/lccc-0831.html","https://ronenglish-archive.github.io/ron-english-light-cult-0001-1000/items/lccc-0831.html","https://opensea.io/item/ethereum/0xbe85fbd182af91290be7293438ae67549638189f/831","MISSING IMAGE","No local image file found for token #0831"
"832","0832","Light Cult Crypto Club #0832","RE-002642","0801-0900","","","items/lccc-0832.html","https://ronenglish-archive.github.io/ron-english-light-cult-0001-1000/items/lccc-0832.html","https://opensea.io/item/ethereum/0xbe85fbd182af91290be7293438ae67549638189f/832","MISSING IMAGE","No local image file found for token #0832"
"833","0833","Light Cult Crypto Club #0833","RE-002643","0801-0900","","","items/lccc-0833.html","https://ronenglish-archive.github.io/ron-english-light-cult-0001-1000/items/lccc-0833.html","https://opensea.io/item/ethereum/0xbe85fbd182af91290be7293438ae67549638189f/833","MISSING IMAGE","No local image file found for token #0833"
"834","0834","Light Cult Crypto Club #0834","RE-002644","0801-0900","","","items/lccc-0834.html","https://ronenglish-archive.github.io/ron-english-light-cult-0001-1000/items/lccc-0834.html","https://opensea.io/item/ethereum/0xbe85fbd182af91290be7293438ae67549638189f/834","MISSING IMAGE","No local image file found for token #0834"
"835","0835","Light Cult Crypto Club #0835","RE-002645","0801-0900","","","items/lccc-0835.html","https://ronenglish-archive.github.io/ron-english-light-cult-0001-1000/items/lccc-0835.html","https://opensea.io/item/ethereum/0xbe85fbd182af91290be7293438ae67549638189f/835","MISSING IMAGE","No local image file found for token #0835"
"836","0836","Light Cult Crypto Club #0836","RE-002646","0801-0900","","","items/lccc-0836.html","https://ronenglish-archive.github.io/ron-english-light-cult-0001-1000/items/lccc-0836.html","https://opensea.io/item/ethereum/0xbe85fbd182af91290be7293438ae67549638189f/836","MISSING IMAGE","No local image file found for token #0836"
"837","0837","Light Cult Crypto Club #0837","RE-002647","0801-0900","","","items/lccc-0837.html","https://ronenglish-archive.github.io/ron-english-light-cult-0001-1000/items/lccc-0837.html","https://opensea.io/item/ethereum/0xbe85fbd182af91290be7293438ae67549638189f/837","MISSING IMAGE","No local image file found for token #0837"
"838","0838","Light Cult Crypto Club #0838","RE-002648","0801-0900","","","items/lccc-0838.html","https://ronenglish-archive.github.io/ron-english-light-cult-0001-1000/items/lccc-0838.html","https://opensea.io/item/ethereum/0xbe85fbd182af91290be7293438ae67549638189f/838","MISSING IMAGE","No local image file found for token #0838"
"839","0839","Light Cult Crypto Club #0839","RE-002649","0801-0900","","","items/lccc-0839.html","https://ronenglish-archive.github.io/ron-english-light-cult-0001-1000/items/lccc-0839.html","https://opensea.io/item/ethereum/0xbe85fbd182af91290be7293438ae67549638189f/839","MISSING IMAGE","No local image file found for token #0839"
"840","0840","Light Cult Crypto Club #0840","RE-002650","0801-0900","","","items/lccc-0840.html","https://ronenglish-archive.github.io/ron-english-light-cult-0001-1000/items/lccc-0840.html","https://opensea.io/item/ethereum/0xbe85fbd182af91290be7293438ae67549638189f/840","MISSING IMAGE","No local image file found for token #0840"
"841","0841","Light Cult Crypto Club #0841","RE-002651","0801-0900","","","items/lccc-0841.html","https://ronenglish-archive.github.io/ron-english-light-cult-0001-1000/items/lccc-0841.html","https://opensea.io/item/ethereum/0xbe85fbd182af91290be7293438ae67549638189f/841","MISSING IMAGE","No local image file found for token #0841"
"842","0842","Light Cult Crypto Club #0842","RE-002652","0801-0900","","","items/lccc-0842.html","https://ronenglish-archive.github.io/ron-english-light-cult-0001-1000/items/lccc-0842.html","https://opensea.io/item/ethereum/0xbe85fbd182af91290be7293438ae67549638189f/842","MISSING IMAGE","No local image file found for token #0842"
"843","0843","Light Cult Crypto Club #0843","RE-002653","0801-0900","","","items/lccc-0843.html","https://ronenglish-archive.github.io/ron-english-light-cult-0001-1000/items/lccc-0843.html","https://opensea.io/item/ethereum/0xbe85fbd182af91290be7293438ae67549638189f/843","MISSING IMAGE","No local image file found for token #0843"
"844","0844","Light Cult Crypto Club #0844","RE-002654","0801-0900","","","items/lccc-0844.html","https://ronenglish-archive.github.io/ron-english-light-cult-0001-1000/items/lccc-0844.html","https://opensea.io/item/ethereum/0xbe85fbd182af91290be7293438ae67549638189f/844","MISSING IMAGE","No local image file found for token #0844"
"845","0845","Light Cult Crypto Club #0845","RE-002655","0801-0900","","","items/lccc-0845.html","https://ronenglish-archive.github.io/ron-english-light-cult-0001-1000/items/lccc-0845.html","https://opensea.io/item/ethereum/0xbe85fbd182af91290be7293438ae67549638189f/845","MISSING IMAGE","No local image file found for token #0845"
"846","0846","Light Cult Crypto Club #0846","RE-002656","0801-0900","","","items/lccc-0846.html","https://ronenglish-archive.github.io/ron-english-light-cult-0001-1000/items/lccc-0846.html","https://opensea.io/item/ethereum/0xbe85fbd182af91290be7293438ae67549638189f/846","MISSING IMAGE","No local image file found for token #0846"
"847","0847","Light Cult Crypto Club #0847","RE-002657","0801-0900","","","items/lccc-0847.html","https://ronenglish-archive.github.io/ron-english-light-cult-0001-1000/items/lccc-0847.html","https://opensea.io/item/ethereum/0xbe85fbd182af91290be7293438ae67549638189f/847","MISSING IMAGE","No local image file found for token #0847"
"848","0848","Light Cult Crypto Club #0848","RE-002658","0801-0900","","","items/lccc-0848.html","https://ronenglish-archive.github.io/ron-english-light-cult-0001-1000/items/lccc-0848.html","https://opensea.io/item/ethereum/0xbe85fbd182af91290be7293438ae67549638189f/848","MISSING IMAGE","No local image file found for token #0848"
"849","0849","Light Cult Crypto Club #0849","RE-002659","0801-0900","","","items/lccc-0849.html","https://ronenglish-archive.github.io/ron-english-light-cult-0001-1000/items/lccc-0849.html","https://opensea.io/item/ethereum/0xbe85fbd182af91290be7293438ae67549638189f/849","MISSING IMAGE","No local image file found for token #0849"
"850","0850","Light Cult Crypto Club #0850","RE-002660","0801-0900","","","items/lccc-0850.html","https://ronenglish-archive.github.io/ron-english-light-cult-0001-1000/items/lccc-0850.html","https://opensea.io/item/ethereum/0xbe85fbd182af91290be7293438ae67549638189f/850","MISSING IMAGE","No local image file found for token #0850"
"851","0851","Light Cult Crypto Club #0851","RE-002661","0801-0900","","","items/lccc-0851.html","https://ronenglish-archive.github.io/ron-english-light-cult-0001-1000/items/lccc-0851.html","https://opensea.io/item/ethereum/0xbe85fbd182af91290be7293438ae67549638189f/851","MISSING IMAGE","No local image file found for token #0851"
"852","0852","Light Cult Crypto Club #0852","RE-002662","0801-0900","","","items/lccc-0852.html","https://ronenglish-archive.github.io/ron-english-light-cult-0001-1000/items/lccc-0852.html","https://opensea.io/item/ethereum/0xbe85fbd182af91290be7293438ae67549638189f/852","MISSING IMAGE","No local image file found for token #0852"
"853","0853","Light Cult Crypto Club #0853","RE-002663","0801-0900","","","items/lccc-0853.html","https://ronenglish-archive.github.io/ron-english-light-cult-0001-1000/items/lccc-0853.html","https://opensea.io/item/ethereum/0xbe85fbd182af91290be7293438ae67549638189f/853","MISSING IMAGE","No local image file found for token #0853"
"854","0854","Light Cult Crypto Club #0854","RE-002664","0801-0900","","","items/lccc-0854.html","https://ronenglish-archive.github.io/ron-english-light-cult-0001-1000/items/lccc-0854.html","https://opensea.io/item/ethereum/0xbe85fbd182af91290be7293438ae67549638189f/854","MISSING IMAGE","No local image file found for token #0854"
"855","0855","Light Cult Crypto Club #0855","RE-002665","0801-0900","","","items/lccc-0855.html","https://ronenglish-archive.github.io/ron-english-light-cult-0001-1000/items/lccc-0855.html","https://opensea.io/item/ethereum/0xbe85fbd182af91290be7293438ae67549638189f/855","MISSING IMAGE","No local image file found for token #0855"
"856","0856","Light Cult Crypto Club #0856","RE-002666","0801-0900","","","items/lccc-0856.html","https://ronenglish-archive.github.io/ron-english-light-cult-0001-1000/items/lccc-0856.html","https://opensea.io/item/ethereum/0xbe85fbd182af91290be7293438ae67549638189f/856","MISSING IMAGE","No local image file found for token #0856"
"857","0857","Light Cult Crypto Club #0857","RE-002667","0801-0900","","","items/lccc-0857.html","https://ronenglish-archive.github.io/ron-english-light-cult-0001-1000/items/lccc-0857.html","https://opensea.io/item/ethereum/0xbe85fbd182af91290be7293438ae67549638189f/857","MISSING IMAGE","No local image file found for token #0857"
"858","0858","Light Cult Crypto Club #0858","RE-002668","0801-0900","","","items/lccc-0858.html","https://ronenglish-archive.github.io/ron-english-light-cult-0001-1000/items/lccc-0858.html","https://opensea.io/item/ethereum/0xbe85fbd182af91290be7293438ae67549638189f/858","MISSING IMAGE","No local image file found for token #0858"
"859","0859","Light Cult Crypto Club #0859","RE-002669","0801-0900","","","items/lccc-0859.html","https://ronenglish-archive.github.io/ron-english-light-cult-0001-1000/items/lccc-0859.html","https://opensea.io/item/ethereum/0xbe85fbd182af91290be7293438ae67549638189f/859","MISSING IMAGE","No local image file found for token #0859"
"860","0860","Light Cult Crypto Club #0860","RE-002670","0801-0900","","","items/lccc-0860.html","https://ronenglish-archive.github.io/ron-english-light-cult-0001-1000/items/lccc-0860.html","https://opensea.io/item/ethereum/0xbe85fbd182af91290be7293438ae67549638189f/860","MISSING IMAGE","No local image file found for token #0860"
"861","0861","Light Cult Crypto Club #0861","RE-002671","0801-0900","","","items/lccc-0861.html","https://ronenglish-archive.github.io/ron-english-light-cult-0001-1000/items/lccc-0861.html","https://opensea.io/item/ethereum/0xbe85fbd182af91290be7293438ae67549638189f/861","MISSING IMAGE","No local image file found for token #0861"
"862","0862","Light Cult Crypto Club #0862","RE-002672","0801-0900","","","items/lccc-0862.html","https://ronenglish-archive.github.io/ron-english-light-cult-0001-1000/items/lccc-0862.html","https://opensea.io/item/ethereum/0xbe85fbd182af91290be7293438ae67549638189f/862","MISSING IMAGE","No local image file found for token #0862"
"863","0863","Light Cult Crypto Club #0863","RE-002673","0801-0900","","","items/lccc-0863.html","https://ronenglish-archive.github.io/ron-english-light-cult-0001-1000/items/lccc-0863.html","https://opensea.io/item/ethereum/0xbe85fbd182af91290be7293438ae67549638189f/863","MISSING IMAGE","No local image file found for token #0863"
"864","0864","Light Cult Crypto Club #0864","RE-002674","0801-0900","","","items/lccc-0864.html","https://ronenglish-archive.github.io/ron-english-light-cult-0001-1000/items/lccc-0864.html","https://opensea.io/item/ethereum/0xbe85fbd182af91290be7293438ae67549638189f/864","MISSING IMAGE","No local image file found for token #0864"
"865","0865","Light Cult Crypto Club #0865","RE-002675","0801-0900","","","items/lccc-0865.html","https://ronenglish-archive.github.io/ron-english-light-cult-0001-1000/items/lccc-0865.html","https://opensea.io/item/ethereum/0xbe85fbd182af91290be7293438ae67549638189f/865","MISSING IMAGE","No local image file found for token #0865"
"866","0866","Light Cult Crypto Club #0866","RE-002676","0801-0900","","","items/lccc-0866.html","https://ronenglish-archive.github.io/ron-english-light-cult-0001-1000/items/lccc-0866.html","https://opensea.io/item/ethereum/0xbe85fbd182af91290be7293438ae67549638189f/866","MISSING IMAGE","No local image file found for token #0866"
"867","0867","Light Cult Crypto Club #0867","RE-002677","0801-0900","","","items/lccc-0867.html","https://ronenglish-archive.github.io/ron-english-light-cult-0001-1000/items/lccc-0867.html","https://opensea.io/item/ethereum/0xbe85fbd182af91290be7293438ae67549638189f/867","MISSING IMAGE","No local image file found for token #0867"
"868","0868","Light Cult Crypto Club #0868","RE-002678","0801-0900","","","items/lccc-0868.html","https://ronenglish-archive.github.io/ron-english-light-cult-0001-1000/items/lccc-0868.html","https://opensea.io/item/ethereum/0xbe85fbd182af91290be7293438ae67549638189f/868","MISSING IMAGE","No local image file found for token #0868"
"869","0869","Light Cult Crypto Club #0869","RE-002679","0801-0900","","","items/lccc-0869.html","https://ronenglish-archive.github.io/ron-english-light-cult-0001-1000/items/lccc-0869.html","https://opensea.io/item/ethereum/0xbe85fbd182af91290be7293438ae67549638189f/869","MISSING IMAGE","No local image file found for token #0869"
"870","0870","Light Cult Crypto Club #0870","RE-002680","0801-0900","","","items/lccc-0870.html","https://ronenglish-archive.github.io/ron-english-light-cult-0001-1000/items/lccc-0870.html","https://opensea.io/item/ethereum/0xbe85fbd182af91290be7293438ae67549638189f/870","MISSING IMAGE","No local image file found for token #0870"
"871","0871","Light Cult Crypto Club #0871","RE-002681","0801-0900","","","items/lccc-0871.html","https://ronenglish-archive.github.io/ron-english-light-cult-0001-1000/items/lccc-0871.html","https://opensea.io/item/ethereum/0xbe85fbd182af91290be7293438ae67549638189f/871","MISSING IMAGE","No local image file found for token #0871"
"872","0872","Light Cult Crypto Club #0872","RE-002682","0801-0900","","","items/lccc-0872.html","https://ronenglish-archive.github.io/ron-english-light-cult-0001-1000/items/lccc-0872.html","https://opensea.io/item/ethereum/0xbe85fbd182af91290be7293438ae67549638189f/872","MISSING IMAGE","No local image file found for token #0872"
"873","0873","Light Cult Crypto Club #0873","RE-002683","0801-0900","","","items/lccc-0873.html","https://ronenglish-archive.github.io/ron-english-light-cult-0001-1000/items/lccc-0873.html","https://opensea.io/item/ethereum/0xbe85fbd182af91290be7293438ae67549638189f/873","MISSING IMAGE","No local image file found for token #0873"
"874","0874","Light Cult Crypto Club #0874","RE-002684","0801-0900","","","items/lccc-0874.html","https://ronenglish-archive.github.io/ron-english-light-cult-0001-1000/items/lccc-0874.html","https://opensea.io/item/ethereum/0xbe85fbd182af91290be7293438ae67549638189f/874","MISSING IMAGE","No local image file found for token #0874"
"875","0875","Light Cult Crypto Club #0875","RE-002685","0801-0900","","","items/lccc-0875.html","https://ronenglish-archive.github.io/ron-english-light-cult-0001-1000/items/lccc-0875.html","https://opensea.io/item/ethereum/0xbe85fbd182af91290be7293438ae67549638189f/875","MISSING IMAGE","No local image file found for token #0875"
"876","0876","Light Cult Crypto Club #0876","RE-002686","0801-0900","","","items/lccc-0876.html","https://ronenglish-archive.github.io/ron-english-light-cult-0001-1000/items/lccc-0876.html","https://opensea.io/item/ethereum/0xbe85fbd182af91290be7293438ae67549638189f/876","MISSING IMAGE","No local image file found for token #0876"
"877","0877","Light Cult Crypto Club #0877","RE-002687","0801-0900","","","items/lccc-0877.html","https://ronenglish-archive.github.io/ron-english-light-cult-0001-1000/items/lccc-0877.html","https://opensea.io/item/ethereum/0xbe85fbd182af91290be7293438ae67549638189f/877","MISSING IMAGE","No local image file found for token #0877"
"878","0878","Light Cult Crypto Club #0878","RE-002688","0801-0900","","","items/lccc-0878.html","https://ronenglish-archive.github.io/ron-english-light-cult-0001-1000/items/lccc-0878.html","https://opensea.io/item/ethereum/0xbe85fbd182af91290be7293438ae67549638189f/878","MISSING IMAGE","No local image file found for token #0878"
"879","0879","Light Cult Crypto Club #0879","RE-002689","0801-0900","","","items/lccc-0879.html","https://ronenglish-archive.github.io/ron-english-light-cult-0001-1000/items/lccc-0879.html","https://opensea.io/item/ethereum/0xbe85fbd182af91290be7293438ae67549638189f/879","MISSING IMAGE","No local image file found for token #0879"
"880","0880","Light Cult Crypto Club #0880","RE-002690","0801-0900","","","items/lccc-0880.html","https://ronenglish-archive.github.io/ron-english-light-cult-0001-1000/items/lccc-0880.html","https://opensea.io/item/ethereum/0xbe85fbd182af91290be7293438ae67549638189f/880","MISSING IMAGE","No local image file found for token #0880"
"881","0881","Light Cult Crypto Club #0881","RE-002691","0801-0900","","","items/lccc-0881.html","https://ronenglish-archive.github.io/ron-english-light-cult-0001-1000/items/lccc-0881.html","https://opensea.io/item/ethereum/0xbe85fbd182af91290be7293438ae67549638189f/881","MISSING IMAGE","No local image file found for token #0881"
"882","0882","Light Cult Crypto Club #0882","RE-002692","0801-0900","","","items/lccc-0882.html","https://ronenglish-archive.github.io/ron-english-light-cult-0001-1000/items/lccc-0882.html","https://opensea.io/item/ethereum/0xbe85fbd182af91290be7293438ae67549638189f/882","MISSING IMAGE","No local image file found for token #0882"
"883","0883","Light Cult Crypto Club #0883","RE-002693","0801-0900","","","items/lccc-0883.html","https://ronenglish-archive.github.io/ron-english-light-cult-0001-1000/items/lccc-0883.html","https://opensea.io/item/ethereum/0xbe85fbd182af91290be7293438ae67549638189f/883","MISSING IMAGE","No local image file found for token #0883"
"884","0884","Light Cult Crypto Club #0884","RE-002694","0801-0900","","","items/lccc-0884.html","https://ronenglish-archive.github.io/ron-english-light-cult-0001-1000/items/lccc-0884.html","https://opensea.io/item/ethereum/0xbe85fbd182af91290be7293438ae67549638189f/884","MISSING IMAGE","No local image file found for token #0884"
"885","0885","Light Cult Crypto Club #0885","RE-002695","0801-0900","","","items/lccc-0885.html","https://ronenglish-archive.github.io/ron-english-light-cult-0001-1000/items/lccc-0885.html","https://opensea.io/item/ethereum/0xbe85fbd182af91290be7293438ae67549638189f/885","MISSING IMAGE","No local image file found for token #0885"
"886","0886","Light Cult Crypto Club #0886","RE-002696","0801-0900","","","items/lccc-0886.html","https://ronenglish-archive.github.io/ron-english-light-cult-0001-1000/items/lccc-0886.html","https://opensea.io/item/ethereum/0xbe85fbd182af91290be7293438ae67549638189f/886","MISSING IMAGE","No local image file found for token #0886"
"887","0887","Light Cult Crypto Club #0887","RE-002697","0801-0900","","","items/lccc-0887.html","https://ronenglish-archive.github.io/ron-english-light-cult-0001-1000/items/lccc-0887.html","https://opensea.io/item/ethereum/0xbe85fbd182af91290be7293438ae67549638189f/887","MISSING IMAGE","No local image file found for token #0887"
"888","0888","Light Cult Crypto Club #0888","RE-002698","0801-0900","","","items/lccc-0888.html","https://ronenglish-archive.github.io/ron-english-light-cult-0001-1000/items/lccc-0888.html","https://opensea.io/item/ethereum/0xbe85fbd182af91290be7293438ae67549638189f/888","MISSING IMAGE","No local image file found for token #0888"
"889","0889","Light Cult Crypto Club #0889","RE-002699","0801-0900","","","items/lccc-0889.html","https://ronenglish-archive.github.io/ron-english-light-cult-0001-1000/items/lccc-0889.html","https://opensea.io/item/ethereum/0xbe85fbd182af91290be7293438ae67549638189f/889","MISSING IMAGE","No local image file found for token #0889"
"890","0890","Light Cult Crypto Club #0890","RE-002700","0801-0900","","","items/lccc-0890.html","https://ronenglish-archive.github.io/ron-english-light-cult-0001-1000/items/lccc-0890.html","https://opensea.io/item/ethereum/0xbe85fbd182af91290be7293438ae67549638189f/890","MISSING IMAGE","No local image file found for token #0890"
"891","0891","Light Cult Crypto Club #0891","RE-002701","0801-0900","","","items/lccc-0891.html","https://ronenglish-archive.github.io/ron-english-light-cult-0001-1000/items/lccc-0891.html","https://opensea.io/item/ethereum/0xbe85fbd182af91290be7293438ae67549638189f/891","MISSING IMAGE","No local image file found for token #0891"
"892","0892","Light Cult Crypto Club #0892","RE-002702","0801-0900","","","items/lccc-0892.html","https://ronenglish-archive.github.io/ron-english-light-cult-0001-1000/items/lccc-0892.html","https://opensea.io/item/ethereum/0xbe85fbd182af91290be7293438ae67549638189f/892","MISSING IMAGE","No local image file found for token #0892"
"893","0893","Light Cult Crypto Club #0893","RE-002703","0801-0900","","","items/lccc-0893.html","https://ronenglish-archive.github.io/ron-english-light-cult-0001-1000/items/lccc-0893.html","https://opensea.io/item/ethereum/0xbe85fbd182af91290be7293438ae67549638189f/893","MISSING IMAGE","No local image file found for token #0893"
"894","0894","Light Cult Crypto Club #0894","RE-002704","0801-0900","","","items/lccc-0894.html","https://ronenglish-archive.github.io/ron-english-light-cult-0001-1000/items/lccc-0894.html","https://opensea.io/item/ethereum/0xbe85fbd182af91290be7293438ae67549638189f/894","MISSING IMAGE","No local image file found for token #0894"
"895","0895","Light Cult Crypto Club #0895","RE-002705","0801-0900","","","items/lccc-0895.html","https://ronenglish-archive.github.io/ron-english-light-cult-0001-1000/items/lccc-0895.html","https://opensea.io/item/ethereum/0xbe85fbd182af91290be7293438ae67549638189f/895","MISSING IMAGE","No local image file found for token #0895"
"896","0896","Light Cult Crypto Club #0896","RE-002706","0801-0900","","","items/lccc-0896.html","https://ronenglish-archive.github.io/ron-english-light-cult-0001-1000/items/lccc-0896.html","https://opensea.io/item/ethereum/0xbe85fbd182af91290be7293438ae67549638189f/896","MISSING IMAGE","No local image file found for token #0896"
"897","0897","Light Cult Crypto Club #0897","RE-002707","0801-0900","","","items/lccc-0897.html","https://ronenglish-archive.github.io/ron-english-light-cult-0001-1000/items/lccc-0897.html","https://opensea.io/item/ethereum/0xbe85fbd182af91290be7293438ae67549638189f/897","MISSING IMAGE","No local image file found for token #0897"
"898","0898","Light Cult Crypto Club #0898","RE-002708","0801-0900","","","items/lccc-0898.html","https://ronenglish-archive.github.io/ron-english-light-cult-0001-1000/items/lccc-0898.html","https://opensea.io/item/ethereum/0xbe85fbd182af91290be7293438ae67549638189f/898","MISSING IMAGE","No local image file found for token #0898"
"899","0899","Light Cult Crypto Club #0899","RE-002709","0801-0900","","","items/lccc-0899.html","https://ronenglish-archive.github.io/ron-english-light-cult-0001-1000/items/lccc-0899.html","https://opensea.io/item/ethereum/0xbe85fbd182af91290be7293438ae67549638189f/899","MISSING IMAGE","No local image file found for token #0899"
"900","0900","Light Cult Crypto Club #0900","RE-002710","0801-0900","","","items/lccc-0900.html","https://ronenglish-archive.github.io/ron-english-light-cult-0001-1000/items/lccc-0900.html","https://opensea.io/item/ethereum/0xbe85fbd182af91290be7293438ae67549638189f/900","MISSING IMAGE","No local image file found for token #0900"
"901","0901","Light Cult Crypto Club #0901","RE-002711","0901-1000","","","items/lccc-0901.html","https://ronenglish-archive.github.io/ron-english-light-cult-0001-1000/items/lccc-0901.html","https://opensea.io/item/ethereum/0xbe85fbd182af91290be7293438ae67549638189f/901","MISSING IMAGE","No local image file found for token #0901"
"902","0902","Light Cult Crypto Club #0902","RE-002712","0901-1000","","","items/lccc-0902.html","https://ronenglish-archive.github.io/ron-english-light-cult-0001-1000/items/lccc-0902.html","https://opensea.io/item/ethereum/0xbe85fbd182af91290be7293438ae67549638189f/902","MISSING IMAGE","No local image file found for token #0902"
"903","0903","Light Cult Crypto Club #0903","RE-002713","0901-1000","","","items/lccc-0903.html","https://ronenglish-archive.github.io/ron-english-light-cult-0001-1000/items/lccc-0903.html","https://opensea.io/item/ethereum/0xbe85fbd182af91290be7293438ae67549638189f/903","MISSING IMAGE","No local image file found for token #0903"
"904","0904","Light Cult Crypto Club #0904","RE-002714","0901-1000","","","items/lccc-0904.html","https://ronenglish-archive.github.io/ron-english-light-cult-0001-1000/items/lccc-0904.html","https://opensea.io/item/ethereum/0xbe85fbd182af91290be7293438ae67549638189f/904","MISSING IMAGE","No local image file found for token #0904"
"905","0905","Light Cult Crypto Club #0905","RE-002715","0901-1000","","","items/lccc-0905.html","https://ronenglish-archive.github.io/ron-english-light-cult-0001-1000/items/lccc-0905.html","https://opensea.io/item/ethereum/0xbe85fbd182af91290be7293438ae67549638189f/905","MISSING IMAGE","No local image file found for token #0905"
"906","0906","Light Cult Crypto Club #0906","RE-002716","0901-1000","","","items/lccc-0906.html","https://ronenglish-archive.github.io/ron-english-light-cult-0001-1000/items/lccc-0906.html","https://opensea.io/item/ethereum/0xbe85fbd182af91290be7293438ae67549638189f/906","MISSING IMAGE","No local image file found for token #0906"
"907","0907","Light Cult Crypto Club #0907","RE-002717","0901-1000","","","items/lccc-0907.html","https://ronenglish-archive.github.io/ron-english-light-cult-0001-1000/items/lccc-0907.html","https://opensea.io/item/ethereum/0xbe85fbd182af91290be7293438ae67549638189f/907","MISSING IMAGE","No local image file found for token #0907"
"908","0908","Light Cult Crypto Club #0908","RE-002718","0901-1000","","","items/lccc-0908.html","https://ronenglish-archive.github.io/ron-english-light-cult-0001-1000/items/lccc-0908.html","https://opensea.io/item/ethereum/0xbe85fbd182af91290be7293438ae67549638189f/908","MISSING IMAGE","No local image file found for token #0908"
"909","0909","Light Cult Crypto Club #0909","RE-002719","0901-1000","","","items/lccc-0909.html","https://ronenglish-archive.github.io/ron-english-light-cult-0001-1000/items/lccc-0909.html","https://opensea.io/item/ethereum/0xbe85fbd182af91290be7293438ae67549638189f/909","MISSING IMAGE","No local image file found for token #0909"
"910","0910","Light Cult Crypto Club #0910","RE-002720","0901-1000","","","items/lccc-0910.html","https://ronenglish-archive.github.io/ron-english-light-cult-0001-1000/items/lccc-0910.html","https://opensea.io/item/ethereum/0xbe85fbd182af91290be7293438ae67549638189f/910","MISSING IMAGE","No local image file found for token #0910"
"911","0911","Light Cult Crypto Club #0911","RE-002721","0901-1000","","","items/lccc-0911.html","https://ronenglish-archive.github.io/ron-english-light-cult-0001-1000/items/lccc-0911.html","https://opensea.io/item/ethereum/0xbe85fbd182af91290be7293438ae67549638189f/911","MISSING IMAGE","No local image file found for token #0911"
"912","0912","Light Cult Crypto Club #0912","RE-002722","0901-1000","","","items/lccc-0912.html","https://ronenglish-archive.github.io/ron-english-light-cult-0001-1000/items/lccc-0912.html","https://opensea.io/item/ethereum/0xbe85fbd182af91290be7293438ae67549638189f/912","MISSING IMAGE","No local image file found for token #0912"
"913","0913","Light Cult Crypto Club #0913","RE-002723","0901-1000","","","items/lccc-0913.html","https://ronenglish-archive.github.io/ron-english-light-cult-0001-1000/items/lccc-0913.html","https://opensea.io/item/ethereum/0xbe85fbd182af91290be7293438ae67549638189f/913","MISSING IMAGE","No local image file found for token #0913"
"914","0914","Light Cult Crypto Club #0914","RE-002724","0901-1000","","","items/lccc-0914.html","https://ronenglish-archive.github.io/ron-english-light-cult-0001-1000/items/lccc-0914.html","https://opensea.io/item/ethereum/0xbe85fbd182af91290be7293438ae67549638189f/914","MISSING IMAGE","No local image file found for token #0914"
"915","0915","Light Cult Crypto Club #0915","RE-002725","0901-1000","","","items/lccc-0915.html","https://ronenglish-archive.github.io/ron-english-light-cult-0001-1000/items/lccc-0915.html","https://opensea.io/item/ethereum/0xbe85fbd182af91290be7293438ae67549638189f/915","MISSING IMAGE","No local image file found for token #0915"
"916","0916","Light Cult Crypto Club #0916","RE-002726","0901-1000","","","items/lccc-0916.html","https://ronenglish-archive.github.io/ron-english-light-cult-0001-1000/items/lccc-0916.html","https://opensea.io/item/ethereum/0xbe85fbd182af91290be7293438ae67549638189f/916","MISSING IMAGE","No local image file found for token #0916"
"917","0917","Light Cult Crypto Club #0917","RE-002727","0901-1000","","","items/lccc-0917.html","https://ronenglish-archive.github.io/ron-english-light-cult-0001-1000/items/lccc-0917.html","https://opensea.io/item/ethereum/0xbe85fbd182af91290be7293438ae67549638189f/917","MISSING IMAGE","No local image file found for token #0917"
"918","0918","Light Cult Crypto Club #0918","RE-002728","0901-1000","","","items/lccc-0918.html","https://ronenglish-archive.github.io/ron-english-light-cult-0001-1000/items/lccc-0918.html","https://opensea.io/item/ethereum/0xbe85fbd182af91290be7293438ae67549638189f/918","MISSING IMAGE","No local image file found for token #0918"
"919","0919","Light Cult Crypto Club #0919","RE-002729","0901-1000","","","items/lccc-0919.html","https://ronenglish-archive.github.io/ron-english-light-cult-0001-1000/items/lccc-0919.html","https://opensea.io/item/ethereum/0xbe85fbd182af91290be7293438ae67549638189f/919","MISSING IMAGE","No local image file found for token #0919"
"920","0920","Light Cult Crypto Club #0920","RE-002730","0901-1000","","","items/lccc-0920.html","https://ronenglish-archive.github.io/ron-english-light-cult-0001-1000/items/lccc-0920.html","https://opensea.io/item/ethereum/0xbe85fbd182af91290be7293438ae67549638189f/920","MISSING IMAGE","No local image file found for token #0920"
"921","0921","Light Cult Crypto Club #0921","RE-002731","0901-1000","","","items/lccc-0921.html","https://ronenglish-archive.github.io/ron-english-light-cult-0001-1000/items/lccc-0921.html","https://opensea.io/item/ethereum/0xbe85fbd182af91290be7293438ae67549638189f/921","MISSING IMAGE","No local image file found for token #0921"
"922","0922","Light Cult Crypto Club #0922","RE-002732","0901-1000","","","items/lccc-0922.html","https://ronenglish-archive.github.io/ron-english-light-cult-0001-1000/items/lccc-0922.html","https://opensea.io/item/ethereum/0xbe85fbd182af91290be7293438ae67549638189f/922","MISSING IMAGE","No local image file found for token #0922"
"923","0923","Light Cult Crypto Club #0923","RE-002733","0901-1000","","","items/lccc-0923.html","https://ronenglish-archive.github.io/ron-english-light-cult-0001-1000/items/lccc-0923.html","https://opensea.io/item/ethereum/0xbe85fbd182af91290be7293438ae67549638189f/923","MISSING IMAGE","No local image file found for token #0923"
"924","0924","Light Cult Crypto Club #0924","RE-002734","0901-1000","","","items/lccc-0924.html","https://ronenglish-archive.github.io/ron-english-light-cult-0001-1000/items/lccc-0924.html","https://opensea.io/item/ethereum/0xbe85fbd182af91290be7293438ae67549638189f/924","MISSING IMAGE","No local image file found for token #0924"
"925","0925","Light Cult Crypto Club #0925","RE-002735","0901-1000","","","items/lccc-0925.html","https://ronenglish-archive.github.io/ron-english-light-cult-0001-1000/items/lccc-0925.html","https://opensea.io/item/ethereum/0xbe85fbd182af91290be7293438ae67549638189f/925","MISSING IMAGE","No local image file found for token #0925"
"926","0926","Light Cult Crypto Club #0926","RE-002736","0901-1000","","","items/lccc-0926.html","https://ronenglish-archive.github.io/ron-english-light-cult-0001-1000/items/lccc-0926.html","https://opensea.io/item/ethereum/0xbe85fbd182af91290be7293438ae67549638189f/926","MISSING IMAGE","No local image file found for token #0926"
"927","0927","Light Cult Crypto Club #0927","RE-002737","0901-1000","","","items/lccc-0927.html","https://ronenglish-archive.github.io/ron-english-light-cult-0001-1000/items/lccc-0927.html","https://opensea.io/item/ethereum/0xbe85fbd182af91290be7293438ae67549638189f/927","MISSING IMAGE","No local image file found for token #0927"
"928","0928","Light Cult Crypto Club #0928","RE-002738","0901-1000","","","items/lccc-0928.html","https://ronenglish-archive.github.io/ron-english-light-cult-0001-1000/items/lccc-0928.html","https://opensea.io/item/ethereum/0xbe85fbd182af91290be7293438ae67549638189f/928","MISSING IMAGE","No local image file found for token #0928"
"929","0929","Light Cult Crypto Club #0929","RE-002739","0901-1000","","","items/lccc-0929.html","https://ronenglish-archive.github.io/ron-english-light-cult-0001-1000/items/lccc-0929.html","https://opensea.io/item/ethereum/0xbe85fbd182af91290be7293438ae67549638189f/929","MISSING IMAGE","No local image file found for token #0929"
"930","0930","Light Cult Crypto Club #0930","RE-002740","0901-1000","","","items/lccc-0930.html","https://ronenglish-archive.github.io/ron-english-light-cult-0001-1000/items/lccc-0930.html","https://opensea.io/item/ethereum/0xbe85fbd182af91290be7293438ae67549638189f/930","MISSING IMAGE","No local image file found for token #0930"
"931","0931","Light Cult Crypto Club #0931","RE-002741","0901-1000","","","items/lccc-0931.html","https://ronenglish-archive.github.io/ron-english-light-cult-0001-1000/items/lccc-0931.html","https://opensea.io/item/ethereum/0xbe85fbd182af91290be7293438ae67549638189f/931","MISSING IMAGE","No local image file found for token #0931"
"932","0932","Light Cult Crypto Club #0932","RE-002742","0901-1000","","","items/lccc-0932.html","https://ronenglish-archive.github.io/ron-english-light-cult-0001-1000/items/lccc-0932.html","https://opensea.io/item/ethereum/0xbe85fbd182af91290be7293438ae67549638189f/932","MISSING IMAGE","No local image file found for token #0932"
"933","0933","Light Cult Crypto Club #0933","RE-002743","0901-1000","","","items/lccc-0933.html","https://ronenglish-archive.github.io/ron-english-light-cult-0001-1000/items/lccc-0933.html","https://opensea.io/item/ethereum/0xbe85fbd182af91290be7293438ae67549638189f/933","MISSING IMAGE","No local image file found for token #0933"
"934","0934","Light Cult Crypto Club #0934","RE-002744","0901-1000","","","items/lccc-0934.html","https://ronenglish-archive.github.io/ron-english-light-cult-0001-1000/items/lccc-0934.html","https://opensea.io/item/ethereum/0xbe85fbd182af91290be7293438ae67549638189f/934","MISSING IMAGE","No local image file found for token #0934"
"935","0935","Light Cult Crypto Club #0935","RE-002745","0901-1000","","","items/lccc-0935.html","https://ronenglish-archive.github.io/ron-english-light-cult-0001-1000/items/lccc-0935.html","https://opensea.io/item/ethereum/0xbe85fbd182af91290be7293438ae67549638189f/935","MISSING IMAGE","No local image file found for token #0935"
"936","0936","Light Cult Crypto Club #0936","RE-002746","0901-1000","","","items/lccc-0936.html","https://ronenglish-archive.github.io/ron-english-light-cult-0001-1000/items/lccc-0936.html","https://opensea.io/item/ethereum/0xbe85fbd182af91290be7293438ae67549638189f/936","MISSING IMAGE","No local image file found for token #0936"
"937","0937","Light Cult Crypto Club #0937","RE-002747","0901-1000","","","items/lccc-0937.html","https://ronenglish-archive.github.io/ron-english-light-cult-0001-1000/items/lccc-0937.html","https://opensea.io/item/ethereum/0xbe85fbd182af91290be7293438ae67549638189f/937","MISSING IMAGE","No local image file found for token #0937"
"938","0938","Light Cult Crypto Club #0938","RE-002748","0901-1000","","","items/lccc-0938.html","https://ronenglish-archive.github.io/ron-english-light-cult-0001-1000/items/lccc-0938.html","https://opensea.io/item/ethereum/0xbe85fbd182af91290be7293438ae67549638189f/938","MISSING IMAGE","No local image file found for token #0938"
"939","0939","Light Cult Crypto Club #0939","RE-002749","0901-1000","","","items/lccc-0939.html","https://ronenglish-archive.github.io/ron-english-light-cult-0001-1000/items/lccc-0939.html","https://opensea.io/item/ethereum/0xbe85fbd182af91290be7293438ae67549638189f/939","MISSING IMAGE","No local image file found for token #0939"
"940","0940","Light Cult Crypto Club #0940","RE-002750","0901-1000","","","items/lccc-0940.html","https://ronenglish-archive.github.io/ron-english-light-cult-0001-1000/items/lccc-0940.html","https://opensea.io/item/ethereum/0xbe85fbd182af91290be7293438ae67549638189f/940","MISSING IMAGE","No local image file found for token #0940"
"941","0941","Light Cult Crypto Club #0941","RE-002751","0901-1000","","","items/lccc-0941.html","https://ronenglish-archive.github.io/ron-english-light-cult-0001-1000/items/lccc-0941.html","https://opensea.io/item/ethereum/0xbe85fbd182af91290be7293438ae67549638189f/941","MISSING IMAGE","No local image file found for token #0941"
"942","0942","Light Cult Crypto Club #0942","RE-002752","0901-1000","","","items/lccc-0942.html","https://ronenglish-archive.github.io/ron-english-light-cult-0001-1000/items/lccc-0942.html","https://opensea.io/item/ethereum/0xbe85fbd182af91290be7293438ae67549638189f/942","MISSING IMAGE","No local image file found for token #0942"
"943","0943","Light Cult Crypto Club #0943","RE-002753","0901-1000","","","items/lccc-0943.html","https://ronenglish-archive.github.io/ron-english-light-cult-0001-1000/items/lccc-0943.html","https://opensea.io/item/ethereum/0xbe85fbd182af91290be7293438ae67549638189f/943","MISSING IMAGE","No local image file found for token #0943"
"944","0944","Light Cult Crypto Club #0944","RE-002754","0901-1000","","","items/lccc-0944.html","https://ronenglish-archive.github.io/ron-english-light-cult-0001-1000/items/lccc-0944.html","https://opensea.io/item/ethereum/0xbe85fbd182af91290be7293438ae67549638189f/944","MISSING IMAGE","No local image file found for token #0944"
"945","0945","Light Cult Crypto Club #0945","RE-002755","0901-1000","","","items/lccc-0945.html","https://ronenglish-archive.github.io/ron-english-light-cult-0001-1000/items/lccc-0945.html","https://opensea.io/item/ethereum/0xbe85fbd182af91290be7293438ae67549638189f/945","MISSING IMAGE","No local image file found for token #0945"
"946","0946","Light Cult Crypto Club #0946","RE-002756","0901-1000","","","items/lccc-0946.html","https://ronenglish-archive.github.io/ron-english-light-cult-0001-1000/items/lccc-0946.html","https://opensea.io/item/ethereum/0xbe85fbd182af91290be7293438ae67549638189f/946","MISSING IMAGE","No local image file found for token #0946"
"947","0947","Light Cult Crypto Club #0947","RE-002757","0901-1000","","","items/lccc-0947.html","https://ronenglish-archive.github.io/ron-english-light-cult-0001-1000/items/lccc-0947.html","https://opensea.io/item/ethereum/0xbe85fbd182af91290be7293438ae67549638189f/947","MISSING IMAGE","No local image file found for token #0947"
"948","0948","Light Cult Crypto Club #0948","RE-002758","0901-1000","","","items/lccc-0948.html","https://ronenglish-archive.github.io/ron-english-light-cult-0001-1000/items/lccc-0948.html","https://opensea.io/item/ethereum/0xbe85fbd182af91290be7293438ae67549638189f/948","MISSING IMAGE","No local image file found for token #0948"
"949","0949","Light Cult Crypto Club #0949","RE-002759","0901-1000","","","items/lccc-0949.html","https://ronenglish-archive.github.io/ron-english-light-cult-0001-1000/items/lccc-0949.html","https://opensea.io/item/ethereum/0xbe85fbd182af91290be7293438ae67549638189f/949","MISSING IMAGE","No local image file found for token #0949"
"950","0950","Light Cult Crypto Club #0950","RE-002760","0901-1000","","","items/lccc-0950.html","https://ronenglish-archive.github.io/ron-english-light-cult-0001-1000/items/lccc-0950.html","https://opensea.io/item/ethereum/0xbe85fbd182af91290be7293438ae67549638189f/950","MISSING IMAGE","No local image file found for token #0950"
"951","0951","Light Cult Crypto Club #0951","RE-002761","0901-1000","","","items/lccc-0951.html","https://ronenglish-archive.github.io/ron-english-light-cult-0001-1000/items/lccc-0951.html","https://opensea.io/item/ethereum/0xbe85fbd182af91290be7293438ae67549638189f/951","MISSING IMAGE","No local image file found for token #0951"
"952","0952","Light Cult Crypto Club #0952","RE-002762","0901-1000","","","items/lccc-0952.html","https://ronenglish-archive.github.io/ron-english-light-cult-0001-1000/items/lccc-0952.html","https://opensea.io/item/ethereum/0xbe85fbd182af91290be7293438ae67549638189f/952","MISSING IMAGE","No local image file found for token #0952"
"953","0953","Light Cult Crypto Club #0953","RE-002763","0901-1000","","","items/lccc-0953.html","https://ronenglish-archive.github.io/ron-english-light-cult-0001-1000/items/lccc-0953.html","https://opensea.io/item/ethereum/0xbe85fbd182af91290be7293438ae67549638189f/953","MISSING IMAGE","No local image file found for token #0953"
"954","0954","Light Cult Crypto Club #0954","RE-002764","0901-1000","","","items/lccc-0954.html","https://ronenglish-archive.github.io/ron-english-light-cult-0001-1000/items/lccc-0954.html","https://opensea.io/item/ethereum/0xbe85fbd182af91290be7293438ae67549638189f/954","MISSING IMAGE","No local image file found for token #0954"
"955","0955","Light Cult Crypto Club #0955","RE-002765","0901-1000","","","items/lccc-0955.html","https://ronenglish-archive.github.io/ron-english-light-cult-0001-1000/items/lccc-0955.html","https://opensea.io/item/ethereum/0xbe85fbd182af91290be7293438ae67549638189f/955","MISSING IMAGE","No local image file found for token #0955"
"956","0956","Light Cult Crypto Club #0956","RE-002766","0901-1000","","","items/lccc-0956.html","https://ronenglish-archive.github.io/ron-english-light-cult-0001-1000/items/lccc-0956.html","https://opensea.io/item/ethereum/0xbe85fbd182af91290be7293438ae67549638189f/956","MISSING IMAGE","No local image file found for token #0956"
"957","0957","Light Cult Crypto Club #0957","RE-002767","0901-1000","","","items/lccc-0957.html","https://ronenglish-archive.github.io/ron-english-light-cult-0001-1000/items/lccc-0957.html","https://opensea.io/item/ethereum/0xbe85fbd182af91290be7293438ae67549638189f/957","MISSING IMAGE","No local image file found for token #0957"
"958","0958","Light Cult Crypto Club #0958","RE-002768","0901-1000","","","items/lccc-0958.html","https://ronenglish-archive.github.io/ron-english-light-cult-0001-1000/items/lccc-0958.html","https://opensea.io/item/ethereum/0xbe85fbd182af91290be7293438ae67549638189f/958","MISSING IMAGE","No local image file found for token #0958"
"959","0959","Light Cult Crypto Club #0959","RE-002769","0901-1000","","","items/lccc-0959.html","https://ronenglish-archive.github.io/ron-english-light-cult-0001-1000/items/lccc-0959.html","https://opensea.io/item/ethereum/0xbe85fbd182af91290be7293438ae67549638189f/959","MISSING IMAGE","No local image file found for token #0959"
"960","0960","Light Cult Crypto Club #0960","RE-002770","0901-1000","","","items/lccc-0960.html","https://ronenglish-archive.github.io/ron-english-light-cult-0001-1000/items/lccc-0960.html","https://opensea.io/item/ethereum/0xbe85fbd182af91290be7293438ae67549638189f/960","MISSING IMAGE","No local image file found for token #0960"
"961","0961","Light Cult Crypto Club #0961","RE-002771","0901-1000","","","items/lccc-0961.html","https://ronenglish-archive.github.io/ron-english-light-cult-0001-1000/items/lccc-0961.html","https://opensea.io/item/ethereum/0xbe85fbd182af91290be7293438ae67549638189f/961","MISSING IMAGE","No local image file found for token #0961"
"962","0962","Light Cult Crypto Club #0962","RE-002772","0901-1000","","","items/lccc-0962.html","https://ronenglish-archive.github.io/ron-english-light-cult-0001-1000/items/lccc-0962.html","https://opensea.io/item/ethereum/0xbe85fbd182af91290be7293438ae67549638189f/962","MISSING IMAGE","No local image file found for token #0962"
"963","0963","Light Cult Crypto Club #0963","RE-002773","0901-1000","","","items/lccc-0963.html","https://ronenglish-archive.github.io/ron-english-light-cult-0001-1000/items/lccc-0963.html","https://opensea.io/item/ethereum/0xbe85fbd182af91290be7293438ae67549638189f/963","MISSING IMAGE","No local image file found for token #0963"
"964","0964","Light Cult Crypto Club #0964","RE-002774","0901-1000","","","items/lccc-0964.html","https://ronenglish-archive.github.io/ron-english-light-cult-0001-1000/items/lccc-0964.html","https://opensea.io/item/ethereum/0xbe85fbd182af91290be7293438ae67549638189f/964","MISSING IMAGE","No local image file found for token #0964"
"965","0965","Light Cult Crypto Club #0965","RE-002775","0901-1000","","","items/lccc-0965.html","https://ronenglish-archive.github.io/ron-english-light-cult-0001-1000/items/lccc-0965.html","https://opensea.io/item/ethereum/0xbe85fbd182af91290be7293438ae67549638189f/965","MISSING IMAGE","No local image file found for token #0965"
"966","0966","Light Cult Crypto Club #0966","RE-002776","0901-1000","","","items/lccc-0966.html","https://ronenglish-archive.github.io/ron-english-light-cult-0001-1000/items/lccc-0966.html","https://opensea.io/item/ethereum/0xbe85fbd182af91290be7293438ae67549638189f/966","MISSING IMAGE","No local image file found for token #0966"
"967","0967","Light Cult Crypto Club #0967","RE-002777","0901-1000","","","items/lccc-0967.html","https://ronenglish-archive.github.io/ron-english-light-cult-0001-1000/items/lccc-0967.html","https://opensea.io/item/ethereum/0xbe85fbd182af91290be7293438ae67549638189f/967","MISSING IMAGE","No local image file found for token #0967"
"968","0968","Light Cult Crypto Club #0968","RE-002778","0901-1000","","","items/lccc-0968.html","https://ronenglish-archive.github.io/ron-english-light-cult-0001-1000/items/lccc-0968.html","https://opensea.io/item/ethereum/0xbe85fbd182af91290be7293438ae67549638189f/968","MISSING IMAGE","No local image file found for token #0968"
"969","0969","Light Cult Crypto Club #0969","RE-002779","0901-1000","","","items/lccc-0969.html","https://ronenglish-archive.github.io/ron-english-light-cult-0001-1000/items/lccc-0969.html","https://opensea.io/item/ethereum/0xbe85fbd182af91290be7293438ae67549638189f/969","MISSING IMAGE","No local image file found for token #0969"
"970","0970","Light Cult Crypto Club #0970","RE-002780","0901-1000","","","items/lccc-0970.html","https://ronenglish-archive.github.io/ron-english-light-cult-0001-1000/items/lccc-0970.html","https://opensea.io/item/ethereum/0xbe85fbd182af91290be7293438ae67549638189f/970","MISSING IMAGE","No local image file found for token #0970"
"971","0971","Light Cult Crypto Club #0971","RE-002781","0901-1000","","","items/lccc-0971.html","https://ronenglish-archive.github.io/ron-english-light-cult-0001-1000/items/lccc-0971.html","https://opensea.io/item/ethereum/0xbe85fbd182af91290be7293438ae67549638189f/971","MISSING IMAGE","No local image file found for token #0971"
"972","0972","Light Cult Crypto Club #0972","RE-002782","0901-1000","","","items/lccc-0972.html","https://ronenglish-archive.github.io/ron-english-light-cult-0001-1000/items/lccc-0972.html","https://opensea.io/item/ethereum/0xbe85fbd182af91290be7293438ae67549638189f/972","MISSING IMAGE","No local image file found for token #0972"
"973","0973","Light Cult Crypto Club #0973","RE-002783","0901-1000","","","items/lccc-0973.html","https://ronenglish-archive.github.io/ron-english-light-cult-0001-1000/items/lccc-0973.html","https://opensea.io/item/ethereum/0xbe85fbd182af91290be7293438ae67549638189f/973","MISSING IMAGE","No local image file found for token #0973"
"974","0974","Light Cult Crypto Club #0974","RE-002784","0901-1000","","","items/lccc-0974.html","https://ronenglish-archive.github.io/ron-english-light-cult-0001-1000/items/lccc-0974.html","https://opensea.io/item/ethereum/0xbe85fbd182af91290be7293438ae67549638189f/974","MISSING IMAGE","No local image file found for token #0974"
"975","0975","Light Cult Crypto Club #0975","RE-002785","0901-1000","","","items/lccc-0975.html","https://ronenglish-archive.github.io/ron-english-light-cult-0001-1000/items/lccc-0975.html","https://opensea.io/item/ethereum/0xbe85fbd182af91290be7293438ae67549638189f/975","MISSING IMAGE","No local image file found for token #0975"
"976","0976","Light Cult Crypto Club #0976","RE-002786","0901-1000","","","items/lccc-0976.html","https://ronenglish-archive.github.io/ron-english-light-cult-0001-1000/items/lccc-0976.html","https://opensea.io/item/ethereum/0xbe85fbd182af91290be7293438ae67549638189f/976","MISSING IMAGE","No local image file found for token #0976"
"977","0977","Light Cult Crypto Club #0977","RE-002787","0901-1000","","","items/lccc-0977.html","https://ronenglish-archive.github.io/ron-english-light-cult-0001-1000/items/lccc-0977.html","https://opensea.io/item/ethereum/0xbe85fbd182af91290be7293438ae67549638189f/977","MISSING IMAGE","No local image file found for token #0977"
"978","0978","Light Cult Crypto Club #0978","RE-002788","0901-1000","","","items/lccc-0978.html","https://ronenglish-archive.github.io/ron-english-light-cult-0001-1000/items/lccc-0978.html","https://opensea.io/item/ethereum/0xbe85fbd182af91290be7293438ae67549638189f/978","MISSING IMAGE","No local image file found for token #0978"
"979","0979","Light Cult Crypto Club #0979","RE-002789","0901-1000","","","items/lccc-0979.html","https://ronenglish-archive.github.io/ron-english-light-cult-0001-1000/items/lccc-0979.html","https://opensea.io/item/ethereum/0xbe85fbd182af91290be7293438ae67549638189f/979","MISSING IMAGE","No local image file found for token #0979"
"980","0980","Light Cult Crypto Club #0980","RE-002790","0901-1000","","","items/lccc-0980.html","https://ronenglish-archive.github.io/ron-english-light-cult-0001-1000/items/lccc-0980.html","https://opensea.io/item/ethereum/0xbe85fbd182af91290be7293438ae67549638189f/980","MISSING IMAGE","No local image file found for token #0980"
"981","0981","Light Cult Crypto Club #0981","RE-002791","0901-1000","","","items/lccc-0981.html","https://ronenglish-archive.github.io/ron-english-light-cult-0001-1000/items/lccc-0981.html","https://opensea.io/item/ethereum/0xbe85fbd182af91290be7293438ae67549638189f/981","MISSING IMAGE","No local image file found for token #0981"
"982","0982","Light Cult Crypto Club #0982","RE-002792","0901-1000","","","items/lccc-0982.html","https://ronenglish-archive.github.io/ron-english-light-cult-0001-1000/items/lccc-0982.html","https://opensea.io/item/ethereum/0xbe85fbd182af91290be7293438ae67549638189f/982","MISSING IMAGE","No local image file found for token #0982"
"983","0983","Light Cult Crypto Club #0983","RE-002793","0901-1000","","","items/lccc-0983.html","https://ronenglish-archive.github.io/ron-english-light-cult-0001-1000/items/lccc-0983.html","https://opensea.io/item/ethereum/0xbe85fbd182af91290be7293438ae67549638189f/983","MISSING IMAGE","No local image file found for token #0983"
"984","0984","Light Cult Crypto Club #0984","RE-002794","0901-1000","","","items/lccc-0984.html","https://ronenglish-archive.github.io/ron-english-light-cult-0001-1000/items/lccc-0984.html","https://opensea.io/item/ethereum/0xbe85fbd182af91290be7293438ae67549638189f/984","MISSING IMAGE","No local image file found for token #0984"
"985","0985","Light Cult Crypto Club #0985","RE-002795","0901-1000","","","items/lccc-0985.html","https://ronenglish-archive.github.io/ron-english-light-cult-0001-1000/items/lccc-0985.html","https://opensea.io/item/ethereum/0xbe85fbd182af91290be7293438ae67549638189f/985","MISSING IMAGE","No local image file found for token #0985"
"986","0986","Light Cult Crypto Club #0986","RE-002796","0901-1000","","","items/lccc-0986.html","https://ronenglish-archive.github.io/ron-english-light-cult-0001-1000/items/lccc-0986.html","https://opensea.io/item/ethereum/0xbe85fbd182af91290be7293438ae67549638189f/986","MISSING IMAGE","No local image file found for token #0986"
"987","0987","Light Cult Crypto Club #0987","RE-002797","0901-1000","","","items/lccc-0987.html","https://ronenglish-archive.github.io/ron-english-light-cult-0001-1000/items/lccc-0987.html","https://opensea.io/item/ethereum/0xbe85fbd182af91290be7293438ae67549638189f/987","MISSING IMAGE","No local image file found for token #0987"
"988","0988","Light Cult Crypto Club #0988","RE-002798","0901-1000","","","items/lccc-0988.html","https://ronenglish-archive.github.io/ron-english-light-cult-0001-1000/items/lccc-0988.html","https://opensea.io/item/ethereum/0xbe85fbd182af91290be7293438ae67549638189f/988","MISSING IMAGE","No local image file found for token #0988"
"989","0989","Light Cult Crypto Club #0989","RE-002799","0901-1000","","","items/lccc-0989.html","https://ronenglish-archive.github.io/ron-english-light-cult-0001-1000/items/lccc-0989.html","https://opensea.io/item/ethereum/0xbe85fbd182af91290be7293438ae67549638189f/989","MISSING IMAGE","No local image file found for token #0989"
"990","0990","Light Cult Crypto Club #0990","RE-002800","0901-1000","","","items/lccc-0990.html","https://ronenglish-archive.github.io/ron-english-light-cult-0001-1000/items/lccc-0990.html","https://opensea.io/item/ethereum/0xbe85fbd182af91290be7293438ae67549638189f/990","MISSING IMAGE","No local image file found for token #0990"
"991","0991","Light Cult Crypto Club #0991","RE-002801","0901-1000","","","items/lccc-0991.html","https://ronenglish-archive.github.io/ron-english-light-cult-0001-1000/items/lccc-0991.html","https://opensea.io/item/ethereum/0xbe85fbd182af91290be7293438ae67549638189f/991","MISSING IMAGE","No local image file found for token #0991"
"992","0992","Light Cult Crypto Club #0992","RE-002802","0901-1000","","","items/lccc-0992.html","https://ronenglish-archive.github.io/ron-english-light-cult-0001-1000/items/lccc-0992.html","https://opensea.io/item/ethereum/0xbe85fbd182af91290be7293438ae67549638189f/992","MISSING IMAGE","No local image file found for token #0992"
"993","0993","Light Cult Crypto Club #0993","RE-002803","0901-1000","","","items/lccc-0993.html","https://ronenglish-archive.github.io/ron-english-light-cult-0001-1000/items/lccc-0993.html","https://opensea.io/item/ethereum/0xbe85fbd182af91290be7293438ae67549638189f/993","MISSING IMAGE","No local image file found for token #0993"
"994","0994","Light Cult Crypto Club #0994","RE-002804","0901-1000","","","items/lccc-0994.html","https://ronenglish-archive.github.io/ron-english-light-cult-0001-1000/items/lccc-0994.html","https://opensea.io/item/ethereum/0xbe85fbd182af91290be7293438ae67549638189f/994","MISSING IMAGE","No local image file found for token #0994"
"995","0995","Light Cult Crypto Club #0995","RE-002805","0901-1000","","","items/lccc-0995.html","https://ronenglish-archive.github.io/ron-english-light-cult-0001-1000/items/lccc-0995.html","https://opensea.io/item/ethereum/0xbe85fbd182af91290be7293438ae67549638189f/995","MISSING IMAGE","No local image file found for token #0995"
"996","0996","Light Cult Crypto Club #0996","RE-002806","0901-1000","","","items/lccc-0996.html","https://ronenglish-archive.github.io/ron-english-light-cult-0001-1000/items/lccc-0996.html","https://opensea.io/item/ethereum/0xbe85fbd182af91290be7293438ae67549638189f/996","MISSING IMAGE","No local image file found for token #0996"
"997","0997","Light Cult Crypto Club #0997","RE-002807","0901-1000","","","items/lccc-0997.html","https://ronenglish-archive.github.io/ron-english-light-cult-0001-1000/items/lccc-0997.html","https://opensea.io/item/ethereum/0xbe85fbd182af91290be7293438ae67549638189f/997","MISSING IMAGE","No local image file found for token #0997"
"998","0998","Light Cult Crypto Club #0998","RE-002808","0901-1000","","","items/lccc-0998.html","https://ronenglish-archive.github.io/ron-english-light-cult-0001-1000/items/lccc-0998.html","https://opensea.io/item/ethereum/0xbe85fbd182af91290be7293438ae67549638189f/998","MISSING IMAGE","No local image file found for token #0998"
"999","0999","Light Cult Crypto Club #0999","RE-002809","0901-1000","","","items/lccc-0999.html","https://ronenglish-archive.github.io/ron-english-light-cult-0001-1000/items/lccc-0999.html","https://opensea.io/item/ethereum/0xbe85fbd182af91290be7293438ae67549638189f/999","MISSING IMAGE","No local image file found for token #0999"
"1000","1000","Light Cult Crypto Club #1000","RE-002810","0901-1000","","","items/lccc-1000.html","https://ronenglish-archive.github.io/ron-english-light-cult-0001-1000/items/lccc-1000.html","https://opensea.io/item/ethereum/0xbe85fbd182af91290be7293438ae67549638189f/1000","MISSING IMAGE","No local image file found for token #1000"
